time_sec,ecg
0.0,-173.11012
0.002,-192.73657
0.004,-194.23892
0.006,-183.31662
0.008,-168.60725
0.01,-157.66638
0.012,-154.4073
0.014,-158.05554
0.016,-164.60472
0.018,-169.28568
0.02,-169.3548
0.022,-164.86021
0.024,-158.10057
0.026,-151.86327
0.028,-148.19395
0.03,-147.3429
0.032,-148.09421
0.034,-148.59193
0.036,-147.80898
0.038,-145.71555
0.04,-143.09103
0.042,-140.6743
0.044,-139.03456
0.046,-138.02826
0.048,-137.0872
0.05,-135.46536
0.052,-133.14857
0.054,-130.50752
0.056,-128.08148
0.058,-125.97163
0.06,-124.28254
0.062,-122.75287
0.064,-121.07703
0.066,-118.878235
0.068,-116.523415
0.07,-114.47242
0.072,-113.07193
0.074,-112.01767
0.076,-111.17817
0.078,-110.23883
0.08,-109.06939
0.082,-107.43903
0.084,-106.29257
0.086,-106.24444
0.088,-107.56843
0.09,-109.52193
0.092,-111.78608
0.094,-113.50743
0.096,-114.07257
0.098,-112.98662
0.1,-111.36804
0.102,-110.38152
0.104,-111.070656
0.106,-113.40728
0.108,-117.527145
0.11,-122.59904
0.112,-127.58116
0.114,-131.22417
0.116,-133.839
0.118,-136.00774
0.12,-138.58817
0.122,-141.79123
0.124,-146.33363
0.126,-152.09439
0.128,-158.60089
0.13,-164.82402
0.132,-170.8925
0.134,-176.90424
0.136,-183.11649
0.138,-189.2441
0.14,-195.75406
0.142,-202.60454
0.144,-209.63336
0.146,-216.20834
0.148,-222.74507
0.15,-229.48454
0.152,-236.65054
0.154,-243.81676
0.156,-251.21567
0.158,-258.60736
0.16,-265.669
0.162,-271.65
0.164,-276.85013
0.166,-281.45123
0.168,-285.68173
0.17,-289.2111
0.172,-292.45724
0.174,-295.45447
0.176,-298.1897
0.178,-300.20047
0.18,-302.00885
0.182,-303.91968
0.184,-306.1948
0.186,-308.46664
0.188,-311.06195
0.19,-313.87265
0.192,-316.70148
0.194,-318.86838
0.196,-320.68518
0.198,-322.25455
0.2,-323.70593
0.202,-324.6335
0.204,-325.48962
0.206,-326.34213
0.208,-327.20816
0.21,-327.5831
0.212,-327.92468
0.214,-328.30786
0.216,-328.7091
0.218,-328.47638
0.22,-327.91315
0.222,-326.97018
0.224,-325.7072
0.226,-323.81375
0.228,-322.16965
0.23,-321.2182
0.232,-321.20435
0.234,-321.52872
0.236,-322.41562
0.238,-323.4494
0.24,-324.20624
0.242,-323.88235
0.244,-323.12466
0.246,-322.2773
0.248,-321.70465
0.25,-321.0593
0.252,-320.97247
0.254,-321.2924
0.256,-321.70465
0.258,-321.33246
0.26,-320.69247
0.262,-319.91434
0.264,-319.20306
0.266,-318.17294
0.268,-317.58228
0.27,-317.466
0.272,-317.70212
0.274,-317.52707
0.276,-317.47534
0.278,-317.53864
0.28,-317.70212
0.282,-317.34912
0.284,-317.1317
0.286,-317.0821
0.288,-317.20178
0.29,-316.91714
0.292,-316.96176
0.294,-317.41367
0.296,-318.20242
0.298,-318.52887
0.3,-318.81396
0.302,-318.89398
0.304,-318.70276
0.306,-317.7709
0.308,-317.07306
0.31,-316.98965
0.312,-317.70212
0.314,-318.52597
0.316,-319.8027
0.318,-321.14865
0.32,-322.205
0.322,-322.22583
0.324,-322.01852
0.326,-321.92725
0.328,-322.205
0.33,-322.2846
0.332,-322.6147
0.334,-322.86902
0.336,-322.7053
0.338,-321.39584
0.34,-319.80814
0.342,-318.42526
0.344,-317.70212
0.346,-317.27786
0.348,-317.76663
0.35,-318.89093
0.352,-320.2037
0.354,-320.72046
0.356,-320.96216
0.358,-321.0609
0.36,-321.20435
0.362,-320.916
0.364,-320.87393
0.366,-321.01917
0.368,-321.20435
0.37,-320.73242
0.372,-320.30768
0.374,-320.10135
0.376,-320.2037
0.378,-319.96774
0.38,-319.8986
0.382,-319.8476
0.384,-319.70337
0.386,-318.92365
0.388,-318.44028
0.39,-318.63425
0.392,-319.70337
0.394,-320.94055
0.396,-322.61752
0.398,-324.21497
0.4,-325.20688
0.402,-324.71234
0.404,-323.52682
0.406,-322.15942
0.408,-321.20435
0.41,-320.5296
0.412,-321.00406
0.414,-322.53342
0.416,-324.70657
0.418,-326.40845
0.42,-327.88962
0.422,-328.98846
0.424,-329.70975
0.426,-329.5899
0.428,-329.51123
0.43,-329.69797
0.432,-330.21005
0.434,-330.35184
0.436,-330.64844
0.438,-330.98148
0.44,-331.2107
0.442,-330.63522
0.444,-329.9414
0.446,-329.263
0.448,-328.7091
0.45,-327.7495
0.452,-327.12988
0.454,-326.94507
0.456,-327.20816
0.458,-327.27014
0.46,-327.75873
0.462,-328.6284
0.464,-329.70975
0.466,-330.1444
0.468,-330.39398
0.47,-330.39948
0.472,-330.21005
0.474,-329.39545
0.476,-328.91437
0.478,-329.02682
0.48,-329.70975
0.482,-330.0225
0.484,-330.13144
0.486,-329.59943
0.488,-328.2088
0.49,-325.55554
0.492,-322.9466
0.494,-321.26648
0.496,-321.20435
0.498,-322.4048
0.5,-325.22147
0.502,-328.955
0.504,-332.71167
0.506,-335.1962
0.508,-336.75046
0.51,-337.49243
0.512,-337.71484
0.514,-337.13297
0.516,-336.5753
0.518,-336.10907
0.52,-335.71356
0.522,-334.86804
0.524,-334.435
0.526,-334.68845
0.528,-335.71356
0.53,-336.73453
0.532,-338.0098
0.534,-339.108
0.536,-339.71613
0.538,-339.25964
0.54,-338.77924
0.542,-338.82513
0.544,-339.71613
0.546,-340.75012
0.548,-342.05988
0.55,-342.92877
0.552,-342.71802
0.554,-340.6359
0.556,-337.73038
0.558,-334.82324
0.56,-332.71167
0.562,-331.22827
0.564,-330.88754
0.566,-331.03577
0.568,-330.7104
0.57,-328.4974
0.572,-324.72806
0.574,-319.7161
0.576,-314.1999
0.578,-308.5064
0.58,-304.06732
0.582,-301.3192
0.584,-300.19098
0.586,-299.65457
0.588,-299.82068
0.59,-300.25266
0.592,-300.69128
0.594,-300.54742
0.596,-300.7172
0.598,-301.53268
0.6,-303.19287
0.602,-305.12427
0.604,-307.77908
0.606,-310.8
0.608,-313.69955
0.61,-315.51117
0.612,-316.60132
0.614,-316.94913
0.616,-316.70148
0.618,-315.7653
0.62,-314.9654
0.622,-314.4507
0.624,-314.1999
0.626,-313.936
0.628,-313.9248
0.63,-313.9174
0.632,-313.69955
0.634,-313.07965
0.636,-312.53662
0.638,-312.08887
0.64,-311.6983
0.642,-310.98892
0.644,-310.50723
0.646,-310.25888
0.648,-310.19733
0.65,-309.3834
0.652,-308.879
0.654,-309.08237
0.656,-310.19733
0.658,-310.97397
0.66,-311.95175
0.662,-312.78934
0.664,-313.19925
0.666,-312.2596
0.668,-310.96176
0.67,-309.7157
0.672,-308.69638
0.674,-307.02167
0.676,-304.80447
0.678,-301.48447
0.68,-296.68875
0.682,-289.7957
0.684,-281.4198
0.686,-271.14713
0.688,-257.6639
0.69,-238.37347
0.692,-211.77777
0.694,-176.9489
0.696,-135.08594
0.698,-89.30363
0.7,-45.361034
0.702,-8.255782
0.704,19.012094
0.706,36.716057
0.708,46.184704
0.71,49.476433
0.712,46.529602
0.714,34.19399
0.716,5.243302
0.718,-47.4907
0.72,-128.08148
0.722,-234.08934
0.724,-357.03476
0.726,-482.40594
0.728,-593.8778
0.73,-677.3012
0.732,-725.5588
0.734,-738.2237
0.736,-720.9586
0.738,-682.43787
0.74,-632.77625
0.742,-579.7362
0.744,-528.3361
0.746,-480.74982
0.748,-438.6142
0.75,-402.28134
0.752,-371.73648
0.754,-346.25592
0.756,-325.7096
0.758,-309.0737
0.76,-295.18777
0.762,-282.75317
0.764,-271.92426
0.766,-262.8058
0.768,-255.66264
0.77,-250.24663
0.772,-246.79332
0.774,-244.70158
0.776,-243.15468
0.778,-241.1449
0.78,-238.5928
0.782,-235.51297
0.784,-232.14769
0.786,-228.6166
0.788,-225.29642
0.79,-222.43153
0.792,-220.14005
0.794,-218.23537
0.796,-216.66724
0.798,-215.34236
0.8,-214.13623
0.802,-212.64015
0.804,-211.0296
0.806,-209.32166
0.808,-207.63208
0.81,-205.62434
0.812,-204.30809
0.814,-203.5805
0.816,-203.12923
0.818,-202.04092
0.82,-201.05139
0.822,-199.82896
0.824,-198.12604
0.826,-195.51924
0.828,-193.07396
0.83,-191.07227
0.832,-189.62064
0.834,-188.27434
0.836,-187.34718
0.838,-186.4319
0.84,-185.11777
0.842,-182.90149
0.844,-180.32408
0.846,-177.63702
0.848,-175.1114
0.85,-172.67159
0.852,-170.74791
0.854,-169.16147
0.856,-167.60663
0.858,-165.57869
0.86,-163.35762
0.862,-160.98691
0.864,-158.60089
0.866,-156.1527
0.868,-154.15955
0.87,-152.66498
0.872,-151.59644
0.874,-150.63614
0.876,-150.00452
0.878,-149.55423
0.88,-149.09485
0.882,-148.22878
0.884,-147.0757
0.886,-145.42024
0.888,-143.09103
0.89,-139.87384
0.892,-136.25008
0.894,-132.52661
0.896,-129.08212
0.898,-126.11179
0.9,-124.178215
0.902,-123.27123
0.904,-123.0783
0.906,-122.90541
0.908,-122.471596
0.91,-121.28078
0.912,-119.07575
0.914,-115.767746
0.916,-112.030304
0.918,-108.341515
0.92,-105.06684
0.922,-102.15584
0.924,-99.79578
0.926,-97.70034
0.928,-95.56079
0.93,-93.03585
0.932,-90.48523
0.934,-88.107185
0.936,-86.05474
0.938,-84.10716
0.94,-82.352486
0.942,-80.448364
0.944,-78.04965
0.946,-74.76945
0.948,-71.05428
0.95,-67.31628
0.952,-64.04074
0.954,-61.348507
0.956,-59.714752
0.958,-59.052593
0.96,-59.037556
0.962,-58.957233
0.964,-58.820587
0.966,-58.50802
0.968,-58.036922
0.97,-57.17969
0.972,-56.369328
0.974,-55.67204
0.976,-55.03501
0.978,-54.006237
0.98,-52.87304
0.982,-51.786644
0.984,-51.032463
0.986,-50.61758
0.988,-51.214684
0.99,-53.048786
0.992,-56.03565
0.994,-59.404896
0.996,-62.91444
0.998,-66.0638
1.0,-68.5436
1.002,-69.99524
1.004,-71.12084
1.006,-72.592026
1.008,-75.047745
1.01,-78.494896
1.012,-83.227646
1.014,-88.9329
1.016,-95.06047
1.018,-100.69696
1.02,-105.84301
1.022,-110.64885
1.024,-115.573524
1.026,-120.83796
1.028,-127.19438
1.03,-134.85732
1.032,-143.59135
1.034,-152.41797
1.036,-160.8047
1.038,-168.13574
1.04,-174.11076
1.042,-178.49397
1.044,-182.04344
1.046,-185.52748
1.048,-189.62064
1.05,-194.31535
1.052,-199.76697
1.054,-205.57463
1.056,-211.13431
1.058,-215.55856
1.06,-218.83247
1.062,-221.17719
1.064,-223.14195
1.066,-225.06685
1.068,-227.71378
1.07,-231.32082
1.072,-235.64992
1.074,-239.73175
1.076,-243.00429
1.078,-244.88156
1.08,-245.15596
1.082,-243.76102
1.084,-241.62915
1.086,-239.67343
1.088,-238.65182
1.09,-238.57283
1.092,-239.56084
1.094,-241.14159
1.096,-242.65437
1.098,-243.17702
1.1,-242.75085
1.102,-241.58028
1.104,-240.15277
1.106,-238.6734
1.108,-237.91592
1.11,-238.11264
1.112,-239.15215
1.114,-240.27812
1.116,-241.37407
1.118,-242.0741
1.12,-242.15405
1.122,-241.18509
1.124,-239.69443
1.126,-237.94081
1.128,-236.15022
1.13,-234.07242
1.132,-232.19528
1.134,-230.56113
1.136,-229.14577
1.138,-227.50504
1.14,-226.08635
1.142,-224.95381
1.144,-224.1426
1.146,-223.24553
1.148,-222.7079
1.15,-222.52327
1.152,-222.64163
1.154,-222.59479
1.156,-222.83728
1.158,-223.37502
1.16,-224.1426
1.162,-224.59761
1.164,-225.07077
1.166,-225.44597
1.168,-225.64354
1.17,-225.29553
1.172,-225.03407
1.174,-225.09892
1.176,-225.64354
1.178,-226.27075
1.18,-227.31863
1.182,-228.54814
1.184,-229.64609
1.186,-229.963
1.188,-229.85368
1.19,-229.37355
1.192,-228.64546
1.194,-227.44176
1.196,-226.38248
1.198,-225.60144
1.2,-225.14323
1.202,-224.61612
1.204,-224.4687
1.206,-224.67667
1.208,-225.14323
1.21,-225.33275
1.212,-225.56082
1.214,-225.70554
1.216,-225.64354
1.218,-224.93117
1.22,-224.07324
1.222,-223.24525
1.224,-222.64163
1.226,-222.04552
1.228,-221.96066
1.23,-222.27771
1.232,-222.64163
1.234,-222.19049
1.236,-220.92328
1.238,-218.67432
1.24,-215.63718
1.242,-212.02344
1.244,-209.0764
1.246,-207.5225
1.248,-207.63208
1.25,-208.71484
1.252,-210.38116
1.254,-211.62819
1.256,-211.63463
1.258,-209.74742
1.26,-206.7571
1.262,-203.45435
1.264,-200.62762
1.266,-198.36407
1.268,-197.09932
1.27,-196.49344
1.272,-196.12477
1.274,-195.45909
1.276,-195.13776
1.278,-195.5961
1.28,-197.1254
1.282,-199.24854
1.284,-201.82602
1.286,-204.03456
1.288,-205.1305
1.29,-204.4659
1.292,-202.81523
1.294,-200.95168
1.296,-199.627
1.298,-198.8361
1.3,-198.82333
1.302,-198.98698
1.304,-198.62636
1.306,-197.01306
1.308,-194.72975
1.31,-192.3786
1.312,-190.62126
1.314,-189.48448
1.316,-189.29814
1.318,-189.56389
1.32,-189.62064
1.322,-188.68979
1.324,-187.20605
1.326,-185.64056
1.328,-184.61745
1.33,-184.2908
1.332,-185.13728
1.334,-186.80563
1.336,-188.62
1.338,-189.5664
1.34,-189.60736
1.342,-188.70131
1.344,-187.11903
1.346,-184.98912
1.348,-183.17197
1.35,-182.01138
1.352,-181.61554
1.354,-181.5774
1.356,-182.14726
1.358,-183.20206
1.36,-184.61745
1.362,-185.93051
1.364,-187.41579
1.366,-188.9072
1.368,-190.12094
1.37,-190.36601
1.372,-189.74785
1.374,-188.1377
1.376,-185.61809
1.378,-182.1957
1.38,-178.83131
1.382,-176.15607
1.384,-174.61108
1.386,-173.96655
1.388,-174.37141
1.39,-175.30789
1.392,-176.11203
1.394,-175.86314
1.396,-174.64369
1.398,-172.47926
1.4,-169.6079
1.402,-166.04301
1.404,-162.54613
1.406,-159.47397
1.408,-157.09995
1.41,-155.30872
1.412,-154.66821
1.414,-155.29338
1.416,-157.09995
1.418,-159.45761
1.42,-162.32677
1.422,-165.30403
1.424,-168.10695
1.426,-170.36559
1.428,-172.63571
1.43,-175.18513
1.432,-178.11331
1.434,-180.96173
1.436,-183.60013
1.438,-185.46382
1.44,-186.11841
1.442,-185.38788
1.444,-183.80827
1.446,-181.88046
1.448,-180.11458
1.45,-178.9009
1.452,-178.44969
1.454,-178.47563
1.456,-178.61363
1.458,-178.75323
1.46,-179.06624
1.462,-179.65709
1.464,-180.6149
1.466,-181.65355
1.468,-183.014
1.47,-184.4641
1.472,-185.61809
1.474,-185.32623
1.476,-184.13086
1.478,-182.4864
1.48,-181.11522
1.482,-180.01146
1.484,-180.21614
1.486,-181.7813
1.488,-184.11713
1.49,-185.69348
1.492,-185.89737
1.494,-184.26254
1.496,-181.11522
1.498,-177.11148
1.5,-173.8549
1.502,-172.04251
1.504,-171.10886
1.506,-168.73816
1.508,-162.39641
1.51,-149.3442
1.512,-128.08148
1.514,-98.789024
1.516,-64.23227
1.518,-27.896591
1.52,7.004456
1.522,38.920033
1.524,67.35571
1.526,93.298134
1.528,117.5748
1.53,139.65707
1.532,155.80545
1.534,160.22633
1.536,146.09294
1.538,107.90445
1.54,42.731834
1.542,-47.316513
1.544,-155.09866
1.546,-269.23215
1.548,-377.13492
1.55,-466.6689
1.552,-528.8364
1.554,-559.1032
1.556,-558.7424
1.558,-533.10645
1.56,-490.31192
1.562,-438.99295
1.564,-387.38965
1.566,-341.15295
1.568,-303.19287
1.57,-273.69714
1.572,-251.79102
1.574,-235.46477
1.576,-222.64163
1.578,-211.421
1.58,-201.12834
1.582,-191.35516
1.584,-182.11586
1.586,-173.44283
1.588,-166.07794
1.59,-160.40663
1.592,-156.59962
1.594,-154.31177
1.596,-153.4247
1.598,-153.38803
1.6,-153.59772
1.602,-153.4288
1.604,-152.72893
1.606,-151.55403
1.608,-150.09549
1.61,-148.46347
1.612,-146.73439
1.614,-145.06609
1.616,-143.59135
1.618,-142.34038
1.62,-141.282
1.622,-140.52255
1.624,-140.08913
1.626,-139.64162
1.628,-139.25227
1.63,-138.74487
1.632,-138.08784
1.634,-137.03152
1.636,-136.5952
1.638,-136.85121
1.64,-137.58752
1.642,-137.98512
1.644,-138.2256
1.646,-137.7275
1.648,-136.08658
1.65,-133.05272
1.652,-129.61156
1.654,-126.543205
1.656,-124.579254
1.658,-123.94595
1.66,-124.92635
1.662,-126.94245
1.664,-129.08212
1.666,-130.25243
1.668,-130.16228
1.67,-128.67659
1.672,-126.08021
1.674,-122.784904
1.676,-119.66877
1.678,-117.19998
1.68,-115.573524
1.682,-114.58854
1.684,-114.2871
1.686,-114.38298
1.688,-114.57288
1.69,-114.463
1.692,-114.13023
1.694,-113.49875
1.696,-112.57162
1.698,-111.31588
1.7,-110.018776
1.702,-108.6553
1.704,-107.068115
1.706,-104.96119
1.708,-102.43672
1.71,-99.64472
1.712,-97.061745
1.714,-95.30414
1.716,-95.198616
1.718,-96.8514
1.72,-99.56334
1.722,-101.784775
1.724,-101.994774
1.726,-98.85037
1.728,-92.05856
1.73,-82.60053
1.732,-72.84204
1.734,-65.23586
1.736,-61.53915
1.738,-61.986237
1.74,-65.541664
1.742,-69.884415
1.744,-72.54615
1.746,-71.79875
1.748,-67.71821
1.75,-61.600838
1.752,-55.535328
1.754,-51.36079
1.756,-50.346027
1.758,-52.22094
1.76,-55.535328
1.762,-58.120106
1.764,-58.453495
1.766,-55.678078
1.768,-50.03183
1.77,-42.446136
1.772,-34.714462
1.774,-28.187098
1.776,-23.51496
1.778,-20.292583
1.78,-18.11009
1.782,-16.280138
1.784,-14.509231
1.786,-12.829116
1.788,-12.311457
1.79,-13.790202
1.792,-17.51114
1.794,-22.481277
1.796,-27.51438
1.798,-30.933739
1.8,-31.520052
1.802,-28.766687
1.804,-24.078253
1.806,-19.474955
1.808,-17.010822
1.81,-17.57836
1.812,-21.464476
1.814,-27.535133
1.816,-34.021645
1.818,-38.953613
1.82,-41.825012
1.822,-42.983128
1.824,-43.52769
1.826,-44.37492
1.828,-46.74759
1.83,-51.037285
1.832,-57.036285
1.834,-63.853653
1.836,-71.241486
1.838,-78.98498
1.84,-87.05538
1.842,-95.097496
1.844,-103.33106
1.846,-111.69653
1.848,-120.076385
1.85,-128.00337
1.852,-135.7355
1.854,-143.4087
1.856,-151.09612
1.858,-158.36617
1.86,-165.28754
1.862,-171.82924
1.864,-178.11331
1.866,-184.08156
1.868,-190.36661
1.87,-197.36963
1.872,-205.1305
1.874,-212.84293
1.876,-219.92665
1.878,-225.65524
1.88,-229.64609
1.882,-231.72203
1.884,-232.87596
1.886,-234.21863
1.888,-236.65054
1.89,-240.0978
1.892,-244.34016
1.894,-248.5155
1.896,-251.6601
1.898,-252.7709
1.9,-252.10907
1.902,-250.39772
1.904,-248.65819
1.906,-247.4164
1.908,-247.37839
1.91,-248.57565
1.912,-250.65945
1.914,-252.78082
1.916,-254.8534
1.918,-256.80502
1.92,-258.66455
1.922,-260.02634
1.924,-261.08948
1.926,-261.79282
1.928,-262.16678
1.93,-262.0238
1.932,-262.12857
1.934,-262.9521
1.936,-264.66837
1.938,-266.55493
1.94,-268.34824
1.942,-269.3622
1.944,-269.17123
1.946,-267.42044
1.948,-265.18665
1.95,-263.38556
1.952,-262.66708
1.954,-262.6144
1.956,-263.20233
1.958,-263.72607
1.96,-263.66772
1.962,-262.57727
1.964,-261.63474
1.966,-261.80002
1.968,-263.66772
1.97,-266.52753
1.972,-269.88937
1.974,-272.34662
1.976,-272.67346
1.978,-269.92245
1.98,-265.31253
1.982,-260.35565
1.984,-256.66327
1.986,-254.7395
1.988,-255.20416
1.99,-257.26923
1.992,-259.6652
1.994,-260.78
1.996,-260.73758
1.998,-259.9261
2.0,-259.16486
2.002,-258.7239
2.004,-259.56473
2.006,-261.57364
2.008,-264.16806
2.01,-266.10855
2.012,-267.52634
2.014,-268.43948
2.016,-269.17123
2.018,-269.629
2.02,-270.73663
2.022,-272.64206
2.024,-275.17505
2.026,-277.45895
2.028,-279.68515
2.03,-281.62762
2.032,-283.18015
2.034,-283.83984
2.036,-284.3721
2.038,-285.07697
2.04,-286.18207
2.042,-287.25885
2.044,-288.90256
2.046,-291.08887
2.048,-293.68683
2.05,-295.9812
2.052,-298.37015
2.054,-300.69724
2.056,-302.69257
2.058,-303.47098
2.06,-303.27914
2.062,-301.98294
2.064,-299.69064
2.066,-296.29803
2.068,-293.0922
2.07,-290.88266
2.072,-290.1846
2.074,-290.50763
2.076,-292.0913
2.078,-294.46234
2.08,-297.18906
2.082,-299.5762
2.084,-302.18347
2.086,-305.01514
2.088,-307.69574
2.09,-308.8568
2.092,-308.10645
2.094,-304.83447
2.096,-299.19034
2.098,-291.77985
2.1,-285.157
2.102,-281.4819
2.104,-282.1795
2.106,-286.85568
2.108,-294.71725
2.11,-303.47702
2.112,-310.69766
2.114,-314.22372
2.116,-314.3015
2.118,-311.91498
2.12,-308.69638
2.122,-305.61667
2.124,-304.0252
2.126,-303.71506
2.128,-303.6932
2.13,-302.3036
2.132,-299.6147
2.134,-296.12018
2.136,-293.18652
2.138,-292.01767
2.14,-294.5316
2.142,-300.89435
2.144,-309.69702
2.146,-317.7097
2.148,-322.4749
2.15,-321.68533
2.152,-314.7002
2.154,-302.44702
2.156,-288.91663
2.158,-278.31805
2.16,-274.1744
2.162,-277.52655
2.164,-288.09644
2.166,-302.77972
2.168,-317.20178
2.17,-326.59775
2.172,-328.81946
2.174,-323.2335
2.176,-311.19797
2.178,-294.86972
2.18,-278.1258
2.182,-263.8994
2.184,-254.16168
2.186,-249.20074
2.188,-249.50905
2.19,-254.27737
2.192,-262.16678
2.194,-271.00385
2.196,-279.85263
2.198,-287.39902
2.2,-292.6862
2.202,-294.68314
2.204,-294.15503
2.206,-291.7143
2.208,-288.18332
2.21,-283.83603
2.212,-280.1649
2.214,-277.93286
2.216,-277.67664
2.218,-279.11884
2.22,-282.9935
2.222,-289.1813
2.224,-297.18906
2.226,-305.65833
2.228,-314.01724
2.23,-320.9567
2.232,-325.20688
2.234,-325.5847
2.236,-322.3075
2.238,-315.9006
2.24,-307.69574
2.242,-299.51965
2.244,-293.80237
2.246,-292.04672
2.248,-294.68747
2.25,-300.7383
2.252,-308.87686
2.254,-316.8588
2.256,-322.7053
2.258,-324.6386
2.26,-323.74896
2.262,-321.4256
2.264,-319.20306
2.266,-316.97208
2.268,-315.8094
2.27,-315.50912
2.272,-315.70084
2.274,-315.38663
2.276,-315.8008
2.278,-317.76144
2.28,-321.70465
2.282,-326.5188
2.284,-331.75876
2.286,-336.119
2.288,-338.71548
2.29,-338.8939
2.292,-337.88266
2.294,-336.0949
2.296,-332.71167
2.298,-324.78464
2.3,-309.65665
2.302,-284.74347
2.304,-249.65883
2.306,-206.47679
2.308,-160.85602
2.31,-118.33538
2.312,-82.55251
2.314,-53.310802
2.316,-28.797323
2.318,-5.949331
2.32,16.010185
2.322,33.916973
2.324,38.879097
2.326,20.513037
2.328,-29.518778
2.33,-113.06015
2.332,-225.1245
2.334,-352.9454
2.336,-479.80524
2.338,-589.0276
2.34,-669.68665
2.342,-716.8647
2.344,-731.96564
2.346,-720.2486
2.348,-689.98615
2.35,-648.5569
2.352,-601.8829
2.354,-553.7896
2.356,-508.0732
2.358,-467.0722
2.36,-432.275
2.362,-403.7089
2.364,-381.59558
2.366,-364.7782
2.368,-351.72375
2.37,-340.5603
2.372,-331.1578
2.374,-323.3414
2.376,-317.20178
2.378,-312.2688
2.38,-308.96777
2.382,-306.8236
2.384,-305.19415
2.386,-303.09262
2.388,-300.8455
2.39,-298.61325
2.392,-296.68875
2.394,-294.9778
2.396,-293.9206
2.398,-293.5477
2.4,-293.68683
2.402,-293.72656
2.404,-293.49353
2.406,-292.82684
2.408,-291.68555
2.41,-289.8291
2.412,-287.6522
2.414,-285.49432
2.416,-283.68048
2.418,-281.85913
2.42,-280.82788
2.422,-280.38144
2.424,-280.17825
2.426,-279.26144
2.428,-278.57028
2.43,-277.93362
2.432,-277.17633
2.434,-275.6544
2.436,-274.34885
2.438,-273.23984
2.44,-272.17316
2.442,-270.4979
2.444,-268.8017
2.446,-267.02576
2.448,-265.1687
2.45,-262.92
2.452,-261.09238
2.454,-259.85068
2.456,-259.16486
2.458,-258.4185
2.46,-257.81888
2.462,-256.99805
2.464,-255.66264
2.466,-253.3575
2.468,-250.76811
2.47,-248.14966
2.472,-245.65628
2.474,-242.91438
2.476,-240.28043
2.478,-237.56027
2.48,-234.64928
2.482,-231.33104
2.484,-228.45496
2.486,-226.36887
2.488,-225.14323
2.49,-224.13
2.492,-223.21051
2.494,-221.69926
2.496,-219.1394
2.498,-215.25073
2.5,-211.06937
2.502,-207.35507
2.504,-204.63017
2.506,-202.58319
2.508,-201.16876
2.51,-199.57845
2.512,-197.1254
2.514,-193.34016
2.516,-189.22623
2.518,-185.71335
2.52,-183.6168
2.522,-182.89363
2.524,-183.5843
2.526,-184.70302
2.528,-185.11777
2.53,-183.7491
2.532,-181.02629
2.534,-177.54028
2.536,-174.11076
2.538,-171.0233
2.54,-168.91972
2.542,-167.48357
2.544,-166.10567
2.546,-163.89384
2.548,-161.19731
2.55,-158.29077
2.552,-155.59898
2.554,-153.04887
2.556,-151.18771
2.558,-149.82248
2.56,-148.59453
2.562,-146.79906
2.564,-144.89188
2.566,-143.0847
2.568,-141.59007
2.57,-140.01941
2.572,-138.75851
2.574,-137.6534
2.576,-136.58688
2.578,-135.1616
2.58,-134.19199
2.582,-134.10435
2.584,-135.08594
2.586,-136.43427
2.588,-138.09
2.59,-139.4518
2.592,-140.08913
2.594,-139.50356
2.596,-138.68958
2.598,-138.4885
2.6,-139.5888
2.602,-141.69405
2.604,-144.97263
2.606,-148.8241
2.608,-152.59708
2.61,-155.42487
2.612,-157.94695
2.614,-160.78682
2.616,-164.60472
2.618,-169.22873
2.62,-175.02727
2.622,-181.54718
2.624,-188.11967
2.626,-193.67467
2.628,-198.50873
2.63,-202.96878
2.632,-207.63208
2.634,-212.52777
2.636,-218.38957
2.638,-225.2164
2.64,-232.648
2.642,-239.64346
2.644,-246.18433
2.646,-252.14781
2.648,-257.6639
2.65,-262.5245
2.652,-267.4641
2.654,-272.70892
2.656,-278.17697
2.658,-283.016
2.66,-287.2078
2.662,-290.5596
2.664,-293.18652
2.666,-295.05093
2.668,-297.22913
2.67,-300.37247
2.672,-304.69385
2.674,-309.32147
2.676,-313.86194
2.678,-317.4944
2.68,-319.70337
2.682,-320.0787
2.684,-319.7546
2.686,-319.8365
2.688,-321.20435
2.69,-323.581
2.692,-326.87283
2.694,-330.1012
2.696,-332.21133
2.698,-332.0654
2.7,-330.2391
2.702,-327.58936
2.704,-325.20688
2.706,-323.40112
2.708,-322.9488
2.71,-323.60287
2.712,-324.70657
2.714,-325.0336
2.716,-324.75012
2.718,-324.00522
2.72,-323.2056
2.722,-322.20465
2.724,-321.76727
2.726,-321.86792
2.728,-322.205
2.73,-321.82956
2.732,-321.11447
2.734,-320.15366
2.736,-319.20306
2.738,-317.98398
2.74,-317.36066
2.742,-317.46893
2.744,-318.20242
2.746,-318.70132
2.748,-319.3108
2.75,-319.85217
2.752,-320.2037
2.754,-319.7383
2.756,-319.2024
2.758,-318.80438
2.76,-318.70276
2.762,-318.3785
2.764,-318.5335
2.766,-319.17545
2.768,-320.2037
2.77,-320.87106
2.772,-321.76038
2.774,-322.87793
2.776,-324.20624
2.778,-325.09244
2.78,-326.1751
2.782,-327.41916
2.784,-328.7091
2.786,-329.3072
2.788,-329.81888
2.79,-330.2785
2.792,-330.7104
2.794,-330.53067
2.796,-330.48285
2.798,-330.68933
2.8,-331.2107
2.802,-331.45496
2.804,-332.0821
2.806,-333.058
2.808,-334.21262
2.81,-334.6934
2.812,-334.96228
2.814,-334.95685
2.816,-334.71292
2.818,-333.79166
2.82,-333.1443
2.822,-333.0813
2.824,-333.71228
2.826,-334.30515
2.828,-335.22455
2.83,-336.136
2.832,-336.7142
2.834,-336.2047
2.836,-335.3819
2.838,-334.5988
2.84,-334.21262
2.842,-333.8759
2.844,-334.26163
2.846,-335.1805
2.848,-336.2139
2.85,-336.3361
2.852,-335.90784
2.854,-334.95038
2.856,-333.71228
2.858,-332.04517
2.86,-331.06235
2.862,-331.11234
2.864,-332.21133
2.866,-333.48392
2.868,-335.08203
2.87,-336.4789
2.872,-337.2145
2.874,-336.4939
2.876,-335.11493
2.878,-333.51846
2.88,-332.21133
2.882,-331.0307
2.884,-330.8745
2.886,-331.7177
2.888,-333.21198
2.89,-334.25342
2.892,-335.0569
2.894,-335.38757
2.896,-335.21326
2.898,-334.12137
2.9,-333.09738
2.902,-332.44244
2.904,-332.21133
2.906,-331.60284
2.908,-330.90625
2.91,-329.72235
2.912,-327.70847
2.914,-324.1667
2.916,-319.9803
2.918,-315.64383
2.92,-311.6983
2.922,-308.00903
2.924,-305.496
2.926,-304.16058
2.928,-303.6932
2.93,-303.05157
2.932,-302.50568
2.934,-301.87775
2.936,-301.19162
2.938,-300.10425
2.94,-299.6418
2.942,-300.14374
2.944,-301.69193
2.946,-303.51895
2.948,-305.90234
2.95,-308.4236
2.952,-310.69766
2.954,-311.97357
2.956,-312.93884
2.958,-313.7951
2.96,-314.7002
2.962,-315.21854
2.964,-315.85452
2.966,-316.41907
2.968,-316.70148
2.97,-316.3368
2.972,-315.88773
2.974,-315.47562
2.976,-315.20053
2.978,-314.9478
2.98,-315.07303
2.982,-315.28555
2.984,-315.20053
2.986,-314.36853
2.988,-313.16122
2.99,-311.68396
2.992,-310.19733
2.994,-308.48868
2.996,-307.71628
2.998,-308.1878
3.0,-309.69702
3.002,-310.45547
3.004,-310.6049
3.006,-309.7995
3.008,-308.19608
3.01,-305.45026
3.012,-303.41464
3.014,-302.9688
3.016,-304.1935
3.018,-305.4572
3.02,-306.04413
3.022,-304.7495
3.024,-301.19162
3.026,-295.48297
3.028,-289.73395
3.03,-285.18024
3.032,-281.6792
3.034,-276.68698
3.036,-267.49088
3.038,-250.74786
3.04,-224.64291
3.042,-189.49707
3.044,-149.42021
3.046,-109.32113
3.048,-73.54679
3.05,-43.789352
3.052,-20.27721
3.054,-0.9606997
3.056,16.010185
3.058,30.733416
3.06,38.817127
3.062,33.581997
3.064,7.504774
3.066,-44.58308
3.068,-124.68152
3.07,-228.66986
3.072,-347.2209
3.074,-467.1883
3.076,-575.8914
3.078,-662.08746
3.08,-718.45703
3.082,-742.0491
3.084,-735.6758
3.086,-705.183
3.088,-658.4189
3.09,-603.1479
3.092,-547.21344
3.094,-495.94366
3.096,-452.28772
3.098,-416.55258
3.1,-388.507
3.102,-366.5105
3.104,-348.72183
3.106,-333.16837
3.108,-319.49487
3.11,-307.3426
3.112,-296.68875
3.114,-287.234
3.116,-279.7074
3.118,-274.22003
3.12,-270.67218
3.122,-268.35214
3.124,-267.2725
3.126,-266.9057
3.128,-266.66965
3.13,-265.75235
3.132,-264.17123
3.134,-262.03363
3.136,-259.6652
3.138,-257.21622
3.14,-255.22476
3.142,-254.01633
3.144,-253.66136
3.146,-253.67935
3.148,-253.81654
3.15,-253.72359
3.152,-253.16106
3.154,-251.61143
3.156,-249.78815
3.158,-247.90614
3.16,-246.1566
3.162,-244.0128
3.164,-242.5151
3.166,-241.36621
3.168,-240.15277
3.17,-238.04039
3.172,-236.0731
3.174,-234.4026
3.176,-233.14832
3.178,-231.91544
3.18,-231.40634
3.182,-231.42886
3.184,-231.64737
3.186,-231.35454
3.188,-230.9594
3.19,-230.40012
3.192,-229.64609
3.194,-228.32895
3.196,-226.9687
3.198,-225.57307
3.2,-224.1426
3.202,-222.40694
3.204,-220.95619
3.206,-219.88501
3.208,-219.1394
3.21,-218.2013
3.212,-217.2289
3.214,-215.93256
3.216,-214.13623
3.218,-211.60107
3.22,-209.05147
3.222,-206.83217
3.224,-205.1305
3.226,-203.5976
3.228,-202.35847
3.23,-200.98961
3.232,-199.12668
3.234,-196.40039
3.236,-193.46878
3.238,-190.7553
3.24,-188.62
3.242,-186.91254
3.244,-185.84294
3.246,-184.93565
3.248,-183.6168
3.25,-181.22488
3.252,-178.11848
3.254,-174.59201
3.256,-171.10886
3.258,-167.85239
3.26,-165.49255
3.262,-164.01172
3.264,-163.10376
3.266,-162.05557
3.268,-160.86397
3.27,-159.25684
3.272,-157.09995
3.274,-154.1189
3.276,-150.84868
3.278,-147.46185
3.28,-144.09166
3.282,-140.54074
3.284,-137.31322
3.286,-134.49008
3.288,-132.08403
3.29,-129.7289
3.292,-127.77304
3.294,-126.11569
3.296,-124.579254
3.298,-122.61197
3.3,-120.515305
3.302,-118.2998
3.304,-116.073845
3.306,-113.661545
3.308,-111.74933
3.31,-110.5522
3.312,-110.07002
3.314,-109.6566
3.316,-109.42383
3.318,-109.10567
3.32,-108.56907
3.322,-107.45812
3.324,-106.55772
3.326,-106.330475
3.328,-107.068115
3.33,-108.27563
3.332,-110.111
3.334,-112.17439
3.336,-114.07257
3.338,-115.1425
3.34,-115.95776
3.342,-116.95371
3.344,-118.57543
3.346,-120.600426
3.348,-123.44455
3.35,-126.89547
3.352,-130.58307
3.354,-133.70648
3.356,-136.61516
3.358,-139.59291
3.36,-143.09103
3.362,-147.08247
3.364,-152.2272
3.366,-158.52522
3.368,-165.60535
3.37,-172.3969
3.372,-178.699
3.374,-184.24312
3.376,-189.12032
3.378,-193.3131
3.38,-197.87704
3.382,-203.52313
3.384,-210.634
3.386,-218.66003
3.388,-227.4868
3.39,-236.50714
3.392,-245.15596
3.394,-252.66576
3.396,-259.4437
3.398,-265.84134
3.4,-272.17316
3.402,-278.02206
3.404,-283.49417
3.406,-288.189
3.408,-291.68555
3.41,-293.31705
3.412,-293.65802
3.414,-293.35815
3.416,-293.18652
3.418,-293.2752
3.42,-294.25244
3.422,-296.03394
3.424,-298.1897
3.426,-299.68375
3.428,-300.45392
3.43,-300.40375
3.432,-299.69064
3.434,-298.15738
3.436,-296.5796
3.438,-295.34802
3.44,-294.68747
3.442,-294.1647
3.444,-294.16214
3.446,-294.68228
3.448,-295.6881
3.45,-296.6125
3.452,-297.80908
3.454,-299.21655
3.456,-300.69128
3.458,-301.5412
3.46,-302.06784
3.462,-302.25613
3.464,-302.19223
3.466,-301.5812
3.468,-301.23468
3.47,-301.53043
3.472,-302.69257
3.474,-304.18945
3.476,-306.3466
3.478,-308.82736
3.48,-311.19797
3.482,-312.54306
3.484,-313.2585
3.486,-313.41556
3.488,-313.19925
3.49,-312.29675
3.492,-311.51538
3.494,-310.99313
3.496,-310.69766
3.498,-309.953
3.5,-309.26782
3.502,-308.65958
3.504,-308.19608
3.506,-307.452
3.508,-307.20972
3.51,-307.62704
3.512,-308.69638
3.514,-309.69763
3.516,-310.98083
3.518,-312.25812
3.52,-313.19925
3.522,-312.98404
3.524,-312.10233
3.526,-310.6246
3.528,-308.69638
3.53,-305.9683
3.532,-303.30783
3.534,-300.99164
3.536,-299.19034
3.538,-297.4302
3.54,-296.39145
3.542,-296.1464
3.544,-296.68875
3.546,-297.37958
3.548,-298.703
3.55,-300.43918
3.552,-302.19223
3.554,-302.9212
3.556,-302.86652
3.558,-301.9065
3.56,-300.19098
3.562,-297.60617
3.564,-295.4432
3.566,-294.3605
3.568,-294.68747
3.57,-295.76978
3.572,-297.74274
3.574,-299.9374
3.576,-301.69193
3.578,-302.08914
3.58,-301.7876
3.582,-301.17624
3.584,-300.69128
3.586,-300.08044
3.588,-300.0062
3.59,-300.30966
3.592,-300.69128
3.594,-300.38116
3.596,-300.02408
3.598,-299.87457
3.6,-300.19098
3.602,-300.53198
3.604,-301.4731
3.606,-302.8034
3.608,-304.1935
3.61,-304.81378
3.612,-305.24548
3.614,-305.6491
3.616,-306.1948
3.618,-306.4032
3.62,-306.87335
3.622,-307.52164
3.624,-308.19608
3.626,-308.2366
3.628,-308.28244
3.63,-308.44104
3.632,-308.69638
3.634,-308.289
3.636,-307.5171
3.638,-306.06256
3.64,-303.6932
3.642,-299.8767
3.644,-295.60452
3.646,-291.50815
3.648,-288.18332
3.65,-285.45624
3.652,-284.0287
3.654,-283.73312
3.656,-284.1808
3.658,-284.41302
3.66,-284.84677
3.662,-285.54376
3.664,-286.68237
3.666,-287.89877
3.668,-289.93713
3.67,-292.78357
3.672,-296.18842
3.674,-299.21973
3.676,-302.12054
3.678,-304.6562
3.68,-306.6951
3.682,-307.7379
3.684,-308.48523
3.686,-309.1072
3.688,-309.69702
3.69,-309.8928
3.692,-310.1369
3.694,-310.29062
3.696,-310.19733
3.698,-309.5691
3.7,-308.89087
3.702,-308.2406
3.704,-307.69574
3.706,-307.1285
3.708,-307.02066
3.71,-307.2809
3.712,-307.69574
3.714,-307.60934
3.716,-307.4893
3.718,-307.34695
3.72,-307.19543
3.722,-306.12582
3.724,-305.18933
3.726,-304.79166
3.728,-305.19415
3.73,-305.35434
3.732,-305.94476
3.734,-306.7981
3.736,-307.69574
3.738,-307.6803
3.74,-307.45026
3.742,-307.12567
3.744,-306.6951
3.746,-305.29865
3.748,-303.20798
3.75,-300.08972
3.752,-295.6881
3.754,-289.2997
3.756,-281.38754
3.758,-271.51138
3.76,-258.66455
3.762,-240.91039
3.764,-217.67706
3.766,-188.78734
3.768,-155.59898
3.77,-120.53037
3.772,-88.02638
3.774,-61.565685
3.776,-43.02737
3.778,-31.795403
3.78,-27.149513
3.782,-28.090927
3.784,-35.5226
3.786,-52.546906
3.788,-85.36344
3.79,-139.33391
3.792,-216.63782
3.794,-313.57318
3.796,-421.70554
3.798,-527.8473
3.8,-617.89307
3.802,-680.0961
3.804,-709.50415
3.806,-707.1519
3.808,-679.43225
3.81,-635.10394
3.812,-584.1021
3.814,-533.73553
3.816,-488.31064
3.818,-448.94257
3.82,-416.11075
3.822,-389.00574
3.824,-366.7333
3.826,-348.11053
3.828,-333.18246
3.83,-321.42557
3.832,-312.1986
3.834,-304.36603
3.836,-297.95395
3.838,-292.62573
3.84,-288.18332
3.842,-284.10147
3.844,-280.90048
3.846,-278.61255
3.848,-277.17633
3.85,-276.045
3.852,-275.36276
3.854,-274.85687
3.856,-274.1744
3.858,-272.65756
3.86,-270.3981
3.862,-267.59454
3.864,-264.66837
3.866,-261.80856
3.868,-259.6873
3.87,-258.6295
3.872,-258.66455
3.874,-259.11945
3.876,-260.02585
3.878,-260.98154
3.88,-261.66647
3.882,-261.29053
3.884,-260.7849
3.886,-260.10498
3.888,-259.16486
3.89,-257.29227
3.892,-255.55838
3.894,-253.9006
3.896,-252.16042
3.898,-249.71135
3.9,-247.40125
3.902,-245.35054
3.904,-243.655
3.906,-241.9372
3.908,-240.86325
3.91,-240.35007
3.912,-240.15277
3.914,-239.55551
3.916,-238.89372
3.918,-238.08119
3.92,-237.15086
3.922,-235.86983
3.924,-235.00801
3.926,-234.76672
3.928,-235.1496
3.93,-235.57216
3.932,-236.2075
3.934,-236.68077
3.936,-236.65054
3.938,-235.57083
3.94,-234.02065
3.942,-232.27605
3.944,-230.64673
3.946,-229.00949
3.948,-227.92302
3.95,-227.25233
3.952,-226.64418
3.954,-225.32283
3.956,-223.4666
3.958,-221.01631
3.96,-218.13878
3.962,-214.84802
3.964,-212.06099
3.966,-210.12917
3.968,-209.13304
3.97,-208.52579
3.972,-208.37819
3.974,-208.22241
3.976,-207.63208
3.978,-206.02972
3.98,-203.94754
3.982,-201.6911
3.984,-199.627
3.986,-197.70064
3.988,-196.49782
3.99,-195.91971
3.992,-195.62445
3.994,-194.81688
3.996,-193.63846
3.998,-192.01968
4.0,-190.12094
4.002,-187.90514
4.004,-186.22324
4.006,-185.32394
4.008,-185.11777
4.01,-184.79794
4.012,-184.28487
4.014,-183.12544
4.016,-181.11522
4.018,-178.01256
4.02,-174.85577
4.022,-172.37454
4.024,-171.10886
4.026,-170.7406
4.028,-171.4265
4.03,-172.49475
4.032,-173.11012
4.034,-172.13521
4.036,-169.88972
4.038,-166.78336
4.04,-163.60408
4.042,-160.76668
4.044,-159.51129
4.046,-160.19608
4.048,-162.60344
4.05,-165.55511
4.052,-168.6917
4.054,-171.33342
4.056,-173.11012
4.058,-173.55438
4.06,-173.60744
4.062,-173.9441
4.064,-175.1114
4.066,-176.82408
4.068,-179.46104
4.07,-182.70538
4.072,-186.11841
4.074,-188.84114
4.076,-191.29897
4.078,-193.7666
4.08,-196.62509
4.082,-199.66861
4.084,-203.50882
4.086,-208.09293
4.088,-213.13559
4.09,-217.75412
4.092,-222.17169
4.094,-226.40785
4.096,-230.64673
4.098,-234.65504
4.1,-239.19023
4.102,-244.5088
4.104,-250.65945
4.106,-256.97595
4.108,-263.58798
4.11,-270.13364
4.112,-276.1757
4.114,-280.8051
4.116,-284.24112
4.118,-286.5818
4.12,-288.18332
4.122,-289.11298
4.124,-290.44562
4.126,-292.7417
4.128,-296.18842
4.13,-300.04077
4.132,-304.14774
4.134,-307.87463
4.136,-310.69766
4.138,-311.92273
4.14,-312.2019
4.142,-312.097
4.144,-312.1986
4.146,-312.4086
4.148,-313.2735
4.15,-314.6534
4.152,-316.20114
4.154,-317.0622
4.156,-317.515
4.158,-317.65598
4.16,-317.70212
4.162,-317.38052
4.164,-317.2913
4.166,-317.4536
4.168,-317.70212
4.17,-317.28485
4.172,-316.52692
4.174,-315.4526
4.176,-314.1999
4.178,-312.4759
4.18,-311.03497
4.182,-310.09192
4.184,-309.69702
4.186,-309.23404
4.188,-309.08987
4.19,-309.1292
4.192,-309.1967
4.194,-308.63654
4.196,-307.99002
4.198,-307.32294
4.2,-306.6951
4.202,-305.6138
4.204,-304.73456
4.206,-304.11115
4.208,-303.6932
4.21,-302.83658
4.212,-302.08548
4.214,-301.49884
4.216,-301.19162
4.218,-300.77924
4.22,-301.02594
4.222,-301.93362
4.224,-303.19287
4.226,-303.6964
4.228,-303.50986
4.23,-302.32037
4.232,-300.19098
4.234,-297.08597
4.236,-294.4872
4.238,-293.23254
4.24,-293.68683
4.242,-295.00513
4.244,-297.0015
4.246,-298.66977
4.248,-299.19034
4.25,-297.77524
4.252,-295.51984
4.254,-293.36252
4.256,-292.18588
4.258,-291.88016
4.26,-292.90628
4.262,-294.6233
4.264,-296.18842
4.266,-296.48178
4.268,-296.06094
4.27,-295.40884
4.272,-295.18777
4.274,-295.3831
4.276,-296.64935
4.278,-298.53485
4.28,-300.19098
4.282,-300.26398
4.284,-298.90857
4.286,-296.31238
4.288,-293.18652
4.29,-290.03488
4.292,-288.40683
4.294,-288.8422
4.296,-291.18524
4.298,-294.15106
4.3,-297.28217
4.302,-299.6431
4.304,-300.69128
4.306,-299.9454
4.308,-298.60233
4.31,-297.48874
4.312,-297.18906
4.314,-297.26413
4.316,-297.9042
4.318,-298.4311
4.32,-298.1897
4.322,-296.4055
4.324,-293.98138
4.326,-291.66373
4.328,-290.1846
4.33,-289.3723
4.332,-289.61975
4.334,-290.21948
4.336,-290.1846
4.338,-288.17822
4.34,-284.51306
4.342,-279.5752
4.344,-274.1744
4.346,-268.73444
4.348,-264.6004
4.35,-262.12964
4.352,-261.16614
4.354,-260.70966
4.356,-260.78595
4.358,-260.9997
4.36,-261.16614
4.362,-260.83804
4.364,-260.87112
4.366,-261.58984
4.368,-263.16742
4.37,-265.07657
4.372,-267.72736
4.374,-270.8672
4.376,-274.1744
4.378,-276.8847
4.38,-279.3715
4.382,-281.5203
4.384,-283.18015
4.386,-283.76788
4.388,-283.65128
4.39,-282.7586
4.392,-281.17886
4.394,-279.0172
4.396,-277.20157
4.398,-276.17868
4.4,-276.1757
4.402,-276.96448
4.404,-278.57944
4.406,-280.3817
4.408,-281.6792
4.41,-281.78372
4.412,-281.0017
4.414,-279.51477
4.416,-277.67664
4.418,-275.241
4.42,-273.3536
4.422,-272.3563
4.424,-272.17316
4.426,-271.36963
4.428,-270.2608
4.43,-268.74817
4.432,-267.16995
4.434,-265.48248
4.436,-265.22687
4.438,-266.92047
4.44,-270.17188
4.442,-273.05814
4.444,-274.43033
4.446,-273.0187
4.448,-268.67093
4.45,-262.03333
4.452,-255.51988
4.454,-250.5113
4.456,-246.6569
4.458,-241.02783
4.46,-230.40982
4.462,-211.47215
4.464,-183.11649
4.466,-147.06717
4.468,-108.91335
4.47,-74.61988
4.472,-48.530872
4.474,-31.158945
4.476,-20.620613
4.478,-12.863605
4.48,-5.003183
4.482,2.590517
4.484,3.9587533
4.486,-9.456855
4.488,-46.02928
4.49,-109.79776
4.492,-199.3541
4.494,-305.90997
4.496,-415.7645
4.498,-513.45825
4.5,-587.0862
4.502,-629.53076
4.504,-639.9071
4.506,-622.32983
4.508,-585.32983
4.51,-537.9749
4.512,-488.31064
4.514,-441.72052
4.516,-401.94208
4.518,-369.87744
4.52,-344.7193
4.522,-324.37674
4.524,-307.6407
4.526,-293.26895
4.528,-280.67856
4.53,-269.47617
4.532,-260.52936
4.534,-254.12997
4.536,-250.15913
4.538,-247.6643
4.54,-246.33997
4.542,-245.48041
4.544,-244.65564
4.546,-243.47572
4.548,-242.58589
4.55,-242.29698
4.552,-242.65437
4.554,-243.08566
4.556,-243.29219
4.558,-242.86382
4.56,-241.65373
4.562,-239.65778
4.564,-237.56433
4.566,-236.0722
4.568,-235.64992
4.57,-236.0456
4.572,-236.97536
4.574,-237.73665
4.576,-237.65118
4.578,-235.90279
4.58,-233.24414
4.582,-230.12456
4.584,-227.1445
4.586,-224.28268
4.588,-222.73433
4.59,-222.23212
4.592,-222.14131
4.594,-221.37646
4.596,-220.36183
4.598,-219.06073
4.6,-217.63846
4.602,-215.99059
4.604,-214.86862
4.606,-214.20505
4.608,-213.63591
4.61,-212.3515
4.612,-210.45091
4.614,-207.81618
4.616,-204.63017
4.618,-201.04839
4.62,-198.06744
4.622,-196.09055
4.624,-195.12413
4.626,-194.46269
4.628,-193.8413
4.63,-192.54951
4.632,-190.12094
4.634,-186.28638
4.636,-181.98196
4.638,-178.01402
4.64,-175.1114
4.642,-173.35767
4.644,-173.04002
4.646,-173.56953
4.648,-174.11076
4.65,-173.67114
4.652,-172.30934
4.654,-170.14142
4.656,-167.60663
4.658,-164.99632
4.66,-163.13435
4.662,-162.10709
4.664,-161.6028
4.666,-160.813
4.668,-159.5664
4.67,-157.50905
4.672,-154.59834
4.674,-150.87329
4.676,-147.24483
4.678,-144.2298
4.68,-142.0904
4.682,-140.48967
4.684,-139.47865
4.686,-138.62756
4.688,-137.58752
4.69,-135.98212
4.692,-134.37048
4.694,-133.03053
4.696,-132.08403
4.698,-131.08383
4.7,-130.04875
4.702,-128.603
4.704,-126.58053
4.706,-123.9101
4.708,-121.59323
4.71,-120.35389
4.712,-120.576706
4.714,-121.71043
4.716,-123.35017
4.718,-124.440865
4.72,-124.07893
4.722,-121.58947
4.724,-117.8114
4.726,-113.77946
4.728,-110.57034
4.73,-108.44092
4.732,-107.79427
4.734,-108.099304
4.736,-108.56907
4.738,-108.19803
4.74,-107.30856
4.742,-106.373985
4.744,-106.067474
4.746,-106.470314
4.748,-108.099464
4.75,-110.66576
4.752,-113.57225
4.754,-115.78218
4.756,-117.42893
4.758,-118.7065
4.76,-120.076385
4.762,-121.59418
4.764,-123.99836
4.766,-127.39975
4.768,-131.58371
4.77,-135.6911
4.772,-139.72478
4.774,-143.52124
4.776,-147.09358
4.778,-150.14217
4.78,-153.30678
4.782,-156.89781
4.784,-161.1025
4.786,-165.4988
4.788,-170.40907
4.79,-175.80025
4.792,-181.61554
4.794,-187.34837
4.796,-193.38287
4.798,-199.80951
4.8,-206.63145
4.802,-213.24408
4.804,-219.7784
4.806,-225.99341
4.808,-231.64737
4.81,-236.13231
4.812,-239.8873
4.814,-243.25604
4.816,-246.6569
4.818,-249.98245
4.82,-253.81712
4.822,-258.25586
4.824,-263.16742
4.826,-267.786
4.828,-272.13617
4.83,-275.99158
4.832,-279.1776
4.834,-281.1218
4.836,-282.23953
4.838,-282.80063
4.84,-283.18015
4.842,-283.3127
4.844,-283.9653
4.846,-285.42728
4.848,-287.683
4.85,-289.92114
4.852,-292.04794
4.854,-293.6897
4.856,-294.68747
4.858,-294.703
4.86,-294.60425
4.862,-294.98026
4.864,-296.18842
4.866,-297.67996
4.868,-299.48648
4.87,-301.11746
4.872,-302.19223
4.874,-302.1675
4.876,-301.8999
4.878,-302.0657
4.88,-303.19287
4.882,-304.85266
4.884,-307.1693
4.886,-309.50595
4.888,-311.19797
4.89,-311.358
4.892,-310.6716
4.894,-309.7356
4.896,-309.1967
4.898,-308.9111
4.9,-309.44217
4.902,-310.51434
4.904,-311.6983
4.906,-312.1535
4.908,-312.4567
4.91,-312.88998
4.912,-313.69955
4.914,-314.34537
4.916,-315.1563
4.918,-315.73416
4.92,-315.70084
4.922,-314.41666
4.924,-312.81247
4.926,-311.54257
4.928,-311.19797
4.93,-311.4853
4.932,-312.81165
4.934,-314.6294
4.936,-316.20114
4.938,-316.396
4.94,-315.68427
4.942,-314.4208
4.944,-313.19925
4.946,-312.07388
4.948,-312.00104
4.95,-312.99872
4.952,-314.7002
4.954,-316.0309
4.956,-317.10876
4.958,-317.6827
4.96,-317.70212
4.962,-316.78336
4.964,-315.7599
4.966,-314.8695
4.968,-314.1999
4.97,-313.17477
4.972,-312.31583
4.974,-311.531
4.976,-310.69766
4.978,-309.20084
4.98,-307.7188
4.982,-306.46622
4.984,-305.69446
4.986,-305.0821
4.988,-305.39938
4.99,-306.5777
4.992,-308.19608
4.994,-309.03543
4.996,-309.10367
4.998,-308.10526
5.0,-306.1948
5.002,-303.45563
5.004,-301.4503
5.006,-300.9754
5.008,-302.19223
5.01,-303.92157
5.012,-305.60056
5.014,-305.9701
5.016,-304.1935
5.018,-299.71774
5.02,-294.08698
5.022,-288.69235
5.024,-284.6811
5.026,-281.89178
5.028,-280.5203
5.03,-279.6059
5.032,-278.17697
5.034,-275.29205
5.036,-272.0768
5.038,-269.66632
5.04,-269.17123
5.042,-270.5459
5.044,-274.08032
5.046,-278.7295
5.048,-283.18015
5.05,-285.9408
5.052,-287.49066
5.054,-288.4439
5.056,-289.6843
5.058,-291.32138
5.06,-294.07764
5.062,-297.48047
5.064,-300.69128
5.066,-302.46918
5.068,-303.11258
5.07,-302.85483
5.072,-302.19223
5.074,-301.24747
5.076,-300.72766
5.078,-300.487
5.08,-300.19098
5.082,-299.41183
5.084,-298.63678
5.086,-298.1254
5.088,-298.1897
5.09,-298.86655
5.092,-300.48868
5.094,-302.6328
5.096,-304.69385
5.098,-305.7024
5.1,-306.1373
5.102,-306.21637
5.104,-306.1948
5.106,-305.25992
5.108,-304.28897
5.11,-303.41046
5.112,-302.69257
5.114,-301.28955
5.116,-300.07397
5.118,-299.21338
5.12,-298.69
5.122,-297.63025
5.124,-296.4314
5.126,-295.05664
5.128,-293.68683
5.13,-292.12115
5.132,-291.31708
5.134,-291.2634
5.136,-291.18524
5.138,-288.99606
5.14,-283.28098
5.142,-272.20166
5.144,-254.662
5.146,-230.28827
5.148,-201.09581
5.15,-169.3954
5.152,-137.58752
5.154,-106.99406
5.156,-79.049126
5.158,-53.788242
5.16,-31.019733
5.162,-10.830443
5.164,3.9815345
5.166,9.254562
5.168,-0.5003183
5.17,-30.265173
5.172,-84.19132
5.174,-162.1479
5.176,-259.16486
5.178,-365.19766
5.18,-468.3062
5.182,-555.6459
5.184,-616.89246
5.186,-646.1054
5.188,-644.2687
5.19,-617.0446
5.192,-573.36475
5.194,-522.4683
5.196,-473.1198
5.198,-430.56598
5.2,-396.7524
5.202,-370.59085
5.204,-350.68875
5.206,-334.92487
5.208,-321.70465
5.21,-309.76047
5.212,-299.44473
5.214,-290.78836
5.216,-283.68048
5.218,-277.34317
5.22,-271.8777
5.222,-266.89566
5.224,-262.16678
5.226,-257.30573
5.228,-253.09988
5.23,-249.95673
5.232,-248.15787
5.234,-247.38776
5.236,-247.76866
5.238,-248.88394
5.24,-250.15913
5.242,-250.74141
5.244,-250.51357
5.246,-249.54321
5.248,-248.15787
5.25,-246.50034
5.252,-245.09312
5.254,-244.16267
5.256,-243.655
5.258,-242.85202
5.26,-241.87729
5.262,-240.48584
5.264,-238.65182
5.266,-236.00291
5.268,-233.891
5.27,-232.59557
5.272,-232.14769
5.274,-231.81001
5.276,-232.184
5.278,-232.80653
5.28,-233.14832
5.282,-232.37424
5.284,-231.07913
5.286,-229.4213
5.288,-227.64482
5.29,-225.58063
5.292,-223.98016
5.294,-222.88051
5.296,-222.14131
5.298,-221.1676
5.3,-220.3456
5.302,-219.65654
5.304,-219.1394
5.306,-218.50084
5.308,-218.30469
5.31,-218.56223
5.312,-219.1394
5.314,-219.45396
5.316,-219.74217
5.318,-219.84004
5.32,-219.63972
5.322,-218.77838
5.324,-217.81494
5.326,-216.90128
5.328,-216.1375
5.33,-215.21059
5.332,-214.55043
5.334,-214.07611
5.336,-213.63591
5.338,-212.74525
5.34,-211.77411
5.342,-210.72803
5.344,-209.63336
5.346,-208.1985
5.348,-206.90152
5.35,-205.743
5.352,-204.63017
5.354,-203.10991
5.356,-201.5147
5.358,-199.83511
5.36,-198.12604
5.362,-196.19633
5.364,-194.65361
5.366,-193.63684
5.368,-193.12286
5.37,-192.5973
5.372,-192.198
5.374,-191.6246
5.376,-190.62126
5.378,-188.74881
5.38,-186.53581
5.382,-184.24052
5.384,-182.11586
5.386,-179.97818
5.388,-178.31049
5.39,-177.0694
5.392,-176.11203
5.394,-174.9193
5.396,-173.8567
5.398,-172.92905
5.4,-172.10948
5.402,-170.92621
5.404,-169.7311
5.406,-168.46579
5.408,-167.10631
5.41,-165.30054
5.412,-163.71468
5.414,-162.61003
5.416,-162.10312
5.418,-161.64111
5.42,-161.43208
5.422,-161.17487
5.424,-160.60217
5.426,-159.15897
5.428,-157.50218
5.43,-156.0284
5.432,-155.09866
5.434,-154.41766
5.436,-154.45134
5.438,-155.07823
5.44,-156.0993
5.442,-156.90004
5.444,-157.9751
5.446,-159.50316
5.448,-161.6028
5.45,-163.74306
5.452,-166.23375
5.454,-168.90544
5.456,-171.60918
5.458,-173.82866
5.46,-176.21025
5.462,-179.0717
5.464,-182.61618
5.466,-186.32082
5.468,-190.40962
5.47,-194.59694
5.472,-198.62636
5.474,-201.94963
5.476,-205.28279
5.478,-209.17126
5.48,-214.13623
5.482,-219.95685
5.484,-226.97992
5.486,-234.78146
5.488,-242.65437
5.49,-249.37027
5.492,-254.89153
5.494,-259.2078
5.496,-262.66708
5.498,-265.3335
5.5,-268.2026
5.502,-271.66034
5.504,-275.67538
5.506,-279.33447
5.508,-282.47324
5.51,-284.6426
5.512,-285.68173
5.514,-285.35995
5.516,-284.76266
5.518,-284.7928
5.52,-286.18207
5.522,-288.73288
5.524,-292.63452
5.526,-297.25253
5.528,-301.69193
5.53,-304.62476
5.532,-306.0374
5.534,-306.05103
5.536,-305.19415
5.538,-303.6942
5.54,-302.69427
5.542,-302.67627
5.544,-303.6932
5.546,-304.90448
5.548,-306.25116
5.55,-307.2821
5.552,-307.69574
5.554,-306.92676
5.556,-305.6969
5.558,-304.47168
5.56,-303.6932
5.562,-303.1234
5.564,-303.35367
5.566,-304.30377
5.568,-305.69446
5.57,-306.63596
5.572,-307.40002
5.574,-307.90906
5.576,-308.19608
5.578,-307.8315
5.58,-307.54636
5.582,-307.497
5.584,-307.69574
5.586,-307.4915
5.588,-307.3563
5.59,-307.25638
5.592,-307.19543
5.594,-306.6905
5.596,-306.5016
5.598,-306.8192
5.6,-307.69574
5.602,-308.4715
5.604,-309.54663
5.606,-310.70322
5.608,-311.6983
5.61,-311.80994
5.612,-311.65472
5.614,-311.39352
5.616,-311.19797
5.618,-310.6539
5.62,-310.468
5.622,-310.67667
5.624,-311.19797
5.626,-311.3651
5.628,-311.69916
5.63,-312.168
5.632,-312.6989
5.634,-312.66473
5.636,-312.5917
5.638,-312.44604
5.64,-312.1986
5.642,-311.3519
5.644,-310.6406
5.646,-310.23703
5.648,-310.19733
5.65,-309.90353
5.652,-309.8169
5.654,-309.79102
5.656,-309.69702
5.658,-308.97772
5.66,-308.4154
5.662,-308.2717
5.664,-308.69638
5.666,-309.0996
5.668,-309.9194
5.67,-310.89026
5.672,-311.6983
5.674,-311.56235
5.676,-311.0889
5.678,-310.42563
5.68,-309.69702
5.682,-308.37558
5.684,-307.05292
5.686,-305.68008
5.688,-304.1935
5.69,-302.05627
5.692,-300.05713
5.694,-298.41406
5.696,-297.18906
5.698,-295.68076
5.7,-294.2101
5.702,-292.45718
5.704,-290.1846
5.706,-286.87164
5.708,-283.52625
5.71,-280.77496
5.712,-279.1776
5.714,-278.48212
5.716,-279.27048
5.718,-281.19492
5.72,-283.68048
5.722,-285.63004
5.724,-287.35077
5.726,-288.82578
5.728,-290.1846
5.73,-291.0763
5.732,-292.26248
5.734,-293.8191
5.736,-295.6881
5.738,-297.27274
5.74,-299.09222
5.742,-301.10364
5.744,-303.19287
5.746,-304.77008
5.748,-306.1655
5.75,-307.18246
5.752,-307.69574
5.754,-307.51364
5.756,-307.2314
5.758,-306.9605
5.76,-306.6951
5.762,-306.1811
5.764,-305.61176
5.766,-304.692
5.768,-303.19287
5.77,-300.915
5.772,-298.56732
5.774,-296.54132
5.776,-295.18777
5.778,-294.0646
5.78,-294.0129
5.782,-295.01926
5.784,-296.68875
5.786,-297.26978
5.788,-297.0423
5.79,-295.90198
5.792,-294.18716
5.794,-291.6559
5.796,-289.90884
5.798,-289.5005
5.8,-290.1846
5.802,-290.2058
5.804,-288.7993
5.806,-284.9684
5.808,-278.67728
5.81,-270.44345
5.812,-262.5577
5.814,-256.2486
5.816,-251.15977
5.818,-244.49567
5.82,-233.2964
5.822,-214.29318
5.824,-186.11841
5.826,-149.86108
5.828,-110.36194
5.83,-72.98989
5.832,-42.026737
5.834,-18.62205
5.836,-2.1710384
5.838,9.94447
5.84,19.512413
5.842,25.844753
5.844,23.556217
5.846,5.403659
5.848,-35.5226
5.85,-102.33087
5.852,-193.74545
5.854,-302.2574
5.856,-416.2648
5.858,-522.4846
5.86,-610.32007
5.862,-672.33246
5.864,-705.4488
5.866,-710.1308
5.868,-690.78094
5.87,-653.0493
5.872,-603.38385
5.874,-547.8975
5.876,-493.16373
5.878,-443.98322
5.88,-403.25653
5.882,-371.2836
5.884,-347.41022
5.886,-329.25073
5.888,-314.1999
5.89,-299.9774
5.892,-286.4919
5.894,-274.23813
5.896,-264.16806
5.898,-256.61374
5.9,-252.1211
5.902,-250.01958
5.904,-249.15851
5.906,-248.06003
5.908,-246.44336
5.91,-244.21693
5.912,-241.65373
5.914,-238.85693
5.916,-236.29224
5.918,-234.0769
5.92,-232.14769
5.922,-230.1485
5.924,-228.14378
5.926,-226.25916
5.928,-224.64291
5.93,-223.08473
5.932,-221.69827
5.934,-220.40219
5.936,-219.1394
5.938,-217.48405
5.94,-216.26245
5.942,-215.62997
5.944,-215.63718
5.946,-215.58311
5.948,-216.2602
5.95,-217.14743
5.952,-217.63846
5.954,-216.8068
5.956,-215.56038
5.958,-214.09059
5.96,-212.63527
5.962,-210.99454
5.964,-209.94775
5.966,-209.4194
5.968,-209.13304
5.97,-208.40648
5.972,-207.54637
5.974,-206.45633
5.976,-205.1305
5.978,-203.31328
5.98,-201.59134
5.982,-200.04303
5.984,-198.62636
5.986,-196.91014
5.988,-195.21135
5.99,-193.45468
5.992,-191.6219
5.994,-189.49637
5.996,-187.68123
5.998,-186.36339
6.0,-185.61809
6.002,-185.09734
6.004,-185.02332
6.006,-185.12889
6.008,-185.11777
6.01,-184.51158
6.012,-183.65805
6.014,-182.64943
6.016,-181.61554
6.018,-180.40341
6.02,-179.45338
6.022,-178.73418
6.024,-178.11331
6.026,-177.16151
6.028,-176.10648
6.03,-174.81017
6.032,-173.11012
6.034,-170.59271
6.036,-167.58546
6.038,-164.17558
6.04,-160.60217
6.042,-156.99385
6.044,-154.19296
6.046,-152.54988
6.048,-152.09676
6.05,-152.22832
6.052,-152.71123
6.054,-152.85408
6.056,-152.09676
6.058,-149.95248
6.06,-147.03232
6.062,-143.88481
6.064,-141.08975
6.066,-138.73055
6.068,-137.24251
6.07,-136.35889
6.072,-135.58626
6.074,-134.12766
6.076,-132.12619
6.078,-129.67368
6.08,-127.08084
6.082,-124.40677
6.084,-122.36942
6.086,-121.12899
6.088,-120.576706
6.09,-120.05038
6.092,-119.639
6.094,-119.16243
6.096,-118.57543
6.098,-117.59279
6.1,-116.85077
6.102,-116.628006
6.104,-117.07448
6.106,-117.75431
6.108,-118.90245
6.11,-120.27743
6.112,-121.57734
6.114,-122.13547
6.116,-122.27839
6.118,-122.16396
6.12,-122.07766
6.122,-121.938934
6.124,-122.45523
6.126,-123.84295
6.128,-126.08021
6.13,-128.52103
6.132,-131.26146
6.134,-134.12865
6.136,-137.0872
6.138,-139.84479
6.14,-143.04176
6.142,-146.94458
6.144,-151.59644
6.146,-156.3387
6.148,-161.13419
6.15,-165.62163
6.152,-169.6079
6.154,-172.7889
6.156,-175.95993
6.158,-179.74507
6.16,-184.61745
6.162,-190.28119
6.164,-196.79352
6.166,-203.61932
6.168,-210.13368
6.17,-215.48077
6.172,-219.89305
6.174,-223.64561
6.176,-227.1445
6.178,-230.31146
6.18,-233.60303
6.182,-236.95825
6.184,-240.15277
6.186,-242.56781
6.188,-244.47946
6.19,-246.08101
6.192,-247.65755
6.194,-249.05779
6.196,-250.73293
6.198,-252.66478
6.2,-254.662
6.202,-256.07602
6.204,-257.0785
6.206,-257.71533
6.208,-258.16425
6.21,-258.27893
6.212,-258.64276
6.214,-259.44125
6.216,-260.66583
6.218,-261.72678
6.22,-262.70877
6.222,-263.40167
6.224,-263.66772
6.226,-263.0863
6.228,-262.1608
6.23,-261.12802
6.232,-260.1655
6.234,-258.91907
6.236,-257.7658
6.238,-256.68475
6.24,-255.66264
6.242,-254.34685
6.244,-253.33948
6.246,-252.89711
6.248,-253.16106
6.25,-253.6372
6.252,-254.53578
6.254,-255.50891
6.256,-256.16296
6.258,-255.77216
6.26,-254.79211
6.262,-253.47021
6.264,-252.16042
6.266,-250.7482
6.268,-249.95319
6.27,-249.82193
6.272,-250.15913
6.274,-250.18727
6.276,-250.10812
6.278,-249.77048
6.28,-249.15851
6.282,-247.94511
6.284,-246.89178
6.286,-246.25983
6.288,-246.1566
6.29,-246.07224
6.292,-246.33966
6.294,-246.7612
6.296,-247.15723
6.298,-247.04387
6.3,-247.00426
6.302,-247.1907
6.304,-247.65755
6.306,-247.90213
6.308,-248.21828
6.31,-248.36859
6.312,-248.15787
6.314,-247.15775
6.316,-246.09105
6.318,-245.32607
6.32,-245.15596
6.322,-245.25589
6.324,-246.03813
6.326,-247.274
6.328,-248.65819
6.33,-249.52434
6.332,-250.30025
6.334,-251.02217
6.336,-251.6601
6.338,-251.62593
6.34,-251.2043
6.342,-250.22443
6.344,-248.65819
6.346,-246.32002
6.348,-244.239
6.35,-243.04886
6.352,-243.15468
6.354,-244.10236
6.356,-245.90326
6.358,-247.7373
6.36,-248.65819
6.362,-247.50256
6.364,-244.52542
6.366,-240.02747
6.368,-234.64928
6.37,-228.7086
6.372,-223.35664
6.374,-218.98755
6.376,-215.63718
6.378,-212.66891
6.38,-210.36708
6.382,-208.66188
6.384,-207.63208
6.386,-207.07393
6.388,-207.74155
6.39,-209.80093
6.392,-213.13559
6.394,-216.93607
6.396,-221.09903
6.398,-225.01117
6.4,-228.14514
6.402,-229.83717
6.404,-230.59863
6.406,-230.73962
6.408,-230.64673
6.41,-230.36458
6.412,-230.44467
6.414,-230.79358
6.416,-231.14705
6.418,-231.16203
6.42,-230.95158
6.422,-230.42325
6.424,-229.64609
6.426,-228.86119
6.428,-228.58914
6.43,-228.8991
6.432,-229.64609
6.434,-230.45334
6.436,-231.3505
6.438,-232.10484
6.44,-232.648
6.442,-232.48642
6.444,-232.78363
6.446,-234.13002
6.448,-236.65054
6.45,-238.81477
6.452,-240.3902
6.454,-240.48755
6.456,-238.65182
6.458,-234.44354
6.46,-229.44342
6.462,-224.91264
6.464,-221.641
6.466,-219.07335
6.468,-216.8918
6.47,-214.20609
6.472,-210.634
6.474,-206.20882
6.476,-202.2096
6.478,-198.93611
6.48,-195.12413
6.482,-187.37006
6.484,-172.18259
6.486,-146.53282
6.488,-110.07002
6.49,-65.65721
6.492,-19.727974
6.494,21.148642
6.496,52.53342
6.498,74.09671
6.5,88.18885
6.502,98.72452
6.504,107.56843
6.506,112.36546
6.508,105.18995
6.51,76.11586
6.512,17.010822
6.514,-74.020195
6.516,-191.45766
6.518,-321.88824
6.52,-447.78485
6.522,-551.96423
6.524,-622.951
6.526,-656.11597
6.528,-653.916
6.53,-623.51636
6.532,-574.9999
6.534,-517.6416
6.536,-458.79187
6.538,-403.18433
6.54,-354.26666
6.542,-313.5141
6.544,-281.17886
6.546,-256.27362
6.548,-237.75035
6.55,-223.79297
6.552,-212.63527
6.554,-202.74103
6.556,-193.94406
6.558,-186.30505
6.56,-180.11458
6.562,-175.28143
6.564,-172.04645
6.566,-170.00427
6.568,-168.60725
6.57,-167.20047
6.572,-165.80148
6.574,-164.41516
6.576,-163.10376
6.578,-161.78139
6.58,-160.4194
6.582,-159.0132
6.584,-157.60027
6.586,-156.21167
6.588,-154.93681
6.59,-154.0074
6.592,-153.59772
6.594,-153.6255
6.596,-154.01245
6.598,-154.57484
6.6,-155.09866
6.602,-155.01833
6.604,-154.75917
6.606,-154.04086
6.608,-152.59708
6.61,-149.83191
6.612,-146.63313
6.614,-142.91292
6.616,-138.58817
6.618,-133.42938
6.62,-128.46297
6.622,-124.17605
6.624,-121.07703
6.626,-119.386765
6.628,-119.773865
6.63,-122.06172
6.632,-125.57989
6.634,-129.10588
6.636,-131.8383
6.638,-132.82768
6.64,-131.58371
6.642,-128.07182
6.644,-123.28097
6.646,-118.16889
6.648,-113.57225
6.65,-109.77467
6.652,-107.03106
6.654,-104.95891
6.656,-103.06557
6.658,-100.872986
6.66,-98.653275
6.662,-96.638855
6.664,-95.06047
6.666,-93.8004
6.668,-92.854965
6.67,-91.75821
6.672,-90.05729
6.674,-87.42916
6.676,-84.35993
6.678,-81.38124
6.68,-79.050285
6.682,-77.53103
6.684,-77.00939
6.686,-77.05014
6.688,-77.04902
6.69,-76.36179
6.692,-75.084526
6.694,-73.37564
6.696,-71.54552
6.698,-69.71584
6.7,-68.24314
6.702,-67.068726
6.704,-66.042015
6.706,-64.91368
6.708,-63.95746
6.71,-63.311005
6.712,-63.040104
6.714,-62.871403
6.716,-62.79388
6.718,-62.553024
6.72,-62.039467
6.722,-61.2147
6.724,-60.724003
6.726,-60.96789
6.728,-62.039467
6.73,-63.35531
6.732,-64.4287
6.734,-64.48153
6.736,-63.040104
6.738,-59.992283
6.74,-56.341293
6.742,-53.20502
6.744,-51.532784
6.746,-51.43303
6.748,-52.84537
6.75,-55.002033
6.752,-57.036285
6.754,-58.112347
6.756,-58.51945
6.758,-58.789455
6.76,-59.537876
6.762,-60.776085
6.764,-62.60659
6.766,-64.55109
6.768,-66.042015
6.77,-66.461945
6.772,-66.2445
6.774,-66.03072
6.776,-66.54233
6.778,-67.89741
6.78,-70.320404
6.782,-73.40611
6.784,-76.5487
6.786,-78.941826
6.788,-80.763374
6.79,-82.42601
6.792,-84.55379
6.794,-87.343315
6.796,-91.28835
6.798,-96.31959
6.8,-102.064926
6.802,-107.696625
6.804,-113.09932
6.806,-118.19142
6.808,-123.0783
6.81,-127.60245
6.812,-132.22731
6.814,-137.17744
6.816,-142.59071
6.818,-148.17511
6.82,-154.20268
6.822,-160.70436
6.824,-167.60663
6.826,-174.3576
6.828,-180.88565
6.83,-186.90004
6.832,-192.12222
6.834,-196.01144
6.836,-198.79836
6.838,-200.7184
6.84,-202.12859
6.842,-203.07487
6.844,-204.14503
6.846,-205.62679
6.848,-207.63208
6.85,-209.74565
6.852,-212.09038
6.854,-214.57811
6.856,-217.13814
6.858,-219.37325
6.86,-221.56084
6.862,-223.79945
6.864,-226.14386
6.866,-228.19914
6.868,-230.16899
6.87,-232.00818
6.872,-233.64864
6.874,-234.658
6.876,-235.35855
6.878,-235.94269
6.88,-236.65054
6.882,-237.30577
6.884,-238.33186
6.886,-239.70415
6.888,-241.15341
6.89,-241.84337
6.892,-241.73091
6.894,-240.73871
6.896,-239.15215
6.898,-237.17694
6.9,-235.95026
6.902,-236.08543
6.904,-237.65118
6.906,-239.63736
6.908,-241.45157
6.91,-242.13225
6.912,-241.15341
6.914,-238.29146
6.916,-234.96336
6.918,-232.54277
6.92,-232.14769
6.922,-233.71533
6.924,-237.196
6.926,-241.4542
6.928,-245.15596
6.93,-246.91403
6.932,-247.016
6.934,-246.09373
6.936,-245.15596
6.938,-244.68071
6.94,-245.55344
6.942,-247.60446
6.944,-250.15913
6.946,-251.98814
6.948,-253.00883
6.95,-253.13812
6.952,-252.66074
6.954,-251.6273
6.956,-250.97643
6.958,-250.99106
6.96,-251.6601
6.962,-252.32951
6.964,-253.24098
6.966,-254.22517
6.968,-255.16232
6.97,-255.54431
6.972,-255.91829
6.974,-256.4172
6.976,-257.1636
6.978,-257.79532
6.98,-258.882
6.982,-260.41016
6.984,-262.16678
6.986,-263.31522
6.988,-263.9847
6.99,-263.94937
6.992,-263.16742
6.994,-261.3523
6.996,-259.40887
6.998,-257.77444
7.0,-256.66327
7.002,-255.51999
7.004,-254.48978
7.006,-253.1541
7.008,-251.15977
7.01,-247.95125
7.012,-244.29199
7.014,-240.6956
7.016,-237.65118
7.018,-234.97404
7.02,-233.20758
7.022,-232.19014
7.024,-231.64737
7.026,-230.91843
7.028,-230.57666
7.03,-230.89586
7.032,-232.14769
7.034,-233.96663
7.036,-236.78777
7.038,-240.33011
7.04,-244.15532
7.042,-247.36697
7.044,-250.22104
7.046,-252.65161
7.048,-254.662
7.05,-255.8388
7.052,-256.7354
7.054,-257.4586
7.056,-258.16425
7.058,-258.77982
7.06,-260.01462
7.062,-262.01877
7.064,-264.66837
7.066,-267.37354
7.068,-269.7999
7.07,-271.12073
7.072,-270.67218
7.074,-268.1208
7.076,-264.20044
7.078,-259.71802
7.08,-255.66264
7.082,-252.5941
7.084,-251.55473
7.086,-252.59421
7.088,-255.16232
7.09,-257.49918
7.092,-259.5753
7.094,-261.10733
7.096,-262.16678
7.098,-262.09296
7.1,-262.10217
7.102,-262.71103
7.104,-264.16806
7.106,-265.67398
7.108,-267.49594
7.11,-269.18115
7.112,-270.17188
7.114,-269.42102
7.116,-267.2028
7.118,-263.6515
7.12,-259.16486
7.122,-253.68858
7.124,-247.84436
7.126,-241.0161
7.128,-231.64737
7.13,-217.12491
7.132,-196.0947
7.134,-167.96696
7.136,-134.0853
7.138,-97.27606
7.14,-62.444866
7.142,-33.61267
7.144,-13.008275
7.146,-0.12295588
7.148,6.0807405
7.15,6.9824514
7.152,2.0012732
7.154,-11.916975
7.156,-41.147194
7.158,-91.58647
7.16,-166.10567
7.162,-261.68903
7.164,-370.18735
7.166,-478.40826
7.168,-571.8638
7.17,-638.20404
7.172,-671.5651
7.174,-672.19885
7.176,-645.9109
7.178,-601.24567
7.18,-548.123
7.182,-494.28464
7.184,-444.78296
7.186,-401.70853
7.188,-366.32486
7.19,-338.40735
7.192,-317.20178
7.194,-301.22452
7.196,-289.75595
7.198,-281.48233
7.2,-275.17505
7.202,-269.54395
7.204,-264.71515
7.206,-260.71704
7.208,-257.6639
7.21,-255.13593
7.212,-253.35693
7.214,-251.97357
7.216,-250.65945
7.218,-248.98993
7.22,-247.51457
7.222,-246.64528
7.224,-246.6569
7.226,-247.22517
7.228,-248.1107
7.23,-248.76762
7.232,-248.65819
7.234,-247.20917
7.236,-244.58694
7.238,-241.20995
7.24,-237.65118
7.242,-234.08308
7.244,-231.14409
7.246,-228.88599
7.248,-227.1445
7.25,-225.13213
7.252,-223.53496
7.254,-222.21503
7.256,-221.14069
7.258,-219.86934
7.26,-219.58498
7.262,-220.28075
7.264,-221.641
7.266,-222.7035
7.268,-223.67776
7.27,-224.1015
7.272,-223.64227
7.274,-221.84906
7.276,-219.48917
7.278,-216.95734
7.28,-214.63654
7.282,-212.45847
7.284,-211.00499
7.286,-210.16568
7.288,-209.63336
7.29,-208.72272
7.292,-207.6275
7.294,-206.25023
7.296,-204.63017
7.298,-202.60439
7.3,-200.8043
7.302,-199.33705
7.304,-198.12604
7.306,-196.65228
7.308,-195.09584
7.31,-193.27225
7.312,-191.12158
7.314,-188.47078
7.316,-186.01717
7.318,-184.03009
7.32,-182.61618
7.322,-181.39163
7.324,-180.55286
7.326,-179.85043
7.328,-179.11395
7.33,-178.07718
7.332,-177.39023
7.334,-177.35843
7.336,-178.11331
7.338,-179.18173
7.34,-180.48895
7.342,-181.36143
7.344,-181.11522
7.346,-179.01665
7.348,-175.48465
7.35,-170.95872
7.352,-166.10567
7.354,-161.28813
7.356,-157.43306
7.358,-154.74922
7.36,-153.0974
7.362,-151.79486
7.364,-150.86769
7.366,-150.02864
7.368,-149.09485
7.37,-147.65193
7.372,-146.14381
7.374,-144.62949
7.376,-143.09103
7.378,-141.07721
7.38,-138.95547
7.382,-136.7594
7.384,-134.58562
7.386,-132.22838
7.388,-130.36636
7.39,-129.27298
7.392,-129.08212
7.394,-129.34282
7.396,-130.32085
7.398,-131.81487
7.4,-133.58498
7.402,-135.00893
7.404,-136.44232
7.406,-137.95001
7.408,-139.5888
7.41,-140.92065
7.412,-142.31953
7.414,-143.73685
7.416,-145.0923
7.418,-145.89021
7.42,-146.65831
7.422,-147.64532
7.424,-149.09485
7.426,-150.6875
7.428,-152.88864
7.43,-155.60866
7.432,-158.60089
7.434,-161.11517
7.436,-163.42575
7.438,-165.65437
7.44,-168.10695
7.442,-170.72491
7.444,-174.31854
7.446,-179.14948
7.448,-185.11777
7.45,-191.28546
7.452,-197.38165
7.454,-202.79666
7.456,-207.13177
7.458,-209.90927
7.46,-211.96446
7.462,-214.10289
7.464,-217.13814
7.466,-221.14468
7.468,-226.6079
7.47,-233.19225
7.472,-240.15277
7.474,-246.12642
7.476,-250.7831
7.478,-253.88641
7.48,-255.66264
7.482,-256.2538
7.484,-256.87192
7.486,-258.3446
7.488,-261.16614
7.49,-264.90732
7.492,-269.57278
7.494,-274.5607
7.496,-279.1776
7.498,-282.40134
7.5,-284.3971
7.502,-285.34903
7.504,-285.68173
7.506,-285.43884
7.508,-285.4981
7.51,-286.21606
7.512,-287.683
7.514,-289.27435
7.516,-291.13885
7.518,-293.02612
7.52,-294.68747
7.522,-295.44998
7.524,-295.69067
7.526,-295.53748
7.528,-295.18777
7.53,-294.38095
7.532,-293.81686
7.534,-293.72763
7.536,-294.18716
7.538,-294.6011
7.54,-295.30618
7.542,-296.19592
7.544,-297.18906
7.546,-297.75797
7.548,-298.4805
7.55,-299.46985
7.552,-300.69128
7.554,-301.41187
7.556,-301.83392
7.558,-301.66275
7.56,-300.69128
7.562,-298.4119
7.564,-295.6935
7.566,-293.09976
7.568,-291.18524
7.57,-289.819
7.572,-289.67285
7.574,-290.60037
7.576,-292.18588
7.578,-293.4241
7.58,-294.48914
7.582,-295.2318
7.584,-295.6881
7.586,-295.54266
7.588,-295.62958
7.59,-296.17166
7.592,-297.18906
7.594,-297.99744
7.596,-298.92255
7.598,-299.7231
7.6,-300.19098
7.602,-299.72452
7.604,-299.07907
7.606,-298.6104
7.608,-298.69
7.61,-299.04895
7.612,-300.40228
7.614,-302.61005
7.616,-305.19415
7.618,-306.92444
7.62,-307.76898
7.622,-307.36502
7.624,-305.69446
7.626,-302.59097
7.628,-299.38593
7.63,-296.9014
7.632,-295.6881
7.634,-295.2908
7.636,-295.96832
7.638,-297.04617
7.64,-297.6894
7.642,-296.65076
7.644,-294.24246
7.646,-290.61316
7.648,-286.18207
7.65,-280.94418
7.652,-276.07
7.654,-272.0492
7.656,-269.17123
7.658,-267.01453
7.66,-266.24228
7.662,-266.8514
7.664,-268.67093
7.666,-270.8356
7.668,-273.58685
7.67,-276.6138
7.672,-279.67792
7.674,-282.16147
7.676,-284.78952
7.678,-287.77466
7.68,-291.18524
7.682,-294.3391
7.684,-297.49023
7.686,-300.23062
7.688,-302.19223
7.69,-302.80243
7.692,-302.7583
7.694,-302.42847
7.696,-302.19223
7.698,-302.04227
7.7,-302.4415
7.702,-303.12314
7.704,-303.6932
7.706,-303.6682
7.708,-303.4163
7.71,-303.03543
7.712,-302.69257
7.714,-302.25464
7.716,-302.31003
7.718,-302.83826
7.72,-303.6932
7.722,-303.95453
7.724,-304.4747
7.726,-305.53207
7.728,-307.19543
7.73,-308.14374
7.732,-308.73163
7.734,-308.615
7.736,-307.69574
7.738,-305.4657
7.74,-303.30273
7.742,-301.95612
7.744,-301.69193
7.746,-301.47086
7.748,-301.0131
7.75,-299.5137
7.752,-296.68875
7.754,-292.4288
7.756,-288.13486
7.758,-284.19122
7.76,-279.67792
7.762,-271.69092
7.764,-257.73032
7.766,-235.45045
7.768,-204.63017
7.77,-167.36208
7.772,-129.08514
7.774,-95.11112
7.776,-69.04392
7.778,-50.999607
7.78,-39.490192
7.782,-31.59308
7.784,-26.01655
7.786,-24.558586
7.788,-33.865494
7.79,-61.795273
7.792,-114.57288
7.794,-193.03407
7.796,-292.4933
7.798,-401.72983
7.8,-506.3221
7.802,-592.06354
7.804,-649.99414
7.806,-676.5572
7.808,-673.9287
7.81,-647.8359
7.812,-606.79376
7.814,-558.4297
7.816,-508.8237
7.818,-461.75143
7.82,-420.46774
7.822,-386.37015
7.824,-359.72885
7.826,-339.38852
7.828,-324.54767
7.83,-313.51215
7.832,-304.69385
7.834,-296.5909
7.836,-289.46976
7.838,-283.567
7.84,-279.1776
7.842,-275.85706
7.844,-273.71814
7.846,-272.05927
7.848,-270.17188
7.85,-267.30212
7.852,-264.05157
7.854,-260.9834
7.856,-258.66455
7.858,-257.05792
7.86,-256.33054
7.862,-256.1671
7.864,-256.16296
7.866,-255.75171
7.868,-255.11421
7.87,-254.5038
7.872,-254.16168
7.874,-253.78459
7.876,-253.44731
7.878,-252.8286
7.88,-251.6601
7.882,-249.37358
7.884,-247.03531
7.886,-245.0269
7.888,-243.655
7.89,-242.4315
7.892,-242.25716
7.894,-242.68756
7.896,-243.15468
7.898,-242.79417
7.9,-242.41151
7.902,-242.17203
7.904,-242.15405
7.906,-241.80814
7.908,-241.4079
7.91,-240.48938
7.912,-238.65182
7.914,-235.43916
7.916,-231.7609
7.918,-228.28346
7.92,-225.64354
7.922,-223.82193
7.924,-223.28438
7.926,-223.60974
7.928,-224.1426
7.93,-223.92564
7.932,-223.13809
7.934,-221.80435
7.936,-220.14005
7.938,-218.06073
7.94,-216.22139
7.942,-214.63776
7.944,-213.13559
7.946,-211.14632
7.948,-209.01091
7.95,-206.78094
7.952,-204.63017
7.954,-202.45737
7.956,-200.9243
7.958,-200.0616
7.96,-199.627
7.962,-198.84601
7.964,-197.72903
7.966,-195.9949
7.968,-193.62317
7.97,-190.56163
7.972,-187.77095
7.974,-185.73419
7.976,-184.61745
7.978,-183.83954
7.98,-183.3265
7.982,-182.52531
7.984,-181.11522
7.986,-178.87726
7.988,-176.85098
7.99,-175.77998
7.992,-176.11203
7.994,-177.34753
7.996,-179.24863
7.998,-180.8114
8.0,-181.11522
8.002,-179.38516
8.004,-176.3821
8.006,-172.97476
8.008,-170.10822
8.01,-167.98277
8.012,-167.10872
8.014,-167.04906
8.016,-167.10631
8.018,-166.29422
8.02,-164.94633
8.022,-163.38663
8.024,-162.10312
8.026,-161.0255
8.028,-160.7246
8.03,-161.03578
8.032,-161.6028
8.034,-161.66953
8.036,-161.6666
8.038,-161.86557
8.04,-162.60344
8.042,-163.60797
8.044,-165.27652
8.046,-167.28772
8.048,-169.10757
8.05,-169.75537
8.052,-169.52895
8.054,-168.75444
8.056,-168.10695
8.058,-167.911
8.06,-169.31871
8.062,-172.65274
8.064,-177.61299
8.066,-182.85368
8.068,-187.75768
8.07,-191.47176
8.072,-193.62317
8.074,-193.99884
8.076,-193.94687
8.078,-194.67084
8.08,-197.1254
8.082,-201.14877
8.084,-206.87167
8.086,-213.51596
8.088,-220.14005
8.09,-225.54561
8.092,-230.03732
8.094,-234.03503
8.096,-238.1515
8.098,-242.33804
8.1,-247.12666
8.102,-252.25035
8.104,-257.1636
8.106,-260.8394
8.108,-263.51294
8.11,-265.4485
8.112,-267.16995
8.114,-268.74
8.116,-271.01428
8.118,-274.19656
8.12,-278.17697
8.122,-282.13516
8.124,-286.1756
8.126,-290.0837
8.128,-293.68683
8.13,-296.32684
8.132,-298.39197
8.134,-299.9638
8.136,-301.19162
8.138,-301.78122
8.14,-302.47296
8.142,-303.57394
8.144,-305.19415
8.146,-306.67587
8.148,-308.2161
8.15,-309.59656
8.152,-310.69766
8.154,-311.06003
8.156,-311.44843
8.158,-312.25558
8.16,-313.69955
8.162,-315.16235
8.164,-316.82047
8.166,-318.28787
8.168,-319.20306
8.17,-318.85208
8.172,-317.92905
8.174,-316.89078
8.176,-316.20114
8.178,-315.58234
8.18,-315.6137
8.182,-316.11102
8.184,-316.70148
8.186,-316.46127
8.188,-315.8572
8.19,-315.12872
8.192,-314.7002
8.194,-314.46167
8.196,-315.3252
8.198,-317.35406
8.2,-320.2037
8.202,-322.67773
8.204,-324.72037
8.206,-325.9251
8.208,-326.20752
8.21,-325.28717
8.212,-324.35608
8.214,-324.04944
8.216,-324.70657
8.218,-325.6586
8.22,-327.10333
8.222,-328.46606
8.224,-329.20944
8.226,-328.5143
8.228,-327.2616
8.23,-326.0932
8.232,-325.7072
8.234,-325.98505
8.236,-327.68692
8.238,-330.50034
8.24,-333.71228
8.242,-335.8749
8.244,-337.04886
8.246,-337.08298
8.248,-336.2139
8.25,-334.33893
8.252,-332.77124
8.254,-332.02594
8.256,-332.21133
8.258,-332.40714
8.26,-332.76697
8.262,-332.8104
8.264,-332.21133
8.266,-330.32953
8.268,-328.14673
8.27,-326.15842
8.272,-324.70657
8.274,-323.2197
8.276,-322.16107
8.278,-321.2413
8.28,-320.2037
8.282,-318.4144
8.284,-316.88245
8.286,-316.16977
8.288,-316.70148
8.29,-317.9305
8.292,-320.23083
8.294,-323.04272
8.296,-325.7072
8.298,-327.1528
8.3,-328.03226
8.302,-328.7262
8.304,-329.70975
8.306,-330.7114
8.308,-332.5046
8.31,-334.9502
8.312,-337.71484
8.314,-339.9165
8.316,-342.09482
8.318,-344.33646
8.32,-346.72058
8.322,-348.7624
8.324,-350.7937
8.326,-352.41473
8.328,-353.2247
8.33,-352.8074
8.332,-351.78604
8.334,-350.47653
8.336,-349.22217
8.338,-348.0809
8.34,-347.58572
8.342,-347.56357
8.344,-347.7212
8.346,-347.30508
8.348,-347.0877
8.35,-347.35254
8.352,-348.22153
8.354,-348.4784
8.356,-348.739
8.358,-348.8418
8.36,-348.72183
8.362,-347.48917
8.364,-346.38043
8.366,-345.8912
8.368,-346.22025
8.37,-346.3578
8.372,-346.52502
8.374,-346.2343
8.376,-345.2196
8.378,-342.95953
8.38,-340.63583
8.382,-338.74042
8.384,-337.2145
8.386,-334.57047
8.388,-329.9
8.39,-321.32697
8.392,-307.19543
8.394,-286.05576
8.396,-258.84082
8.398,-226.79324
8.4,-191.6219
8.402,-154.46788
8.404,-117.52041
8.406,-82.16887
8.408,-50.03183
8.41,-22.986116
8.412,-5.4331384
8.414,-2.2289615
8.416,-18.511776
8.418,-57.841038
8.42,-122.53496
8.422,-210.47377
8.424,-315.20053
8.426,-425.9845
8.428,-531.3494
8.43,-619.52
8.432,-681.4335
8.434,-712.001
8.436,-712.57574
8.438,-688.38214
8.44,-647.41187
8.442,-597.7742
8.444,-547.63763
8.446,-502.15546
8.448,-463.79504
8.45,-432.3202
8.452,-407.4916
8.454,-388.02798
8.456,-372.73712
8.458,-360.19254
8.46,-350.44046
8.462,-342.97467
8.464,-337.2145
8.466,-332.02487
8.468,-327.55597
8.47,-323.504
8.472,-319.70337
8.474,-315.62048
8.476,-311.9367
8.478,-308.77768
8.48,-306.1948
8.482,-303.75937
8.484,-301.92822
8.486,-300.74927
8.488,-300.19098
8.49,-299.77652
8.492,-299.62
8.494,-299.63388
8.496,-299.69064
8.498,-299.27634
8.5,-298.4568
8.502,-297.2335
8.504,-295.6881
8.506,-293.47052
8.508,-291.39655
8.51,-289.7327
8.512,-288.68365
8.514,-287.6686
8.516,-287.68472
8.518,-288.37732
8.52,-289.18396
8.522,-288.9399
8.524,-288.36575
8.526,-287.30145
8.528,-285.68173
8.53,-283.05182
8.532,-280.43372
8.534,-278.08905
8.536,-276.1757
8.538,-274.267
8.54,-273.00763
8.542,-272.25104
8.544,-271.67282
8.546,-270.41122
8.548,-268.77835
8.55,-266.6646
8.552,-264.16806
8.554,-261.17633
8.556,-258.76425
8.558,-257.37628
8.56,-257.1636
8.562,-257.4963
8.564,-258.47446
8.566,-259.53326
8.568,-260.1655
8.57,-259.70114
8.572,-258.776
8.574,-257.68256
8.576,-256.66327
8.578,-255.35371
8.58,-254.13026
8.582,-252.67633
8.584,-250.65945
8.586,-247.54965
8.588,-244.10373
8.59,-240.80415
8.592,-238.1515
8.594,-236.0625
8.596,-235.10213
8.598,-234.9799
8.6,-235.1496
8.602,-234.64095
8.604,-233.66887
8.606,-232.24901
8.608,-230.64673
8.61,-228.84032
8.612,-227.75465
8.614,-227.57742
8.616,-228.14514
8.618,-228.58093
8.62,-228.85147
8.622,-228.47333
8.624,-227.1445
8.626,-224.42818
8.628,-221.17947
8.63,-217.92499
8.632,-215.13686
8.634,-212.63445
8.636,-211.00615
8.638,-210.11084
8.64,-209.63336
8.642,-208.75793
8.644,-207.81464
8.646,-206.7688
8.648,-205.63081
8.65,-203.91246
8.652,-202.19849
8.654,-200.57458
8.656,-199.12668
8.658,-197.47008
8.66,-196.37401
8.662,-196.0741
8.664,-196.62509
8.666,-197.3141
8.668,-198.39503
8.67,-199.57494
8.672,-200.62762
8.674,-200.98128
8.676,-201.41821
8.678,-202.36186
8.68,-204.12985
8.682,-206.22702
8.684,-208.96768
8.686,-211.94301
8.688,-214.63654
8.69,-216.09514
8.692,-216.80563
8.694,-217.12936
8.696,-217.63846
8.698,-218.36885
8.7,-220.34554
8.702,-223.81706
8.704,-228.64546
8.706,-233.8285
8.708,-239.3785
8.71,-244.90108
8.712,-250.15913
8.714,-254.56601
8.716,-258.8058
8.718,-263.1376
8.72,-267.6703
8.722,-271.74863
8.724,-275.68222
8.726,-279.33374
8.728,-282.67984
8.73,-285.35486
8.732,-288.27777
8.734,-291.96072
8.736,-296.68875
8.738,-301.80484
8.74,-307.3535
8.742,-312.70566
8.744,-317.20178
8.746,-319.8522
8.748,-321.15765
8.75,-321.5688
8.752,-321.70465
8.754,-321.5694
8.756,-322.03986
8.758,-323.28177
8.76,-325.20688
8.762,-327.04343
8.764,-329.15976
8.766,-331.55423
8.768,-334.21262
8.77,-336.4612
8.772,-338.62457
8.774,-340.46924
8.776,-341.71738
8.778,-341.61432
8.78,-340.74802
8.782,-339.46704
8.784,-338.21515
8.786,-336.82846
8.788,-336.1444
8.79,-336.30872
8.792,-337.2145
8.794,-337.98294
8.796,-338.88257
8.798,-339.69012
8.8,-340.21643
8.802,-339.7514
8.804,-338.9715
8.806,-338.1677
8.808,-337.71484
8.81,-337.38736
8.812,-338.11703
8.814,-340.00018
8.816,-342.71802
8.818,-344.98123
8.82,-346.6782
8.822,-347.29514
8.824,-346.72058
8.826,-344.7351
8.828,-342.8489
8.83,-342.0003
8.832,-342.71802
8.834,-344.2762
8.836,-346.6541
8.838,-348.9152
8.84,-350.2228
8.842,-349.6361
8.844,-348.16022
8.846,-346.60196
8.848,-345.71994
8.85,-345.23724
8.852,-345.6403
8.854,-346.3576
8.856,-346.72058
8.858,-345.76602
8.86,-344.44794
8.862,-343.51047
8.864,-343.71866
8.866,-344.83163
8.868,-347.4149
8.87,-350.84952
8.872,-354.22534
8.874,-356.112
8.876,-356.89456
8.878,-356.783
8.88,-356.22662
8.882,-355.025
8.884,-354.17047
8.886,-353.7657
8.888,-353.72504
8.89,-353.31274
8.892,-353.27545
8.894,-353.754
8.896,-354.72568
8.898,-355.2466
8.9,-355.52023
8.902,-354.99484
8.904,-353.2247
8.906,-349.48386
8.908,-344.92258
8.91,-340.38077
8.912,-336.7142
8.914,-333.87338
8.916,-332.73523
8.918,-333.05112
8.92,-334.21262
8.922,-334.91217
8.924,-335.44632
8.926,-335.7961
8.928,-336.2139
8.93,-336.4781
8.932,-337.70383
8.934,-340.1474
8.936,-343.71866
8.938,-347.42484
8.94,-351.42285
8.942,-355.1836
8.944,-358.2279
8.946,-359.7529
8.948,-360.3162
8.95,-360.05814
8.952,-359.22852
8.954,-357.8543
8.956,-356.74762
8.958,-356.04242
8.96,-355.7263
8.962,-355.52338
8.964,-355.87503
8.966,-356.6663
8.968,-357.72757
8.97,-358.54492
8.972,-359.53665
8.974,-360.51553
8.976,-361.2298
8.978,-360.58636
8.98,-359.56174
8.982,-358.52454
8.984,-357.72757
8.986,-355.9803
8.988,-354.17316
8.99,-352.3604
8.992,-350.7231
8.994,-348.67877
8.996,-347.55005
8.998,-347.66144
9.0,-348.72183
9.002,-349.06982
9.004,-348.27933
9.006,-345.6215
9.008,-341.21707
9.01,-335.4546
9.012,-330.36926
9.014,-326.53436
9.016,-322.7053
9.018,-315.10773
9.02,-300.32703
9.022,-275.1824
9.024,-239.15215
9.026,-194.68207
9.028,-148.34464
9.03,-106.74112
9.032,-74.547424
9.034,-52.313625
9.036,-38.52265
9.038,-29.704586
9.04,-24.015278
9.042,-23.046421
9.044,-33.98663
9.046,-65.60445
9.048,-125.07957
9.05,-213.6956
9.052,-326.54776
9.054,-451.20197
9.056,-571.36346
9.058,-670.7212
9.06,-738.7349
9.062,-770.9353
9.064,-769.4895
9.066,-740.8355
9.068,-694.8386
9.07,-640.4654
9.072,-584.8721
9.074,-532.40796
9.076,-486.59613
9.078,-448.71024
9.08,-418.7664
9.082,-395.33868
9.084,-377.5855
9.086,-363.76398
9.088,-352.22406
9.09,-341.30002
9.092,-331.17685
9.094,-322.00818
9.096,-314.1999
9.098,-307.62418
9.1,-303.02295
9.102,-300.21167
9.104,-298.69
9.106,-297.39566
9.108,-296.2657
9.11,-294.93265
9.112,-293.18652
9.114,-290.66092
9.116,-287.8205
9.118,-285.04388
9.12,-282.67984
9.122,-280.60934
9.124,-279.04794
9.126,-277.9422
9.128,-277.17633
9.13,-276.29697
9.132,-275.65558
9.134,-275.4083
9.136,-275.67538
9.138,-275.81946
9.14,-276.51028
9.142,-277.29636
9.144,-277.67664
9.146,-276.65292
9.148,-275.37994
9.15,-273.89694
9.152,-272.17316
9.154,-269.57794
9.156,-266.9988
9.158,-264.37308
9.16,-261.66647
9.162,-258.53363
9.164,-256.00867
9.166,-254.38438
9.168,-253.66136
9.17,-253.03433
9.172,-252.5343
9.174,-251.54253
9.176,-249.65883
9.178,-246.51965
9.18,-243.25233
9.182,-240.6209
9.184,-239.15215
9.186,-238.46683
9.188,-238.59978
9.19,-238.7455
9.192,-238.1515
9.194,-236.125
9.196,-233.49475
9.198,-230.95512
9.2,-229.14577
9.202,-227.93602
9.204,-227.59042
9.206,-227.52626
9.208,-227.1445
9.21,-225.83502
9.212,-224.37901
9.214,-223.34642
9.216,-223.14195
9.218,-223.30048
9.22,-223.69426
9.222,-223.40207
9.224,-221.641
9.226,-217.85797
9.228,-213.17258
9.23,-208.72878
9.232,-205.63081
9.234,-204.07594
9.236,-204.4228
9.238,-205.93036
9.24,-207.63208
9.242,-208.44661
9.244,-208.73643
9.246,-208.83658
9.248,-209.13304
9.25,-209.30484
9.252,-209.47653
9.254,-208.9753
9.256,-207.13177
9.258,-203.29758
9.26,-198.37636
9.262,-193.31229
9.264,-189.12032
9.266,-186.03603
9.268,-184.63065
9.27,-184.43105
9.272,-184.61745
9.274,-183.98805
9.276,-182.73622
9.278,-181.09813
9.28,-179.61426
9.282,-178.37056
9.284,-178.20421
9.286,-179.09499
9.288,-180.6149
9.29,-181.65024
9.292,-182.20627
9.294,-182.13449
9.296,-181.61554
9.298,-180.58737
9.3,-180.0938
9.302,-180.57555
9.304,-182.11586
9.306,-183.91296
9.308,-186.00449
9.31,-187.98207
9.312,-189.62064
9.314,-190.48268
9.316,-191.4523
9.318,-193.06157
9.32,-195.62445
9.322,-198.53543
9.324,-201.86632
9.326,-205.06203
9.328,-207.63208
9.33,-208.89793
9.332,-209.71254
9.334,-210.85355
9.336,-213.13559
9.338,-216.55974
9.34,-221.68872
9.342,-228.13663
9.344,-235.1496
9.346,-241.40082
9.348,-246.85713
9.35,-251.50085
9.352,-255.66264
9.354,-259.3079
9.356,-263.35074
9.358,-268.02512
9.36,-273.17377
9.362,-277.81125
9.364,-281.86713
9.366,-285.01144
9.368,-287.1827
9.37,-288.12247
9.372,-288.84235
9.374,-290.02975
9.376,-292.18588
9.378,-294.93967
9.38,-298.56705
9.382,-302.66458
9.384,-306.6951
9.386,-309.66898
9.388,-311.86594
9.39,-313.4409
9.392,-314.7002
9.394,-315.42075
9.396,-316.2991
9.398,-317.43036
9.4,-318.70276
9.402,-319.3577
9.404,-319.7197
9.406,-319.80115
9.408,-319.70337
9.41,-319.03632
9.412,-318.51175
9.414,-318.36075
9.416,-318.70276
9.418,-319.00098
9.42,-319.72644
9.422,-320.83795
9.424,-322.205
9.426,-323.0762
9.428,-323.82837
9.43,-324.38803
9.432,-324.70657
9.434,-324.22128
9.436,-323.60327
9.438,-323.04773
9.44,-322.7053
9.442,-322.0886
9.444,-321.85812
9.446,-322.0751
9.448,-322.7053
9.45,-323.08276
9.452,-323.7344
9.454,-324.6299
9.456,-325.7072
9.458,-326.3407
9.46,-327.0869
9.462,-327.91415
9.464,-328.7091
9.466,-328.75894
9.468,-328.62418
9.47,-328.38562
9.472,-328.2088
9.474,-327.7602
9.476,-327.9568
9.478,-328.9787
9.48,-330.7104
9.482,-332.16165
9.484,-333.48004
9.486,-334.2437
9.488,-334.21262
9.49,-332.85907
9.492,-331.2733
9.494,-330.07016
9.496,-329.70975
9.498,-329.70917
9.5,-330.52493
9.502,-331.71457
9.504,-332.71167
9.506,-332.48508
9.508,-331.65063
9.51,-330.55713
9.512,-329.70975
9.514,-328.94107
9.516,-329.1255
9.518,-330.0908
9.52,-331.2107
9.522,-331.01398
9.524,-329.4537
9.526,-326.26486
9.528,-321.70465
9.53,-315.92398
9.532,-310.69876
9.534,-307.09863
9.536,-305.69446
9.538,-305.77664
9.54,-307.37808
9.542,-309.62292
9.544,-311.6983
9.546,-312.5951
9.548,-313.1644
9.55,-314.00473
9.552,-315.70084
9.554,-317.91696
9.556,-321.16885
9.558,-324.97687
9.56,-328.7091
9.562,-331.33566
9.564,-333.44455
9.566,-335.30533
9.568,-337.2145
9.57,-338.81046
9.572,-340.47583
9.574,-341.76468
9.576,-342.2177
9.578,-341.41037
9.58,-340.0693
9.582,-338.67697
9.584,-337.71484
9.586,-337.23572
9.588,-337.6781
9.59,-338.6697
9.592,-339.71613
9.594,-340.08417
9.596,-340.42075
9.598,-341.04398
9.6,-342.2177
9.602,-342.99222
9.604,-344.1508
9.606,-345.52078
9.608,-346.72058
9.61,-346.13922
9.612,-344.52548
9.614,-342.1836
9.616,-339.71613
9.618,-336.9745
9.62,-335.38623
9.622,-335.25757
9.624,-336.2139
9.626,-336.59906
9.628,-335.99142
9.63,-333.69482
9.632,-329.70975
9.634,-324.1056
9.636,-318.37357
9.638,-312.66736
9.64,-305.69446
9.642,-294.18896
9.644,-275.66132
9.646,-248.03656
9.648,-211.63463
9.65,-169.1701
9.652,-126.77884
9.654,-90.26008
9.656,-63.54042
9.658,-46.921715
9.66,-39.24292
9.662,-37.91799
9.664,-42.026737
9.666,-53.583958
9.668,-79.208984
9.67,-126.10156
9.672,-199.12668
9.674,-297.0831
9.676,-412.97824
9.678,-533.2963
9.68,-641.9084
9.682,-723.9085
9.684,-771.0301
9.686,-781.585
9.688,-760.48376
9.69,-716.4121
9.692,-660.53394
9.694,-602.05914
9.696,-547.3482
9.698,-499.20633
9.7,-459.19543
9.702,-426.78748
9.704,-400.75494
9.706,-379.2417
9.708,-361.70334
9.71,-347.2452
9.712,-335.21326
9.714,-324.7273
9.716,-316.23022
9.718,-309.627
9.72,-304.69385
9.722,-300.5799
9.724,-297.4012
9.726,-294.72177
9.728,-292.18588
9.73,-289.20505
9.732,-286.26944
9.734,-283.55234
9.736,-281.17886
9.738,-278.85895
9.74,-276.82825
9.742,-275.10632
9.744,-273.6741
9.746,-272.1587
9.748,-270.71555
9.75,-269.36957
9.752,-268.1706
9.754,-266.7967
9.756,-265.73685
9.758,-265.0488
9.76,-264.66837
9.762,-263.7786
9.764,-263.06683
9.766,-262.13672
9.768,-260.66583
9.77,-257.9698
9.772,-255.47704
9.774,-253.49213
9.776,-252.16042
9.778,-250.93019
9.78,-250.48625
9.782,-250.41812
9.784,-250.15913
9.786,-248.78085
9.788,-246.7751
9.79,-244.27888
9.792,-241.65373
9.794,-238.97359
9.796,-237.27449
9.798,-236.74411
9.8,-237.15086
9.802,-237.53574
9.804,-237.74933
9.806,-237.21638
9.808,-235.64992
9.81,-232.80232
9.812,-229.71013
9.814,-227.01357
9.816,-225.14323
9.818,-223.77603
9.82,-223.09923
9.822,-222.57019
9.824,-221.641
9.826,-219.67036
9.828,-217.25955
9.83,-214.7911
9.832,-212.63527
9.834,-210.58562
9.836,-208.99033
9.838,-207.48299
9.84,-205.63081
9.842,-202.84546
9.844,-199.72075
9.846,-196.66254
9.848,-194.12349
9.85,-192.04816
9.852,-190.95255
9.854,-190.61119
9.856,-190.62126
9.858,-190.26192
9.86,-189.84589
9.862,-189.42908
9.864,-189.12032
9.866,-188.60019
9.868,-188.25035
9.87,-187.85506
9.872,-187.11903
9.874,-185.47713
9.876,-183.44637
9.878,-181.3489
9.88,-179.61426
9.882,-178.24689
9.884,-177.91113
9.886,-178.51471
9.888,-179.61426
9.89,-180.16841
9.892,-180.07216
9.894,-179.03447
9.896,-177.11267
9.898,-174.30101
9.9,-171.73009
9.902,-170.05809
9.904,-169.6079
9.906,-169.79607
9.908,-170.60252
9.91,-171.39381
9.912,-171.60918
9.914,-170.56076
9.916,-168.95836
9.918,-167.42043
9.92,-166.60599
9.922,-166.46996
9.924,-167.56433
9.926,-169.62625
9.928,-172.10948
9.93,-173.95721
9.932,-175.2735
9.934,-176.07251
9.936,-176.61235
9.938,-176.78079
9.94,-177.3917
9.942,-178.6796
9.944,-180.6149
9.946,-182.4774
9.948,-184.47427
9.95,-186.50655
9.952,-188.62
9.954,-190.50993
9.956,-192.9219
9.958,-196.12082
9.96,-200.12732
9.962,-204.2049
9.964,-208.44516
9.966,-212.6044
9.968,-216.63782
9.97,-220.28072
9.972,-224.4247
9.974,-229.51834
9.976,-235.64992
9.978,-241.92307
9.98,-248.03986
9.982,-253.26537
9.984,-257.1636
9.986,-259.376
9.988,-261.05472
9.99,-263.22906
9.992,-266.66965
9.994,-271.00858
9.996,-276.11395
9.998,-281.00558
10.0,-284.6811
10.002,-286.1106
10.004,-285.9488
10.006,-285.1057
10.008,-284.6811
10.01,-284.99207
10.012,-286.71393
10.014,-289.5208
10.016,-292.6862
10.018,-294.98654
10.02,-296.5125
10.022,-297.42908
10.024,-298.1897
10.026,-298.76178
10.028,-299.8601
10.03,-301.45523
10.032,-303.19287
10.034,-304.09784
10.036,-304.32745
10.038,-303.9249
10.04,-303.19287
10.042,-302.0575
10.044,-301.4482
10.046,-301.66946
10.048,-302.69257
10.05,-303.65512
10.052,-304.61105
10.054,-305.194
10.056,-305.19415
10.058,-304.11526
10.06,-302.83224
10.062,-301.8768
10.064,-301.69193
10.066,-301.92303
10.068,-303.05948
10.07,-304.80774
10.072,-306.6951
10.074,-307.71494
10.076,-308.1841
10.078,-308.1236
10.08,-307.69574
10.082,-306.58142
10.084,-305.60165
10.086,-304.95038
10.088,-304.69385
10.09,-304.29367
10.092,-304.3344
10.094,-304.82922
10.096,-305.69446
10.098,-306.21515
10.1,-306.80508
10.102,-307.33032
10.104,-307.69574
10.106,-307.3726
10.108,-307.1632
10.11,-307.36786
10.112,-308.19608
10.114,-309.1237
10.116,-310.67676
10.118,-312.64505
10.12,-314.7002
10.122,-315.9522
10.124,-316.8902
10.126,-317.5875
10.128,-318.20242
10.13,-318.3433
10.132,-318.79892
10.134,-319.63663
10.136,-320.704
10.138,-321.11115
10.14,-321.18427
10.142,-320.7397
10.144,-319.70337
10.146,-317.56918
10.148,-315.19568
10.15,-312.8631
10.152,-310.69766
10.154,-308.0633
10.156,-305.46997
10.158,-302.8428
10.16,-300.19098
10.162,-297.12076
10.164,-294.6586
10.166,-293.26422
10.168,-293.18652
10.17,-293.77625
10.172,-295.31
10.174,-297.28912
10.176,-299.19034
10.178,-300.1311
10.18,-300.81558
10.182,-301.6693
10.184,-303.19287
10.186,-305.18356
10.188,-308.34027
10.19,-312.38852
10.192,-316.70148
10.194,-320.028
10.196,-322.34845
10.198,-323.3843
10.2,-323.2056
10.202,-321.89932
10.204,-320.50565
10.206,-319.51022
10.208,-319.20306
10.21,-319.51013
10.212,-320.7177
10.214,-322.4484
10.216,-324.20624
10.218,-325.39883
10.22,-326.18356
10.222,-326.43732
10.224,-326.20752
10.226,-325.09653
10.228,-324.30063
10.23,-324.31247
10.232,-325.20688
10.234,-325.53073
10.236,-325.50467
10.238,-324.72684
10.24,-323.2056
10.242,-320.6219
10.244,-318.65634
10.246,-318.15033
10.248,-319.20306
10.25,-320.3293
10.252,-320.8517
10.254,-319.69974
10.256,-316.70148
10.258,-312.24487
10.26,-308.597
10.262,-306.9273
10.264,-306.6951
10.266,-304.6785
10.268,-297.47394
10.27,-281.35742
10.272,-254.662
10.274,-218.30734
10.276,-177.19467
10.278,-136.62729
10.28,-100.56397
10.282,-69.50431
10.284,-42.31032
10.286,-16.191837
10.288,10.006366
10.29,34.060417
10.292,48.13847
10.294,42.408497
10.296,8.005093
10.298,-58.680634
10.3,-155.30202
10.302,-271.68658
10.304,-392.74985
10.306,-501.86435
10.308,-586.5586
10.31,-639.41675
10.312,-659.4195
10.314,-650.4237
10.316,-620.78015
10.318,-579.1799
10.32,-533.3393
10.322,-488.4632
10.324,-448.69052
10.326,-415.59296
10.328,-389.24762
10.33,-368.33347
10.332,-352.32208
10.334,-340.09894
10.336,-330.7104
10.338,-322.93976
10.34,-316.92456
10.342,-312.30856
10.344,-308.69638
10.346,-305.18347
10.348,-302.06918
10.35,-299.23605
10.352,-296.68875
10.354,-294.06674
10.356,-292.01596
10.358,-290.5962
10.36,-289.6843
10.362,-288.67493
10.364,-287.68597
10.366,-286.67862
10.368,-285.68173
10.37,-284.43527
10.372,-283.17212
10.374,-282.04242
10.376,-281.17886
10.378,-280.37134
10.38,-279.87268
10.382,-279.80792
10.384,-280.17825
10.386,-280.26486
10.388,-280.3876
10.39,-280.13126
10.392,-279.1776
10.394,-276.83298
10.396,-274.37167
10.398,-272.09012
10.4,-270.17188
10.402,-268.1203
10.404,-266.79297
10.406,-266.0517
10.408,-265.669
10.41,-264.9992
10.412,-264.70264
10.414,-264.79785
10.416,-265.1687
10.418,-265.09195
10.42,-264.79037
10.422,-263.89825
10.424,-262.16678
10.426,-259.20374
10.428,-255.94225
10.43,-252.93942
10.432,-250.65945
10.434,-248.8867
10.436,-248.05992
10.438,-247.81558
10.44,-247.65755
10.442,-246.78519
10.444,-245.62697
10.446,-244.33916
10.448,-243.15468
10.45,-241.83488
10.452,-240.93317
10.454,-240.30237
10.456,-239.65245
10.458,-238.31857
10.46,-236.72075
10.462,-234.94516
10.464,-233.14832
10.466,-231.08702
10.468,-229.398
10.47,-228.11336
10.472,-227.1445
10.474,-225.96437
10.476,-225.01152
10.478,-224.25696
10.48,-223.64227
10.482,-222.67447
10.484,-221.76299
10.486,-220.79947
10.488,-219.63972
10.49,-217.77263
10.492,-215.71796
10.494,-213.6143
10.496,-211.63463
10.498,-209.5384
10.5,-207.99039
10.502,-207.05814
10.504,-206.63145
10.506,-206.04651
10.508,-205.58737
10.51,-205.12471
10.512,-204.63017
10.514,-203.76534
10.516,-203.23506
10.518,-203.20918
10.52,-203.62955
10.522,-203.72995
10.524,-203.61526
10.526,-202.95901
10.528,-201.62827
10.53,-199.32358
10.532,-197.074
10.534,-195.52875
10.536,-195.12413
10.538,-195.39139
10.54,-196.51773
10.542,-197.95636
10.544,-199.12668
10.546,-199.16669
10.548,-198.68755
10.55,-198.16055
10.552,-198.12604
10.554,-198.4207
10.556,-199.62408
10.558,-201.51244
10.56,-203.62955
10.562,-204.9933
10.564,-205.95122
10.566,-206.70135
10.568,-207.63208
10.57,-208.60918
10.572,-210.43558
10.574,-213.18869
10.576,-216.63782
10.578,-219.82602
10.58,-222.88351
10.582,-225.64867
10.584,-228.14514
10.586,-230.03267
10.588,-232.16336
10.59,-234.94997
10.592,-238.65182
10.594,-242.76785
10.596,-247.65729
10.598,-253.07645
10.6,-258.66455
10.602,-263.52484
10.604,-267.9765
10.606,-272.1116
10.608,-276.1757
10.61,-279.93878
10.612,-284.1675
10.614,-288.98538
10.616,-294.18716
10.618,-298.75327
10.62,-302.6264
10.622,-305.4611
10.624,-307.19543
10.626,-307.59158
10.628,-307.75885
10.63,-308.45282
10.632,-310.19733
10.634,-312.55283
10.636,-315.71307
10.638,-319.14175
10.64,-322.205
10.642,-323.8826
10.644,-324.59515
10.646,-324.69196
10.648,-324.70657
10.65,-324.58908
10.652,-325.15656
10.654,-326.45828
10.656,-328.2088
10.658,-329.38733
10.66,-330.13684
10.662,-330.36255
10.664,-330.21005
10.666,-329.4426
10.668,-329.0105
10.67,-329.25473
10.672,-330.21005
10.674,-331.03024
10.676,-331.84448
10.678,-332.30316
10.68,-332.21133
10.682,-331.05325
10.684,-329.77005
10.686,-328.87323
10.688,-328.7091
10.69,-328.7115
10.692,-329.2328
10.694,-329.874
10.696,-330.21005
10.698,-329.41504
10.7,-328.2956
10.702,-327.3716
10.704,-327.20816
10.706,-327.56335
10.708,-329.1635
10.71,-331.74393
10.712,-334.71292
10.714,-336.77017
10.716,-338.0873
10.718,-338.52747
10.72,-338.21515
10.722,-336.8459
10.724,-335.53848
10.726,-334.7414
10.728,-334.71292
10.73,-334.9007
10.732,-335.8747
10.734,-337.4309
10.736,-339.2158
10.738,-340.23718
10.74,-340.8694
10.742,-341.01437
10.744,-340.71674
10.746,-339.5854
10.748,-338.64145
10.75,-338.27795
10.752,-338.71548
10.754,-339.35162
10.756,-340.6861
10.758,-342.43686
10.76,-344.21896
10.762,-345.08527
10.764,-345.59253
10.766,-345.88187
10.768,-346.22025
10.77,-346.3012
10.772,-347.07114
10.774,-348.6261
10.776,-350.7231
10.778,-352.23978
10.78,-353.33002
10.782,-353.67188
10.784,-353.2247
10.786,-351.68204
10.788,-350.3149
10.79,-349.7438
10.792,-350.2228
10.794,-350.86563
10.796,-351.69437
10.798,-351.8881
10.8,-350.7231
10.802,-347.27814
10.804,-342.56506
10.806,-337.40363
10.808,-332.71167
10.81,-328.5715
10.812,-325.98392
10.814,-324.84927
10.816,-324.70657
10.818,-324.38937
10.82,-324.2643
10.822,-324.3206
10.824,-324.70657
10.826,-324.98138
10.828,-325.9562
10.83,-327.61017
10.832,-329.70975
10.834,-331.33176
10.836,-332.959
10.838,-334.5695
10.84,-336.2139
10.842,-337.40512
10.844,-338.8539
10.846,-340.52203
10.848,-342.2177
10.85,-343.29153
10.852,-344.07794
10.854,-344.406
10.856,-344.21896
10.858,-343.41077
10.86,-342.74393
10.862,-342.4648
10.864,-342.71802
10.866,-343.341
10.868,-344.6641
10.87,-346.29938
10.872,-347.7212
10.874,-347.93848
10.876,-347.5279
10.878,-346.6955
10.88,-345.71994
10.882,-343.7848
10.884,-342.13864
10.886,-341.19318
10.888,-341.21707
10.89,-341.27042
10.892,-342.14493
10.894,-343.62674
10.896,-345.2196
10.898,-345.52072
10.9,-344.80136
10.902,-343.0522
10.904,-340.71674
10.906,-337.90598
10.908,-336.03525
10.91,-335.27072
10.912,-334.71292
10.914,-331.8017
10.916,-324.70963
10.918,-311.22574
10.92,-290.1846
10.922,-261.4249
10.924,-227.60178
10.926,-191.59435
10.928,-156.0993
10.93,-122.23134
10.932,-91.097206
10.934,-62.295044
10.936,-35.5226
10.938,-11.239539
10.94,6.6169853
10.942,12.5621
10.944,1.9994935e-16
10.946,-36.392887
10.948,-100.38855
10.95,-190.56244
10.952,-300.19098
10.954,-417.4371
10.956,-529.25024
10.958,-622.301
10.96,-686.4367
10.962,-716.21686
10.964,-713.4367
10.966,-684.38403
10.968,-638.4061
10.97,-584.88385
10.972,-532.8169
10.974,-487.59027
10.976,-451.28708
10.978,-422.8455
10.98,-401.02924
10.982,-383.71106
10.984,-369.2349
10.986,-356.185
10.988,-345.01456
10.99,-335.8453
10.992,-328.7091
10.994,-322.8806
10.996,-318.63626
10.998,-315.5511
11.0,-313.19925
11.002,-310.77905
11.004,-308.77054
11.006,-307.2281
11.008,-306.1948
11.01,-305.22754
11.012,-304.65482
11.014,-304.37665
11.016,-304.1935
11.018,-303.52066
11.02,-302.4626
11.022,-301.11572
11.024,-299.69064
11.026,-298.0987
11.028,-296.72495
11.03,-295.74817
11.032,-295.18777
11.034,-294.41495
11.036,-293.77383
11.038,-293.0723
11.04,-292.18588
11.042,-290.43182
11.044,-288.95724
11.046,-287.7501
11.048,-286.68237
11.05,-285.0052
11.052,-283.68466
11.054,-282.63306
11.056,-281.6792
11.058,-280.16235
11.06,-278.8121
11.062,-277.65088
11.064,-276.67603
11.066,-275.4146
11.068,-274.53098
11.07,-273.99683
11.072,-273.6741
11.074,-272.93967
11.076,-272.24228
11.078,-271.50305
11.08,-270.67218
11.082,-269.3347
11.084,-268.12634
11.086,-267.0971
11.088,-266.1693
11.09,-264.74725
11.092,-263.19104
11.094,-261.35443
11.096,-259.16486
11.098,-256.28522
11.1,-253.4969
11.102,-251.07399
11.104,-249.15851
11.106,-247.3025
11.108,-245.8653
11.11,-244.57791
11.112,-243.15468
11.114,-241.03043
11.116,-238.78725
11.118,-236.60855
11.12,-234.64928
11.122,-232.55414
11.124,-230.79733
11.126,-229.2282
11.128,-227.64482
11.13,-225.52235
11.132,-223.44601
11.134,-221.60052
11.136,-220.14005
11.138,-218.69669
11.14,-217.70761
11.142,-216.9586
11.144,-216.1375
11.146,-214.55998
11.148,-212.6813
11.15,-210.63423
11.152,-208.63272
11.154,-206.46303
11.156,-204.81871
11.158,-203.75064
11.16,-203.12923
11.162,-202.28163
11.164,-201.5492
11.166,-200.84247
11.168,-200.12732
11.17,-198.96762
11.172,-198.00835
11.174,-197.38284
11.176,-197.1254
11.178,-196.68579
11.18,-196.51358
11.182,-196.5308
11.184,-196.62509
11.186,-196.20282
11.188,-195.81186
11.19,-195.57927
11.192,-195.62445
11.194,-195.50699
11.196,-195.8157
11.198,-196.56285
11.2,-197.62572
11.202,-198.27145
11.204,-198.88466
11.206,-199.47029
11.208,-200.12732
11.21,-200.50496
11.212,-201.40274
11.214,-203.09018
11.216,-205.63081
11.218,-208.30063
11.22,-211.30736
11.222,-214.34232
11.224,-217.13814
11.226,-219.0381
11.228,-220.69286
11.23,-222.44984
11.232,-224.64291
11.234,-226.9317
11.236,-229.89464
11.238,-233.5137
11.24,-237.65118
11.242,-241.6022
11.244,-245.80206
11.246,-250.31235
11.248,-255.16232
11.25,-259.74747
11.252,-264.44348
11.254,-269.13412
11.256,-273.6741
11.258,-277.4306
11.26,-280.95444
11.262,-284.46954
11.264,-288.18332
11.266,-291.65863
11.268,-295.38528
11.27,-299.29236
11.272,-303.19287
11.274,-306.33752
11.276,-309.1329
11.278,-311.6927
11.28,-314.1999
11.282,-316.2991
11.284,-318.63663
11.286,-321.30466
11.288,-324.20624
11.29,-326.55255
11.292,-328.5808
11.294,-330.1509
11.296,-331.2107
11.298,-331.28268
11.3,-331.09393
11.302,-330.98352
11.304,-331.2107
11.306,-331.33203
11.308,-331.85672
11.31,-332.70944
11.312,-333.71228
11.314,-334.11096
11.316,-334.3551
11.318,-334.521
11.32,-334.71292
11.322,-334.44705
11.324,-334.34244
11.326,-334.4509
11.328,-334.71292
11.33,-334.43546
11.332,-334.13046
11.334,-333.85922
11.336,-333.71228
11.338,-333.20844
11.34,-333.07538
11.342,-333.42484
11.344,-334.21262
11.346,-334.65158
11.348,-335.1528
11.35,-335.5547
11.352,-335.71356
11.354,-334.96274
11.356,-334.04828
11.358,-333.21994
11.36,-332.71167
11.362,-332.06873
11.364,-332.05093
11.366,-332.6616
11.368,-333.71228
11.37,-334.2716
11.372,-334.76044
11.374,-335.07315
11.376,-335.21326
11.378,-334.68692
11.38,-334.44153
11.382,-334.75647
11.384,-335.71356
11.386,-336.55594
11.388,-337.68784
11.39,-338.8261
11.392,-339.71613
11.394,-339.65848
11.396,-339.42456
11.398,-339.23596
11.4,-339.2158
11.402,-338.74854
11.404,-338.38934
11.406,-338.0503
11.408,-337.71484
11.41,-336.9535
11.412,-336.811
11.414,-337.69153
11.416,-339.71613
11.418,-341.99677
11.42,-344.6213
11.422,-346.8949
11.424,-348.22153
11.426,-347.77658
11.428,-346.5625
11.43,-345.30127
11.432,-344.7193
11.434,-344.64557
11.436,-345.80646
11.438,-347.8683
11.44,-350.2228
11.442,-351.67004
11.444,-352.59753
11.446,-353.05502
11.448,-353.2247
11.45,-352.64755
11.452,-352.05093
11.454,-351.33316
11.456,-350.2228
11.458,-347.82883
11.46,-344.75037
11.462,-341.1348
11.464,-337.2145
11.466,-332.62543
11.468,-328.29678
11.47,-324.44864
11.472,-321.20435
11.474,-318.05533
11.476,-315.86948
11.478,-314.87906
11.48,-315.20053
11.482,-316.172
11.484,-318.29822
11.486,-321.2853
11.488,-324.70657
11.49,-327.52356
11.492,-330.119
11.494,-332.36795
11.496,-334.21262
11.498,-335.08115
11.5,-335.7122
11.502,-336.2287
11.504,-336.7142
11.506,-336.77884
11.508,-337.07614
11.51,-337.59152
11.512,-338.21515
11.514,-338.5461
11.516,-338.93158
11.518,-339.1962
11.52,-339.2158
11.522,-338.80255
11.524,-338.60223
11.526,-338.74017
11.528,-339.2158
11.53,-339.50217
11.532,-340.01602
11.534,-340.5148
11.536,-340.71674
11.538,-339.51038
11.54,-338.0047
11.542,-336.75363
11.544,-336.2139
11.546,-335.39963
11.548,-335.1472
11.55,-335.31033
11.552,-335.71356
11.554,-335.44495
11.556,-335.43835
11.558,-335.9012
11.56,-336.7142
11.562,-336.6547
11.564,-335.6696
11.566,-333.21777
11.568,-329.20944
11.57,-323.46118
11.572,-317.2247
11.574,-310.53674
11.576,-302.19223
11.578,-289.18063
11.58,-269.35217
11.582,-240.87964
11.584,-204.12985
11.586,-161.62033
11.588,-119.12444
11.59,-82.043434
11.592,-54.034374
11.594,-35.373077
11.596,-25.141956
11.598,-21.182507
11.6,-23.01464
11.602,-32.913708
11.604,-57.516228
11.606,-103.76462
11.608,-176.11203
11.61,-272.95322
11.612,-387.11078
11.614,-505.17245
11.616,-611.3889
11.618,-691.3723
11.62,-737.38794
11.622,-748.094
11.624,-728.46344
11.626,-686.9475
11.628,-634.2882
11.63,-579.24506
11.632,-527.8358
11.634,-482.69016
11.636,-445.41837
11.638,-415.63986
11.64,-392.24954
11.642,-373.36984
11.644,-358.32886
11.646,-346.03864
11.648,-335.71356
11.65,-326.47177
11.652,-318.93256
11.654,-313.21368
11.656,-309.1967
11.658,-305.90497
11.66,-303.2124
11.662,-300.4388
11.664,-297.18906
11.666,-293.13977
11.668,-289.32874
11.67,-286.52133
11.672,-285.18143
11.674,-284.87738
11.676,-285.30658
11.678,-285.7679
11.68,-285.68173
11.682,-284.52316
11.684,-282.7876
11.686,-281.13623
11.688,-280.17825
11.69,-279.738
11.692,-279.97443
11.694,-280.3319
11.696,-280.17825
11.698,-278.49585
11.7,-276.3112
11.702,-274.0235
11.704,-272.17316
11.706,-270.5577
11.708,-270.4694
11.71,-271.48535
11.712,-272.67346
11.714,-272.45895
11.716,-271.04343
11.718,-268.30618
11.72,-264.66837
11.722,-260.50916
11.724,-257.5097
11.726,-256.37598
11.728,-257.1636
11.73,-258.81387
11.732,-260.88748
11.734,-262.2765
11.736,-262.16678
11.738,-259.9385
11.74,-256.65546
11.742,-253.2576
11.744,-250.65945
11.746,-248.98035
11.748,-248.74187
11.75,-249.41046
11.752,-250.15913
11.754,-249.85454
11.756,-248.70071
11.758,-246.83588
11.76,-244.65564
11.762,-242.18684
11.764,-240.22762
11.766,-238.79317
11.768,-237.65118
11.77,-236.12027
11.772,-234.57018
11.774,-233.04095
11.776,-231.64737
11.778,-230.0916
11.78,-228.91171
11.782,-228.00568
11.784,-227.1445
11.786,-225.70467
11.788,-224.09921
11.79,-222.37877
11.792,-220.64037
11.794,-218.57533
11.796,-216.7862
11.798,-215.31984
11.8,-214.13623
11.802,-212.75453
11.804,-211.6473
11.806,-210.80064
11.808,-210.13368
11.81,-209.09618
11.812,-208.05504
11.814,-206.92072
11.816,-205.63081
11.818,-203.77602
11.82,-202.01857
11.822,-200.5834
11.824,-199.627
11.826,-198.75293
11.828,-198.40782
11.83,-198.44827
11.832,-198.62636
11.834,-198.2282
11.836,-197.6404
11.838,-196.90132
11.84,-196.12477
11.842,-194.98671
11.844,-194.1904
11.846,-193.89711
11.848,-194.12349
11.85,-194.2684
11.852,-194.71268
11.854,-195.36197
11.856,-196.12477
11.858,-196.46298
11.86,-196.95964
11.862,-197.79651
11.864,-199.12668
11.866,-200.51154
11.868,-202.4731
11.87,-204.93208
11.872,-207.63208
11.874,-209.68848
11.876,-211.31541
11.878,-212.42786
11.88,-213.13559
11.882,-213.22018
11.884,-213.64957
11.886,-214.89015
11.888,-217.13814
11.89,-219.73083
11.892,-222.77023
11.894,-225.84256
11.896,-228.64546
11.898,-230.64288
11.9,-232.64781
11.902,-235.18944
11.904,-238.65182
11.906,-242.56758
11.908,-247.1436
11.91,-251.97098
11.912,-256.66327
11.914,-260.5587
11.916,-264.3133
11.918,-268.29102
11.92,-272.67346
11.922,-276.7465
11.924,-280.49463
11.926,-283.4006
11.928,-285.18143
11.93,-285.54224
11.932,-285.7029
11.934,-286.67526
11.936,-289.18396
11.938,-292.79865
11.94,-297.43234
11.942,-302.18384
11.944,-306.1948
11.946,-308.5619
11.948,-310.0387
11.95,-311.36603
11.952,-313.19925
11.954,-315.16687
11.956,-317.2948
11.958,-318.7478
11.96,-318.70276
11.962,-316.32645
11.964,-312.62363
11.966,-308.7991
11.968,-306.1948
11.97,-305.203
11.972,-306.48135
11.974,-309.38718
11.976,-312.6989
11.978,-314.61868
11.98,-314.92706
11.982,-313.70358
11.984,-311.6983
11.986,-309.4613
11.988,-308.5503
11.99,-309.5259
11.992,-312.1986
11.994,-315.17398
11.996,-317.89438
11.998,-319.40704
12.0,-319.20306
12.002,-316.85187
12.004,-313.69482
12.006,-310.82907
12.008,-309.1967
12.01,-308.68942
12.012,-309.7946
12.014,-311.9223
12.016,-314.1999
12.018,-315.27582
12.02,-315.3997
12.022,-314.72464
12.024,-313.69955
12.026,-312.2673
12.028,-311.47375
12.03,-311.49722
12.032,-312.1986
12.034,-312.6887
12.036,-313.33853
12.038,-314.02603
12.04,-314.7002
12.042,-314.7782
12.044,-314.94928
12.046,-315.2654
12.048,-315.70084
12.05,-315.62418
12.052,-315.70667
12.054,-316.05383
12.056,-316.70148
12.058,-316.9969
12.06,-317.4945
12.062,-318.1036
12.064,-318.70276
12.066,-318.62558
12.068,-318.5826
12.07,-318.74097
12.072,-319.20306
12.074,-319.36282
12.076,-319.81335
12.078,-320.47452
12.08,-321.20435
12.082,-321.2806
12.084,-321.34177
12.086,-321.4685
12.088,-321.70465
12.09,-321.46954
12.092,-321.39108
12.094,-321.48123
12.096,-321.70465
12.098,-321.45718
12.1,-321.37762
12.102,-321.4877
12.104,-321.70465
12.106,-321.30862
12.108,-320.78116
12.11,-320.06845
12.112,-319.20306
12.114,-317.8127
12.116,-316.90485
12.118,-316.93674
12.12,-318.20242
12.122,-320.14597
12.124,-323.15106
12.126,-326.72974
12.128,-330.21005
12.13,-332.3827
12.132,-333.534
12.134,-333.70065
12.136,-333.21198
12.138,-332.02536
12.14,-331.381
12.142,-331.7451
12.144,-333.21198
12.146,-334.91403
12.148,-336.96286
12.15,-338.75345
12.152,-339.71613
12.154,-338.92108
12.156,-337.01843
12.158,-334.31705
12.16,-331.2107
12.162,-327.4677
12.164,-323.99832
12.166,-320.92984
12.168,-318.20242
12.17,-315.09744
12.172,-312.19516
12.174,-309.5395
12.176,-307.19543
12.178,-304.66425
12.18,-302.7265
12.182,-301.53983
12.184,-301.19162
12.186,-301.143
12.188,-302.0779
12.19,-303.98898
12.192,-306.6951
12.194,-309.29495
12.196,-312.0082
12.198,-314.4314
12.2,-316.20114
12.202,-316.60712
12.204,-316.30887
12.206,-315.56796
12.208,-314.7002
12.21,-313.62476
12.212,-313.04663
12.214,-312.95404
12.216,-313.19925
12.218,-313.41586
12.22,-313.97568
12.222,-314.77603
12.224,-315.70084
12.226,-316.4677
12.228,-317.425
12.23,-318.39877
12.232,-319.20306
12.234,-319.2878
12.236,-319.39365
12.238,-319.69778
12.24,-320.2037
12.242,-319.7438
12.244,-319.06815
12.246,-318.30304
12.248,-317.70212
12.25,-316.6085
12.252,-316.23398
12.254,-316.82843
12.256,-318.20242
12.258,-318.99466
12.26,-319.1439
12.262,-318.09766
12.264,-315.70084
12.266,-311.6944
12.268,-307.42856
12.27,-303.57312
12.272,-300.19098
12.274,-295.90604
12.276,-289.7121
12.278,-279.5844
12.28,-263.66772
12.282,-240.44203
12.284,-210.95883
12.286,-177.07979
12.288,-141.59007
12.29,-106.92521
12.292,-76.0677
12.294,-50.24636
12.296,-29.518778
12.298,-12.975371
12.3,-1.5596176
12.302,2.6439073
12.304,-4.5028644
12.306,-28.015646
12.308,-73.748314
12.31,-144.32317
12.312,-237.65118
12.314,-345.62717
12.316,-456.75327
12.318,-556.9282
12.32,-633.40295
12.322,-677.44244
12.324,-687.8061
12.326,-668.88904
12.328,-629.4004
12.33,-579.0622
12.332,-527.53925
12.334,-480.91473
12.336,-441.78104
12.338,-409.49692
12.34,-383.17792
12.342,-361.24475
12.344,-342.71802
12.346,-326.87564
12.348,-314.55014
12.35,-305.92242
12.352,-300.69128
12.354,-297.54977
12.356,-295.94843
12.358,-294.77902
12.36,-293.18652
12.362,-290.32904
12.364,-286.863
12.366,-283.29227
12.368,-280.17825
12.37,-277.54742
12.372,-275.92438
12.374,-275.2351
12.376,-275.17505
12.378,-275.04965
12.38,-274.8254
12.382,-274.5033
12.384,-274.1744
12.386,-273.57828
12.388,-272.83722
12.39,-271.8905
12.392,-270.67218
12.394,-268.7777
12.396,-266.85938
12.398,-265.23233
12.4,-264.16806
12.402,-263.12952
12.404,-262.94183
12.406,-263.1431
12.408,-263.16742
12.41,-262.05215
12.412,-260.80466
12.414,-259.62152
12.416,-258.66455
12.418,-257.47168
12.42,-256.6865
12.422,-256.0388
12.424,-255.16232
12.426,-253.36288
12.428,-251.2657
12.43,-249.10544
12.432,-247.15723
12.434,-245.20518
12.436,-243.88063
12.438,-243.10591
12.44,-242.65437
12.442,-241.87897
12.444,-241.1964
12.446,-240.61105
12.448,-240.15277
12.45,-239.43625
12.452,-238.9493
12.454,-238.58887
12.456,-238.1515
12.458,-237.04042
12.46,-235.65044
12.462,-233.99411
12.464,-232.14769
12.466,-229.8602
12.468,-227.78766
12.47,-226.04813
12.472,-224.64291
12.474,-223.10713
12.476,-221.87122
12.478,-220.89554
12.48,-220.14005
12.482,-219.19987
12.484,-218.58078
12.486,-218.26964
12.488,-218.13878
12.49,-217.58609
12.492,-216.89912
12.494,-215.93756
12.496,-214.63654
12.498,-212.66872
12.5,-210.74966
12.502,-209.17227
12.504,-208.1324
12.506,-207.26363
12.508,-206.92259
12.51,-206.83786
12.512,-206.63145
12.514,-205.57323
12.516,-204.02051
12.518,-202.10783
12.52,-200.12732
12.522,-198.01749
12.524,-196.5574
12.526,-195.84018
12.528,-195.62445
12.53,-194.99045
12.532,-193.91623
12.534,-192.11198
12.536,-189.62064
12.538,-186.44318
12.54,-183.8251
12.542,-182.5648
12.544,-183.11649
12.546,-184.94167
12.548,-187.95924
12.55,-191.31526
12.552,-194.12349
12.554,-195.32361
12.556,-195.37038
12.558,-194.74231
12.56,-194.12349
12.562,-193.62605
12.564,-194.08765
12.566,-195.52618
12.568,-197.62572
12.57,-199.43732
12.572,-201.10158
12.574,-202.49487
12.576,-203.62955
12.578,-204.0801
12.58,-204.47418
12.582,-204.96353
12.584,-205.63081
12.586,-206.03355
12.588,-206.78365
12.59,-208.0955
12.592,-210.13368
12.594,-212.44908
12.596,-215.4933
12.598,-219.14688
12.6,-223.14195
12.602,-226.63007
12.604,-229.82779
12.606,-232.65312
12.608,-235.1496
12.61,-236.97713
12.612,-238.88788
12.614,-241.21378
12.616,-244.15532
12.618,-247.24507
12.62,-250.89023
12.622,-255.04768
12.624,-259.6652
12.626,-264.21127
12.628,-269.13693
12.63,-274.38916
12.632,-279.67792
12.634,-283.9748
12.636,-287.20862
12.638,-289.0835
12.64,-289.6843
12.642,-289.05054
12.644,-288.58563
12.646,-289.2805
12.648,-291.68555
12.65,-295.1361
12.652,-299.32352
12.654,-303.1708
12.656,-305.69446
12.658,-305.92728
12.66,-304.67212
12.662,-302.8923
12.664,-301.69193
12.666,-301.3423
12.668,-302.53787
12.67,-304.91574
12.672,-307.69574
12.674,-309.55157
12.676,-310.5139
12.678,-310.6168
12.68,-310.19733
12.682,-309.14166
12.684,-308.2995
12.686,-307.8378
12.688,-307.69574
12.69,-307.18524
12.692,-306.7754
12.694,-306.56818
12.696,-306.6951
12.698,-306.69598
12.7,-307.1469
12.702,-308.02426
12.704,-309.1967
12.706,-309.9504
12.708,-310.77472
12.71,-311.69272
12.712,-312.6989
12.714,-313.16644
12.716,-313.6151
12.718,-313.98785
12.72,-314.1999
12.722,-313.63504
12.724,-312.98672
12.726,-312.45374
12.728,-312.1986
12.73,-311.72552
12.732,-311.6476
12.734,-311.8813
12.736,-312.1986
12.738,-311.74646
12.74,-311.01694
12.742,-310.08936
12.744,-309.1967
12.746,-308.1064
12.748,-307.85468
12.75,-308.7352
12.752,-310.69766
12.754,-312.74323
12.756,-314.9313
12.758,-316.7127
12.76,-317.70212
12.762,-317.2604
12.764,-316.38437
12.766,-315.6868
12.768,-315.70084
12.77,-316.08496
12.772,-317.40283
12.774,-319.29678
12.776,-321.20435
12.778,-322.0168
12.78,-322.15335
12.782,-321.76447
12.784,-321.20435
12.786,-320.28818
12.788,-320.0137
12.79,-320.54086
12.792,-321.70465
12.794,-322.51672
12.796,-323.23682
12.798,-323.64615
12.8,-323.70593
12.802,-322.98444
12.804,-322.46942
12.806,-322.50705
12.808,-323.2056
12.81,-323.8013
12.812,-324.6504
12.814,-325.4984
12.816,-326.20752
12.818,-326.2598
12.82,-326.6447
12.822,-327.75565
12.824,-329.70975
12.826,-331.61478
12.828,-333.5552
12.83,-334.91013
12.832,-335.21326
12.834,-333.80377
12.836,-331.8098
12.838,-330.04355
12.84,-329.20944
12.842,-328.99933
12.844,-329.8924
12.846,-331.35596
12.848,-332.71167
12.85,-332.8982
12.852,-332.57178
12.854,-332.16785
12.856,-332.21133
12.858,-332.45425
12.86,-333.5447
12.862,-335.1514
12.864,-336.7142
12.866,-337.16464
12.868,-336.98822
12.87,-336.38837
12.872,-335.71356
12.874,-334.70197
12.876,-334.2012
12.878,-334.2491
12.88,-334.71292
12.882,-334.855
12.884,-335.32745
12.886,-336.25684
12.888,-337.71484
12.89,-339.04178
12.892,-340.72617
12.894,-342.53998
12.896,-344.21896
12.898,-345.0019
12.9,-345.5827
12.902,-346.12735
12.904,-346.72058
12.906,-346.69656
12.908,-346.553
12.91,-346.10965
12.912,-345.2196
12.914,-343.30356
12.916,-341.28323
12.918,-339.5193
12.92,-338.21515
12.922,-336.71225
12.924,-335.3885
12.926,-333.85068
12.928,-331.71103
12.93,-328.22128
12.932,-324.26993
12.934,-320.40018
12.936,-317.20178
12.938,-314.52304
12.94,-313.23566
12.942,-313.2549
12.944,-314.1999
12.946,-314.9935
12.948,-315.9648
12.95,-317.01428
12.952,-318.20242
12.954,-319.10934
12.956,-320.58038
12.958,-322.68033
12.96,-325.20688
12.962,-327.22687
12.964,-328.92477
12.966,-329.96686
12.968,-330.21005
12.97,-329.42288
12.972,-328.46967
12.974,-327.6751
12.976,-327.20816
12.978,-326.81516
12.98,-326.80502
12.982,-326.86407
12.984,-326.70782
12.986,-326.05438
12.988,-325.49988
12.99,-325.1971
12.992,-325.20688
12.994,-324.9264
12.996,-324.9472
12.998,-325.1327
13.0,-325.20688
13.002,-323.87216
13.004,-322.05923
13.006,-320.2683
13.008,-319.20306
13.01,-318.5759
13.012,-319.6327
13.014,-322.28296
13.016,-325.7072
13.018,-327.87524
13.02,-328.27982
13.022,-326.40915
13.024,-322.7053
13.026,-317.84277
13.028,-314.04175
13.03,-312.20474
13.032,-311.6983
13.034,-309.62686
13.036,-303.30142
13.038,-289.6555
13.04,-267.16995
13.042,-236.18036
13.044,-200.52528
13.046,-164.56502
13.048,-132.08403
13.05,-104.36828
13.052,-81.541756
13.054,-61.473248
13.056,-42.026737
13.058,-22.445036
13.06,-6.3432393
13.062,0.18386205
13.064,-10.506684
13.066,-44.65802
13.068,-106.291954
13.07,-193.61334
13.072,-299.19034
13.074,-410.67688
13.076,-514.9979
13.078,-599.55
13.08,-655.41693
13.082,-678.51843
13.084,-671.57086
13.086,-641.1861
13.088,-596.3794
13.09,-545.7778
13.092,-497.40918
13.094,-455.87057
13.096,-422.76895
13.098,-396.92172
13.1,-377.12646
13.102,-361.40683
13.104,-348.22153
13.106,-336.20685
13.108,-325.73206
13.11,-316.87164
13.112,-309.69702
13.114,-303.67737
13.116,-299.30438
13.118,-296.4059
13.12,-294.68747
13.122,-293.30615
13.124,-292.40292
13.126,-291.62817
13.128,-290.68494
13.13,-289.03943
13.132,-287.1397
13.134,-285.27078
13.136,-283.68048
13.138,-282.1191
13.14,-280.74716
13.142,-279.46704
13.144,-278.17697
13.146,-276.54855
13.148,-274.8971
13.15,-273.5212
13.152,-272.67346
13.154,-271.9558
13.156,-271.80188
13.158,-271.9663
13.16,-272.17316
13.162,-271.59897
13.164,-271.22543
13.166,-270.97565
13.168,-270.67218
13.17,-269.52
13.172,-268.35364
13.174,-267.08255
13.176,-265.669
13.178,-263.73633
13.18,-262.3025
13.182,-261.62033
13.184,-261.66647
13.186,-261.64426
13.188,-261.64105
13.19,-261.10468
13.192,-259.6652
13.194,-256.93146
13.196,-253.9651
13.198,-251.50665
13.2,-250.15913
13.202,-249.70197
13.204,-250.38918
13.206,-251.51222
13.208,-252.16042
13.21,-251.17776
13.212,-248.84525
13.214,-245.45345
13.216,-241.65373
13.218,-237.80627
13.22,-235.07948
13.222,-233.75693
13.224,-233.64864
13.226,-233.81693
13.228,-234.16257
13.23,-234.19453
13.232,-233.64864
13.234,-232.15376
13.236,-230.51086
13.238,-229.09651
13.24,-228.14514
13.242,-227.26332
13.244,-226.80438
13.246,-226.51894
13.248,-226.14386
13.25,-225.12453
13.252,-224.0236
13.254,-223.00096
13.256,-222.14131
13.258,-220.96611
13.26,-219.79872
13.262,-218.41553
13.264,-216.63782
13.266,-214.06912
13.268,-211.50345
13.27,-209.39902
13.272,-208.1324
13.274,-207.41963
13.276,-207.62181
13.278,-208.36238
13.28,-209.13304
13.282,-209.09302
13.284,-208.61221
13.286,-207.8618
13.288,-207.13177
13.29,-206.23978
13.292,-205.83159
13.294,-205.87238
13.296,-206.13113
13.298,-205.87149
13.3,-205.42027
13.302,-204.79736
13.304,-204.12985
13.306,-203.14406
13.308,-202.55162
13.31,-202.53554
13.312,-203.12923
13.314,-203.76245
13.316,-204.8047
13.318,-206.14204
13.32,-207.63208
13.322,-208.65573
13.324,-209.65392
13.326,-210.64745
13.328,-211.63463
13.33,-212.09244
13.332,-212.5369
13.334,-213.03691
13.336,-213.63591
13.338,-213.86237
13.34,-214.291
13.342,-215.03546
13.344,-216.1375
13.346,-217.0635
13.348,-218.27992
13.35,-219.80504
13.352,-221.641
13.354,-223.29346
13.356,-225.30496
13.358,-227.76343
13.36,-230.64673
13.362,-233.30627
13.364,-236.0357
13.366,-238.68825
13.368,-241.15341
13.37,-242.92348
13.372,-244.65233
13.374,-246.64746
13.376,-249.15851
13.378,-251.7752
13.38,-254.93663
13.382,-258.49133
13.384,-262.16678
13.386,-265.17773
13.388,-267.86926
13.39,-270.31317
13.392,-272.67346
13.394,-274.63885
13.396,-276.88626
13.398,-279.5708
13.4,-282.67984
13.402,-285.54395
13.404,-288.4426
13.406,-291.2101
13.408,-293.68683
13.41,-295.253
13.412,-296.42188
13.414,-297.34796
13.416,-298.1897
13.418,-298.55548
13.42,-299.0522
13.422,-299.772
13.424,-300.69128
13.426,-301.17926
13.428,-301.62463
13.43,-301.9782
13.432,-302.19223
13.434,-301.72693
13.436,-301.18433
13.438,-300.77264
13.44,-300.69128
13.442,-300.5631
13.444,-301.02048
13.446,-302.1077
13.448,-303.6932
13.45,-304.965
13.452,-306.17737
13.454,-307.13187
13.456,-307.69574
13.458,-307.3055
13.46,-306.66483
13.462,-306.052
13.464,-305.69446
13.466,-305.1506
13.468,-305.01666
13.47,-305.2498
13.472,-305.69446
13.474,-305.6104
13.476,-305.5144
13.478,-305.49594
13.48,-305.69446
13.482,-305.68414
13.484,-306.19342
13.486,-307.25876
13.488,-308.69638
13.49,-309.5849
13.492,-310.21048
13.494,-310.40875
13.496,-310.19733
13.498,-309.23712
13.5,-308.58212
13.502,-308.6776
13.504,-309.69702
13.506,-310.878
13.508,-312.41882
13.51,-313.82938
13.512,-314.7002
13.514,-314.32822
13.516,-313.6092
13.518,-313.07663
13.52,-313.19925
13.522,-313.60214
13.524,-314.81146
13.526,-316.49844
13.528,-318.20242
13.53,-318.98984
13.532,-319.43127
13.534,-319.7484
13.536,-320.2037
13.538,-320.3657
13.54,-320.8625
13.542,-321.55542
13.544,-322.205
13.546,-322.06577
13.548,-321.83994
13.55,-321.80194
13.552,-322.205
13.554,-322.56775
13.556,-323.44385
13.558,-324.60565
13.56,-325.7072
13.562,-325.8854
13.564,-325.72305
13.566,-325.414
13.568,-325.20688
13.57,-324.71292
13.572,-324.66788
13.574,-325.05652
13.576,-325.7072
13.578,-325.82346
13.58,-325.9328
13.582,-326.0531
13.584,-326.20752
13.586,-325.81335
13.588,-325.51437
13.59,-325.32565
13.592,-325.20688
13.594,-324.53574
13.596,-324.0028
13.598,-323.71573
13.6,-323.70593
13.602,-323.33597
13.604,-323.1699
13.606,-323.15045
13.608,-323.2056
13.61,-322.7267
13.612,-322.4684
13.614,-322.60483
13.616,-323.2056
13.618,-323.6063
13.62,-324.29514
13.622,-325.07315
13.624,-325.7072
13.626,-325.45724
13.628,-325.00632
13.63,-324.53595
13.632,-324.20624
13.634,-323.50943
13.636,-323.12878
13.638,-323.05533
13.64,-323.2056
13.642,-322.91406
13.644,-322.86002
13.646,-323.12637
13.648,-323.70593
13.65,-323.89413
13.652,-324.20096
13.654,-324.5057
13.656,-324.70657
13.658,-324.20984
13.66,-323.83325
13.662,-323.80362
13.664,-324.20624
13.666,-324.33554
13.668,-324.62204
13.67,-324.8161
13.672,-324.70657
13.674,-323.6684
13.676,-322.62518
13.678,-322.02054
13.68,-322.205
13.682,-322.6808
13.684,-323.95157
13.686,-325.63934
13.688,-327.20816
13.69,-327.5886
13.692,-327.2571
13.694,-326.36002
13.696,-325.20688
13.698,-323.5658
13.7,-322.4168
13.702,-321.96762
13.704,-322.205
13.706,-322.3948
13.708,-322.9955
13.71,-323.83615
13.712,-324.70657
13.714,-324.84286
13.716,-324.78342
13.718,-324.54584
13.72,-324.20624
13.722,-323.35358
13.724,-322.86862
13.726,-322.97528
13.728,-323.70593
13.73,-324.31137
13.732,-325.17776
13.734,-326.04758
13.736,-326.70782
13.738,-326.52243
13.74,-326.33176
13.742,-326.47342
13.744,-327.20816
13.746,-328.02905
13.748,-329.495
13.75,-331.35452
13.752,-333.21198
13.754,-334.10144
13.756,-334.50327
13.758,-334.48254
13.76,-334.21262
13.762,-333.31064
13.764,-332.60236
13.766,-332.13458
13.768,-331.71103
13.77,-330.39127
13.772,-328.5166
13.774,-325.94284
13.776,-322.7053
13.778,-318.47156
13.78,-314.34756
13.782,-310.82602
13.784,-308.19608
13.786,-305.90137
13.788,-304.44287
13.79,-303.60947
13.792,-303.19287
13.794,-302.54434
13.796,-302.48575
13.798,-303.31277
13.8,-305.19415
13.802,-307.47717
13.804,-310.49045
13.806,-313.75085
13.808,-316.70148
13.81,-318.41653
13.812,-319.414
13.814,-319.89948
13.816,-320.2037
13.818,-320.28293
13.82,-320.82077
13.822,-321.72244
13.824,-322.7053
13.826,-323.25812
13.828,-323.66525
13.83,-323.826
13.832,-323.70593
13.834,-323.1175
13.836,-322.5935
13.838,-322.13324
13.84,-321.70465
13.842,-320.82263
13.844,-320.33768
13.846,-320.47333
13.848,-321.20435
13.85,-321.18082
13.852,-321.01328
13.854,-320.65005
13.856,-320.2037
13.858,-318.89233
13.86,-318.04272
13.862,-318.11487
13.864,-319.20306
13.866,-320.17026
13.868,-321.15485
13.87,-321.61536
13.872,-321.20435
13.874,-319.25732
13.876,-316.68695
13.878,-313.7399
13.88,-310.19733
13.882,-304.59467
13.884,-296.10928
13.886,-283.091
13.888,-264.16806
13.89,-238.30176
13.892,-206.94885
13.894,-172.23926
13.896,-137.0872
13.898,-103.93314
13.9,-75.72608
13.902,-53.610886
13.904,-37.523872
13.906,-26.361769
13.908,-20.820883
13.91,-22.63184
13.912,-35.5226
13.914,-64.10891
13.916,-113.97822
13.918,-187.6593
13.92,-283.18015
13.922,-392.71185
13.924,-505.1164
13.926,-606.5759
13.928,-684.4354
13.93,-729.7948
13.932,-741.05804
13.934,-722.1636
13.936,-681.4335
13.938,-628.42566
13.94,-572.97943
13.942,-521.67303
13.944,-477.80396
13.946,-441.43616
13.948,-412.18372
13.95,-388.56262
13.952,-369.2349
13.954,-352.76154
13.956,-339.19464
13.958,-328.143
13.96,-319.20306
13.962,-311.49524
13.964,-305.3551
13.966,-300.63956
13.968,-297.18906
13.97,-294.30362
13.972,-292.22372
13.974,-290.62827
13.976,-289.18396
13.978,-287.27533
13.98,-285.25586
13.982,-283.32153
13.984,-281.6792
13.986,-280.11462
13.988,-278.89957
13.99,-278.08652
13.992,-277.67664
13.994,-277.29044
13.996,-277.09802
13.998,-277.08783
14.0,-277.17633
14.002,-276.7239
14.004,-276.07153
14.006,-275.0749
14.008,-273.6741
14.01,-271.2756
14.012,-269.14642
14.014,-267.43185
14.016,-266.1693
14.018,-264.7093
14.02,-264.11475
14.022,-264.21774
14.024,-264.66837
14.026,-264.56168
14.028,-264.45
14.03,-264.18564
14.032,-263.66772
14.034,-262.41068
14.036,-261.1648
14.038,-260.06216
14.04,-259.16486
14.042,-258.0329
14.044,-257.22464
14.046,-256.66208
14.048,-256.16296
14.05,-255.08197
14.052,-253.8198
14.054,-252.33362
14.056,-250.65945
14.058,-248.51514
14.06,-246.67168
14.062,-245.35872
14.064,-244.65564
14.066,-244.0576
14.068,-243.87964
14.07,-243.84627
14.072,-243.655
14.074,-242.68329
14.076,-241.42928
14.078,-240.02953
14.08,-238.65182
14.082,-237.02286
14.084,-235.75006
14.086,-234.83353
14.088,-234.14896
14.09,-233.11893
14.092,-232.13956
14.094,-231.16216
14.096,-230.14641
14.098,-228.65686
14.1,-227.22185
14.102,-225.88391
14.104,-224.64291
14.106,-223.06601
14.108,-221.68607
14.11,-220.548
14.112,-219.63972
14.114,-218.47955
14.116,-217.53358
14.118,-216.77286
14.12,-216.1375
14.122,-215.14267
14.124,-214.29755
14.126,-213.63634
14.128,-213.13559
14.13,-212.28209
14.132,-211.5223
14.134,-210.82152
14.136,-210.13368
14.138,-209.0051
14.14,-208.02585
14.142,-207.35909
14.144,-207.13177
14.146,-206.95549
14.148,-207.32068
14.15,-208.12935
14.152,-209.13304
14.154,-209.55461
14.156,-209.64351
14.158,-209.31454
14.16,-208.63272
14.162,-207.3628
14.164,-206.37628
14.166,-206.06458
14.168,-206.63145
14.17,-207.56007
14.172,-209.14038
14.174,-211.09598
14.176,-213.13559
14.178,-214.5925
14.18,-215.97684
14.182,-217.45125
14.184,-219.1394
14.186,-220.55147
14.188,-222.10005
14.19,-223.67282
14.192,-225.14323
14.194,-225.97897
14.196,-226.82185
14.198,-227.96576
14.2,-229.64609
14.202,-231.43456
14.204,-233.71144
14.206,-236.23563
14.208,-238.65182
14.21,-240.14767
14.212,-241.10178
14.214,-241.6746
14.216,-242.15405
14.218,-242.3608
14.22,-243.03653
14.222,-244.32657
14.224,-246.1566
14.226,-247.80904
14.228,-249.55536
14.23,-251.32751
14.232,-253.16106
14.234,-254.68826
14.236,-256.60013
14.238,-259.09207
14.24,-262.16678
14.242,-265.11365
14.244,-268.10373
14.246,-270.8583
14.248,-273.17377
14.25,-274.52563
14.252,-275.62073
14.254,-276.8788
14.256,-278.67728
14.258,-280.7041
14.26,-283.4116
14.262,-286.55426
14.264,-289.6843
14.266,-291.8105
14.268,-293.13992
14.27,-293.68765
14.272,-293.68683
14.274,-292.9873
14.276,-292.50632
14.278,-292.55936
14.28,-293.18652
14.282,-293.64902
14.284,-294.13184
14.286,-294.36426
14.288,-294.18716
14.29,-293.11707
14.292,-291.97635
14.294,-291.21338
14.296,-291.18524
14.298,-291.50082
14.3,-292.62207
14.302,-294.3107
14.304,-296.18842
14.306,-297.35684
14.308,-298.18857
14.31,-298.74808
14.312,-299.19034
14.314,-299.13226
14.316,-299.25797
14.318,-299.63562
14.32,-300.19098
14.322,-300.22543
14.324,-300.2209
14.326,-300.19772
14.328,-300.19098
14.33,-299.68286
14.332,-299.3474
14.334,-299.3207
14.336,-299.69064
14.338,-299.9419
14.34,-300.71613
14.342,-302.02145
14.344,-303.6932
14.346,-304.84842
14.348,-305.76865
14.35,-306.24155
14.352,-306.1948
14.354,-305.1999
14.356,-304.249
14.358,-303.81516
14.36,-304.1935
14.362,-304.82645
14.364,-306.1018
14.366,-307.68088
14.368,-309.1967
14.37,-309.85773
14.372,-310.33475
14.374,-310.8817
14.376,-311.6983
14.378,-312.23193
14.38,-312.96017
14.382,-313.68246
14.384,-314.1999
14.386,-313.90115
14.388,-313.63974
14.39,-313.81445
14.392,-314.7002
14.394,-315.71814
14.396,-317.23828
14.398,-318.86978
14.4,-320.2037
14.402,-320.45654
14.404,-320.38226
14.406,-320.35757
14.408,-320.704
14.41,-320.93637
14.412,-321.5367
14.414,-322.22803
14.416,-322.7053
14.418,-322.26718
14.42,-321.71906
14.422,-321.44196
14.424,-321.70465
14.426,-321.91238
14.428,-322.41486
14.43,-322.80542
14.432,-322.7053
14.434,-321.43448
14.436,-319.94452
14.438,-318.85132
14.44,-318.70276
14.442,-319.1493
14.444,-320.65417
14.446,-322.7293
14.448,-324.70657
14.45,-325.46692
14.452,-325.50558
14.454,-325.10144
14.456,-324.70657
14.458,-324.1476
14.46,-324.28763
14.462,-325.08575
14.464,-326.20752
14.466,-326.6273
14.468,-326.6901
14.47,-326.34647
14.472,-325.7072
14.474,-324.40265
14.476,-323.3448
14.478,-322.76193
14.48,-322.7053
14.482,-322.4876
14.484,-322.65018
14.486,-323.1004
14.488,-323.70593
14.49,-323.74014
14.492,-323.81137
14.494,-323.95795
14.496,-324.20624
14.498,-323.97983
14.5,-323.9869
14.502,-324.26257
14.504,-324.70657
14.506,-324.5333
14.508,-324.2357
14.51,-323.77426
14.512,-323.2056
14.514,-322.13464
14.516,-321.48975
14.518,-321.51508
14.52,-322.205
14.522,-322.73618
14.524,-323.3575
14.526,-323.73865
14.528,-323.70593
14.53,-322.8117
14.532,-322.08197
14.534,-321.97733
14.536,-322.7053
14.538,-323.52585
14.54,-324.63452
14.542,-325.49857
14.544,-325.7072
14.546,-324.64938
14.548,-323.417
14.55,-322.73602
14.552,-323.2056
14.554,-324.4451
14.556,-326.82657
14.558,-329.6933
14.56,-332.21133
14.562,-333.16113
14.564,-333.0373
14.566,-332.1928
14.568,-331.2107
14.57,-330.0626
14.572,-329.69992
14.574,-330.06412
14.576,-330.7104
14.578,-330.46
14.58,-329.51132
14.582,-327.72284
14.584,-325.20688
14.586,-321.68417
14.588,-318.18466
14.59,-315.0071
14.592,-312.1986
14.594,-309.0329
14.596,-305.9856
14.598,-303.00668
14.6,-300.19098
14.602,-297.26013
14.604,-295.333
14.606,-294.89893
14.608,-296.18842
14.61,-298.502
14.612,-302.0128
14.614,-306.01718
14.616,-309.69702
14.618,-311.8515
14.62,-312.8263
14.622,-312.7882
14.624,-312.1986
14.626,-311.2286
14.628,-310.93143
14.63,-311.49045
14.632,-312.6989
14.634,-313.86475
14.636,-314.87967
14.638,-315.23877
14.64,-314.7002
14.642,-313.26773
14.644,-311.83188
14.646,-310.87357
14.648,-310.69766
14.65,-311.04358
14.652,-312.22363
14.654,-313.7944
14.656,-315.20053
14.658,-315.18152
14.66,-314.60413
14.662,-313.9497
14.664,-313.69955
14.666,-313.0121
14.668,-312.73007
14.67,-312.70102
14.672,-312.6989
14.674,-311.8099
14.676,-310.93475
14.678,-310.37244
14.68,-310.19733
14.682,-309.4763
14.684,-308.32993
14.686,-306.29706
14.688,-303.19287
14.69,-298.62888
14.692,-293.49615
14.694,-287.5967
14.696,-279.67792
14.698,-266.9351
14.7,-247.46712
14.702,-219.7156
14.704,-184.11713
14.706,-142.97485
14.708,-101.474396
14.71,-64.31468
14.712,-34.52196
14.714,-12.050523
14.716,3.9852817
14.718,15.264554
14.72,21.513685
14.722,19.603119
14.724,2.2213612
14.726,-38.084137
14.728,-106.067474
14.73,-200.29366
14.732,-313.5959
14.734,-432.55734
14.736,-541.34436
14.738,-625.3842
14.74,-676.51886
14.742,-692.8946
14.744,-678.9319
14.746,-642.62695
14.748,-594.38873
14.75,-542.9045
14.752,-494.31445
14.754,-451.5007
14.756,-416.2588
14.758,-388.35632
14.76,-366.7333
14.762,-349.49042
14.764,-335.81232
14.766,-324.50186
14.768,-314.7002
14.77,-305.54407
14.772,-297.7424
14.774,-291.69235
14.776,-287.683
14.778,-285.19318
14.78,-284.34647
14.782,-284.44342
14.784,-284.6811
14.786,-284.02213
14.788,-282.65216
14.79,-280.74597
14.792,-278.67728
14.794,-276.5281
14.796,-274.85748
14.798,-273.90472
14.8,-273.6741
14.802,-273.64566
14.804,-273.62415
14.806,-273.35428
14.808,-272.67346
14.81,-271.1957
14.812,-269.3824
14.814,-267.583
14.816,-266.1693
14.818,-264.8059
14.82,-264.40094
14.822,-264.686
14.824,-265.1687
14.826,-264.71277
14.828,-264.07056
14.83,-263.06854
14.832,-261.66647
14.834,-259.4908
14.836,-257.6947
14.838,-256.56686
14.84,-256.16296
14.842,-255.84932
14.844,-255.97566
14.846,-256.19244
14.848,-256.16296
14.85,-255.26447
14.852,-254.104
14.854,-252.85469
14.856,-251.6601
14.858,-250.15038
14.86,-248.81761
14.862,-247.5435
14.864,-246.1566
14.866,-244.1389
14.868,-242.08305
14.87,-240.18837
14.872,-238.65182
14.874,-237.18645
14.876,-236.31593
14.878,-235.90056
14.88,-235.64992
14.882,-234.84886
14.884,-233.8214
14.886,-232.55434
14.888,-231.14705
14.89,-229.37303
14.892,-227.9575
14.894,-227.0534
14.896,-226.64418
14.898,-226.16948
14.9,-225.91039
14.902,-225.64188
14.904,-225.14323
14.906,-223.87077
14.908,-222.3447
14.91,-220.7115
14.912,-219.1394
14.914,-217.37032
14.916,-216.02458
14.918,-215.14546
14.92,-214.63654
14.922,-213.90706
14.924,-213.29973
14.926,-212.7276
14.928,-212.13495
14.93,-211.09428
14.932,-210.18535
14.934,-209.5193
14.936,-209.13304
14.938,-208.54419
14.94,-208.17801
14.942,-207.9302
14.944,-207.63208
14.946,-206.68114
14.948,-205.5266
14.95,-204.27693
14.952,-203.12923
14.954,-201.8923
14.956,-201.32872
14.958,-201.60641
14.96,-202.6289
14.962,-203.59096
14.964,-204.54224
14.966,-205.11847
14.968,-205.1305
14.97,-204.20296
14.972,-203.22774
14.974,-202.74393
14.976,-203.12923
14.978,-203.96619
14.98,-205.51562
14.982,-207.38179
14.984,-209.13304
14.986,-210.02252
14.988,-210.60603
14.99,-211.20338
14.992,-212.13495
14.994,-213.06554
14.996,-214.4659
14.998,-216.21161
15.0,-218.13878
15.002,-219.70023
15.004,-221.54987
15.006,-223.98221
15.008,-227.1445
15.01,-230.38625
15.012,-233.79045
15.014,-236.85814
15.016,-239.15215
15.018,-240.02382
15.02,-240.24164
15.022,-240.4189
15.024,-241.15341
15.026,-242.27086
15.028,-244.25545
15.03,-246.85155
15.032,-249.65883
15.034,-251.86948
15.036,-253.93558
15.038,-256.1088
15.04,-258.66455
15.042,-261.22406
15.044,-264.16977
15.046,-267.2612
15.048,-270.17188
15.05,-272.18222
15.052,-273.81158
15.054,-275.36438
15.056,-277.17633
15.058,-278.95633
15.06,-281.1838
15.062,-283.6957
15.064,-286.18207
15.066,-287.85953
15.068,-289.12357
15.07,-290.14386
15.072,-291.18524
15.074,-291.99158
15.076,-293.19647
15.078,-294.81985
15.08,-296.68875
15.082,-298.03134
15.084,-299.14825
15.086,-300.01187
15.088,-300.69128
15.09,-300.8124
15.092,-301.08072
15.094,-301.69095
15.096,-302.69257
15.098,-303.46432
15.1,-304.35388
15.102,-305.17175
15.104,-305.69446
15.106,-305.22308
15.108,-304.27237
15.11,-303.0149
15.112,-301.69193
15.114,-300.0285
15.116,-298.8123
15.118,-298.2114
15.12,-298.1897
15.122,-298.0011
15.124,-297.9602
15.126,-297.89365
15.128,-297.6894
15.13,-296.79745
15.132,-295.9446
15.134,-295.36383
15.136,-295.18777
15.138,-294.8486
15.14,-294.82874
15.142,-294.99612
15.144,-295.18777
15.146,-294.74927
15.148,-294.36575
15.15,-294.27414
15.152,-294.68747
15.154,-295.14658
15.156,-296.25058
15.158,-297.86533
15.16,-299.69064
15.162,-300.81
15.164,-301.6088
15.166,-302.0468
15.168,-302.19223
15.17,-301.62784
15.172,-301.21503
15.174,-301.201
15.176,-301.69193
15.178,-302.07864
15.18,-302.886
15.182,-303.9886
15.184,-305.19415
15.186,-305.74774
15.188,-306.21033
15.19,-306.65582
15.192,-307.19543
15.194,-307.38736
15.196,-308.0001
15.198,-309.13168
15.2,-310.69766
15.202,-311.89606
15.204,-313.07892
15.206,-314.05405
15.208,-314.7002
15.21,-314.47754
15.212,-314.20782
15.214,-314.20822
15.216,-314.7002
15.218,-315.17166
15.22,-316.14493
15.222,-317.4239
15.224,-318.70276
15.226,-319.132
15.228,-319.2055
15.23,-319.00763
15.232,-318.70276
15.234,-317.92487
15.236,-317.4959
15.238,-317.5855
15.24,-318.20242
15.242,-318.65845
15.244,-319.41574
15.246,-320.32803
15.248,-321.20435
15.25,-321.2968
15.252,-321.13852
15.254,-320.75583
15.256,-320.2037
15.258,-319.01303
15.26,-317.98624
15.262,-317.34433
15.264,-317.20178
15.266,-316.97327
15.268,-317.1883
15.27,-317.68625
15.272,-318.20242
15.274,-317.89017
15.276,-317.2412
15.278,-316.29858
15.28,-315.20053
15.282,-313.58368
15.284,-312.38266
15.286,-311.88486
15.288,-312.1986
15.29,-312.64774
15.292,-313.6642
15.294,-314.96707
15.296,-316.20114
15.298,-316.4733
15.3,-316.3102
15.302,-315.81696
15.304,-315.20053
15.306,-314.13998
15.308,-313.5411
15.31,-313.57855
15.312,-314.1999
15.314,-314.60696
15.316,-315.14194
15.318,-315.56384
15.32,-315.70084
15.322,-314.99112
15.324,-314.239
15.326,-313.73663
15.328,-313.69955
15.33,-313.65994
15.332,-314.19278
15.334,-315.13287
15.336,-316.20114
15.338,-316.58313
15.34,-316.8127
15.342,-316.97122
15.344,-317.20178
15.346,-317.10074
15.348,-317.4559
15.35,-318.35217
15.352,-319.70337
15.354,-320.7449
15.356,-321.92313
15.358,-323.11285
15.36,-324.20624
15.362,-324.58365
15.364,-324.916
15.366,-325.2891
15.368,-325.7072
15.37,-325.52835
15.372,-325.2898
15.374,-324.89835
15.376,-324.20624
15.378,-322.50775
15.38,-320.39612
15.382,-317.93585
15.384,-315.20053
15.386,-311.70966
15.388,-308.22073
15.39,-304.86685
15.392,-301.69193
15.394,-298.13013
15.396,-294.85553
15.398,-291.99344
15.4,-289.6843
15.402,-287.53342
15.404,-286.39056
15.406,-286.4408
15.408,-287.683
15.41,-289.36664
15.412,-291.82233
15.414,-294.71646
15.416,-297.6894
15.418,-299.92783
15.42,-301.92352
15.422,-303.67905
15.424,-305.19415
15.426,-306.0294
15.428,-306.6797
15.43,-307.07886
15.432,-307.19543
15.434,-306.8955
15.436,-306.81778
15.438,-307.08774
15.44,-307.69574
15.442,-308.31244
15.444,-309.1491
15.446,-309.87546
15.448,-310.19733
15.45,-309.6831
15.452,-309.01566
15.454,-308.45865
15.456,-308.19608
15.458,-307.43567
15.46,-307.0582
15.462,-307.16986
15.464,-307.69574
15.466,-307.32956
15.468,-306.78116
15.47,-306.1481
15.472,-305.69446
15.474,-304.96735
15.476,-305.10974
15.478,-306.30624
15.48,-308.19608
15.482,-309.25934
15.484,-309.15524
15.486,-307.284
15.488,-303.6932
15.49,-298.47556
15.492,-293.01486
15.494,-287.37527
15.496,-280.17825
15.498,-268.14532
15.5,-248.79161
15.502,-220.23352
15.504,-183.11649
15.506,-140.56927
15.508,-98.989334
15.51,-64.25857
15.512,-40.025463
15.514,-25.920683
15.516,-19.720537
15.518,-17.709969
15.52,-18.011457
15.522,-22.154312
15.524,-36.901443
15.526,-70.39401
15.528,-129.08212
15.53,-213.71715
15.532,-319.15836
15.534,-433.34125
15.536,-540.84406
15.538,-626.62067
15.54,-681.4456
15.542,-702.24713
15.544,-692.4405
15.546,-659.44495
15.548,-613.4897
15.55,-563.3549
15.552,-515.3278
15.554,-472.34647
15.556,-436.14273
15.558,-406.42935
15.56,-382.24316
15.562,-362.0227
15.564,-345.50116
15.566,-332.05984
15.568,-321.20435
15.57,-312.03085
15.572,-304.78275
15.574,-299.1314
15.576,-294.68747
15.578,-290.6052
15.58,-287.2262
15.582,-284.54807
15.584,-282.67984
15.586,-281.33322
15.588,-280.96783
15.59,-281.41208
15.592,-282.1795
15.594,-282.27936
15.596,-281.40735
15.598,-279.44345
15.6,-276.67603
15.602,-273.37158
15.604,-270.42847
15.606,-268.45584
15.608,-267.6703
15.61,-267.4413
15.612,-267.54678
15.614,-267.4164
15.616,-266.66965
15.618,-264.679
15.62,-262.64212
15.622,-261.01672
15.624,-260.1655
15.626,-259.572
15.628,-260.17365
15.63,-261.4499
15.632,-262.66708
15.634,-262.68164
15.636,-262.15207
15.638,-261.21982
15.64,-260.1655
15.642,-258.7951
15.644,-257.96548
15.646,-257.66388
15.648,-257.6639
15.65,-257.23898
15.652,-256.79813
15.654,-256.28433
15.656,-255.66264
15.658,-254.46165
15.66,-253.17976
15.662,-251.76476
15.664,-250.15913
15.666,-247.97232
15.668,-245.9154
15.67,-244.25082
15.672,-243.15468
15.674,-242.22307
15.676,-241.84767
15.678,-241.76921
15.68,-241.65373
15.682,-240.82289
15.684,-239.72417
15.686,-238.45479
15.688,-237.15086
15.69,-235.51544
15.692,-234.1334
15.694,-233.02881
15.696,-232.14769
15.698,-231.01239
15.7,-230.13107
15.702,-229.52846
15.704,-229.14577
15.706,-228.41846
15.708,-227.67569
15.71,-226.7788
15.712,-225.64354
15.714,-223.89032
15.716,-222.234
15.718,-220.9395
15.72,-220.14005
15.722,-219.3383
15.724,-218.83145
15.726,-218.34834
15.728,-217.63846
15.73,-216.1738
15.732,-214.63644
15.734,-213.36375
15.736,-212.63527
15.738,-212.09772
15.74,-212.16968
15.742,-212.61841
15.744,-213.13559
15.746,-213.03964
15.748,-212.82657
15.75,-212.64912
15.752,-212.63527
15.754,-212.3294
15.756,-212.14284
15.758,-211.94829
15.76,-211.63463
15.762,-210.76256
15.764,-210.08476
15.766,-209.9648
15.768,-210.634
15.77,-211.57814
15.772,-213.05469
15.774,-214.69865
15.776,-216.1375
15.778,-216.67339
15.78,-216.94363
15.782,-217.3175
15.784,-218.13878
15.786,-219.03978
15.788,-220.4782
15.79,-222.2642
15.792,-224.1426
15.794,-225.44319
15.796,-226.77573
15.798,-228.43248
15.8,-230.64673
15.802,-232.91698
15.804,-235.5587
15.806,-238.25691
15.808,-240.65309
15.81,-242.01454
15.812,-242.95094
15.814,-243.85614
15.816,-245.15596
15.818,-246.59567
15.82,-248.71983
15.822,-251.36253
15.824,-254.16168
15.826,-256.21136
15.828,-257.81882
15.83,-259.06363
15.832,-260.1655
15.834,-260.86874
15.836,-261.9563
15.838,-263.68362
15.84,-266.1693
15.842,-268.8977
15.844,-272.3446
15.846,-276.48444
15.848,-281.17886
15.85,-285.65527
15.852,-290.13165
15.854,-294.37872
15.856,-298.1897
15.858,-300.9204
15.86,-303.1163
15.862,-304.97623
15.864,-306.6951
15.866,-307.87634
15.868,-309.09955
15.87,-310.39767
15.872,-311.6983
15.874,-312.357
15.876,-312.8479
15.878,-313.25723
15.88,-313.69955
15.882,-313.754
15.884,-314.06757
15.886,-314.7349
15.888,-315.70084
15.89,-316.2432
15.892,-316.72122
15.894,-317.04813
15.896,-317.20178
15.898,-316.7066
15.9,-316.31223
15.902,-316.27286
15.904,-316.70148
15.906,-316.96436
15.908,-317.43555
15.91,-317.91336
15.912,-318.20242
15.914,-317.65918
15.916,-316.97287
15.918,-316.4154
15.92,-316.20114
15.922,-315.82953
15.924,-315.81296
15.926,-316.00797
15.928,-316.20114
15.93,-315.65793
15.932,-315.00937
15.934,-314.45868
15.936,-314.1999
15.938,-313.74286
15.94,-313.72772
15.942,-314.09753
15.944,-314.7002
15.946,-314.8001
15.948,-315.02252
15.95,-315.4701
15.952,-316.20114
15.954,-316.58252
15.956,-317.18674
15.958,-317.93115
15.96,-318.70276
15.962,-318.84756
15.964,-319.11093
15.966,-319.69138
15.968,-320.704
15.97,-321.51996
15.972,-322.66864
15.974,-323.97488
15.976,-325.20688
15.978,-325.5867
15.98,-325.7758
15.982,-325.93515
15.984,-326.20752
15.986,-326.05222
15.988,-326.12567
15.99,-326.38464
15.992,-326.70782
15.994,-326.3954
15.996,-326.1598
15.998,-326.2022
16.0,-326.70782
16.002,-327.17117
16.004,-328.25912
16.006,-329.86694
16.008,-331.71103
16.01,-332.82196
16.012,-333.62
16.014,-334.05902
16.016,-334.21262
16.018,-333.6468
16.02,-333.29755
16.022,-333.4496
16.024,-334.21262
16.026,-334.89673
16.028,-335.96277
16.03,-337.1691
16.032,-338.21515
16.034,-338.26404
16.036,-337.9077
16.038,-337.30685
16.04,-336.7142
16.042,-335.8346
16.044,-335.57858
16.046,-336.0837
16.048,-337.2145
16.05,-338.04575
16.052,-338.8236
16.054,-339.25894
16.056,-339.2158
16.058,-338.20752
16.06,-337.21732
16.062,-336.64917
16.064,-336.7142
16.066,-336.75955
16.068,-337.20328
16.07,-337.76315
16.072,-338.21515
16.074,-337.96216
16.076,-337.95374
16.078,-338.62
16.08,-340.21643
16.082,-342.0717
16.084,-344.47476
16.086,-346.88144
16.088,-348.72183
16.09,-349.0518
16.092,-348.5888
16.094,-347.6899
16.096,-346.72058
16.098,-345.26456
16.1,-343.94644
16.102,-342.5382
16.104,-340.71674
16.106,-337.69583
16.108,-334.26727
16.11,-330.81186
16.112,-327.70847
16.114,-324.56656
16.116,-322.06793
16.118,-320.041
16.12,-318.20242
16.122,-315.77618
16.124,-313.54758
16.126,-311.88956
16.128,-311.19797
16.13,-311.12732
16.132,-312.38324
16.134,-314.73795
16.136,-317.70212
16.138,-320.12515
16.14,-322.27072
16.142,-323.96918
16.144,-325.20688
16.146,-325.5458
16.148,-325.81223
16.15,-326.1794
16.152,-326.70782
16.154,-326.98886
16.156,-327.5069
16.158,-328.13257
16.16,-328.7091
16.162,-328.8976
16.164,-329.12064
16.166,-329.2731
16.168,-329.20944
16.17,-328.6345
16.172,-327.95746
16.174,-327.1365
16.176,-326.20752
16.178,-324.9209
16.18,-324.2574
16.182,-324.52783
16.184,-325.7072
16.186,-326.42355
16.188,-327.12366
16.19,-327.57144
16.192,-327.70847
16.194,-326.67688
16.196,-325.73425
16.198,-325.35236
16.2,-325.7072
16.202,-325.8222
16.204,-326.00546
16.206,-325.8743
16.208,-325.20688
16.21,-323.4244
16.212,-321.48767
16.214,-319.65503
16.216,-317.70212
16.218,-314.1289
16.22,-308.04602
16.222,-297.62054
16.224,-281.17886
16.226,-257.284
16.228,-227.00778
16.23,-192.18175
16.232,-155.59898
16.234,-119.73824
16.236,-87.69959
16.238,-60.691338
16.24,-38.52451
16.242,-19.782444
16.244,-4.909854
16.246,4.3064866
16.248,3.502228
16.25,-13.193277
16.252,-53.058132
16.254,-120.21277
16.256,-213.63591
16.258,-325.41623
16.26,-443.32764
16.262,-551.80164
16.264,-636.40485
16.266,-687.0245
16.268,-701.7781
16.27,-685.143
16.272,-646.4112
16.274,-596.0064
16.276,-544.1912
16.278,-497.37424
16.28,-458.29153
16.282,-426.37396
16.284,-400.85623
16.286,-380.195
16.288,-363.23108
16.29,-348.73587
16.292,-336.8717
16.294,-327.19656
16.296,-319.20306
16.298,-311.99234
16.3,-306.10947
16.302,-301.77042
16.304,-299.19034
16.306,-297.86035
16.308,-297.96994
16.31,-298.85013
16.312,-299.69064
16.314,-299.45303
16.316,-298.3286
16.318,-296.5846
16.32,-294.68747
16.322,-292.72748
16.324,-291.20288
16.326,-290.2227
16.328,-289.6843
16.33,-289.04114
16.332,-288.25778
16.334,-287.29236
16.336,-286.18207
16.338,-284.5531
16.34,-282.9423
16.342,-281.4606
16.344,-280.17825
16.346,-278.4682
16.348,-277.28943
16.35,-276.45117
16.352,-275.67538
16.354,-274.13846
16.356,-272.86133
16.358,-271.8798
16.36,-271.17252
16.362,-270.17477
16.364,-269.65253
16.366,-269.54266
16.368,-269.67154
16.37,-269.35727
16.372,-269.0904
16.374,-268.7461
16.376,-268.1706
16.378,-266.78232
16.38,-265.1161
16.382,-263.21503
16.384,-261.16614
16.386,-258.68625
16.388,-256.5336
16.39,-254.86606
16.392,-253.66136
16.394,-252.30362
16.396,-251.11221
16.398,-249.91408
16.4,-248.65819
16.402,-247.06146
16.404,-245.97711
16.406,-245.67955
16.408,-246.1566
16.41,-246.61784
16.412,-246.99567
16.414,-246.65459
16.416,-245.15596
16.418,-242.07079
16.42,-238.43857
16.422,-235.06032
16.424,-232.648
16.426,-231.12161
16.428,-230.89763
16.43,-231.473
16.432,-232.14769
16.434,-231.92252
16.436,-231.12485
16.438,-229.92688
16.44,-228.64546
16.442,-227.10808
16.444,-225.93622
16.446,-225.03128
16.448,-224.1426
16.45,-222.61201
16.452,-220.96292
16.454,-219.39565
16.456,-218.13878
16.458,-216.87755
16.46,-216.14323
16.462,-215.80771
16.464,-215.63718
16.466,-214.97675
16.468,-214.3347
16.47,-213.84756
16.472,-213.63591
16.474,-213.25322
16.476,-213.13834
16.478,-213.15468
16.48,-213.13559
16.482,-212.53493
16.484,-211.99644
16.486,-211.792
16.488,-212.13495
16.49,-212.59323
16.492,-213.57109
16.494,-214.84845
16.496,-216.1375
16.498,-216.73299
16.5,-217.15004
16.502,-217.5619
16.504,-218.13878
16.506,-218.4707
16.508,-219.08081
16.51,-219.97308
16.512,-221.14069
16.514,-222.13693
16.516,-223.63937
16.518,-225.82275
16.52,-228.64546
16.522,-231.28827
16.524,-233.80452
16.526,-235.81284
16.528,-237.15086
16.53,-237.51726
16.532,-237.98067
16.534,-239.22935
16.536,-241.65373
16.538,-244.6234
16.54,-248.07294
16.542,-251.28067
16.544,-253.66136
16.546,-254.57903
16.548,-254.96243
16.55,-255.60437
16.552,-257.1636
16.554,-259.32782
16.556,-262.238
16.558,-265.2384
16.56,-267.6703
16.562,-268.75214
16.564,-269.2887
16.566,-270.0294
16.568,-271.67282
16.57,-273.97113
16.572,-277.12268
16.574,-280.44888
16.576,-283.18015
16.578,-284.3756
16.58,-284.7027
16.582,-284.87076
16.584,-285.68173
16.586,-287.11908
16.588,-289.64893
16.59,-292.7674
16.592,-295.6881
16.594,-297.2242
16.596,-297.65594
16.598,-297.2885
16.6,-296.68875
16.602,-295.89438
16.604,-295.77664
16.606,-296.43362
16.608,-297.6894
16.61,-298.73846
16.612,-299.90195
16.614,-301.09314
16.616,-302.19223
16.618,-302.46335
16.62,-302.20602
16.622,-301.27838
16.624,-299.69064
16.626,-297.1866
16.628,-294.90244
16.63,-293.56384
16.632,-293.68683
16.634,-294.83002
16.636,-297.2309
16.638,-300.2717
16.64,-303.19287
16.642,-304.82132
16.644,-305.48788
16.646,-305.34018
16.648,-304.69385
16.65,-303.30917
16.652,-302.01514
16.654,-300.96616
16.656,-300.19098
16.658,-299.13937
16.66,-298.5176
16.662,-298.50943
16.664,-299.19034
16.666,-299.89374
16.668,-300.98904
16.67,-302.18936
16.672,-303.19287
16.674,-303.2505
16.676,-303.07208
16.678,-302.95828
16.68,-303.19287
16.682,-303.3337
16.684,-303.9948
16.686,-305.0365
16.688,-306.1948
16.69,-306.6379
16.692,-306.93958
16.694,-307.23843
16.696,-307.69574
16.698,-307.81668
16.7,-308.28937
16.702,-309.11475
16.704,-310.19733
16.706,-310.83957
16.708,-311.6719
16.71,-312.78378
16.712,-314.1999
16.714,-315.2611
16.716,-316.458
16.718,-317.65793
16.72,-318.70276
16.722,-318.92883
16.724,-318.99823
16.726,-319.058
16.728,-319.20306
16.73,-318.88998
16.732,-318.7112
16.734,-318.65402
16.736,-318.70276
16.738,-318.36298
16.74,-318.44058
16.742,-319.18558
16.744,-320.704
16.746,-322.3274
16.748,-324.42337
16.75,-326.669
16.752,-328.7091
16.754,-329.73615
16.756,-330.39822
16.758,-330.95587
16.76,-331.71103
16.762,-332.32022
16.764,-333.51425
16.766,-335.2365
16.768,-337.2145
16.77,-338.50674
16.772,-339.47574
16.774,-340.03668
16.776,-340.21643
16.778,-339.54553
16.78,-338.83926
16.782,-338.24445
16.784,-337.71484
16.786,-336.44223
16.788,-334.8046
16.79,-332.6027
16.792,-329.70975
16.794,-325.57065
16.796,-321.08603
16.798,-316.67023
16.8,-312.6989
16.802,-308.84793
16.804,-305.9419
16.806,-304.06985
16.808,-303.19287
16.81,-302.6406
16.812,-303.04056
16.814,-304.41638
16.816,-306.6951
16.818,-309.08704
16.82,-311.95947
16.822,-314.97055
16.824,-317.70212
16.826,-319.20407
16.828,-319.96017
16.83,-320.05307
16.832,-319.70337
16.834,-318.70786
16.836,-318.0016
16.838,-317.8174
16.84,-318.20242
16.842,-318.75464
16.844,-319.7803
16.846,-321.00958
16.848,-322.205
16.85,-323.06464
16.852,-324.10873
16.854,-325.357
16.856,-326.70782
16.858,-327.7
16.86,-328.54422
16.862,-328.93826
16.864,-328.7091
16.866,-327.264
16.868,-325.94
16.87,-325.47443
16.872,-326.20752
16.874,-326.79013
16.876,-327.41614
16.878,-327.465
16.88,-326.70782
16.882,-324.71878
16.884,-323.25604
16.886,-323.33636
16.888,-325.20688
16.89,-327.38303
16.892,-329.0485
16.894,-328.92188
16.896,-326.70782
16.898,-322.83438
16.9,-319.72543
16.902,-318.6056
16.904,-318.70276
16.906,-316.22708
16.908,-307.11145
16.91,-287.22086
16.912,-255.16232
16.914,-212.9921
16.916,-167.43483
16.918,-125.707596
16.92,-93.059204
16.922,-70.09921
16.924,-54.517994
16.926,-41.45725
16.928,-27.517506
16.93,-13.235549
16.932,-5.782189
16.934,-15.305319
16.936,-51.532784
16.938,-118.872574
16.94,-215.26611
16.942,-330.18054
16.944,-447.78485
16.946,-550.7969
16.948,-626.64685
16.95,-668.58734
16.952,-676.93066
16.954,-657.15405
16.956,-619.0485
16.958,-572.1676
16.96,-524.33356
16.962,-480.157
16.964,-442.75854
16.966,-412.57635
16.968,-388.7473
16.97,-369.38092
16.972,-353.85126
16.974,-341.2956
16.976,-331.2107
16.978,-322.83414
16.98,-316.64816
16.982,-312.42163
16.984,-309.69702
16.986,-307.38614
16.988,-305.61
16.99,-304.08493
16.992,-302.69257
16.994,-300.96936
16.996,-299.49158
16.998,-298.2708
17.0,-297.18906
17.002,-295.72012
17.004,-294.13412
17.006,-292.5729
17.008,-291.18524
17.01,-289.67886
17.012,-288.2027
17.014,-286.70728
17.016,-285.18143
17.018,-283.38705
17.02,-281.82764
17.022,-280.86362
17.024,-280.67856
17.026,-280.56256
17.028,-280.8124
17.03,-280.8335
17.032,-280.17825
17.034,-278.15656
17.036,-276.25876
17.038,-275.0064
17.04,-274.67474
17.042,-274.5952
17.044,-275.19022
17.046,-275.77478
17.048,-275.67538
17.05,-274.09164
17.052,-271.93402
17.054,-269.77887
17.056,-268.1706
17.058,-266.8837
17.06,-266.37296
17.062,-266.16403
17.064,-265.669
17.066,-264.07272
17.068,-262.00983
17.07,-259.88983
17.072,-258.16425
17.074,-256.64255
17.076,-255.8144
17.078,-255.32025
17.08,-254.662
17.082,-253.0572
17.084,-251.05711
17.086,-248.96764
17.088,-247.15723
17.09,-245.431
17.092,-244.34828
17.094,-243.70276
17.096,-243.15468
17.098,-242.02618
17.1,-240.84273
17.102,-239.8109
17.104,-239.15215
17.106,-238.53513
17.108,-238.38397
17.11,-238.39899
17.112,-238.1515
17.114,-236.86601
17.116,-235.00105
17.118,-232.7931
17.12,-230.64673
17.122,-228.57083
17.124,-227.43817
17.126,-227.36655
17.128,-228.14514
17.13,-228.88496
17.132,-229.62245
17.134,-229.95961
17.136,-229.64609
17.138,-228.20103
17.14,-226.34906
17.142,-224.41139
17.144,-222.64163
17.146,-220.70464
17.148,-219.16054
17.15,-217.99179
17.152,-217.13814
17.154,-216.11337
17.156,-215.5334
17.158,-215.53687
17.16,-216.1375
17.162,-216.69183
17.164,-217.43147
17.166,-218.02042
17.168,-218.13878
17.17,-217.15352
17.172,-215.72186
17.174,-214.2374
17.176,-213.13559
17.178,-212.25613
17.18,-212.2784
17.182,-213.16183
17.184,-214.63654
17.186,-215.84163
17.188,-217.02611
17.19,-218.11215
17.192,-219.1394
17.194,-219.72519
17.196,-220.57336
17.198,-221.86484
17.2,-223.64227
17.202,-225.31271
17.204,-227.26758
17.206,-229.41476
17.208,-231.64737
17.21,-233.37733
17.212,-235.13208
17.214,-237.02654
17.216,-239.15215
17.218,-241.04338
17.22,-243.24911
17.222,-245.80418
17.224,-248.65819
17.226,-251.19589
17.228,-253.82985
17.23,-256.5148
17.232,-259.16486
17.234,-261.16946
17.236,-262.97104
17.238,-264.61456
17.24,-266.1693
17.242,-267.23608
17.244,-268.47617
17.246,-270.09204
17.248,-272.17316
17.25,-274.1646
17.252,-276.43222
17.254,-278.83054
17.256,-281.17886
17.258,-282.83752
17.26,-284.29416
17.262,-285.69315
17.264,-287.1827
17.266,-288.35657
17.268,-289.758
17.27,-291.39978
17.272,-293.18652
17.274,-294.4597
17.276,-295.62595
17.278,-296.69504
17.28,-297.6894
17.282,-298.121
17.284,-298.55264
17.286,-299.0704
17.288,-299.69064
17.29,-299.8534
17.292,-300.06204
17.294,-300.34604
17.296,-300.69128
17.298,-300.52335
17.3,-300.35953
17.302,-300.24292
17.304,-300.19098
17.306,-299.674
17.308,-299.28983
17.31,-299.12582
17.312,-299.19034
17.314,-298.87265
17.316,-298.68094
17.318,-298.619
17.32,-298.69
17.322,-298.36832
17.324,-298.3083
17.326,-298.59897
17.328,-299.19034
17.33,-299.33878
17.332,-299.4365
17.334,-299.3873
17.336,-299.19034
17.338,-298.42163
17.34,-297.97964
17.342,-298.196
17.344,-299.19034
17.346,-300.22647
17.348,-301.5677
17.35,-302.8316
17.352,-303.6932
17.354,-303.47385
17.356,-303.0204
17.358,-302.79312
17.36,-303.19287
17.362,-303.8035
17.364,-305.15625
17.366,-306.94168
17.368,-308.69638
17.37,-309.43784
17.372,-309.68445
17.374,-309.65274
17.376,-309.69702
17.378,-309.57324
17.38,-310.14374
17.382,-311.43848
17.384,-313.19925
17.386,-314.42477
17.388,-315.3938
17.39,-315.96997
17.392,-316.20114
17.394,-315.7223
17.396,-315.52817
17.398,-315.97894
17.4,-317.20178
17.402,-318.46707
17.404,-320.10284
17.406,-321.78207
17.408,-323.2056
17.41,-323.64328
17.412,-323.8464
17.414,-324.1187
17.416,-324.70657
17.418,-325.09097
17.42,-325.8359
17.422,-326.7831
17.424,-327.70847
17.426,-327.86285
17.428,-327.94125
17.43,-328.16745
17.432,-328.7091
17.434,-328.97687
17.436,-329.506
17.438,-330.14197
17.44,-330.7104
17.442,-330.5481
17.444,-330.43246
17.446,-330.61557
17.448,-331.2107
17.45,-331.50778
17.452,-331.86734
17.454,-331.9986
17.456,-331.71103
17.458,-330.51044
17.46,-329.44003
17.462,-329.05786
17.464,-329.70975
17.466,-330.77292
17.468,-332.4545
17.47,-334.1339
17.472,-335.21326
17.474,-334.8435
17.476,-333.89987
17.478,-332.98956
17.48,-332.71167
17.482,-332.79614
17.484,-333.83817
17.486,-335.48276
17.488,-337.2145
17.49,-338.05737
17.492,-338.64316
17.494,-339.2597
17.496,-340.21643
17.498,-341.04135
17.5,-342.28418
17.502,-343.64304
17.504,-344.7193
17.506,-344.65277
17.508,-344.17062
17.51,-343.59314
17.512,-343.21835
17.514,-342.54153
17.516,-342.10608
17.518,-341.62128
17.52,-340.71674
17.522,-338.55887
17.524,-335.8853
17.526,-333.00516
17.528,-330.21005
17.53,-327.0315
17.532,-324.1222
17.534,-321.3825
17.536,-318.70276
17.538,-315.54025
17.54,-312.91306
17.542,-311.33868
17.544,-311.19797
17.546,-311.95102
17.548,-313.99796
17.55,-316.80814
17.552,-319.70337
17.554,-321.5324
17.556,-322.75757
17.558,-323.5408
17.56,-324.20624
17.562,-324.53305
17.564,-325.35806
17.566,-326.6677
17.568,-328.2088
17.57,-329.24594
17.572,-330.06958
17.574,-330.5478
17.576,-330.7104
17.578,-330.51257
17.58,-330.67825
17.582,-331.28998
17.584,-332.21133
17.586,-332.93845
17.588,-333.6266
17.59,-333.94946
17.592,-333.71228
17.594,-332.48694
17.596,-331.29642
17.598,-330.6213
17.6,-330.7104
17.602,-330.43222
17.604,-330.55038
17.606,-331.00076
17.608,-331.71103
17.61,-331.53546
17.612,-331.49942
17.614,-331.85553
17.616,-332.71167
17.618,-333.13007
17.62,-333.62677
17.622,-333.9294
17.624,-333.71228
17.626,-332.0348
17.628,-329.46143
17.63,-326.02924
17.632,-321.70465
17.634,-315.62048
17.636,-307.79398
17.638,-297.14066
17.64,-282.1795
17.642,-260.91495
17.644,-233.30603
17.646,-199.99362
17.648,-163.10376
17.65,-125.38191
17.652,-91.13546
17.654,-63.262043
17.656,-43.02737
17.658,-29.572168
17.66,-22.697063
17.662,-22.554125
17.664,-31.520052
17.666,-53.908813
17.668,-96.4526
17.67,-163.88974
17.672,-256.66327
17.674,-368.53873
17.676,-488.51898
17.678,-601.3511
17.68,-691.9402
17.682,-748.8217
17.684,-768.5614
17.686,-754.3796
17.688,-714.95483
17.69,-660.83563
17.692,-603.0153
17.694,-548.9301
17.696,-502.31955
17.698,-463.3466
17.7,-431.62683
17.702,-405.67825
17.704,-384.24445
17.706,-365.995
17.708,-351.09683
17.71,-339.16437
17.712,-329.70975
17.714,-321.7132
17.716,-315.4182
17.718,-310.62848
17.72,-307.19543
17.722,-304.4523
17.724,-302.70483
17.726,-301.60327
17.728,-300.69128
17.73,-299.13284
17.732,-297.11606
17.734,-294.7163
17.736,-292.18588
17.738,-289.5304
17.74,-287.37558
17.742,-286.06656
17.744,-285.68173
17.746,-285.6281
17.748,-285.63626
17.75,-285.24994
17.752,-284.1808
17.754,-281.99728
17.756,-279.5735
17.758,-277.47855
17.76,-276.1757
17.762,-275.12524
17.764,-275.13858
17.766,-275.56512
17.768,-275.67538
17.77,-274.40384
17.772,-272.98914
17.774,-271.80756
17.776,-271.17252
17.778,-270.6149
17.78,-270.77344
17.782,-271.16245
17.784,-271.17252
17.786,-269.90973
17.788,-268.0642
17.79,-265.99988
17.792,-264.16806
17.794,-262.44543
17.796,-261.52698
17.798,-261.23123
17.8,-261.16614
17.802,-260.51614
17.804,-259.67722
17.806,-258.69183
17.808,-257.6639
17.81,-256.22366
17.812,-254.91078
17.814,-253.61514
17.816,-252.16042
17.818,-250.01556
17.82,-247.81516
17.822,-245.79214
17.824,-244.15532
17.826,-242.56732
17.828,-241.51457
17.83,-240.80815
17.832,-240.15277
17.834,-238.86986
17.836,-237.43071
17.838,-235.96045
17.84,-234.64928
17.842,-233.2458
17.844,-232.3952
17.846,-232.09128
17.848,-232.14769
17.85,-231.84695
17.852,-231.48538
17.854,-230.9358
17.856,-230.14641
17.858,-228.70909
17.86,-227.29596
17.862,-226.08125
17.864,-225.14323
17.866,-223.9975
17.868,-223.10225
17.87,-222.36172
17.872,-221.641
17.874,-220.37839
17.876,-219.1213
17.878,-217.99884
17.88,-217.13814
17.882,-216.16443
17.884,-215.67726
17.886,-215.70015
17.888,-216.1375
17.89,-216.34872
17.892,-216.72202
17.894,-217.17844
17.896,-217.63846
17.898,-217.56064
17.9,-217.4859
17.902,-217.49487
17.904,-217.63846
17.906,-217.45537
17.908,-217.51912
17.91,-217.90932
17.912,-218.63908
17.914,-219.18257
17.916,-220.02753
17.918,-221.18643
17.92,-222.64163
17.922,-223.87677
17.924,-225.42593
17.926,-227.3526
17.928,-229.64609
17.93,-231.71979
17.932,-233.97519
17.934,-236.32489
17.936,-238.65182
17.938,-240.35779
17.94,-241.948
17.942,-243.52043
17.944,-245.15596
17.946,-246.39767
17.948,-247.78798
17.95,-249.37921
17.952,-251.15977
17.954,-252.58366
17.956,-254.13261
17.958,-255.83467
17.96,-257.6639
17.962,-259.05353
17.964,-260.4707
17.966,-261.98004
17.968,-263.66772
17.97,-265.14154
17.972,-267.0209
17.974,-269.39798
17.976,-272.17316
17.978,-274.55756
17.98,-276.68433
17.982,-278.27423
17.984,-279.1776
17.986,-278.96872
17.988,-278.4875
17.99,-278.25006
17.992,-278.67728
17.994,-279.44785
17.996,-280.98325
17.998,-283.02527
18.0,-285.18143
18.002,-286.59653
18.004,-287.63913
18.006,-288.43124
18.008,-289.18396
18.01,-289.57132
18.012,-290.2187
18.014,-291.1382
18.016,-292.18588
18.018,-292.64072
18.02,-292.91718
18.022,-293.06223
18.024,-293.18652
18.026,-292.9006
18.028,-292.9016
18.03,-293.32962
18.032,-294.18716
18.034,-294.8214
18.036,-295.63046
18.038,-296.4784
18.04,-297.18906
18.042,-297.0576
18.044,-296.59677
18.046,-295.9158
18.048,-295.18777
18.05,-294.08072
18.052,-293.42502
18.054,-293.44968
18.056,-294.18716
18.058,-294.90717
18.06,-295.91534
18.062,-296.9314
18.064,-297.6894
18.066,-297.48264
18.068,-296.98102
18.07,-296.45557
18.072,-296.18842
18.074,-295.8215
18.076,-296.0625
18.078,-296.91208
18.08,-298.1897
18.082,-299.05246
18.084,-299.88696
18.086,-300.60727
18.088,-301.19162
18.09,-301.1162
18.092,-301.13934
18.094,-301.4615
18.096,-302.19223
18.098,-302.76373
18.1,-303.75705
18.102,-305.1162
18.104,-306.6951
18.106,-307.74115
18.108,-308.75818
18.11,-309.73953
18.112,-310.69766
18.114,-311.09827
18.116,-311.66254
18.118,-312.52173
18.12,-313.69955
18.122,-314.53555
18.124,-315.5451
18.126,-316.64
18.128,-317.70212
18.13,-318.06497
18.132,-318.36578
18.134,-318.71924
18.136,-319.20306
18.138,-319.2676
18.14,-319.54184
18.142,-320.03983
18.144,-320.704
18.146,-320.87997
18.148,-321.16684
18.15,-321.6086
18.152,-322.205
18.154,-322.34128
18.156,-322.62503
18.158,-323.08426
18.16,-323.70593
18.162,-323.8879
18.164,-324.26968
18.166,-324.89413
18.168,-325.7072
18.17,-325.99033
18.172,-326.22775
18.174,-326.32736
18.176,-326.20752
18.178,-325.28333
18.18,-324.3175
18.182,-323.55847
18.184,-323.2056
18.186,-322.78564
18.188,-322.95465
18.19,-323.65863
18.192,-324.70657
18.194,-325.27982
18.196,-325.83984
18.198,-326.32654
18.2,-326.70782
18.202,-326.40253
18.204,-326.10333
18.206,-325.88007
18.208,-325.7072
18.21,-324.9169
18.212,-324.11475
18.214,-323.35123
18.216,-322.7053
18.218,-321.71564
18.22,-321.21982
18.222,-321.38794
18.224,-322.205
18.226,-322.87067
18.228,-323.76233
18.23,-324.61752
18.232,-325.20688
18.234,-324.83725
18.236,-324.2917
18.238,-323.84305
18.24,-323.70593
18.242,-323.3637
18.244,-323.43445
18.246,-323.78983
18.248,-324.20624
18.25,-323.90613
18.252,-323.49524
18.254,-323.0664
18.256,-322.7053
18.258,-321.87988
18.26,-321.2279
18.262,-320.70526
18.264,-320.2037
18.266,-319.10022
18.268,-318.1043
18.27,-317.4136
18.272,-317.20178
18.274,-317.00055
18.276,-317.4536
18.278,-318.4465
18.28,-319.70337
18.282,-320.3337
18.284,-320.785
18.286,-321.0415
18.288,-321.20435
18.29,-320.90512
18.292,-321.08176
18.294,-321.9953
18.296,-323.70593
18.298,-325.4882
18.3,-327.72052
18.302,-330.08282
18.304,-332.21133
18.306,-333.23996
18.308,-333.70215
18.31,-333.65982
18.312,-333.21198
18.314,-331.8822
18.316,-330.41544
18.318,-328.87466
18.32,-327.20816
18.322,-324.73615
18.324,-322.05753
18.326,-319.20264
18.328,-316.20114
18.33,-312.5257
18.332,-308.94278
18.334,-305.62234
18.336,-302.69257
18.338,-299.6922
18.34,-297.42346
18.342,-296.06268
18.344,-295.6881
18.346,-295.70578
18.348,-296.66956
18.35,-298.42538
18.352,-300.69128
18.354,-302.57742
18.356,-304.4558
18.358,-306.18686
18.36,-307.69574
18.362,-308.48572
18.364,-309.2625
18.366,-310.1527
18.368,-311.19797
18.37,-312.00153
18.372,-312.9384
18.374,-313.76343
18.376,-314.1999
18.378,-313.88245
18.38,-313.2274
18.382,-312.28955
18.384,-311.19797
18.386,-310.02405
18.388,-309.383
18.39,-309.30923
18.392,-309.69702
18.394,-309.9713
18.396,-310.6884
18.398,-311.82147
18.4,-313.19925
18.402,-313.5317
18.404,-313.54306
18.406,-313.3586
18.408,-313.19925
18.41,-312.30438
18.412,-311.76508
18.414,-311.76523
18.416,-312.1986
18.418,-311.98126
18.42,-311.46277
18.422,-310.50806
18.424,-309.1967
18.426,-307.17502
18.428,-305.35168
18.43,-303.72885
18.432,-301.69193
18.434,-297.42224
18.436,-289.85498
18.438,-277.33514
18.44,-258.66455
18.442,-233.04941
18.444,-202.01831
18.446,-167.54166
18.448,-132.08403
18.45,-97.43963
18.452,-65.802635
18.454,-37.742996
18.456,-13.008275
18.458,9.115851
18.46,26.961952
18.462,37.275536
18.464,34.52196
18.466,12.371739
18.468,-35.88503
18.47,-112.99853
18.472,-216.1375
18.474,-335.69183
18.476,-458.1937
18.478,-567.6373
18.48,-649.91345
18.482,-695.81305
18.484,-704.54236
18.486,-681.675
18.488,-637.4055
18.49,-582.80725
18.492,-528.4126
18.494,-480.60287
18.496,-441.78104
18.498,-410.83643
18.5,-386.30878
18.502,-366.08514
18.504,-348.72183
18.506,-333.11365
18.508,-319.79565
18.51,-308.8551
18.512,-300.19098
18.514,-293.02957
18.516,-287.59573
18.518,-283.57956
18.52,-280.67856
18.522,-278.15747
18.524,-276.28192
18.526,-274.848
18.528,-273.6741
18.53,-272.29947
18.532,-271.14212
18.534,-270.39352
18.536,-270.17188
18.538,-270.13287
18.54,-270.30826
18.542,-270.5453
18.544,-270.67218
18.546,-270.25955
18.548,-269.36734
18.55,-268.11243
18.552,-266.66965
18.554,-264.79227
18.556,-263.07748
18.558,-261.67413
18.56,-260.66583
18.562,-259.4223
18.564,-258.8677
18.566,-258.73636
18.568,-258.66455
18.57,-257.77713
18.572,-257.006
18.574,-256.32706
18.576,-255.66264
18.578,-254.42325
18.58,-253.30862
18.582,-252.25821
18.584,-251.15977
18.586,-249.4814
18.588,-247.86668
18.59,-246.40474
18.592,-245.15596
18.594,-243.73293
18.596,-242.70435
18.598,-242.04893
18.6,-241.65373
18.602,-240.95824
18.604,-240.36897
18.606,-239.8025
18.608,-239.15215
18.61,-237.90738
18.612,-236.54948
18.614,-235.11243
18.616,-233.64864
18.618,-231.83717
18.62,-230.33333
18.622,-229.26859
18.624,-228.64546
18.626,-227.92053
18.628,-227.40749
18.63,-226.88771
18.632,-226.14386
18.634,-224.64432
18.636,-222.94241
18.638,-221.21468
18.64,-219.63972
18.642,-217.93246
18.644,-216.69145
18.646,-215.95056
18.648,-215.63718
18.65,-215.19553
18.652,-215.03008
18.654,-215.05745
18.656,-215.13686
18.658,-214.6569
18.66,-213.96693
18.662,-212.97493
18.664,-211.63463
18.666,-209.56314
18.668,-207.48923
18.67,-205.74881
18.672,-204.63017
18.674,-203.84605
18.676,-203.93398
18.678,-204.7875
18.68,-206.13113
18.682,-207.16386
18.684,-208.13837
18.686,-208.96143
18.688,-209.63336
18.69,-209.75835
18.692,-209.97972
18.694,-210.43565
18.696,-211.13431
18.698,-211.48584
18.7,-211.84117
18.702,-212.08722
18.704,-212.13495
18.706,-211.52463
18.708,-210.92514
18.71,-210.67747
18.712,-211.13431
18.714,-212.09344
18.716,-214.18358
18.718,-217.32912
18.72,-221.14069
18.722,-224.5279
18.724,-227.36688
18.726,-229.26878
18.728,-230.14641
18.73,-229.79645
18.732,-229.31041
18.734,-229.422
18.736,-230.64673
18.738,-232.62404
18.74,-235.59663
18.742,-239.11258
18.744,-242.65437
18.746,-245.37915
18.748,-247.72072
18.75,-249.90196
18.752,-252.16042
18.754,-254.11447
18.756,-256.17804
18.758,-258.2339
18.76,-260.1655
18.762,-261.50742
18.764,-262.9533
18.766,-264.8085
18.768,-267.16995
18.77,-269.30444
18.772,-271.17792
18.774,-272.25006
18.776,-272.17316
18.778,-270.55145
18.78,-268.4883
18.782,-266.9278
18.784,-266.66965
18.786,-267.546
18.788,-269.79382
18.79,-272.7674
18.792,-275.67538
18.794,-277.4673
18.796,-278.54932
18.798,-279.2952
18.8,-280.17825
18.802,-280.98523
18.804,-282.18945
18.806,-283.53763
18.808,-284.6811
18.81,-284.92886
18.812,-284.9309
18.814,-285.07724
18.816,-285.68173
18.818,-286.26517
18.82,-287.06024
18.822,-287.6526
18.824,-287.683
18.826,-286.59464
18.828,-285.31134
18.83,-284.4998
18.832,-284.6811
18.834,-285.42328
18.836,-286.91812
18.838,-288.5473
18.84,-289.6843
18.842,-289.49777
18.844,-288.7792
18.846,-288.1477
18.848,-288.18332
18.85,-288.5648
18.852,-289.64282
18.854,-290.88754
18.856,-291.68555
18.858,-291.13873
18.86,-289.98508
18.862,-288.7984
18.864,-288.18332
18.866,-287.91235
18.868,-288.50824
18.87,-289.60587
18.872,-290.68494
18.874,-290.81625
18.876,-290.60675
18.878,-290.4266
18.88,-290.68494
18.882,-291.0282
18.884,-291.96375
18.886,-293.1671
18.888,-294.18716
18.89,-294.14554
18.892,-293.69397
18.894,-293.22266
18.896,-293.18652
18.898,-293.32245
18.9,-294.32166
18.902,-296.05023
18.904,-298.1897
18.906,-299.86102
18.908,-301.5435
18.91,-303.3011
18.912,-305.19415
18.914,-306.61542
18.916,-308.03473
18.918,-309.28638
18.92,-310.19733
18.922,-310.1659
18.924,-309.99472
18.926,-310.0632
18.928,-310.69766
18.93,-311.48013
18.932,-312.9779
18.934,-314.99725
18.936,-317.20178
18.938,-318.68887
18.94,-319.91177
18.942,-320.8971
18.944,-321.70465
18.946,-321.78888
18.948,-321.7587
18.95,-321.5919
18.952,-321.20435
18.954,-319.98663
18.956,-318.6846
18.958,-317.63165
18.96,-317.20178
18.962,-317.14014
18.964,-318.22598
18.966,-320.3891
18.968,-323.2056
18.97,-325.4484
18.972,-327.08057
18.974,-327.6964
18.976,-327.20816
18.978,-325.3426
18.98,-323.31354
18.982,-321.8017
18.984,-321.20435
18.986,-320.92337
18.988,-321.18735
18.99,-321.4506
18.992,-321.20435
18.994,-319.681
18.996,-317.76297
18.998,-316.0624
19.0,-315.20053
19.002,-314.99054
19.004,-316.08856
19.006,-318.18286
19.008,-320.704
19.01,-322.5228
19.012,-323.95233
19.014,-324.97665
19.016,-325.7072
19.018,-325.69418
19.02,-325.63748
19.022,-325.5167
19.024,-325.20688
19.026,-324.044
19.028,-322.75003
19.03,-321.56284
19.032,-320.704
19.034,-319.71548
19.036,-319.2408
19.038,-319.15604
19.04,-319.20306
19.042,-318.55887
19.044,-317.772
19.046,-316.93692
19.048,-316.20114
19.05,-315.13403
19.052,-314.51093
19.054,-314.39536
19.056,-314.7002
19.058,-314.67865
19.06,-314.82623
19.062,-315.03964
19.064,-315.20053
19.066,-314.63837
19.068,-313.9914
19.07,-313.3297
19.072,-312.6989
19.074,-311.57184
19.076,-310.65076
19.078,-310.0203
19.08,-309.69702
19.082,-309.0971
19.084,-308.84143
19.086,-308.91397
19.088,-309.1967
19.09,-308.9498
19.092,-308.6886
19.094,-308.40976
19.096,-308.19608
19.098,-307.67075
19.1,-307.74615
19.102,-308.618
19.104,-310.19733
19.106,-311.54184
19.108,-312.8052
19.11,-313.58517
19.112,-313.69955
19.114,-312.75272
19.116,-311.87332
19.118,-311.61234
19.12,-312.1986
19.122,-312.83466
19.124,-313.58643
19.126,-313.83508
19.128,-313.19925
19.13,-311.25183
19.132,-309.3056
19.134,-308.26245
19.136,-308.69638
19.138,-309.94965
19.14,-311.91968
19.142,-313.5109
19.144,-313.69955
19.146,-311.47784
19.148,-307.89822
19.15,-304.06128
19.152,-301.19162
19.154,-299.5565
19.156,-299.94775
19.158,-301.83057
19.16,-304.1935
19.162,-305.4749
19.164,-305.7706
19.166,-305.1742
19.168,-304.1935
19.17,-302.90665
19.172,-302.44318
19.174,-302.9645
19.176,-304.1935
19.178,-305.05704
19.18,-305.69864
19.182,-305.89926
19.184,-305.69446
19.186,-304.80655
19.188,-304.2122
19.19,-304.18436
19.192,-304.69385
19.194,-304.90387
19.196,-305.03662
19.198,-304.81586
19.2,-304.1935
19.202,-302.92194
19.204,-302.1694
19.206,-302.5142
19.208,-304.1935
19.21,-306.42343
19.212,-309.1795
19.214,-311.66595
19.216,-313.19925
19.218,-312.98285
19.22,-311.9453
19.222,-310.79242
19.224,-310.19733
19.226,-309.93692
19.228,-310.52582
19.23,-311.49133
19.232,-312.1986
19.234,-311.65036
19.236,-310.48236
19.238,-309.14627
19.24,-308.19608
19.242,-307.44183
19.244,-307.5
19.246,-307.98038
19.248,-308.19608
19.25,-306.93716
19.252,-304.51334
19.254,-301.0981
19.256,-297.18906
19.258,-292.87354
19.26,-289.3516
19.262,-286.9686
19.264,-285.68173
19.266,-284.60605
19.268,-283.94284
19.27,-283.36688
19.272,-282.67984
19.274,-281.32996
19.276,-280.15897
19.278,-279.51883
19.28,-279.67792
19.282,-280.20123
19.284,-281.63095
19.286,-283.7482
19.288,-286.18207
19.29,-288.0531
19.292,-289.73578
19.294,-291.23297
19.296,-292.6862
19.298,-293.94476
19.3,-295.7185
19.302,-298.02994
19.304,-300.69128
19.306,-303.1721
19.308,-305.52765
19.31,-307.3272
19.312,-308.19608
19.314,-307.77893
19.316,-306.5509
19.318,-304.73355
19.32,-302.69257
19.322,-300.56927
19.324,-299.35614
19.326,-299.29324
19.328,-300.19098
19.33,-300.65125
19.332,-300.9684
19.334,-300.9575
19.336,-300.69128
19.338,-299.4774
19.34,-298.62302
19.342,-298.6381
19.344,-299.69064
19.346,-300.7754
19.348,-302.02963
19.35,-302.84885
19.352,-302.69257
19.354,-300.6962
19.356,-297.61414
19.358,-293.94156
19.36,-290.1846
19.362,-285.97507
19.364,-281.3745
19.366,-274.9965
19.368,-264.66837
19.37,-247.56604
19.372,-222.80093
19.374,-190.67606
19.376,-153.59772
19.378,-115.16819
19.38,-80.590515
19.382,-53.360508
19.384,-34.52196
19.386,-22.032995
19.388,-13.63598
19.39,-7.329676
19.392,-4.0025463
19.394,-7.882257
19.396,-27.200005
19.398,-69.69737
19.4,-139.5888
19.402,-234.26949
19.404,-345.17383
19.406,-457.8736
19.408,-556.35394
19.41,-626.9103
19.412,-663.0916
19.414,-665.24945
19.416,-639.9071
19.418,-596.5336
19.42,-545.96436
19.422,-496.29373
19.424,-452.28772
19.426,-415.1662
19.428,-385.17578
19.43,-361.12576
19.432,-341.71738
19.434,-325.46365
19.436,-312.2561
19.438,-301.62863
19.44,-293.18652
19.442,-286.16806
19.444,-280.9718
19.446,-277.52603
19.448,-275.67538
19.45,-274.66266
19.452,-274.57983
19.454,-274.92496
19.456,-275.17505
19.458,-274.5623
19.46,-273.317
19.462,-271.58813
19.464,-269.67154
19.466,-267.61368
19.468,-265.96185
19.47,-264.98053
19.472,-264.66837
19.474,-264.42896
19.476,-263.9585
19.478,-262.90375
19.48,-261.16614
19.482,-258.63284
19.484,-256.21918
19.486,-254.60062
19.488,-254.16168
19.49,-254.17099
19.492,-254.82526
19.494,-255.11446
19.496,-254.16168
19.498,-251.09099
19.5,-247.36626
19.502,-243.81511
19.504,-241.15341
19.506,-239.18765
19.508,-238.50296
19.51,-238.53989
19.512,-238.65182
19.514,-238.06895
19.516,-237.57559
19.518,-237.65309
19.52,-238.65182
19.522,-240.06166
19.524,-241.8138
19.526,-242.97482
19.528,-242.65437
19.53,-240.05469
19.532,-236.04436
19.534,-231.55888
19.536,-227.64482
19.538,-224.62404
19.54,-223.16907
19.542,-222.90086
19.544,-223.14195
19.546,-222.93118
19.548,-222.61145
19.55,-222.40881
19.552,-222.64163
19.554,-223.04446
19.556,-223.89693
19.558,-224.65765
19.56,-224.64291
19.562,-222.96904
19.564,-220.13036
19.566,-216.61168
19.568,-213.13559
19.57,-209.98502
19.572,-208.10313
19.574,-207.58029
19.576,-208.1324
19.578,-208.85678
19.58,-209.80115
19.582,-210.64049
19.584,-211.13431
19.586,-210.7159
19.588,-209.82747
19.59,-208.56738
19.592,-207.13177
19.594,-205.40674
19.596,-204.25778
19.598,-203.99527
19.6,-204.63017
19.602,-205.40067
19.604,-206.2387
19.606,-206.59947
19.608,-206.13113
19.61,-204.4128
19.612,-202.37138
19.614,-200.62927
19.616,-199.627
19.618,-198.97552
19.62,-198.86292
19.622,-198.8589
19.624,-198.62636
19.626,-197.7232
19.628,-197.04828
19.63,-197.22029
19.632,-198.62636
19.634,-200.7161
19.636,-203.43224
19.638,-206.07939
19.64,-208.1324
19.642,-209.11026
19.644,-210.02983
19.646,-211.69855
19.648,-214.63654
19.65,-218.262
19.652,-222.255
19.654,-225.52335
19.656,-227.1445
19.658,-226.42906
19.66,-224.45375
19.662,-222.45557
19.664,-221.641
19.666,-222.19836
19.668,-224.39333
19.67,-227.39508
19.672,-230.14641
19.674,-231.49678
19.676,-231.92798
19.678,-232.16383
19.68,-233.14832
19.682,-235.10129
19.684,-238.52936
19.686,-242.86967
19.688,-247.15723
19.69,-250.05563
19.692,-251.61913
19.694,-252.09909
19.696,-252.16042
19.698,-252.11713
19.7,-252.93568
19.702,-254.73431
19.704,-257.1636
19.706,-259.17926
19.708,-260.66034
19.71,-261.32196
19.712,-261.16614
19.714,-260.02246
19.716,-258.76675
19.718,-257.8772
19.72,-257.6639
19.722,-257.7588
19.724,-258.45752
19.726,-259.4251
19.728,-260.1655
19.73,-259.73264
19.732,-258.31158
19.734,-255.9852
19.736,-253.16106
19.738,-250.03656
19.74,-247.8415
19.742,-247.16583
19.744,-248.15787
19.746,-250.0174
19.748,-252.53934
19.75,-254.96469
19.752,-256.66327
19.754,-256.8837
19.756,-256.2901
19.758,-255.38084
19.76,-254.662
19.762,-253.95946
19.764,-253.79317
19.766,-253.96825
19.768,-254.16168
19.77,-253.65697
19.772,-252.98311
19.774,-252.39291
19.776,-252.16042
19.778,-251.94566
19.78,-252.21474
19.782,-252.73752
19.784,-253.16106
19.786,-252.71101
19.788,-251.8902
19.79,-250.93307
19.792,-250.15913
19.794,-249.3489
19.796,-249.22647
19.798,-249.85785
19.8,-251.15977
19.802,-252.49455
19.804,-254.28456
19.806,-256.4212
19.808,-258.66455
19.81,-260.1442
19.812,-261.05045
19.814,-261.20242
19.816,-260.66583
19.818,-259.32874
19.82,-258.3924
19.822,-258.55466
19.824,-260.1655
19.826,-262.55664
19.828,-265.63846
19.83,-268.59433
19.832,-270.67218
19.834,-271.0028
19.836,-270.29303
19.838,-269.13556
19.84,-268.1706
19.842,-267.3069
19.844,-267.12726
19.846,-267.3845
19.848,-267.6703
19.85,-267.1951
19.852,-266.57465
19.854,-266.23468
19.856,-266.66965
19.858,-267.69388
19.86,-269.8263
19.862,-272.7034
19.864,-275.67538
19.866,-277.578
19.868,-278.5618
19.87,-278.65472
19.872,-278.17697
19.874,-277.10614
19.876,-276.46497
19.878,-276.62317
19.88,-277.67664
19.882,-278.9746
19.884,-280.78708
19.886,-282.81027
19.888,-284.6811
19.89,-285.54852
19.892,-285.77615
19.894,-285.41385
19.896,-284.6811
19.898,-283.41467
19.9,-282.55075
19.902,-282.3407
19.904,-282.67984
19.906,-282.6246
19.908,-282.1858
19.91,-281.0252
19.912,-279.1776
19.914,-276.64746
19.916,-274.87708
19.918,-274.7553
19.92,-276.67603
19.922,-279.79324
19.924,-283.70447
19.926,-287.18805
19.928,-289.18396
19.93,-288.72586
19.932,-286.7389
19.934,-284.20447
19.936,-282.1795
19.938,-280.83047
19.94,-280.8012
19.942,-281.65662
19.944,-282.67984
19.946,-282.789
19.948,-282.4536
19.95,-282.06528
19.952,-282.1795
19.954,-282.67593
19.956,-284.1856
19.958,-286.38928
19.96,-288.68365
19.962,-289.95267
19.964,-290.51044
19.966,-290.4826
19.968,-290.1846
19.97,-289.40256
19.972,-288.91495
19.974,-288.73615
19.976,-288.68365
19.978,-288.00275
19.98,-287.20517
19.982,-286.3897
19.984,-285.68173
19.986,-284.63248
19.988,-283.8608
19.99,-283.3831
19.992,-283.18015
19.994,-282.7687
19.996,-282.86826
19.998,-283.6654
20.0,-285.18143
20.002,-286.68634
20.004,-288.37885
20.006,-289.83997
20.008,-290.68494
20.01,-290.1883
20.012,-289.04874
20.014,-287.6012
20.016,-286.18207
20.018,-284.49478
20.02,-283.27255
20.022,-282.63586
20.024,-282.67984
20.026,-283.0127
20.028,-284.42615
20.03,-287.04993
20.032,-290.68494
20.034,-294.22867
20.036,-297.45416
20.038,-299.60052
20.04,-300.19098
20.042,-298.75702
20.044,-296.54343
20.046,-294.56085
20.048,-293.68683
20.05,-293.7884
20.052,-295.24716
20.054,-297.36374
20.056,-299.19034
20.058,-299.41183
20.06,-298.34222
20.062,-296.25027
20.064,-293.68683
20.066,-290.71158
20.068,-288.34677
20.07,-286.8293
20.072,-286.18207
20.074,-285.84662
20.076,-286.41534
20.078,-287.91595
20.08,-290.1846
20.082,-292.2811
20.084,-294.2497
20.086,-295.62665
20.088,-296.18842
20.09,-295.59128
20.092,-294.99844
20.094,-295.08728
20.096,-296.18842
20.098,-297.5387
20.1,-299.02136
20.102,-299.7847
20.104,-299.19034
20.106,-296.65817
20.108,-293.39713
20.11,-290.4449
20.112,-288.68365
20.114,-287.90503
20.116,-288.39703
20.118,-289.4262
20.12,-290.1846
20.122,-289.7029
20.124,-288.80893
20.126,-288.22467
20.128,-288.68365
20.13,-289.97113
20.132,-292.36682
20.134,-294.99234
20.136,-296.68875
20.138,-296.01184
20.14,-293.359
20.142,-289.35904
20.144,-285.18143
20.146,-281.58252
20.148,-280.1386
20.15,-281.17093
20.152,-284.1808
20.154,-287.55804
20.156,-290.68546
20.158,-292.6785
20.16,-293.18652
20.162,-291.96417
20.164,-290.34842
20.166,-289.22977
20.168,-289.18396
20.17,-289.75558
20.172,-291.08725
20.174,-292.46707
20.176,-293.18652
20.178,-292.39078
20.18,-290.88733
20.182,-289.37997
20.184,-288.68365
20.186,-288.86127
20.188,-290.66034
20.19,-293.71097
20.192,-297.18906
20.194,-299.6122
20.196,-300.85684
20.198,-300.66638
20.2,-299.19034
20.202,-296.34995
20.204,-293.37186
20.206,-290.86227
20.208,-289.18396
20.21,-287.9134
20.212,-287.58655
20.214,-288.0783
20.216,-289.18396
20.218,-290.15485
20.22,-291.42374
20.222,-292.8469
20.224,-294.18716
20.226,-294.6199
20.228,-294.44244
20.23,-293.48447
20.232,-291.68555
20.234,-288.62634
20.236,-285.20032
20.238,-281.79977
20.24,-278.67728
20.242,-275.34985
20.244,-272.37692
20.246,-269.7702
20.248,-267.6703
20.25,-265.9026
20.252,-265.59265
20.254,-267.18756
20.256,-270.67218
20.258,-274.9112
20.26,-279.51868
20.262,-283.4936
20.264,-286.18207
20.266,-287.07526
20.268,-287.43616
20.27,-288.24765
20.272,-290.1846
20.274,-292.8056
20.276,-295.90533
20.278,-298.35587
20.28,-299.19034
20.282,-297.94095
20.284,-295.5455
20.286,-292.9853
20.288,-291.18524
20.29,-290.5189
20.292,-290.9706
20.294,-291.54898
20.296,-291.18524
20.298,-289.25378
20.3,-286.4846
20.302,-283.8943
20.304,-282.67984
20.306,-283.03207
20.308,-285.87244
20.31,-290.6808
20.312,-296.18842
20.314,-299.92856
20.316,-301.5015
20.318,-300.67606
20.32,-298.1897
20.322,-294.78867
20.324,-292.78607
20.326,-293.2883
20.328,-296.18842
20.33,-299.54782
20.332,-302.01382
20.334,-302.02994
20.336,-299.19034
20.338,-293.9356
20.34,-288.58978
20.342,-284.38373
20.344,-280.67856
20.346,-274.04486
20.348,-260.76743
20.35,-237.06569
20.352,-201.62827
20.354,-156.20248
20.356,-106.675896
20.358,-59.28365
20.36,-18.511776
20.362,15.047309
20.364,42.774662
20.366,67.43513
20.368,89.55698
20.37,105.66427
20.372,106.7802
20.374,82.82583
20.376,26.516869
20.378,-62.12452
20.38,-175.582
20.382,-298.6775
20.384,-413.2629
20.386,-502.99976
20.388,-559.12067
20.39,-580.48083
20.392,-572.86444
20.394,-545.42126
20.396,-508.7372
20.398,-470.647
20.4,-435.77722
20.402,-405.5081
20.404,-380.66437
20.406,-360.80984
20.408,-345.2196
20.41,-332.4849
20.412,-322.07825
20.414,-312.90573
20.416,-304.1935
20.418,-295.3879
20.42,-287.74475
20.422,-282.29175
20.424,-279.67792
20.426,-279.21143
20.428,-280.2875
20.43,-281.2652
20.432,-280.67856
20.434,-277.49704
20.436,-272.65106
20.438,-267.42902
20.44,-263.16742
20.442,-260.31226
20.444,-259.03043
20.446,-258.73624
20.448,-258.66455
20.45,-258.0826
20.452,-257.09915
20.454,-256.27386
20.456,-256.16296
20.458,-256.59943
20.46,-257.30963
20.462,-257.66708
20.464,-257.1636
20.466,-255.22058
20.468,-253.08852
20.47,-251.64851
20.472,-251.6601
20.474,-252.77443
20.476,-255.44841
20.478,-258.544
20.48,-260.66583
20.482,-260.29895
20.484,-258.01288
20.486,-254.44608
20.488,-250.65945
20.49,-247.23067
20.492,-245.38503
20.494,-245.07867
20.496,-245.65628
20.498,-245.77974
20.5,-245.31938
20.502,-244.03906
20.504,-242.15405
20.506,-239.77788
20.508,-238.0888
20.51,-237.5414
20.512,-238.1515
20.514,-239.06894
20.516,-240.15195
20.518,-240.6953
20.52,-240.15277
20.522,-237.92993
20.524,-234.85883
20.526,-231.65541
20.528,-229.14577
20.53,-227.59233
20.532,-227.8354
20.534,-229.73569
20.536,-232.648
20.538,-235.21269
20.54,-237.04683
20.542,-237.57979
20.544,-236.65054
20.546,-234.08969
20.548,-230.99728
20.55,-228.03728
20.552,-225.64354
20.554,-223.48273
20.556,-221.87666
20.558,-220.5245
20.56,-219.1394
20.562,-217.17545
20.564,-215.39305
20.566,-214.24669
20.568,-214.13623
20.57,-214.73714
20.572,-216.42334
20.574,-218.76733
20.576,-221.14069
20.578,-222.47049
20.58,-222.9834
20.582,-222.76585
20.584,-222.14131
20.586,-221.0368
20.588,-220.37122
20.59,-220.40672
20.592,-221.14069
20.594,-221.8547
20.596,-222.77527
20.598,-223.62828
20.6,-224.1426
20.602,-223.61722
20.604,-222.61652
20.606,-221.45923
20.608,-220.64037
20.61,-220.21967
20.612,-221.20534
20.614,-223.79668
20.616,-227.64482
20.618,-231.36787
20.62,-234.42445
20.622,-235.9642
20.624,-235.64992
20.626,-233.35822
20.628,-230.73021
20.63,-229.24622
20.632,-230.14641
20.634,-233.47496
20.636,-239.47003
20.638,-247.16016
20.64,-255.16232
20.642,-261.6679
20.644,-266.42798
20.646,-269.4242
20.648,-271.17252
20.65,-271.93796
20.652,-272.90924
20.654,-274.49933
20.656,-276.67603
20.658,-278.60367
20.66,-280.39673
20.662,-281.8928
20.664,-283.18015
20.666,-284.08005
20.668,-285.53394
20.67,-287.90088
20.672,-291.18524
20.674,-294.49384
20.676,-297.70926
20.678,-300.24026
20.68,-301.69193
20.682,-301.5449
20.684,-300.75238
20.686,-300.07065
20.688,-300.19098
20.69,-300.95996
20.692,-302.80936
20.694,-305.29147
20.696,-307.69574
20.698,-308.83148
20.7,-308.8883
20.702,-308.0194
20.704,-306.6951
20.706,-304.9832
20.708,-303.9451
20.71,-303.88135
20.712,-304.69385
20.714,-305.4325
20.716,-306.0637
20.718,-306.10397
20.72,-305.19415
20.722,-302.66464
20.724,-299.24463
20.726,-295.3959
20.728,-291.68555
20.73,-288.12527
20.732,-285.78497
20.734,-284.9772
20.736,-285.68173
20.738,-287.0139
20.74,-289.0974
20.742,-291.4638
20.744,-293.68683
20.746,-294.9215
20.748,-295.7665
20.75,-296.4396
20.752,-297.18906
20.754,-297.6177
20.756,-298.4501
20.758,-299.69458
20.76,-301.19162
20.762,-302.11783
20.764,-302.93488
20.766,-303.61407
20.768,-304.1935
20.77,-304.19025
20.772,-304.41733
20.774,-305.07
20.776,-306.1948
20.778,-307.08533
20.78,-308.19427
20.782,-309.31415
20.784,-310.19733
20.786,-310.0598
20.788,-309.53793
20.79,-308.82867
20.792,-308.19608
20.794,-307.31805
20.796,-307.10544
20.798,-307.74487
20.8,-309.1967
20.802,-310.62628
20.804,-312.40228
20.806,-314.3127
20.808,-316.20114
20.81,-317.43256
20.812,-318.77872
20.814,-320.48926
20.816,-322.7053
20.818,-324.79327
20.82,-327.18503
20.822,-329.60983
20.824,-331.71103
20.826,-332.5888
20.828,-332.7681
20.83,-332.39285
20.832,-331.71103
20.834,-330.4102
20.836,-329.4216
20.838,-328.997
20.84,-329.20944
20.842,-329.37927
20.844,-330.0236
20.846,-331.02625
20.848,-332.21133
20.85,-332.8015
20.852,-333.32483
20.854,-333.78476
20.856,-334.21262
20.858,-334.08878
20.86,-334.20416
20.862,-334.73276
20.864,-335.71356
20.866,-336.45554
20.868,-337.44852
20.87,-338.5699
20.872,-339.71613
20.874,-340.28076
20.876,-341.03925
20.878,-342.1778
20.88,-343.71866
20.882,-344.86948
20.884,-345.9541
20.886,-346.65427
20.888,-346.72058
20.89,-345.5175
20.892,-343.9407
20.894,-342.4037
20.896,-341.21707
20.898,-339.8793
20.9,-338.99283
20.902,-338.46033
20.904,-338.21515
20.906,-337.74194
20.908,-337.97818
20.91,-339.1696
20.912,-341.21707
20.914,-342.9795
20.916,-344.33884
20.918,-344.55402
20.92,-343.21835
20.922,-339.94003
20.924,-336.2187
20.926,-333.18976
20.928,-331.71103
20.93,-331.3963
20.932,-332.4301
20.934,-333.87323
20.936,-334.71292
20.938,-333.773
20.94,-331.89096
20.942,-329.87793
20.944,-328.7091
20.946,-328.47772
20.948,-329.9775
20.95,-332.71097
20.952,-335.71356
20.954,-337.39645
20.956,-337.8648
20.958,-337.14737
20.96,-335.71356
20.962,-333.64075
20.964,-332.23074
20.966,-331.8015
20.968,-332.21133
20.97,-332.4102
20.972,-332.6098
20.974,-332.54645
20.976,-332.21133
20.978,-331.27835
20.98,-330.8604
20.982,-331.3324
20.984,-332.71167
20.986,-334.02
20.988,-335.28888
20.99,-335.85297
20.992,-335.21326
20.994,-332.6908
20.996,-329.39563
20.998,-326.13342
21.0,-323.70593
21.002,-322.04947
21.004,-321.94452
21.006,-323.05902
21.008,-324.70657
21.01,-325.57297
21.012,-325.8564
21.014,-325.49496
21.016,-324.70657
21.018,-323.29395
21.02,-322.29428
21.022,-321.9442
21.024,-322.205
21.026,-322.28513
21.028,-322.5859
21.03,-322.9356
21.032,-323.2056
21.034,-322.77594
21.036,-322.33972
21.038,-321.97842
21.04,-321.70465
21.042,-320.9168
21.044,-320.25327
21.046,-319.7059
21.048,-319.20306
21.05,-318.09738
21.052,-317.0548
21.054,-316.20306
21.056,-315.70084
21.058,-315.14648
21.06,-315.3417
21.062,-316.2897
21.064,-317.70212
21.066,-318.50366
21.068,-318.83813
21.07,-318.4038
21.072,-317.20178
21.074,-315.03384
21.076,-313.21112
21.078,-312.36255
21.08,-312.6989
21.082,-313.33203
21.084,-314.1509
21.086,-314.31168
21.088,-313.19925
21.09,-310.22842
21.092,-306.6155
21.094,-303.3262
21.096,-301.19162
21.098,-300.02393
21.1,-300.19986
21.102,-301.0308
21.104,-301.69193
21.106,-301.13354
21.108,-300.0084
21.11,-298.82556
21.112,-298.1897
21.114,-297.95654
21.116,-298.74036
21.118,-300.1731
21.12,-301.69193
21.122,-302.33072
21.124,-302.67606
21.126,-303.02112
21.128,-303.6932
21.13,-304.27817
21.132,-305.24628
21.134,-306.20905
21.136,-306.6951
21.138,-305.90955
21.14,-304.63452
21.142,-303.3824
21.144,-302.69257
21.146,-302.31857
21.148,-302.80612
21.15,-303.68323
21.152,-304.1935
21.154,-303.07013
21.156,-300.5705
21.158,-296.7952
21.16,-292.18588
21.162,-286.84686
21.164,-282.0829
21.166,-278.4462
21.168,-276.1757
21.17,-274.67163
21.172,-274.28912
21.174,-274.63043
21.176,-275.17505
21.178,-274.90186
21.18,-274.10165
21.182,-272.77
21.184,-271.17252
21.186,-269.3083
21.188,-268.44046
21.19,-269.15805
21.192,-271.67282
21.194,-275.22244
21.196,-279.73477
21.198,-284.3455
21.2,-288.18332
21.202,-290.238
21.204,-290.8856
21.206,-290.37335
21.208,-289.18396
21.21,-287.6487
21.212,-286.63986
21.214,-286.3325
21.216,-286.68237
21.218,-287.4261
21.22,-288.7942
21.222,-290.50824
21.224,-292.18588
21.226,-293.1951
21.228,-293.63953
21.23,-293.30136
21.232,-292.18588
21.234,-289.90387
21.236,-287.91492
21.238,-287.05426
21.24,-287.683
21.242,-288.47113
21.244,-289.35034
21.246,-289.4301
21.248,-288.18332
21.25,-285.04242
21.252,-281.60794
21.254,-279.08252
21.256,-278.17697
21.258,-278.10187
21.26,-278.4928
21.262,-278.2296
21.264,-276.67603
21.266,-273.54718
21.268,-270.2615
21.27,-267.39053
21.272,-264.16806
21.274,-257.66675
21.276,-245.02057
21.278,-223.39291
21.28,-192.12222
21.282,-153.12375
21.284,-111.90723
21.286,-74.07673
21.288,-43.52769
21.29,-20.510748
21.292,-3.489102
21.294,10.490893
21.296,22.514322
21.298,30.172544
21.3,25.928381
21.302,0.9667993
21.304,-51.532784
21.306,-132.3368
21.308,-235.89629
21.31,-349.6455
21.312,-457.79123
21.314,-545.2345
21.316,-602.87805
21.318,-627.8253
21.32,-623.3966
21.322,-596.5096
21.324,-556.4693
21.326,-511.14313
21.328,-466.29663
21.33,-425.04053
21.332,-389.84238
21.334,-361.45612
21.336,-339.71613
21.338,-323.23505
21.34,-311.04257
21.342,-301.3833
21.344,-292.6862
21.346,-283.6064
21.348,-274.7063
21.35,-266.7435
21.352,-260.66583
21.354,-256.6791
21.356,-255.35655
21.358,-256.16333
21.36,-258.16425
21.362,-259.99503
21.364,-261.38947
21.366,-262.00275
21.368,-261.66647
21.37,-259.98068
21.372,-257.19464
21.374,-253.58247
21.376,-249.65883
21.378,-245.8683
21.38,-243.15596
21.382,-242.19879
21.384,-243.15468
21.386,-245.19539
21.388,-247.56247
21.39,-249.25821
21.392,-249.65883
21.394,-248.25746
21.396,-246.43109
21.398,-245.03024
21.4,-244.65564
21.402,-244.7462
21.404,-245.75604
21.406,-246.71373
21.408,-246.6569
21.41,-244.6572
21.412,-241.85114
21.414,-239.08295
21.416,-237.15086
21.418,-235.95903
21.42,-235.88077
21.422,-236.21692
21.424,-236.15022
21.426,-234.80356
21.428,-232.88773
21.43,-231.08386
21.432,-230.14641
21.434,-230.08551
21.436,-231.24893
21.438,-232.93591
21.44,-234.14896
21.442,-233.66371
21.444,-231.75868
21.446,-228.93156
21.448,-226.14386
21.45,-224.01863
21.452,-223.71811
21.454,-225.20544
21.456,-227.64482
21.458,-229.30988
21.46,-229.41985
21.462,-227.3
21.464,-223.14195
21.466,-217.60703
21.468,-212.79008
21.47,-210.2162
21.472,-210.634
21.474,-213.27681
21.476,-217.34497
21.478,-221.12651
21.48,-223.14195
21.482,-222.33237
21.484,-219.63652
21.486,-216.29338
21.488,-213.63591
21.49,-212.04091
21.492,-211.97458
21.494,-212.69081
21.496,-213.13559
21.498,-212.1156
21.5,-210.09827
21.502,-207.78261
21.504,-206.13113
21.506,-205.42346
21.508,-206.30399
21.51,-208.32379
21.512,-210.634
21.514,-211.97772
21.516,-212.46375
21.518,-212.22339
21.52,-211.63463
21.522,-210.57426
21.524,-209.72528
21.526,-209.10237
21.528,-208.63272
21.53,-207.88219
21.532,-207.63344
21.534,-208.30807
21.536,-210.13368
21.538,-212.46855
21.54,-215.31175
21.542,-218.03912
21.544,-220.14005
21.546,-220.99733
21.548,-221.46747
21.55,-222.19083
21.552,-223.64227
21.554,-225.36722
21.556,-227.42305
21.558,-229.18884
21.56,-230.14641
21.562,-229.74178
21.564,-229.00395
21.566,-228.86629
21.568,-230.14641
21.57,-232.66388
21.572,-236.53117
21.574,-240.87968
21.576,-244.65564
21.578,-246.62987
21.58,-247.1759
21.582,-246.87901
21.584,-246.6569
21.586,-246.89275
21.588,-248.58261
21.59,-251.7994
21.592,-256.16296
21.594,-260.6092
21.596,-265.05322
21.598,-269.1453
21.6,-272.67346
21.602,-275.0598
21.604,-276.7697
21.606,-277.91635
21.608,-278.67728
21.61,-278.86072
21.612,-279.29617
21.614,-280.35165
21.616,-282.1795
21.618,-284.16852
21.62,-286.40662
21.622,-288.4077
21.624,-289.6843
21.626,-289.47235
21.628,-288.32788
21.63,-286.6965
21.632,-285.18143
21.634,-283.86047
21.636,-283.53906
21.638,-284.15533
21.64,-285.18143
21.642,-285.33405
21.644,-284.42862
21.646,-282.24997
21.648,-279.1776
21.65,-275.65714
21.652,-273.3889
21.654,-273.33627
21.656,-275.67538
21.658,-279.12512
21.66,-282.7405
21.662,-284.9513
21.664,-284.6811
21.666,-281.34317
21.668,-276.4676
21.67,-271.72784
21.672,-268.67093
21.674,-267.55844
21.676,-268.69763
21.678,-271.03348
21.68,-273.17377
21.682,-273.53442
21.684,-272.4794
21.686,-270.66992
21.688,-269.17123
21.69,-268.37207
21.692,-269.23727
21.694,-271.46338
21.696,-274.1744
21.698,-275.83795
21.7,-276.40643
21.702,-275.86203
21.704,-274.67474
21.706,-273.0202
21.708,-272.19043
21.71,-272.59525
21.712,-274.1744
21.714,-275.95496
21.716,-277.98535
21.718,-279.8218
21.72,-281.17886
21.722,-281.4512
21.724,-281.42126
21.726,-281.41562
21.728,-281.6792
21.73,-281.76074
21.732,-282.20538
21.734,-282.90347
21.736,-283.68048
21.738,-283.8772
21.74,-284.1323
21.742,-284.66592
21.744,-285.68173
21.746,-286.7319
21.748,-288.40997
21.75,-290.62787
21.752,-293.18652
21.754,-295.33362
21.756,-297.51868
21.758,-299.68646
21.76,-301.69193
21.762,-302.73068
21.764,-303.12964
21.766,-302.76532
21.768,-301.69193
21.77,-299.6818
21.772,-297.881
21.774,-296.92786
21.776,-297.18906
21.778,-298.06042
21.78,-299.72012
21.782,-301.6079
21.784,-303.19287
21.786,-303.6728
21.788,-303.7912
21.79,-304.00018
21.792,-304.69385
21.794,-305.43253
21.796,-306.57474
21.798,-307.67078
21.8,-308.19608
21.802,-307.29092
21.804,-305.67987
21.806,-303.9199
21.808,-302.69257
21.81,-301.98788
21.812,-302.6094
21.814,-304.37106
21.816,-306.6951
21.818,-308.31052
21.82,-309.29672
21.822,-309.5248
21.824,-309.1967
21.826,-308.18918
21.828,-307.63348
21.83,-307.94644
21.832,-309.1967
21.834,-310.5386
21.836,-312.11786
21.838,-313.46524
21.84,-314.1999
21.842,-313.61752
21.844,-312.5306
21.846,-311.3974
21.848,-310.69766
21.85,-310.2107
21.852,-310.69034
21.854,-312.0011
21.856,-313.69955
21.858,-314.64215
21.86,-315.00006
21.862,-314.63602
21.864,-313.69955
21.866,-312.01492
21.868,-310.7303
21.87,-310.27185
21.872,-310.69766
21.874,-311.10236
21.876,-311.59564
21.878,-311.712
21.88,-311.19797
21.882,-309.59894
21.884,-308.0599
21.886,-307.2676
21.888,-307.69574
21.89,-308.82526
21.892,-310.93982
21.894,-313.44986
21.896,-315.70084
21.898,-316.68353
21.9,-317.02045
21.902,-317.06036
21.904,-317.20178
21.906,-317.0837
21.908,-317.31903
21.91,-317.65698
21.912,-317.70212
21.914,-316.577
21.916,-314.98395
21.918,-313.34494
21.92,-312.1986
21.922,-311.3877
21.924,-311.7644
21.926,-313.19974
21.928,-315.20053
21.93,-316.52933
21.932,-317.3467
21.934,-317.51434
21.936,-317.20178
21.938,-316.22766
21.94,-315.7684
21.942,-316.244
21.944,-317.70212
21.946,-319.2108
21.948,-320.87375
21.95,-322.1632
21.952,-322.7053
21.954,-321.88193
21.956,-320.66034
21.958,-319.60843
21.96,-319.20306
21.962,-319.08325
21.964,-319.78427
21.966,-320.9793
21.968,-322.205
21.97,-322.53928
21.972,-322.54883
21.974,-322.4868
21.976,-322.7053
21.978,-322.92575
21.98,-323.92526
21.982,-325.6279
21.984,-327.70847
21.986,-329.16107
21.988,-330.38193
21.99,-331.35703
21.992,-332.21133
21.994,-332.5266
21.996,-333.1377
21.998,-334.09937
22.0,-335.21326
22.002,-335.5334
22.004,-335.4041
22.006,-334.7484
22.008,-333.71228
22.01,-332.06378
22.012,-330.966
22.014,-330.84103
22.016,-331.71103
22.018,-332.51337
22.02,-333.17557
22.022,-332.93192
22.024,-331.2107
22.026,-327.29584
22.028,-322.35013
22.03,-317.32544
22.032,-313.19925
22.034,-310.03268
22.036,-308.67755
22.038,-308.81287
22.04,-309.69702
22.042,-309.90613
22.044,-309.58456
22.046,-308.71753
22.048,-307.69574
22.05,-306.57376
22.052,-306.74002
22.054,-308.7452
22.056,-312.6989
22.058,-317.65607
22.06,-323.61386
22.062,-329.75742
22.064,-335.21326
22.066,-338.6766
22.068,-340.3851
22.07,-340.30917
22.072,-338.71548
22.074,-335.68268
22.076,-332.47595
22.078,-329.7937
22.08,-328.2088
22.082,-327.86554
22.084,-329.38013
22.086,-332.517
22.088,-336.7142
22.09,-341.06375
22.092,-345.23123
22.094,-348.46713
22.096,-350.2228
22.098,-349.9309
22.1,-348.45294
22.102,-346.35986
22.104,-344.21896
22.106,-341.5065
22.108,-339.4486
22.11,-338.3479
22.112,-338.21515
22.114,-337.71112
22.116,-337.39883
22.118,-337.10242
22.12,-336.7142
22.122,-335.3975
22.124,-334.1065
22.126,-333.15622
22.128,-332.71167
22.13,-332.0196
22.132,-331.50955
22.134,-330.86765
22.136,-329.70975
22.138,-327.0005
22.14,-322.8424
22.142,-316.3681
22.144,-306.1948
22.146,-290.06342
22.148,-267.21994
22.15,-237.235
22.152,-201.12794
22.154,-160.87415
22.156,-120.62205
22.158,-83.760574
22.16,-52.53342
22.162,-27.220108
22.164,-8.548786
22.166,2.8298988
22.168,4.5028644
22.17,-7.5967703
22.172,-39.976578
22.174,-97.46819
22.176,-181.11522
22.178,-285.77103
22.18,-401.8284
22.182,-515.30774
22.184,-611.8893
22.186,-680.0557
22.188,-715.38873
22.19,-719.2486
22.192,-697.94403
22.194,-659.6602
22.196,-613.58295
22.198,-566.30115
22.2,-521.832
22.202,-481.56815
22.204,-446.89
22.206,-418.00385
22.208,-394.75113
22.21,-376.03464
22.212,-361.45914
22.214,-349.6514
22.216,-339.2158
22.218,-328.72342
22.22,-318.70065
22.222,-309.75195
22.224,-302.69257
22.226,-297.56274
22.228,-294.9232
22.23,-294.1397
22.232,-294.18716
22.234,-293.65988
22.236,-292.48956
22.238,-290.71127
22.24,-288.68365
22.242,-286.48962
22.244,-284.73114
22.246,-283.6274
22.248,-283.18015
22.25,-282.9078
22.252,-282.80356
22.254,-282.76855
22.256,-282.67984
22.258,-281.92975
22.26,-280.75897
22.262,-279.13135
22.264,-277.17633
22.266,-274.56525
22.268,-272.7038
22.27,-271.89615
22.272,-272.17316
22.274,-272.63318
22.276,-273.96173
22.278,-275.53717
22.28,-276.67603
22.282,-276.34143
22.284,-275.3352
22.286,-273.85852
22.288,-272.17316
22.29,-269.9975
22.292,-268.18723
22.294,-266.7768
22.296,-265.669
22.298,-264.28262
22.3,-263.22665
22.302,-262.5375
22.304,-262.16678
22.306,-261.50375
22.308,-260.91183
22.31,-260.18643
22.312,-259.16486
22.314,-257.3959
22.316,-255.6612
22.318,-254.3215
22.32,-253.66136
22.322,-253.31105
22.324,-253.69727
22.326,-254.48177
22.328,-255.16232
22.33,-254.80132
22.332,-253.69946
22.334,-251.90219
22.336,-249.65883
22.338,-246.88219
22.34,-244.53807
22.342,-242.94066
22.344,-242.15405
22.346,-241.54208
22.348,-241.40652
22.35,-241.51114
22.352,-241.65373
22.354,-241.26042
22.356,-240.91156
22.358,-240.70692
22.36,-240.65309
22.362,-240.15378
22.364,-239.62773
22.366,-238.97751
22.368,-238.1515
22.37,-236.70953
22.372,-235.41527
22.374,-234.52611
22.376,-234.14896
22.378,-233.6695
22.38,-233.41718
22.382,-233.14462
22.384,-232.648
22.386,-231.39194
22.388,-230.21822
22.39,-229.64258
22.392,-230.14641
22.394,-231.44484
22.396,-234.03914
22.398,-237.52246
22.4,-241.15341
22.402,-243.55716
22.404,-244.72836
22.406,-244.61418
22.408,-243.655
22.41,-242.1235
22.412,-241.54842
22.414,-242.68048
22.416,-245.65628
22.418,-249.37405
22.42,-253.40356
22.422,-256.73267
22.424,-258.66455
22.426,-258.5696
22.428,-257.61224
22.43,-256.83545
22.432,-257.1636
22.434,-258.47565
22.436,-261.15384
22.438,-264.62463
22.44,-268.1706
22.442,-270.77405
22.444,-273.00278
22.446,-275.3101
22.448,-278.17697
22.45,-281.2517
22.452,-284.86435
22.454,-288.52878
22.456,-291.68555
22.458,-293.51175
22.46,-294.7594
22.462,-296.0878
22.464,-298.1897
22.466,-300.90918
22.468,-304.68848
22.47,-309.0324
22.472,-313.19925
22.474,-316.02206
22.476,-317.7827
22.478,-318.70096
22.48,-319.20306
22.482,-319.15765
22.484,-319.36023
22.486,-319.9016
22.488,-320.704
22.49,-321.1395
22.492,-321.78186
22.494,-322.78302
22.496,-324.20624
22.498,-325.38702
22.5,-326.58554
22.502,-327.4648
22.504,-327.70847
22.506,-326.6538
22.508,-325.06458
22.51,-323.4187
22.512,-322.205
22.514,-321.19345
22.516,-321.0178
22.518,-321.4972
22.52,-322.205
22.522,-322.1072
22.524,-321.5034
22.526,-320.44165
22.528,-319.20306
22.53,-317.63666
22.532,-316.75934
22.534,-316.82306
22.536,-317.70212
22.538,-318.3579
22.54,-318.82864
22.542,-318.67218
22.544,-317.70212
22.546,-315.51968
22.548,-313.2958
22.55,-311.7101
22.552,-311.19797
22.554,-311.18518
22.556,-311.95776
22.558,-312.97314
22.56,-313.69955
22.562,-313.2852
22.564,-312.57993
22.566,-312.07724
22.568,-312.1986
22.57,-312.44916
22.572,-313.2573
22.574,-314.17148
22.576,-314.7002
22.578,-314.0073
22.58,-312.98355
22.582,-312.2005
22.584,-312.1986
22.586,-312.60754
22.588,-313.96512
22.59,-315.84824
22.592,-317.70212
22.594,-318.5408
22.596,-319.02634
22.598,-319.47595
22.6,-320.2037
22.602,-320.71423
22.604,-321.54703
22.606,-322.45746
22.608,-323.2056
22.61,-323.17722
22.612,-323.32913
22.614,-324.10428
22.616,-325.7072
22.618,-327.31046
22.62,-329.0047
22.622,-330.1297
22.624,-330.21005
22.626,-328.67667
22.628,-326.84048
22.63,-325.73038
22.632,-326.20752
22.634,-327.97583
22.636,-331.30032
22.638,-335.2642
22.64,-338.71548
22.642,-340.16577
22.644,-340.02502
22.646,-338.7608
22.648,-337.2145
22.65,-335.63968
22.652,-335.23526
22.654,-336.07703
22.656,-337.71484
22.658,-338.84332
22.66,-339.501
22.662,-339.4307
22.664,-338.71548
22.666,-337.1242
22.668,-335.79834
22.67,-335.14212
22.672,-335.21326
22.674,-335.13177
22.676,-335.13104
22.678,-334.8729
22.68,-334.21262
22.682,-332.7226
22.684,-331.54312
22.686,-331.26224
22.688,-332.21133
22.69,-333.70358
22.692,-335.91812
22.694,-338.1608
22.696,-339.71613
22.698,-339.56134
22.7,-338.41492
22.702,-336.76566
22.704,-335.21326
22.706,-333.6288
22.708,-332.8737
22.71,-332.85153
22.712,-333.21198
22.714,-332.99396
22.716,-332.69135
22.718,-332.383
22.72,-332.21133
22.722,-331.65945
22.724,-331.40244
22.726,-331.3279
22.728,-331.2107
22.73,-330.26517
22.732,-329.20084
22.734,-328.2583
22.736,-327.70847
22.738,-327.14127
22.74,-327.34274
22.742,-328.27682
22.744,-329.70975
22.746,-330.7126
22.748,-331.714
22.75,-332.58
22.752,-333.21198
22.754,-332.95355
22.756,-332.49802
22.758,-331.9125
22.76,-331.2107
22.762,-329.8059
22.764,-328.42178
22.766,-327.18735
22.768,-326.20752
22.77,-324.99182
22.772,-324.2728
22.774,-324.06372
22.776,-324.20624
22.778,-323.85092
22.78,-323.434
22.782,-322.8669
22.784,-322.205
22.786,-321.09842
22.788,-320.61285
22.79,-321.12164
22.792,-322.7053
22.794,-324.496
22.796,-326.67212
22.798,-328.7115
22.8,-330.21005
22.802,-330.46964
22.804,-330.4756
22.806,-330.7599
22.808,-331.71103
22.81,-332.7717
22.812,-334.30743
22.814,-335.80432
22.816,-336.7142
22.818,-336.14542
22.82,-334.89877
22.822,-333.4392
22.824,-332.21133
22.826,-330.79974
22.828,-329.74945
22.83,-328.7027
22.832,-327.20816
22.834,-324.39798
22.836,-321.0724
22.838,-317.68253
22.84,-314.7002
22.842,-311.81207
22.844,-309.75955
22.846,-308.44678
22.848,-307.69574
22.85,-306.84595
22.852,-306.73602
22.854,-307.65463
22.856,-309.69702
22.858,-312.02576
22.86,-314.81247
22.862,-317.5086
22.864,-319.70337
22.866,-320.78564
22.868,-321.83243
22.87,-323.49664
22.872,-326.20752
22.874,-329.38916
22.876,-333.01828
22.878,-336.11642
22.88,-337.71484
22.882,-336.99292
22.884,-334.63254
22.886,-331.37085
22.888,-328.2088
22.89,-325.83932
22.892,-325.2294
22.894,-326.24072
22.896,-328.2088
22.898,-330.0341
22.9,-331.50287
22.902,-332.22772
22.904,-332.21133
22.906,-331.1199
22.908,-330.40067
22.91,-330.7199
22.912,-332.21133
22.914,-333.31894
22.916,-334.1449
22.918,-334.13315
22.92,-333.21198
22.922,-331.08807
22.924,-329.59732
22.926,-329.74042
22.928,-331.71103
22.93,-333.9712
22.932,-335.704
22.934,-335.59164
22.936,-333.21198
22.938,-328.7432
22.94,-324.37537
22.942,-321.22598
22.944,-318.70276
22.946,-313.52185
22.948,-302.34818
22.95,-281.73605
22.952,-250.65945
22.954,-211.03069
22.956,-168.97394
22.958,-130.83685
22.96,-101.06429
22.962,-79.78527
22.964,-64.70302
22.966,-51.278736
22.968,-36.523235
22.97,-21.21463
22.972,-12.506504
22.974,-20.293259
22.976,-54.034374
22.978,-118.09449
22.98,-210.79036
22.982,-322.33002
22.984,-437.7785
22.986,-540.5712
22.988,-618.4133
22.99,-664.2188
22.992,-677.43097
22.994,-662.3951
22.996,-627.8956
22.998,-582.9188
23.0,-535.3406
23.002,-490.37982
23.004,-452.07968
23.006,-421.69763
23.008,-398.75366
23.01,-381.1463
23.012,-367.5298
23.014,-356.1226
23.016,-345.71994
23.018,-335.39468
23.02,-326.10867
23.022,-318.54004
23.024,-313.19925
23.026,-309.63388
23.028,-308.03525
23.03,-307.6663
23.032,-307.69574
23.034,-307.03363
23.036,-305.96844
23.038,-304.61557
23.04,-303.19287
23.042,-301.50052
23.044,-299.96854
23.046,-298.69073
23.048,-297.6894
23.05,-296.6147
23.052,-295.67432
23.054,-294.89047
23.056,-294.18716
23.058,-293.03168
23.06,-291.4678
23.062,-289.4673
23.064,-287.1827
23.066,-284.38882
23.068,-282.2319
23.07,-280.9978
23.072,-280.67856
23.074,-280.2953
23.076,-280.3675
23.078,-280.19608
23.08,-279.1776
23.082,-276.55795
23.084,-273.59317
23.086,-270.94208
23.088,-269.17123
23.09,-268.02966
23.092,-268.0443
23.094,-268.6702
23.096,-269.17123
23.098,-268.52155
23.1,-267.1788
23.102,-265.40625
23.104,-263.66772
23.106,-261.9579
23.108,-261.09848
23.11,-260.99023
23.112,-261.16614
23.114,-260.5532
23.116,-259.1997
23.118,-256.87396
23.12,-253.66136
23.122,-249.5215
23.124,-245.62022
23.126,-242.55234
23.128,-240.65309
23.13,-239.50098
23.132,-239.35742
23.134,-239.75288
23.136,-240.15277
23.138,-239.737
23.14,-238.92166
23.142,-237.8242
23.144,-236.65054
23.146,-235.18463
23.148,-234.1383
23.15,-233.62343
23.152,-233.64864
23.154,-233.73495
23.156,-234.30627
23.158,-235.11386
23.16,-235.64992
23.162,-234.79291
23.164,-232.48035
23.166,-228.48643
23.168,-223.14195
23.17,-216.96475
23.172,-211.87395
23.174,-209.20544
23.176,-209.63336
23.178,-212.40315
23.18,-216.88144
23.182,-221.4585
23.184,-224.64291
23.186,-225.16985
23.188,-223.75635
23.19,-221.36386
23.192,-219.1394
23.194,-217.3892
23.196,-216.78032
23.198,-216.81538
23.2,-216.63782
23.202,-215.04185
23.204,-212.42998
23.206,-209.33417
23.208,-206.63145
23.21,-204.65047
23.212,-204.3762
23.214,-205.73878
23.216,-208.1324
23.218,-210.21614
23.22,-211.83759
23.222,-212.75514
23.224,-213.13559
23.226,-212.94196
23.228,-213.28354
23.23,-214.6423
23.232,-217.13814
23.234,-219.99228
23.236,-223.25633
23.238,-226.44267
23.24,-229.14577
23.242,-230.67844
23.244,-231.7187
23.246,-232.71031
23.248,-234.14896
23.25,-235.91379
23.252,-238.68889
23.254,-242.39914
23.256,-246.6569
23.258,-250.40668
23.26,-253.66151
23.262,-256.2231
23.264,-258.16425
23.266,-259.30374
23.268,-260.64136
23.27,-262.6788
23.272,-265.669
23.274,-269.04633
23.276,-273.01443
23.278,-277.1935
23.28,-281.17886
23.282,-284.16736
23.284,-286.5438
23.286,-288.3662
23.288,-289.6843
23.29,-290.0007
23.292,-289.81546
23.294,-289.2811
23.296,-288.68365
23.298,-287.98257
23.3,-288.22714
23.302,-289.92252
23.304,-293.18652
23.306,-297.12555
23.308,-301.4064
23.31,-305.0528
23.312,-307.19543
23.314,-306.90417
23.316,-304.8973
23.318,-301.98624
23.32,-299.19034
23.322,-296.86804
23.324,-296.00964
23.326,-296.61063
23.328,-298.1897
23.33,-299.52267
23.332,-300.53058
23.334,-300.925
23.336,-300.69128
23.338,-299.49985
23.34,-298.22772
23.342,-297.227
23.344,-296.68875
23.346,-296.10083
23.348,-295.96375
23.35,-296.20428
23.352,-296.68875
23.354,-296.7343
23.356,-296.83133
23.358,-296.9862
23.36,-297.18906
23.362,-296.86346
23.364,-296.59442
23.366,-296.39157
23.368,-296.18842
23.37,-295.33514
23.372,-294.40134
23.374,-293.47397
23.376,-292.6862
23.378,-291.66016
23.38,-291.22513
23.382,-291.57178
23.384,-292.6862
23.386,-293.78494
23.388,-295.16742
23.39,-296.54666
23.392,-297.6894
23.394,-297.94766
23.396,-298.09827
23.398,-298.4364
23.4,-299.19034
23.402,-299.87186
23.404,-301.04395
23.406,-302.56232
23.408,-304.1935
23.41,-305.16058
23.412,-306.02762
23.414,-306.86374
23.416,-307.69574
23.418,-307.87576
23.42,-307.9539
23.422,-307.89365
23.424,-307.69574
23.426,-306.898
23.428,-306.3817
23.43,-306.44766
23.432,-307.19543
23.434,-307.87274
23.436,-308.75345
23.438,-309.4618
23.44,-309.69702
23.442,-308.82947
23.444,-307.77875
23.446,-307.0795
23.448,-307.19543
23.45,-307.75482
23.452,-309.28546
23.454,-311.4431
23.456,-313.69955
23.458,-314.99728
23.46,-315.74374
23.462,-316.05658
23.464,-316.20114
23.466,-315.86465
23.468,-315.85873
23.47,-316.2096
23.472,-316.70148
23.474,-316.42957
23.476,-315.86426
23.478,-315.15506
23.48,-314.7002
23.482,-314.4705
23.484,-315.6405
23.486,-318.48187
23.488,-322.7053
23.49,-326.87143
23.492,-330.5608
23.494,-332.84668
23.496,-333.21198
23.498,-331.18652
23.5,-328.1893
23.502,-325.36505
23.504,-323.70593
23.506,-323.1214
23.508,-324.1337
23.51,-326.12958
23.512,-328.2088
23.514,-328.99957
23.516,-328.815
23.518,-327.876
23.52,-326.70782
23.522,-325.29883
23.524,-324.68335
23.526,-324.92856
23.528,-325.7072
23.53,-325.94907
23.532,-325.94577
23.534,-325.73947
23.536,-325.7072
23.538,-325.85687
23.54,-327.3442
23.542,-330.30435
23.544,-334.21262
23.546,-337.41196
23.548,-339.37054
23.55,-339.3142
23.552,-337.2145
23.554,-333.36465
23.556,-329.99313
23.558,-328.78043
23.56,-330.7104
23.562,-335.0176
23.564,-341.03882
23.566,-346.77875
23.568,-350.2228
23.57,-349.5311
23.572,-345.3745
23.574,-338.9844
23.576,-332.21133
23.578,-326.23483
23.58,-322.85706
23.582,-322.26273
23.584,-323.70593
23.586,-325.35693
23.588,-326.78528
23.59,-327.41418
23.592,-327.20816
23.594,-325.95035
23.596,-324.80368
23.598,-324.09143
23.6,-323.70593
23.602,-322.6121
23.604,-320.9912
23.606,-318.63083
23.608,-315.70084
23.61,-312.21823
23.612,-309.73132
23.614,-309.09576
23.616,-310.69766
23.618,-313.70477
23.62,-317.95288
23.622,-322.32462
23.624,-325.7072
23.626,-326.84818
23.628,-326.39987
23.63,-325.0275
23.632,-323.70593
23.634,-322.88928
23.636,-323.57986
23.638,-325.4931
23.64,-327.70847
23.642,-328.85416
23.644,-328.51477
23.646,-326.43713
23.648,-323.2056
23.65,-319.9938
23.652,-318.73212
23.654,-320.34293
23.656,-324.70657
23.658,-330.3922
23.66,-335.94852
23.662,-339.3458
23.664,-339.2158
23.666,-334.69
23.668,-327.96265
23.67,-321.40872
23.672,-317.20178
23.674,-315.36826
23.676,-316.47137
23.678,-319.16803
23.68,-321.70465
23.682,-321.9558
23.684,-320.4662
23.686,-318.01862
23.688,-315.70084
23.69,-313.57907
23.692,-312.38916
23.694,-311.65295
23.696,-310.69766
23.698,-308.47977
23.7,-305.37646
23.702,-300.897
23.704,-293.68683
23.706,-280.9003
23.708,-260.63287
23.71,-231.34184
23.712,-193.62317
23.714,-150.13063
23.716,-106.46141
23.718,-67.508965
23.72,-36.022915
23.722,-11.135572
23.724,9.173346
23.726,27.567019
23.728,44.028008
23.73,54.60282
23.732,50.14278
23.734,20.873053
23.736,-40.025463
23.738,-132.2464
23.74,-248.5215
23.742,-374.23166
23.744,-491.81287
23.746,-585.10583
23.748,-645.0346
23.75,-669.55774
23.752,-663.42206
23.754,-635.0161
23.756,-594.76996
23.758,-550.82294
23.76,-508.32336
23.762,-469.09406
23.764,-434.2791
23.766,-403.71973
23.768,-377.24
23.77,-354.40033
23.772,-335.96317
23.774,-321.89203
23.776,-311.6983
23.778,-304.00626
23.78,-298.36765
23.782,-293.8316
23.784,-289.6843
23.786,-285.12085
23.788,-280.78683
23.79,-277.02737
23.792,-274.1744
23.794,-271.9686
23.796,-270.76196
23.798,-270.29077
23.8,-270.17188
23.802,-269.78427
23.804,-269.314
23.806,-269.0199
23.808,-269.17123
23.81,-269.5304
23.812,-269.93222
23.814,-269.95538
23.816,-269.17123
23.818,-267.07822
23.82,-264.1339
23.822,-261.0473
23.824,-258.66455
23.826,-257.04877
23.828,-257.12823
23.83,-258.44757
23.832,-260.1655
23.834,-260.8307
23.836,-260.9634
23.838,-260.37885
23.84,-259.16486
23.842,-257.1129
23.844,-255.47061
23.846,-254.50027
23.848,-254.16168
23.85,-253.7383
23.852,-253.5507
23.854,-253.27913
23.856,-252.66074
23.858,-251.17427
23.86,-249.46829
23.862,-247.74136
23.864,-246.1566
23.866,-244.39317
23.868,-243.01079
23.87,-241.97112
23.872,-241.15341
23.874,-240.01765
23.876,-239.00922
23.878,-238.08804
23.88,-237.15086
23.882,-235.6371
23.884,-233.91345
23.886,-231.91052
23.888,-229.64609
23.89,-226.88203
23.892,-224.43883
23.894,-222.64636
23.896,-221.641
23.898,-220.87659
23.9,-220.50958
23.902,-220.07727
23.904,-219.1394
23.906,-217.07509
23.908,-214.51585
23.91,-211.87956
23.912,-209.63336
23.914,-207.68843
23.916,-206.67365
23.918,-206.45013
23.92,-206.63145
23.922,-206.30933
23.924,-205.66527
23.926,-204.58688
23.928,-203.12923
23.93,-201.04512
23.932,-199.14609
23.934,-197.76315
23.936,-197.1254
23.938,-196.89728
23.94,-197.62987
23.942,-199.27753
23.944,-201.62827
23.946,-203.86528
23.948,-206.10565
23.95,-207.97667
23.952,-209.13304
23.954,-208.88661
23.956,-207.80205
23.958,-206.22
23.96,-204.63017
23.962,-203.07516
23.964,-202.53284
23.966,-203.26057
23.968,-205.1305
23.97,-207.16766
23.972,-209.25407
23.974,-210.85005
23.976,-211.63463
23.978,-211.16557
23.98,-210.41695
23.982,-210.16267
23.984,-211.13431
23.986,-213.27173
23.988,-217.12141
23.99,-222.32516
23.992,-228.14514
23.994,-233.19385
23.996,-237.22594
23.998,-239.87967
24.0,-241.15341
24.002,-240.8884
24.004,-240.13277
24.006,-239.55128
24.008,-239.65245
24.01,-240.21642
24.012,-241.78969
24.014,-244.32797
24.016,-247.65755
24.018,-251.06664
24.02,-254.81671
24.022,-258.75354
24.024,-262.66708
24.026,-265.82254
24.028,-268.51868
24.03,-270.75613
24.032,-272.67346
24.034,-274.05322
24.036,-275.74866
24.038,-278.1006
24.04,-281.17886
24.042,-284.23492
24.044,-287.24988
24.046,-289.70245
24.048,-291.18524
24.05,-291.12665
24.052,-290.3598
24.054,-289.619
24.056,-289.6843
24.058,-290.60608
24.06,-292.9853
24.062,-296.45657
24.064,-300.19098
24.066,-302.6844
24.068,-303.6164
24.07,-302.69812
24.072,-300.19098
24.074,-296.32483
24.076,-292.6311
24.078,-290.07837
24.08,-289.18396
24.082,-289.3577
24.084,-290.57797
24.086,-292.09094
24.088,-293.18652
24.09,-292.97452
24.092,-292.11642
24.094,-291.1549
24.096,-290.68494
24.098,-290.5483
24.1,-291.31714
24.102,-292.70407
24.104,-294.18716
24.106,-294.72894
24.108,-294.6557
24.11,-294.06012
24.112,-293.18652
24.114,-291.74542
24.116,-290.5291
24.118,-289.67215
24.12,-289.18396
24.122,-288.4912
24.124,-288.2246
24.126,-288.46802
24.128,-289.18396
24.13,-289.62216
24.132,-290.13507
24.134,-290.5219
24.136,-290.68494
24.138,-290.17578
24.14,-289.9735
24.142,-290.5543
24.144,-292.18588
24.146,-294.20798
24.148,-296.80728
24.15,-299.3555
24.152,-301.19162
24.154,-301.33746
24.156,-300.4945
24.158,-299.2057
24.16,-298.1897
24.162,-297.51837
24.164,-298.1495
24.166,-300.03772
24.168,-302.69257
24.17,-304.83844
24.172,-306.45212
24.174,-307.22668
24.176,-307.19543
24.178,-306.1568
24.18,-305.29996
24.182,-305.21405
24.184,-306.1948
24.186,-307.58585
24.188,-309.59988
24.19,-311.67334
24.192,-313.19925
24.194,-313.20688
24.196,-312.30096
24.198,-310.91278
24.2,-309.69702
24.202,-308.769
24.204,-309.223
24.206,-311.1728
24.208,-314.1999
24.21,-316.92978
24.212,-319.09256
24.214,-320.07883
24.216,-319.70337
24.218,-317.73325
24.22,-315.57443
24.222,-314.17844
24.224,-314.1999
24.226,-315.17615
24.228,-317.2999
24.23,-319.78485
24.232,-321.70465
24.234,-321.7669
24.236,-320.4138
24.238,-318.0072
24.24,-315.20053
24.242,-312.11072
24.244,-309.93365
24.246,-308.97787
24.248,-309.1967
24.25,-309.73718
24.252,-310.91525
24.254,-312.4847
24.256,-314.1999
24.258,-315.26398
24.26,-316.11072
24.262,-316.62006
24.264,-316.70148
24.266,-315.8224
24.268,-314.77087
24.27,-313.82703
24.272,-313.19925
24.274,-312.4206
24.276,-312.11438
24.278,-312.23645
24.28,-312.6989
24.282,-312.9119
24.284,-313.582
24.286,-314.8448
24.288,-316.70148
24.29,-318.41055
24.292,-320.33072
24.294,-322.17838
24.296,-323.70593
24.298,-324.25888
24.3,-324.64932
24.302,-325.21094
24.304,-326.20752
24.306,-327.15195
24.308,-328.5761
24.31,-330.22385
24.312,-331.71103
24.314,-332.11557
24.316,-331.9408
24.318,-331.26047
24.32,-330.21005
24.322,-328.33328
24.324,-326.33075
24.326,-324.1764
24.328,-321.70465
24.33,-318.16418
24.332,-314.16104
24.334,-309.89532
24.336,-305.69446
24.338,-301.39273
24.34,-298.04196
24.342,-295.95715
24.344,-295.18777
24.346,-294.9725
24.348,-295.62784
24.35,-296.81287
24.352,-298.1897
24.354,-298.97482
24.356,-299.78888
24.358,-300.80164
24.36,-302.19223
24.362,-303.528
24.364,-305.43347
24.366,-307.76828
24.368,-310.19733
24.37,-311.8289
24.372,-312.93036
24.374,-313.36774
24.376,-313.19925
24.378,-312.36703
24.38,-311.7108
24.382,-311.47073
24.384,-311.6983
24.386,-312.0734
24.388,-312.83307
24.39,-313.64944
24.392,-314.1999
24.394,-314.12643
24.396,-313.87158
24.398,-313.51602
24.4,-313.19925
24.402,-312.55756
24.404,-312.5518
24.406,-313.3508
24.408,-314.7002
24.41,-314.9428
24.412,-314.30667
24.414,-312.60373
24.416,-310.19733
24.418,-307.1007
24.42,-305.24713
24.422,-305.48724
24.424,-307.69574
24.426,-309.99265
24.428,-311.3144
24.43,-310.3051
24.432,-306.6951
24.434,-300.968
24.436,-295.65628
24.438,-292.28568
24.44,-290.68494
24.442,-287.94766
24.444,-280.8392
24.446,-265.6577
24.448,-240.65309
24.45,-206.68803
24.452,-168.7587
24.454,-132.5434
24.456,-102.56525
24.458,-79.776
24.46,-62.851013
24.462,-47.78092
24.464,-31.019733
24.466,-11.65635
24.468,5.4621744
24.47,12.075176
24.472,-1.5009549
24.474,-42.36889
24.476,-113.613594
24.478,-210.9375
24.48,-323.70593
24.482,-436.8758
24.484,-536.15564
24.486,-609.6782
24.488,-650.91406
24.49,-659.0083
24.492,-639.68365
24.494,-601.57855
24.496,-554.35266
24.498,-505.99622
24.5,-462.9866
24.502,-428.0809
24.504,-401.25525
24.506,-380.2608
24.508,-363.46402
24.51,-349.0931
24.512,-336.2139
24.514,-324.21417
24.516,-314.06802
24.518,-306.1987
24.52,-300.69128
24.522,-296.76816
24.524,-294.45203
24.526,-293.12952
24.528,-292.18588
24.53,-290.68005
24.532,-288.78775
24.534,-286.42233
24.536,-283.68048
24.538,-280.50546
24.54,-277.69965
24.542,-275.81885
24.544,-275.17505
24.546,-275.35806
24.548,-276.1276
24.55,-276.91034
24.552,-277.17633
24.554,-276.34583
24.556,-274.67908
24.558,-272.6232
24.56,-270.67218
24.562,-268.652
24.564,-267.14066
24.566,-265.9089
24.568,-264.66837
24.57,-262.6666
24.572,-261.0487
24.574,-260.01245
24.576,-259.6652
24.578,-259.4248
24.58,-260.02618
24.582,-261.10666
24.584,-262.16678
24.586,-262.31262
24.588,-262.04645
24.59,-261.3404
24.592,-260.1655
24.594,-258.00226
24.596,-255.36693
24.598,-252.2244
24.6,-248.65819
24.602,-244.55916
24.604,-241.02922
24.606,-238.63533
24.608,-237.65118
24.61,-237.48892
24.612,-238.15417
24.614,-238.92624
24.616,-239.15215
24.618,-238.13011
24.62,-236.55693
24.622,-234.91467
24.624,-233.64864
24.626,-232.52545
24.628,-231.87408
24.63,-231.25053
24.632,-230.14641
24.634,-227.8829
24.636,-225.122
24.638,-222.35658
24.64,-220.14005
24.642,-218.42976
24.644,-217.77563
24.646,-217.86638
24.648,-218.13878
24.65,-217.63554
24.652,-216.60892
24.654,-215.16544
24.656,-213.63591
24.658,-211.98949
24.66,-211.03279
24.662,-210.83034
24.664,-211.13431
24.666,-211.08784
24.668,-210.8542
24.67,-210.32211
24.672,-209.63336
24.674,-208.70003
24.676,-208.49821
24.678,-209.34106
24.68,-211.13431
24.682,-212.88722
24.684,-214.33864
24.686,-214.74776
24.688,-213.63591
24.69,-210.54459
24.692,-206.5548
24.694,-202.61485
24.696,-199.627
24.698,-197.64577
24.7,-197.26251
24.702,-198.1326
24.704,-199.627
24.706,-200.64417
24.708,-201.39285
24.71,-201.95885
24.712,-202.6289
24.714,-203.22093
24.716,-204.43947
24.718,-206.30972
24.72,-208.63272
24.722,-210.63377
24.724,-212.6187
24.726,-214.59074
24.728,-216.63782
24.73,-218.37148
24.732,-220.36841
24.734,-222.66005
24.736,-225.14323
24.738,-227.15962
24.74,-229.10834
24.742,-231.05745
24.744,-233.14832
24.746,-235.06357
24.748,-237.47705
24.75,-240.5263
24.752,-244.15532
24.754,-247.63731
24.756,-251.17049
24.758,-254.54984
24.76,-257.6639
24.762,-260.0636
24.764,-262.47742
24.766,-265.26517
24.768,-268.67093
24.77,-272.20706
24.772,-276.15143
24.774,-280.13678
24.776,-283.68048
24.778,-285.8641
24.78,-286.9757
24.782,-287.14636
24.784,-286.68237
24.786,-285.46918
24.788,-284.36926
24.79,-283.72064
24.792,-283.68048
24.794,-283.74695
24.796,-284.3256
24.798,-285.34702
24.8,-286.68237
24.802,-287.66708
24.804,-288.67633
24.806,-289.68713
24.808,-290.68494
24.81,-291.1663
24.812,-291.68442
24.814,-292.34637
24.816,-293.18652
24.818,-293.651
24.82,-294.17593
24.822,-294.71402
24.824,-295.18777
24.826,-295.02844
24.828,-294.79102
24.83,-294.62784
24.832,-294.68747
24.834,-294.5568
24.836,-294.85437
24.838,-295.60822
24.84,-296.68875
24.842,-297.31543
24.844,-297.825
24.846,-298.1179
24.848,-298.1897
24.85,-297.60663
24.852,-297.18375
24.854,-297.18384
24.856,-297.6894
24.858,-298.00952
24.86,-298.49918
24.862,-298.9399
24.864,-299.19034
24.866,-298.7342
24.868,-298.44666
24.87,-298.70065
24.872,-299.69064
24.874,-300.75583
24.876,-302.15427
24.878,-303.4433
24.88,-304.1935
24.882,-303.631
24.884,-302.50034
24.886,-301.21814
24.888,-300.19098
24.89,-299.07507
24.892,-298.48578
24.894,-298.27197
24.896,-298.1897
24.898,-297.53265
24.9,-297.02148
24.902,-296.97815
24.904,-297.6894
24.906,-298.69333
24.908,-300.48877
24.91,-302.79062
24.912,-305.19415
24.914,-306.80594
24.916,-308.15137
24.918,-309.38507
24.92,-310.69766
24.922,-311.62524
24.924,-312.77725
24.926,-314.04205
24.928,-315.20053
24.93,-315.49615
24.932,-315.549
24.934,-315.54837
24.936,-315.70084
24.938,-315.57407
24.94,-315.8351
24.942,-316.43777
24.944,-317.20178
24.946,-317.35693
24.948,-317.44006
24.95,-317.52167
24.952,-317.70212
24.954,-317.5012
24.956,-317.6089
24.958,-318.04733
24.96,-318.70276
24.962,-318.81723
24.964,-318.8792
24.966,-318.8473
24.968,-318.70276
24.97,-317.89334
24.972,-317.13184
24.974,-316.55103
24.976,-316.20114
24.978,-315.48517
24.98,-315.00165
24.982,-314.75357
24.984,-314.7002
24.986,-314.2218
24.988,-313.9854
24.99,-314.11682
24.992,-314.7002
24.994,-315.17352
24.996,-316.154
24.998,-317.56924
25.0,-319.20306
25.002,-320.17606
25.004,-320.8908
25.006,-321.24133
25.008,-321.20435
25.01,-320.2862
25.012,-319.33267
25.014,-318.5949
25.016,-318.20242
25.018,-317.582
25.02,-317.28427
25.022,-317.2042
25.024,-317.20178
25.026,-316.63947
25.028,-316.1941
25.03,-316.01413
25.032,-316.20114
25.034,-316.21548
25.036,-316.64328
25.038,-317.37524
25.04,-318.20242
25.042,-318.3593
25.044,-318.41507
25.046,-318.47305
25.048,-318.70276
25.05,-318.72665
25.052,-319.37994
25.054,-320.75537
25.056,-322.7053
25.058,-324.31326
25.06,-325.8463
25.062,-327.02856
25.064,-327.70847
25.066,-327.35733
25.068,-326.8743
25.07,-326.59988
25.072,-326.70782
25.074,-326.5563
25.076,-326.53967
25.078,-326.35385
25.08,-325.7072
25.082,-323.89737
25.084,-321.6999
25.086,-319.40274
25.088,-317.20178
25.09,-314.52554
25.092,-311.88943
25.094,-309.14047
25.096,-306.1948
25.098,-302.62317
25.1,-299.50793
25.102,-297.413
25.104,-296.68875
25.106,-296.72348
25.108,-297.77808
25.11,-299.28653
25.112,-300.69128
25.114,-301.15012
25.116,-301.48022
25.118,-302.17786
25.12,-303.6932
25.122,-305.6249
25.124,-308.38293
25.126,-311.45386
25.128,-314.1999
25.13,-315.6865
25.132,-316.418
25.134,-316.64133
25.136,-316.70148
25.138,-316.5597
25.14,-316.70422
25.142,-316.86615
25.144,-316.70148
25.146,-315.8612
25.148,-314.96454
25.15,-314.32358
25.152,-314.1999
25.154,-314.42365
25.156,-315.2378
25.158,-316.16248
25.16,-316.70148
25.162,-315.98367
25.164,-315.0812
25.166,-314.67206
25.168,-315.20053
25.17,-315.4837
25.172,-315.97763
25.174,-316.26974
25.176,-316.20114
25.178,-315.15674
25.18,-314.68356
25.182,-315.52243
25.184,-317.70212
25.186,-319.61786
25.188,-320.47894
25.19,-319.0862
25.192,-315.20053
25.194,-309.24496
25.196,-303.63947
25.198,-299.74875
25.2,-297.18906
25.202,-292.805
25.204,-283.14868
25.206,-264.45074
25.208,-235.1496
25.21,-196.58795
25.212,-154.44081
25.214,-115.08055
25.216,-83.553154
25.218,-61.069332
25.22,-46.332745
25.222,-35.301594
25.224,-24.515596
25.226,-13.3237
25.228,-6.8636384
25.23,-13.4010315
25.232,-42.026737
25.234,-98.519356
25.236,-184.06465
25.238,-292.362
25.24,-411.26163
25.242,-525.1711
25.244,-620.362
25.246,-686.38654
25.248,-718.45703
25.25,-717.1978
25.252,-689.1578
25.254,-643.1006
25.256,-588.3743
25.258,-532.6197
25.26,-482.28094
25.262,-440.46924
25.264,-407.7594
25.266,-382.44977
25.268,-363.14993
25.27,-347.8925
25.272,-335.21326
25.274,-323.85428
25.276,-314.2593
25.278,-306.53885
25.28,-300.69128
25.282,-295.99316
25.284,-292.5852
25.286,-289.97302
25.288,-287.683
25.29,-284.95782
25.292,-282.20715
25.294,-279.5546
25.296,-277.17633
25.298,-274.90002
25.3,-273.2025
25.302,-272.27795
25.304,-272.17316
25.306,-272.4167
25.308,-272.93604
25.31,-273.45035
25.312,-273.6741
25.314,-273.06155
25.316,-271.78345
25.318,-270.0419
25.32,-268.1706
25.322,-266.0002
25.324,-264.5088
25.326,-263.7818
25.328,-263.66772
25.33,-263.19055
25.332,-263.11514
25.334,-263.04614
25.336,-262.66708
25.338,-261.34915
25.34,-260.27957
25.342,-259.71396
25.344,-259.6652
25.346,-259.38574
25.348,-259.15625
25.35,-258.52322
25.352,-257.1636
25.354,-254.63751
25.356,-251.94061
25.358,-249.64203
25.36,-248.15787
25.362,-247.13744
25.364,-246.87462
25.366,-246.8849
25.368,-246.6569
25.37,-245.50607
25.372,-244.0993
25.374,-242.8507
25.376,-242.15405
25.378,-241.73717
25.38,-241.93593
25.382,-242.27599
25.384,-242.15405
25.386,-240.7192
25.388,-238.45782
25.39,-235.74728
25.392,-233.14832
25.394,-230.75829
25.396,-229.38597
25.398,-228.98149
25.4,-229.14577
25.402,-228.90897
25.404,-228.33902
25.406,-227.23895
25.408,-225.64354
25.41,-223.35063
25.412,-221.23167
25.414,-219.61693
25.416,-218.63908
25.418,-217.78127
25.42,-217.37921
25.422,-217.22977
25.424,-217.13814
25.426,-216.54645
25.428,-216.02449
25.43,-215.70448
25.432,-215.63718
25.434,-215.27623
25.436,-214.99918
25.438,-214.65883
25.44,-214.13623
25.442,-212.96104
25.444,-211.8662
25.446,-211.18205
25.448,-211.13431
25.45,-211.23988
25.452,-211.8672
25.454,-212.76305
25.456,-213.63591
25.458,-213.79323
25.46,-213.79865
25.462,-213.8596
25.464,-214.13623
25.466,-214.12935
25.468,-214.27153
25.47,-214.45909
25.472,-214.63654
25.474,-214.4121
25.476,-214.65054
25.478,-215.80618
25.48,-218.13878
25.482,-221.04637
25.484,-224.63802
25.486,-228.35597
25.488,-231.64737
25.49,-233.69553
25.492,-235.13278
25.494,-236.44133
25.496,-238.1515
25.498,-240.0947
25.5,-242.82545
25.502,-246.14395
25.504,-249.65883
25.506,-252.49884
25.508,-255.05252
25.51,-257.50946
25.512,-260.1655
25.514,-262.76035
25.516,-265.91605
25.518,-269.61774
25.52,-273.6741
25.522,-277.3268
25.524,-280.90308
25.526,-284.36734
25.528,-287.683
25.53,-290.25858
25.532,-292.48575
25.534,-294.30844
25.536,-295.6881
25.538,-296.16025
25.54,-296.40054
25.542,-296.68472
25.544,-297.18906
25.546,-297.42432
25.548,-297.7978
25.55,-298.23367
25.552,-298.69
25.554,-298.7344
25.556,-299.09265
25.558,-300.0498
25.56,-301.69193
25.562,-303.30392
25.564,-304.96103
25.566,-306.20868
25.568,-306.6951
25.57,-305.84677
25.572,-304.50806
25.574,-303.27814
25.576,-302.69257
25.578,-302.4805
25.58,-303.08032
25.582,-304.148
25.584,-305.19415
25.586,-305.2911
25.588,-304.90457
25.59,-304.26678
25.592,-303.6932
25.594,-302.87137
25.596,-302.46344
25.598,-302.44815
25.6,-302.69257
25.602,-302.53058
25.604,-302.57645
25.606,-302.95862
25.608,-303.6932
25.61,-304.0396
25.612,-304.31464
25.614,-304.25073
25.616,-303.6932
25.618,-302.18033
25.62,-300.7506
25.622,-299.96875
25.624,-300.19098
25.626,-300.8121
25.628,-302.0648
25.63,-303.37967
25.632,-304.1935
25.634,-303.64813
25.636,-302.53973
25.638,-301.38464
25.64,-300.69128
25.642,-300.14145
25.644,-300.32028
25.646,-300.9601
25.648,-301.69193
25.65,-301.71585
25.652,-301.7962
25.654,-302.33444
25.656,-303.6932
25.658,-305.39996
25.66,-307.87808
25.662,-310.67303
25.664,-313.19925
25.666,-314.43292
25.668,-314.94724
25.67,-315.0583
25.672,-315.20053
25.674,-315.1431
25.676,-315.68622
25.678,-316.78952
25.68,-318.20242
25.682,-319.05777
25.684,-319.834
25.686,-320.54398
25.688,-321.20435
25.69,-321.19882
25.692,-321.10925
25.694,-320.93192
25.696,-320.704
25.698,-320.00287
25.7,-319.76367
25.702,-320.307
25.704,-321.70465
25.706,-323.12735
25.708,-324.7345
25.71,-326.04422
25.712,-326.70782
25.714,-326.131
25.716,-325.31818
25.718,-324.86414
25.72,-325.20688
25.722,-325.83923
25.724,-327.08014
25.726,-328.39627
25.728,-329.20944
25.73,-328.6274
25.732,-327.40445
25.734,-326.06665
25.736,-325.20688
25.738,-324.65344
25.74,-325.10925
25.742,-326.31042
25.744,-327.70847
25.746,-328.1545
25.748,-327.97937
25.75,-327.23724
25.752,-326.20752
25.754,-324.67654
25.756,-323.65387
25.758,-323.35327
25.76,-323.70593
25.762,-323.84857
25.764,-324.15613
25.766,-324.46548
25.768,-324.70657
25.77,-324.32986
25.772,-324.13818
25.774,-324.2766
25.776,-324.70657
25.778,-324.63324
25.78,-324.44955
25.782,-323.98798
25.784,-323.2056
25.786,-321.69733
25.788,-320.46884
25.79,-319.91888
25.792,-320.2037
25.794,-320.5905
25.796,-321.295
25.798,-321.8089
25.8,-321.70465
25.802,-320.31952
25.804,-318.5796
25.806,-317.0429
25.808,-316.20114
25.81,-315.72073
25.812,-316.14508
25.814,-317.12662
25.816,-318.20242
25.818,-318.50247
25.82,-318.70673
25.822,-319.1523
25.824,-320.2037
25.826,-321.48376
25.828,-323.5794
25.83,-326.16495
25.832,-328.7091
25.834,-330.14514
25.836,-330.88385
25.838,-330.99863
25.84,-330.7104
25.842,-329.70163
25.844,-328.7951
25.846,-328.024
25.848,-327.20816
25.85,-325.5187
25.852,-323.4301
25.854,-320.95193
25.856,-318.20242
25.858,-314.8238
25.86,-311.69666
25.862,-308.99655
25.864,-306.6951
25.866,-304.04828
25.868,-301.484
25.87,-298.87485
25.872,-296.18842
25.874,-293.00168
25.876,-290.27548
25.878,-288.4146
25.88,-287.683
25.882,-287.56848
25.884,-288.56656
25.886,-290.39923
25.888,-292.6862
25.89,-294.5627
25.892,-296.502
25.894,-298.5298
25.896,-300.69128
25.898,-302.48877
25.9,-304.416
25.902,-306.25818
25.904,-307.69574
25.906,-308.1116
25.908,-307.87384
25.91,-307.00485
25.912,-305.69446
25.914,-304.11554
25.916,-303.04388
25.918,-302.61038
25.92,-302.69257
25.922,-302.86014
25.924,-303.16437
25.926,-303.2004
25.928,-302.69257
25.93,-301.25726
25.932,-299.7769
25.934,-298.67386
25.936,-298.1897
25.938,-297.33646
25.94,-296.93295
25.942,-297.044
25.944,-297.6894
25.946,-297.76468
25.948,-298.1648
25.95,-298.9897
25.952,-300.19098
25.954,-300.75928
25.956,-301.12546
25.958,-301.0308
25.96,-300.19098
25.962,-297.7581
25.964,-294.28766
25.966,-289.8918
25.968,-284.6811
25.97,-278.03925
25.972,-270.07327
25.974,-259.6872
25.976,-245.15596
25.978,-224.09222
25.98,-195.88075
25.982,-160.81812
25.984,-121.07703
25.986,-79.9561
25.988,-42.453896
25.99,-12.132532
25.992,9.506047
25.994,23.632837
25.996,31.42469
25.998,33.789356
26.0,29.018461
26.002,12.56961
26.004,-23.302778
26.006,-85.090324
26.008,-175.1114
26.01,-288.56723
26.012,-414.73953
26.014,-537.5989
26.016,-640.4074
26.018,-709.77
26.02,-740.3588
26.022,-734.17267
26.024,-699.44495
26.026,-647.05096
26.028,-588.5893
26.03,-532.334
26.032,-482.80713
26.034,-440.84793
26.036,-406.37512
26.038,-378.07822
26.04,-354.72568
26.042,-334.99747
26.044,-318.8534
26.046,-305.77362
26.048,-295.18777
26.05,-286.14072
26.052,-278.82135
26.054,-273.05334
26.056,-268.67093
26.058,-265.023
26.06,-262.2371
26.062,-259.91272
26.064,-257.6639
26.066,-254.93614
26.068,-252.0556
26.07,-249.23138
26.072,-246.6569
26.074,-244.15988
26.076,-241.87451
26.078,-239.84732
26.08,-238.1515
26.082,-236.644
26.084,-235.52296
26.086,-234.87863
26.088,-234.64928
26.09,-234.2531
26.092,-233.73805
26.094,-232.88245
26.096,-231.64737
26.098,-229.63165
26.1,-228.12523
26.102,-227.31467
26.104,-227.1445
26.106,-226.776
26.108,-226.90288
26.11,-227.02052
26.112,-226.64418
26.114,-225.10786
26.116,-223.36604
26.118,-221.78261
26.12,-220.64037
26.122,-219.6082
26.124,-219.11432
26.126,-218.77637
26.128,-218.13878
26.13,-216.5524
26.132,-214.56924
26.134,-212.48216
26.136,-210.634
26.138,-208.91058
26.14,-207.82475
26.142,-207.18431
26.144,-206.63145
26.146,-205.48488
26.148,-204.05756
26.15,-202.3946
26.152,-200.62762
26.154,-198.5476
26.156,-196.70023
26.158,-195.09045
26.16,-193.62317
26.162,-191.85815
26.164,-190.22444
26.166,-188.79234
26.168,-187.61935
26.17,-186.36386
26.172,-185.39539
26.174,-184.5605
26.176,-183.6168
26.178,-181.9921
26.18,-180.03561
26.182,-177.83893
26.184,-175.61171
26.186,-173.28532
26.188,-171.58958
26.19,-170.71318
26.192,-170.60854
26.194,-170.63792
26.196,-170.87129
26.198,-170.95189
26.2,-170.60854
26.202,-169.3725
26.204,-167.8427
26.206,-166.32909
26.208,-165.10503
26.21,-163.91748
26.212,-163.23488
26.214,-163.00073
26.216,-163.10376
26.218,-163.07051
26.22,-163.40361
26.222,-164.23723
26.224,-165.60535
26.226,-166.95346
26.228,-168.44537
26.23,-169.7608
26.232,-170.60854
26.234,-170.44815
26.236,-169.88496
26.238,-169.30975
26.24,-169.10757
26.242,-169.07452
26.244,-169.67264
26.246,-170.76955
26.248,-172.10948
26.25,-173.02745
26.252,-173.90302
26.254,-174.87572
26.256,-176.11203
26.258,-177.27393
26.26,-178.82234
26.262,-180.7728
26.264,-183.11649
26.266,-185.44951
26.268,-188.32207
26.27,-191.88988
26.272,-196.12477
26.274,-200.31886
26.276,-204.44865
26.278,-208.12587
26.28,-211.13431
26.282,-213.1373
26.284,-214.96477
26.286,-217.1829
26.288,-220.14005
26.29,-223.33943
26.292,-226.75444
26.294,-229.83429
26.296,-232.14769
26.298,-233.22047
26.3,-233.87239
26.302,-234.82152
26.304,-236.65054
26.306,-239.08774
26.308,-242.20825
26.31,-245.42543
26.312,-248.15787
26.314,-249.73361
26.316,-250.7944
26.318,-251.92969
26.32,-253.66136
26.322,-255.71063
26.324,-258.17804
26.326,-260.50952
26.328,-262.16678
26.33,-262.54504
26.332,-262.38068
26.334,-262.37863
26.336,-263.16742
26.338,-264.5185
26.34,-266.4799
26.342,-268.30676
26.344,-269.17123
26.346,-268.1679
26.348,-265.86905
26.35,-263.0398
26.352,-260.66583
26.354,-259.1101
26.356,-259.14014
26.358,-260.54733
26.36,-262.66708
26.362,-264.25208
26.364,-265.18112
26.366,-265.275
26.368,-264.66837
26.37,-263.22137
26.372,-261.76154
26.374,-260.55576
26.376,-259.6652
26.378,-258.54352
26.38,-257.5912
26.382,-256.79337
26.384,-256.16296
26.386,-255.27707
26.388,-254.70374
26.39,-254.511
26.392,-254.662
26.394,-254.5539
26.396,-254.5801
26.398,-254.65054
26.4,-254.662
26.402,-254.05893
26.404,-253.3756
26.406,-252.71185
26.408,-252.16042
26.41,-251.31242
26.412,-250.7731
26.414,-250.58119
26.416,-250.65945
26.418,-250.38832
26.42,-250.19728
26.422,-250.09375
26.424,-250.15913
26.426,-250.07494
26.428,-250.5847
26.43,-251.81798
26.432,-253.66136
26.434,-255.3005
26.436,-256.85214
26.438,-258.01016
26.44,-258.66455
26.442,-258.51154
26.444,-258.4832
26.446,-258.99524
26.448,-260.1655
26.45,-261.25137
26.452,-262.24905
26.454,-262.6388
26.456,-262.16678
26.458,-260.60645
26.46,-259.20624
26.462,-258.86813
26.464,-260.1655
26.466,-262.57104
26.468,-265.90524
26.47,-269.11093
26.472,-271.17252
26.474,-271.11703
26.476,-269.69644
26.478,-267.7377
26.48,-266.1693
26.482,-265.123
26.484,-265.14456
26.486,-265.74762
26.488,-266.1693
26.49,-265.34097
26.492,-263.6641
26.494,-261.5557
26.496,-259.6652
26.498,-258.0956
26.5,-257.62094
26.502,-258.12457
26.504,-259.16486
26.506,-259.77283
26.508,-260.14536
26.51,-260.24426
26.512,-260.1655
26.514,-259.54727
26.516,-258.9593
26.518,-258.37143
26.52,-257.6639
26.522,-256.285
26.524,-254.83705
26.526,-253.55243
26.528,-252.66074
26.53,-251.83719
26.532,-251.63742
26.534,-251.98064
26.536,-252.66074
26.538,-252.9826
26.54,-253.34967
26.542,-253.74689
26.544,-254.16168
26.546,-254.0791
26.548,-253.99371
26.55,-253.87595
26.552,-253.66136
26.554,-252.82538
26.556,-252.00186
26.558,-251.38588
26.56,-251.15977
26.562,-250.95937
26.564,-251.37735
26.566,-252.35626
26.568,-253.66136
26.57,-254.4824
26.572,-255.07439
26.574,-255.30132
26.576,-255.16232
26.578,-254.36255
26.58,-253.72638
26.582,-253.59607
26.584,-254.16168
26.586,-254.95062
26.588,-256.2793
26.59,-257.8223
26.592,-259.16486
26.594,-259.508
26.596,-259.2063
26.598,-258.3455
26.6,-257.1636
26.602,-255.5452
26.604,-254.36298
26.606,-253.88791
26.608,-254.16168
26.61,-254.56412
26.612,-255.38367
26.614,-256.448
26.616,-257.6639
26.618,-258.60364
26.62,-259.93716
26.622,-261.8122
26.624,-264.16806
26.626,-266.24164
26.628,-268.14206
26.63,-269.5165
26.632,-270.17188
26.634,-269.72192
26.636,-269.01578
26.638,-268.44876
26.64,-268.1706
26.642,-267.51212
26.644,-266.50882
26.646,-264.65887
26.648,-261.66647
26.65,-257.22043
26.652,-252.48964
26.654,-248.39207
26.656,-245.65628
26.658,-244.04399
26.66,-243.71216
26.662,-243.88173
26.664,-243.655
26.666,-241.99141
26.668,-239.45216
26.67,-236.69656
26.672,-234.64928
26.674,-233.6617
26.676,-234.66917
26.678,-237.54675
26.68,-241.65373
26.682,-245.67024
26.684,-249.34135
26.686,-252.2177
26.688,-254.16168
26.69,-254.88757
26.692,-255.18192
26.694,-255.37025
26.696,-255.66264
26.698,-255.85115
26.7,-256.29996
26.702,-256.82397
26.704,-257.1636
26.706,-256.979
26.708,-256.45743
26.71,-255.50731
26.712,-254.16168
26.714,-252.536
26.716,-251.27965
26.718,-250.628
26.72,-250.65945
26.722,-251.02605
26.724,-251.9631
26.726,-253.14584
26.728,-254.16168
26.73,-253.86577
26.732,-253.03586
26.734,-252.13307
26.736,-251.6601
26.738,-250.91768
26.74,-250.79169
26.742,-251.2736
26.744,-252.16042
26.746,-252.41551
26.748,-252.48131
26.75,-252.2775
26.752,-251.6601
26.754,-249.8369
26.756,-247.16513
26.758,-243.68562
26.76,-239.65245
26.762,-234.91219
26.764,-230.01324
26.766,-224.20868
26.768,-215.63718
26.77,-201.2073
26.772,-179.00714
26.774,-148.12244
26.776,-110.07002
26.778,-68.46467
26.78,-29.336962
26.782,2.2257123
26.784,23.51496
26.786,35.43837
26.788,40.34787
26.79,41.29505
26.792,39.024826
26.794,30.754465
26.796,9.148303
26.798,-33.805206
26.8,-103.56589
26.802,-199.36455
26.804,-314.13998
26.806,-434.35236
26.808,-543.84595
26.81,-627.8308
26.812,-677.8659
26.814,-692.16895
26.816,-675.4297
26.818,-636.08234
26.82,-584.64404
26.822,-529.8624
26.824,-477.80396
26.826,-431.34854
26.828,-392.1224
26.83,-360.0018
26.832,-334.21262
26.834,-313.34027
26.836,-296.7914
26.838,-283.5406
26.84,-272.67346
26.842,-263.1509
26.844,-255.10626
26.846,-248.45883
26.848,-243.15468
26.85,-238.68512
26.852,-235.2195
26.854,-232.4632
26.856,-230.14641
26.858,-227.84854
26.86,-225.89975
26.862,-224.46796
26.864,-223.64227
26.866,-223.13342
26.868,-222.84535
26.87,-222.5812
26.872,-222.14131
26.874,-221.15701
26.876,-219.64145
26.878,-217.7233
26.88,-215.63718
26.882,-213.36742
26.884,-211.43002
26.886,-210.01527
26.888,-209.13304
26.89,-208.06883
26.892,-207.31435
26.894,-206.43935
26.896,-205.1305
26.898,-202.8273
26.9,-200.87488
26.902,-199.60345
26.904,-199.12668
26.906,-198.86163
26.908,-199.25206
26.91,-199.832
26.912,-200.12732
26.914,-199.50333
26.916,-198.57588
26.918,-197.56415
26.92,-196.62509
26.922,-195.39612
26.924,-194.16254
26.926,-192.6439
26.928,-190.62126
26.93,-187.79984
26.932,-184.96745
26.934,-182.62119
26.936,-181.11522
26.938,-180.1566
26.94,-179.851
26.942,-179.67288
26.944,-179.11395
26.946,-177.64949
26.948,-175.90468
26.95,-174.39302
26.952,-173.61044
26.954,-173.45511
26.956,-174.17569
26.958,-175.27568
26.96,-176.11203
26.962,-175.87267
26.964,-174.84842
26.966,-173.29092
26.968,-171.60918
26.97,-169.83849
26.972,-168.5597
26.974,-167.72652
26.976,-167.10631
26.978,-166.11377
26.98,-165.0559
26.982,-164.01054
26.984,-163.10376
26.986,-162.07031
26.988,-161.30139
26.99,-160.70094
26.992,-160.10185
26.994,-159.02509
26.996,-157.93297
26.998,-157.04509
27.0,-156.59962
27.002,-156.37083
27.004,-156.77077
27.006,-157.6307
27.008,-158.60089
27.01,-158.89705
27.012,-158.65666
27.014,-157.84059
27.016,-156.59962
27.018,-154.85373
27.02,-153.42567
27.022,-152.75029
27.024,-153.0974
27.026,-154.1025
27.028,-156.00992
27.03,-158.49991
27.032,-161.1025
27.034,-162.9226
27.036,-164.05916
27.038,-164.5244
27.04,-164.60472
27.042,-164.37361
27.044,-164.81064
27.046,-166.36473
27.048,-169.10757
27.05,-172.27249
27.052,-175.6731
27.054,-178.74036
27.056,-181.11522
27.058,-182.40034
27.06,-183.41997
27.062,-184.82481
27.064,-187.11903
27.066,-190.01485
27.068,-193.64394
27.07,-197.52188
27.072,-201.12794
27.074,-203.75237
27.076,-205.86081
27.078,-207.85071
27.08,-210.13368
27.082,-212.49435
27.084,-215.22812
27.086,-218.05757
27.088,-220.64037
27.09,-222.39551
27.092,-223.84964
27.094,-225.44516
27.096,-227.64482
27.098,-230.29828
27.1,-233.70988
27.102,-237.51663
27.104,-241.15341
27.106,-243.70667
27.108,-245.31844
27.11,-246.16063
27.112,-246.6569
27.114,-246.90057
27.116,-247.67415
27.118,-249.1501
27.12,-251.15977
27.122,-252.88962
27.124,-254.27338
27.126,-255.04173
27.128,-255.16232
27.13,-254.45697
27.132,-253.73058
27.134,-253.40787
27.136,-253.66136
27.138,-253.91786
27.14,-254.21695
27.142,-254.19574
27.144,-253.66136
27.146,-252.31938
27.148,-251.0394
27.15,-250.38422
27.152,-250.65945
27.154,-251.28807
27.156,-252.17195
27.158,-252.63757
27.16,-252.16042
27.162,-250.21555
27.164,-247.72644
27.166,-245.48738
27.168,-244.15532
27.17,-243.47081
27.172,-243.58018
27.174,-243.84975
27.176,-243.655
27.178,-242.2982
27.18,-240.61264
27.182,-239.34412
27.184,-239.15215
27.186,-239.74539
27.188,-241.23854
27.19,-242.83131
27.192,-243.655
27.194,-242.74316
27.196,-240.81412
27.198,-238.64746
27.2,-237.15086
27.202,-236.4467
27.204,-237.17422
27.206,-238.96391
27.208,-241.15341
27.21,-242.6586
27.212,-243.79189
27.214,-244.70662
27.216,-245.65628
27.218,-246.27365
27.22,-247.02559
27.222,-247.71983
27.224,-248.15787
27.226,-247.85344
27.228,-247.68109
27.23,-248.16588
27.232,-249.65883
27.234,-251.61258
27.236,-254.11313
27.238,-256.5042
27.24,-258.16425
27.242,-258.33127
27.244,-257.82718
27.246,-257.36246
27.248,-257.6639
27.25,-258.64603
27.252,-260.79922
27.254,-263.6949
27.256,-266.66965
27.258,-268.6559
27.26,-269.97842
27.262,-270.85327
27.264,-271.67282
27.266,-272.28946
27.268,-273.39474
27.27,-274.94495
27.272,-276.67603
27.274,-277.77933
27.276,-278.60904
27.278,-279.2039
27.28,-279.67792
27.282,-279.64505
27.284,-279.70178
27.286,-279.89316
27.288,-280.17825
27.29,-280.0097
27.292,-279.94986
27.294,-280.13922
27.296,-280.67856
27.298,-281.0737
27.3,-281.7931
27.302,-282.72635
27.304,-283.68048
27.306,-283.9693
27.308,-284.0668
27.31,-284.08252
27.312,-284.1808
27.314,-284.02075
27.316,-284.2893
27.318,-285.05475
27.32,-286.18207
27.322,-286.8629
27.324,-287.3461
27.326,-287.46124
27.328,-287.1827
27.33,-286.16696
27.332,-285.29037
27.334,-284.9142
27.336,-285.18143
27.338,-285.42816
27.34,-285.8899
27.342,-286.22473
27.344,-286.18207
27.346,-285.23007
27.348,-284.22363
27.35,-283.60715
27.352,-283.68048
27.354,-283.92438
27.356,-284.66544
27.358,-285.53616
27.36,-286.18207
27.362,-285.93933
27.364,-285.59045
27.366,-285.56076
27.368,-286.18207
27.37,-286.96375
27.372,-288.2183
27.374,-289.4693
27.376,-290.1846
27.378,-289.53674
27.38,-288.24954
27.382,-286.89606
27.384,-286.18207
27.386,-286.1403
27.388,-287.55353
27.39,-290.15152
27.392,-293.18652
27.394,-295.1988
27.396,-295.9867
27.398,-295.24344
27.4,-293.18652
27.402,-290.01663
27.404,-287.27435
27.406,-285.85406
27.408,-286.18207
27.41,-287.58997
27.412,-290.0196
27.414,-292.64032
27.416,-294.68747
27.418,-295.25153
27.42,-295.0217
27.422,-294.4928
27.424,-294.18716
27.426,-293.89783
27.428,-294.21423
27.43,-294.91962
27.432,-295.6881
27.434,-295.80115
27.436,-295.91992
27.438,-296.32254
27.44,-297.18906
27.442,-297.90643
27.444,-298.6994
27.446,-299.09473
27.448,-298.69
27.45,-296.9003
27.452,-294.70004
27.454,-292.7738
27.456,-291.68555
27.458,-291.06613
27.46,-291.16837
27.462,-291.306
27.464,-290.68494
27.466,-288.2676
27.468,-284.65833
27.47,-280.38934
27.472,-276.1757
27.474,-272.10275
27.476,-269.1332
27.478,-267.3646
27.48,-266.66965
27.482,-266.3724
27.484,-267.0241
27.486,-268.66068
27.488,-271.17252
27.49,-273.69464
27.492,-276.28708
27.494,-278.4138
27.496,-279.67792
27.498,-279.53528
27.5,-278.96463
27.502,-278.6452
27.504,-279.1776
27.506,-280.3891
27.508,-282.63684
27.51,-285.3329
27.512,-287.683
27.514,-288.76074
27.516,-288.7281
27.518,-287.71274
27.52,-286.18207
27.522,-284.60358
27.524,-283.9097
27.526,-284.21838
27.528,-285.18143
27.53,-286.014
27.532,-286.43494
27.534,-285.98532
27.536,-284.6811
27.538,-282.57864
27.54,-281.34805
27.542,-281.97385
27.544,-284.6811
27.546,-287.72827
27.548,-290.5528
27.55,-291.90063
27.552,-291.18524
27.554,-288.02185
27.556,-284.55734
27.558,-282.47528
27.56,-282.67984
27.562,-284.11215
27.564,-285.87054
27.566,-286.22446
27.568,-284.1808
27.57,-279.55795
27.572,-274.4457
27.574,-270.41345
27.576,-267.6703
27.578,-263.83582
27.58,-255.97809
27.582,-240.51576
27.584,-215.63718
27.586,-182.12868
27.588,-144.81776
27.59,-109.31044
27.592,-80.05093
27.594,-57.911335
27.596,-41.36451
27.598,-26.350552
27.6,-9.506047
27.602,9.595468
27.604,25.619715
27.606,29.950329
27.608,13.008275
27.61,-31.684736
27.612,-106.07673
27.614,-204.80977
27.616,-316.70148
27.618,-427.0327
27.62,-522.4842
27.622,-592.5693
27.624,-631.902
27.626,-640.0836
27.628,-622.295
27.63,-586.0595
27.632,-539.84344
27.634,-490.9632
27.636,-445.90637
27.638,-408.1666
27.64,-378.74094
27.642,-356.23248
27.644,-339.1708
27.646,-325.38486
27.648,-313.19925
27.65,-301.37442
27.652,-290.5331
27.654,-281.27164
27.656,-274.1744
27.658,-269.03964
27.66,-266.13913
27.662,-264.81696
27.664,-264.16806
27.666,-262.94733
27.668,-261.09418
27.67,-258.56143
27.672,-255.66264
27.674,-252.62126
27.676,-250.29442
27.678,-249.12785
27.68,-249.15851
27.682,-249.69586
27.684,-250.23396
27.686,-250.16963
27.688,-249.15851
27.69,-246.99504
27.692,-244.28479
27.694,-241.78479
27.696,-240.15277
27.698,-239.21663
27.7,-239.31918
27.702,-239.86911
27.704,-240.15277
27.706,-239.06297
27.708,-237.47101
27.71,-235.55727
27.712,-233.64864
27.714,-231.57619
27.716,-230.47252
27.718,-230.29227
27.72,-230.64673
27.722,-230.57094
27.724,-230.30962
27.726,-229.66815
27.728,-228.64546
27.73,-227.00542
27.732,-225.59004
27.734,-224.62677
27.736,-224.1426
27.738,-223.5913
27.74,-223.23653
27.742,-222.82698
27.744,-222.14131
27.746,-220.69856
27.748,-219.07549
27.75,-217.4866
27.752,-216.1375
27.754,-214.77965
27.756,-213.92088
27.758,-213.45737
27.76,-213.13559
27.762,-212.28319
27.764,-211.17331
27.766,-209.76422
27.768,-208.1324
27.77,-206.08115
27.772,-204.34181
27.774,-203.15715
27.776,-202.6289
27.778,-202.3273
27.78,-202.56099
27.782,-203.09888
27.784,-203.62955
27.786,-203.46138
27.788,-202.88803
27.79,-201.90526
27.792,-200.62762
27.794,-198.87578
27.796,-197.40053
27.798,-196.45798
27.8,-196.12477
27.802,-195.8766
27.804,-195.95541
27.806,-196.11566
27.808,-196.12477
27.81,-195.43445
27.812,-194.57341
27.814,-193.74129
27.816,-193.12286
27.818,-192.38008
27.82,-192.00975
27.822,-191.9691
27.824,-192.12222
27.826,-191.87279
27.828,-191.65102
27.83,-191.53554
27.832,-191.6219
27.834,-191.52052
27.836,-191.75253
27.838,-192.32346
27.84,-193.12286
27.842,-193.51218
27.844,-193.86107
27.846,-194.1986
27.848,-194.62381
27.85,-194.81248
27.852,-195.44322
27.854,-196.70688
27.856,-198.62636
27.858,-200.56485
27.86,-202.75806
27.862,-205.00232
27.864,-207.13177
27.866,-208.60782
27.868,-210.02089
27.87,-211.6271
27.872,-213.63591
27.874,-215.6543
27.876,-218.13182
27.878,-221.00383
27.88,-224.1426
27.882,-226.9598
27.884,-229.92014
27.886,-233.13268
27.888,-236.65054
27.89,-239.93741
27.892,-243.30356
27.894,-246.59517
27.896,-249.65883
27.898,-251.96481
27.9,-254.07787
27.902,-256.2478
27.904,-258.66455
27.906,-260.89847
27.908,-263.31357
27.91,-265.78357
27.912,-268.1706
27.914,-269.971
27.916,-271.75763
27.918,-273.77567
27.92,-276.1757
27.922,-278.45395
27.924,-280.8662
27.926,-283.17978
27.928,-285.18143
27.93,-286.3396
27.932,-287.23657
27.934,-288.13425
27.936,-289.18396
27.938,-289.8595
27.94,-290.39105
27.942,-290.54538
27.944,-290.1846
27.946,-288.9464
27.948,-287.69482
27.95,-286.98138
27.952,-287.1827
27.954,-287.83304
27.956,-289.03702
27.958,-290.19907
27.96,-290.68494
27.962,-289.63733
27.964,-287.64178
27.966,-285.25064
27.968,-283.18015
27.97,-281.54126
27.972,-281.13394
27.974,-281.8504
27.976,-283.18015
27.978,-283.94315
27.98,-284.11774
27.982,-283.49316
27.984,-282.1795
27.986,-280.04135
27.988,-278.1445
27.99,-276.96164
27.992,-276.67603
27.994,-276.631
27.996,-277.0379
27.998,-277.50302
28.0,-277.67664
28.002,-276.88345
28.004,-275.8164
28.006,-274.80902
28.008,-274.1744
28.01,-273.5552
28.012,-273.54147
28.014,-274.0007
28.016,-274.67474
28.018,-274.79358
28.02,-274.86334
28.022,-274.9615
28.024,-275.17505
28.026,-275.00845
28.028,-275.05402
28.03,-275.2953
28.032,-275.67538
28.034,-275.64728
28.036,-275.89447
28.038,-276.56485
28.04,-277.67664
28.042,-278.539
28.044,-279.48508
28.046,-280.2604
28.048,-280.67856
28.05,-280.22745
28.052,-279.7878
28.054,-279.8223
28.056,-280.67856
28.058,-281.89966
28.06,-283.85992
28.062,-286.13602
28.064,-288.18332
28.066,-289.03107
28.068,-289.14313
28.07,-288.73834
28.072,-288.18332
28.074,-287.31317
28.076,-286.98285
28.078,-287.31073
28.08,-288.18332
28.082,-288.82755
28.084,-289.60803
28.086,-290.41742
28.088,-291.18524
28.09,-291.35147
28.092,-291.52362
28.094,-291.78824
28.096,-292.18588
28.098,-292.19403
28.1,-292.42828
28.102,-292.94153
28.104,-293.68683
28.106,-293.99396
28.108,-294.30673
28.11,-294.55267
28.112,-294.68747
28.114,-294.2108
28.116,-293.8476
28.118,-293.8068
28.12,-294.18716
28.122,-294.40918
28.124,-294.9197
28.126,-295.56885
28.128,-296.18842
28.13,-296.1513
28.132,-296.10562
28.134,-296.23892
28.136,-296.68875
28.138,-296.94345
28.14,-297.5325
28.142,-298.34497
28.144,-299.19034
28.146,-299.34607
28.148,-299.35367
28.15,-299.28168
28.152,-299.19034
28.154,-298.55707
28.156,-297.99704
28.158,-297.5423
28.16,-297.18906
28.162,-296.41263
28.164,-295.94348
28.166,-295.99274
28.168,-296.68875
28.17,-297.4647
28.172,-298.805
28.174,-300.4933
28.176,-302.19223
28.178,-302.99258
28.18,-303.31656
28.182,-303.1785
28.184,-302.69257
28.186,-301.4766
28.188,-300.36636
28.19,-299.5782
28.192,-299.19034
28.194,-298.61096
28.196,-298.37903
28.198,-298.43826
28.2,-298.69
28.202,-298.508
28.204,-298.47906
28.206,-298.68237
28.208,-299.19034
28.21,-299.53748
28.212,-300.3614
28.214,-301.64304
28.216,-303.19287
28.218,-304.17648
28.22,-304.91113
28.222,-305.25247
28.224,-305.19415
28.226,-304.35974
28.228,-303.7035
28.23,-303.59543
28.232,-304.1935
28.234,-304.8341
28.236,-305.87338
28.238,-307.0522
28.24,-308.19608
28.242,-308.78674
28.244,-309.71094
28.246,-311.3144
28.248,-313.69955
28.25,-316.04596
28.252,-318.4062
28.254,-320.1362
28.256,-320.704
28.258,-319.39328
28.26,-317.16708
28.262,-314.71933
28.264,-312.6989
28.266,-310.8722
28.268,-309.7601
28.27,-308.91467
28.272,-307.69574
28.274,-305.03964
28.276,-301.47122
28.278,-297.33923
28.28,-293.18652
28.282,-288.98294
28.284,-285.73138
28.286,-283.63235
28.288,-282.67984
28.29,-282.25598
28.292,-282.9935
28.294,-284.98117
28.296,-288.18332
28.298,-291.8035
28.3,-296.02856
28.302,-300.33688
28.304,-304.1935
28.306,-306.73026
28.308,-308.4636
28.31,-309.5538
28.312,-310.19733
28.314,-310.1534
28.316,-309.94083
28.318,-309.4753
28.32,-308.69638
28.322,-307.52942
28.324,-306.67093
28.326,-306.36646
28.328,-306.6951
28.33,-307.3497
28.332,-308.4011
28.334,-309.3354
28.336,-309.69702
28.338,-308.9749
28.34,-307.9816
28.342,-307.2357
28.344,-307.19543
28.346,-307.14703
28.348,-307.99268
28.35,-309.64774
28.352,-311.6983
28.354,-312.36252
28.356,-312.09424
28.358,-310.90573
28.36,-309.1967
28.362,-306.7713
28.364,-305.19308
28.366,-305.03696
28.368,-306.1948
28.37,-307.1529
28.372,-307.335
28.374,-305.68716
28.376,-301.69193
28.378,-294.92404
28.38,-286.48703
28.382,-276.5311
28.384,-264.16806
28.386,-246.9187
28.388,-223.18185
28.39,-191.765
28.392,-153.59772
28.394,-111.607216
28.396,-71.59663
28.398,-38.70472
28.4,-16.010185
28.402,-3.0272834
28.404,2.064825
28.406,2.1264315
28.408,-2.0012732
28.41,-12.72569
28.412,-37.167156
28.414,-83.14201
28.416,-156.0993
28.418,-255.33202
28.42,-374.11124
28.422,-499.03906
28.424,-613.8905
28.426,-703.458
28.428,-758.8642
28.43,-777.6808
28.432,-763.986
28.434,-725.7002
28.436,-673.34247
28.438,-615.88043
28.44,-559.85614
28.442,-508.66278
28.444,-464.61615
28.446,-428.0114
28.448,-398.25336
28.45,-373.8108
28.452,-354.0539
28.454,-337.832
28.456,-324.20624
28.458,-312.16055
28.46,-302.15707
28.462,-294.32336
28.464,-288.68365
28.466,-284.52866
28.468,-281.83713
28.47,-279.9319
28.472,-278.17697
28.474,-275.83813
28.476,-273.32123
28.478,-270.97565
28.48,-269.17123
28.482,-267.81012
28.484,-267.058
28.486,-266.76758
28.488,-266.66965
28.49,-266.18622
28.492,-265.3012
28.494,-264.06784
28.496,-262.66708
28.498,-260.9553
28.5,-259.485
28.502,-258.39246
28.504,-257.6639
28.506,-256.53674
28.508,-255.7157
28.51,-254.85904
28.512,-253.66136
28.514,-251.36389
28.516,-249.27232
28.518,-247.52794
28.52,-246.1566
28.522,-244.58699
28.524,-243.6728
28.526,-243.27786
28.528,-243.15468
28.53,-242.6206
28.532,-242.23097
28.534,-241.93317
28.536,-241.65373
28.538,-240.89606
28.54,-240.14421
28.542,-239.28389
28.544,-238.1515
28.546,-236.24088
28.548,-234.08344
28.55,-231.8216
28.552,-229.64609
28.554,-227.3825
28.556,-225.70695
28.558,-224.67433
28.56,-224.1426
28.562,-223.4552
28.564,-222.79752
28.566,-221.91602
28.568,-220.64037
28.57,-218.57884
28.572,-216.38675
28.574,-214.33144
28.576,-212.63527
28.578,-211.03596
28.58,-210.02443
28.582,-209.47632
28.584,-209.13304
28.586,-208.32224
28.588,-207.33232
28.59,-206.0974
28.592,-204.63017
28.594,-202.62305
28.596,-200.70679
28.598,-199.02632
28.6,-197.62572
28.602,-196.0576
28.604,-194.74316
28.606,-193.62717
28.608,-192.62254
28.61,-191.23175
28.612,-189.91876
28.614,-188.7142
28.616,-187.61935
28.618,-186.18689
28.62,-184.92517
28.622,-183.89246
28.624,-183.11649
28.626,-182.16354
28.628,-181.56938
28.63,-181.39305
28.632,-181.61554
28.634,-181.6918
28.636,-182.01645
28.638,-182.52168
28.64,-183.11649
28.642,-183.26425
28.644,-183.4793
28.646,-183.89128
28.648,-184.61745
28.65,-185.25415
28.652,-186.3251
28.654,-187.82355
28.656,-189.62064
28.658,-191.0372
28.66,-192.41565
28.662,-193.75287
28.664,-195.12413
28.666,-196.18985
28.668,-197.6585
28.67,-199.77429
28.672,-202.6289
28.674,-205.63567
28.676,-209.05737
28.678,-212.64928
28.68,-216.1375
28.682,-218.83455
28.684,-221.18306
28.686,-223.36937
28.688,-225.64354
28.69,-227.75862
28.692,-230.35188
28.694,-233.51527
28.696,-237.15086
28.698,-240.55017
28.7,-243.92
28.702,-247.13525
28.704,-250.15913
28.706,-252.59293
28.708,-255.04138
28.71,-257.70944
28.712,-260.66583
28.714,-263.35434
28.716,-266.01648
28.718,-268.49136
28.72,-270.67218
28.722,-272.13562
28.724,-273.51318
28.726,-275.12003
28.728,-277.17633
28.73,-279.26242
28.732,-281.68204
28.734,-284.2342
28.736,-286.68237
28.738,-288.41702
28.74,-289.8945
28.742,-291.27756
28.744,-292.6862
28.746,-293.6505
28.748,-294.4925
28.75,-295.05563
28.752,-295.18777
28.754,-294.40033
28.756,-293.33173
28.758,-292.3285
28.76,-291.68555
28.762,-291.0524
28.764,-290.83072
28.766,-290.80963
28.768,-290.68494
28.77,-289.74265
28.772,-288.44968
28.774,-287.00998
28.776,-285.68173
28.778,-284.17462
28.78,-283.07388
28.782,-282.3185
28.784,-281.6792
28.786,-280.38416
28.788,-278.8138
28.79,-277.02097
28.792,-275.17505
28.794,-273.00574
28.796,-271.33182
28.798,-270.37552
28.8,-270.17188
28.802,-270.06677
28.804,-270.4171
28.806,-271.02258
28.808,-271.67282
28.81,-271.6908
28.812,-271.6327
28.814,-271.59842
28.816,-271.67282
28.818,-271.36063
28.82,-271.2715
28.822,-271.40463
28.824,-271.67282
28.826,-271.42355
28.828,-271.21823
28.83,-271.11523
28.832,-271.17252
28.834,-270.89862
28.836,-270.95844
28.838,-271.40247
28.84,-272.17316
28.842,-272.60672
28.844,-273.19717
28.846,-273.90207
28.848,-274.67474
28.85,-274.95352
28.852,-275.39368
28.854,-276.11407
28.856,-277.17633
28.858,-278.03818
28.86,-279.27737
28.862,-280.8654
28.864,-282.67984
28.866,-284.00803
28.868,-285.31186
28.87,-286.54807
28.872,-287.683
28.874,-288.1748
28.876,-288.67792
28.878,-289.32523
28.88,-290.1846
28.882,-290.71872
28.884,-291.49054
28.886,-292.50055
28.888,-293.68683
28.89,-294.42548
28.892,-295.2505
28.894,-296.17978
28.896,-297.18906
28.898,-297.67953
28.9,-298.1887
28.902,-298.7109
28.904,-299.19034
28.906,-299.0168
28.908,-298.75
28.91,-298.45538
28.912,-298.1897
28.914,-297.47183
28.916,-296.98434
28.918,-296.8698
28.92,-297.18906
28.922,-297.385
28.924,-297.98984
28.926,-298.9617
28.928,-300.19098
28.93,-300.99783
28.932,-301.87637
28.934,-302.79803
28.936,-303.6932
28.938,-303.92404
28.94,-304.0406
28.942,-304.10306
28.944,-304.1935
28.946,-303.8651
28.948,-303.86996
28.95,-304.33475
28.952,-305.19415
28.954,-305.6334
28.956,-305.96744
28.958,-306.00534
28.96,-305.69446
28.962,-304.6285
28.964,-303.7877
28.966,-303.58728
28.968,-304.1935
28.97,-304.867
28.972,-305.7963
28.974,-306.5193
28.976,-306.6951
28.978,-305.75934
28.98,-304.68277
28.982,-304.0298
28.984,-304.1935
28.986,-304.66614
28.988,-305.68927
28.99,-306.70886
28.992,-307.19543
28.994,-306.4257
28.996,-305.27127
28.998,-304.34238
29.0,-304.1935
29.002,-304.51382
29.004,-305.7166
29.006,-307.31027
29.008,-308.69638
29.01,-308.95993
29.012,-308.79672
29.014,-308.69296
29.016,-309.1967
29.018,-310.09186
29.02,-311.9867
29.022,-314.54437
29.024,-317.20178
29.026,-318.89847
29.028,-320.0412
29.03,-320.7393
29.032,-321.20435
29.034,-321.0424
29.036,-320.90097
29.038,-320.68735
29.04,-320.2037
29.042,-318.7568
29.044,-317.0018
29.046,-315.11508
29.048,-313.19925
29.05,-310.64136
29.052,-307.85574
29.054,-304.6026
29.056,-300.69128
29.058,-295.62067
29.06,-290.40836
29.062,-285.71634
29.064,-282.1795
29.066,-279.66696
29.068,-278.90952
29.07,-279.7275
29.072,-281.6792
29.074,-283.7128
29.076,-286.0803
29.078,-288.60657
29.08,-291.18524
29.082,-293.19214
29.084,-295.16037
29.086,-297.02457
29.088,-298.69
29.09,-299.61346
29.092,-300.4412
29.094,-301.2879
29.096,-302.19223
29.098,-302.74377
29.1,-303.25983
29.102,-303.48038
29.104,-303.19287
29.106,-302.1996
29.108,-301.13422
29.11,-300.2413
29.112,-299.69064
29.114,-299.41214
29.116,-299.64117
29.118,-300.01904
29.12,-300.19098
29.122,-299.6663
29.124,-299.21457
29.126,-299.17914
29.128,-299.69064
29.13,-299.61343
29.132,-299.4841
29.134,-299.16534
29.136,-298.69
29.138,-297.37314
29.14,-296.50693
29.142,-296.5875
29.144,-297.6894
29.146,-298.66458
29.148,-299.43268
29.15,-299.36127
29.152,-298.1897
29.154,-295.61655
29.156,-292.94092
29.158,-290.81015
29.16,-289.18396
29.162,-286.48138
29.164,-281.36566
29.166,-271.56058
29.168,-255.16232
29.17,-230.915
29.172,-200.29727
29.174,-165.66814
29.176,-130.08275
29.178,-95.80414
29.18,-65.07334
29.182,-38.008034
29.184,-13.508594
29.186,10.078964
29.188,31.782608
29.19,48.46552
29.192,54.034374
29.194,41.019547
29.196,1.340212
29.198,-69.034546
29.2,-168.10695
29.202,-286.4813
29.204,-410.24918
29.206,-522.56836
29.208,-608.387
29.21,-657.75336
29.212,-669.4523
29.214,-649.02826
29.216,-606.88605
29.218,-554.3729
29.22,-502.13254
29.222,-456.5122
29.224,-419.76703
29.226,-390.66046
29.228,-367.66464
29.23,-348.7658
29.232,-332.71167
29.234,-318.59702
29.236,-307.00586
29.238,-297.95676
29.24,-291.18524
29.242,-285.7632
29.244,-281.80023
29.246,-279.00473
29.248,-277.17633
29.25,-275.7061
29.252,-274.89624
29.254,-274.49072
29.256,-274.1744
29.258,-273.33893
29.26,-272.24323
29.262,-270.98633
29.264,-269.67154
29.266,-268.04437
29.268,-266.27655
29.27,-264.4431
29.272,-262.66708
29.274,-260.86606
29.276,-259.31717
29.278,-258.23312
29.28,-257.6639
29.282,-257.07956
29.284,-256.5368
29.286,-255.77135
29.288,-254.662
29.29,-252.6993
29.292,-251.06041
29.294,-249.89507
29.296,-249.15851
29.298,-248.09404
29.3,-247.3843
29.302,-246.67958
29.304,-245.65628
29.306,-243.76476
29.308,-241.9261
29.31,-240.4848
29.312,-239.65245
29.314,-238.97754
29.316,-238.7763
29.318,-238.63608
29.32,-238.1515
29.322,-236.75383
29.324,-235.09964
29.326,-233.49402
29.328,-232.14769
29.33,-230.65866
29.332,-229.28291
29.334,-227.68861
29.336,-225.64354
29.338,-222.84822
29.34,-220.20343
29.342,-218.21576
29.344,-217.13814
29.346,-216.41812
29.348,-215.96138
29.35,-215.04298
29.352,-213.13559
29.354,-209.87578
29.356,-206.36342
29.358,-203.53508
29.36,-202.12859
29.362,-201.92416
29.364,-202.87186
29.366,-203.96413
29.368,-204.12985
29.37,-202.376
29.372,-199.31165
29.374,-195.72534
29.376,-192.62254
29.378,-190.3949
29.38,-189.76944
29.382,-190.42256
29.384,-191.6219
29.386,-192.20607
29.388,-192.21373
29.39,-191.61559
29.392,-190.62126
29.394,-189.07928
29.396,-187.6389
29.398,-186.34273
29.4,-185.11777
29.402,-183.49693
29.404,-182.07727
29.406,-181.07805
29.408,-180.6149
29.41,-180.14534
29.412,-179.87283
29.414,-179.45483
29.416,-178.61363
29.418,-176.87698
29.42,-175.07535
29.422,-173.80907
29.424,-173.61044
29.426,-174.25623
29.428,-176.1069
29.43,-178.75659
29.432,-181.61554
29.434,-183.67004
29.436,-185.13596
29.438,-186.05946
29.44,-186.61871
29.442,-186.52089
29.444,-186.42972
29.446,-186.56079
29.448,-187.11903
29.45,-187.85269
29.452,-189.54628
29.454,-192.47238
29.456,-196.62509
29.458,-201.14313
29.46,-205.88289
29.462,-210.2108
29.464,-213.63591
29.466,-215.52426
29.468,-216.68256
29.47,-217.81769
29.472,-219.63972
29.474,-222.08463
29.476,-225.69203
29.478,-230.2127
29.48,-235.1496
29.482,-239.49442
29.484,-243.41252
29.486,-246.91711
29.488,-250.15913
29.49,-252.80681
29.492,-255.41872
29.494,-258.05228
29.496,-260.66583
29.498,-262.7296
29.5,-264.76035
29.502,-266.99374
29.504,-269.67154
29.506,-272.46652
29.508,-275.83582
29.51,-279.67175
29.512,-283.68048
29.514,-287.0016
29.516,-289.7926
29.518,-291.98734
29.52,-293.68683
29.522,-294.64566
29.524,-295.62994
29.526,-296.94357
29.528,-298.69
29.53,-300.27188
29.532,-301.91428
29.534,-303.42834
29.536,-304.69385
29.538,-305.2538
29.54,-305.7662
29.542,-306.52524
29.544,-307.69574
29.546,-308.71747
29.548,-309.84482
29.55,-310.77496
29.552,-311.19797
29.554,-310.44748
29.556,-309.12216
29.558,-307.57504
29.56,-306.1948
29.562,-304.74628
29.564,-303.85477
29.566,-303.43597
29.568,-303.19287
29.57,-302.24277
29.572,-300.92593
29.574,-299.3171
29.576,-297.6894
29.578,-295.89154
29.58,-294.87604
29.582,-294.86087
29.584,-295.6881
29.586,-296.32568
29.588,-296.7616
29.59,-296.58417
29.592,-295.6881
29.594,-293.8163
29.596,-292.16718
29.598,-291.37366
29.6,-291.68555
29.602,-292.2602
29.604,-293.04703
29.606,-293.33688
29.608,-292.6862
29.61,-290.6488
29.612,-288.57852
29.614,-287.50702
29.616,-288.18332
29.618,-290.11816
29.62,-293.31897
29.622,-296.7154
29.624,-299.19034
29.626,-299.52176
29.628,-298.4784
29.63,-296.87106
29.632,-295.6881
29.634,-295.06354
29.636,-295.81476
29.638,-297.5905
29.64,-299.69064
29.642,-300.91214
29.644,-301.68155
29.646,-302.28198
29.648,-303.19287
29.65,-304.21866
29.652,-306.06534
29.654,-308.43533
29.656,-310.69766
29.658,-311.62015
29.66,-311.46243
29.662,-310.33514
29.664,-308.69638
29.666,-306.6178
29.668,-305.36905
29.67,-305.38928
29.672,-306.6951
29.674,-308.3495
29.676,-310.44785
29.678,-312.5124
29.68,-314.1999
29.682,-314.84555
29.684,-315.25784
29.686,-315.7943
29.688,-316.70148
29.69,-317.4315
29.692,-318.43018
29.694,-319.4447
29.696,-320.2037
29.698,-320.0111
29.7,-319.59732
29.702,-319.2578
29.704,-319.20306
29.706,-318.8675
29.708,-318.716
29.71,-318.54648
29.712,-318.20242
29.714,-317.16608
29.716,-316.3882
29.718,-316.32278
29.72,-317.20178
29.722,-318.2964
29.724,-319.73
29.726,-320.8755
29.728,-321.20435
29.73,-320.01428
29.732,-318.3478
29.734,-316.99927
29.736,-316.70148
29.738,-317.22208
29.74,-319.05273
29.742,-321.6385
29.744,-324.20624
29.746,-325.53937
29.748,-326.06622
29.75,-326.00287
29.752,-325.7072
29.754,-324.8669
29.756,-324.22516
29.758,-323.72705
29.76,-323.2056
29.762,-321.98868
29.764,-320.87704
29.766,-320.2018
29.768,-320.2037
29.77,-320.30215
29.772,-320.91315
29.774,-321.67477
29.776,-322.205
29.778,-321.75784
29.78,-321.1177
29.782,-320.6615
29.784,-320.704
29.786,-320.77054
29.788,-321.30542
29.79,-321.932
29.792,-322.205
29.794,-321.3195
29.796,-319.99295
29.798,-318.6319
29.8,-317.70212
29.802,-316.9883
29.804,-317.23032
29.806,-318.2719
29.808,-319.70337
29.81,-320.50275
29.812,-321.05148
29.814,-321.37997
29.816,-321.70465
29.818,-321.77106
29.82,-322.51172
29.822,-324.05548
29.824,-326.20752
29.826,-327.95667
29.828,-329.47205
29.83,-330.42847
29.832,-330.7104
29.834,-329.89557
29.836,-329.00555
29.838,-328.41617
29.84,-328.2088
29.842,-327.5302
29.844,-326.5203
29.846,-324.679
29.848,-321.70465
29.85,-317.13684
29.852,-312.1923
29.854,-307.6754
29.856,-304.1935
29.858,-301.33347
29.86,-299.4394
29.862,-297.92743
29.864,-296.18842
29.866,-293.39087
29.868,-290.46228
29.87,-288.13565
29.872,-287.1827
29.874,-287.50275
29.876,-289.7398
29.878,-293.41293
29.88,-297.6894
29.882,-301.17358
29.884,-303.9632
29.886,-305.93024
29.888,-307.19543
29.89,-307.46564
29.892,-307.57242
29.894,-307.64648
29.896,-307.69574
29.898,-307.32352
29.9,-307.13797
29.902,-307.24026
29.904,-307.69574
29.906,-308.26895
29.908,-309.28336
29.91,-310.4012
29.912,-311.19797
29.914,-311.181
29.916,-310.72635
29.918,-309.96487
29.92,-309.1967
29.922,-308.48895
29.924,-308.71655
29.926,-309.92087
29.928,-311.6983
29.93,-312.49893
29.932,-312.55847
29.934,-311.72595
29.936,-310.19733
29.938,-307.46417
29.94,-305.08716
29.942,-303.85022
29.944,-304.1935
29.946,-305.30258
29.948,-307.3911
29.95,-309.67856
29.952,-311.19797
29.954,-310.4901
29.956,-307.7745
29.958,-303.27884
29.96,-297.6894
29.962,-291.25665
29.964,-284.9574
29.966,-278.2014
29.968,-269.17123
29.97,-254.74559
29.972,-233.23366
29.974,-203.8532
29.976,-168.10695
29.978,-129.22827
29.98,-92.72626
29.982,-62.85806
29.984,-41.526417
29.986,-27.243198
29.988,-17.78302
29.99,-10.652907
29.992,-6.0038195
29.994,-7.4575386
29.996,-23.104109
29.998,-61.113407
30.0,-126.58053
30.002,-217.91884
30.004,-327.40277
30.006,-440.95566
30.008,-542.34503
30.01,-617.1678
30.012,-658.1013
30.014,-664.68085
30.016,-642.909
30.018,-602.1019
30.02,-553.2439
30.022,-504.66702
30.024,-461.29346
30.026,-424.317
30.028,-393.88168
30.03,-368.73285
30.032,-347.7212
30.034,-329.76523
30.036,-315.36908
30.038,-304.58606
30.04,-297.18906
30.042,-292.0674
30.044,-288.8441
30.046,-286.5017
30.048,-284.1808
30.05,-280.99796
30.052,-277.58444
30.054,-274.45325
30.056,-272.17316
30.058,-270.6891
30.06,-270.3455
30.062,-270.72684
30.064,-271.17252
30.066,-270.78894
30.068,-269.61996
30.07,-268.03043
30.072,-266.66965
30.074,-265.8426
30.076,-265.98102
30.078,-266.94278
30.08,-268.1706
30.082,-268.57422
30.084,-267.8999
30.086,-266.0043
30.088,-263.16742
30.09,-259.38864
30.092,-256.16202
30.094,-253.89441
30.096,-252.66074
30.098,-251.68242
30.1,-251.66748
30.102,-252.16692
30.104,-252.66074
30.106,-252.25093
30.108,-251.53772
30.11,-250.50304
30.112,-249.15851
30.114,-247.09595
30.116,-245.0174
30.118,-243.0177
30.12,-241.15341
30.122,-239.09193
30.124,-237.50108
30.126,-236.5131
30.128,-236.15022
30.13,-235.90405
30.132,-236.06538
30.134,-236.29208
30.136,-236.15022
30.138,-234.87994
30.14,-232.82573
30.142,-230.12381
30.144,-227.1445
30.146,-224.03
30.148,-221.79396
30.15,-220.7152
30.152,-220.64037
30.154,-220.64229
30.156,-220.53096
30.158,-219.76018
30.16,-218.13878
30.162,-215.56639
30.164,-213.2182
30.166,-211.80357
30.168,-211.63463
30.17,-212.04568
30.172,-212.79617
30.174,-213.02371
30.176,-212.13495
30.178,-209.75389
30.18,-207.06802
30.182,-205.10495
30.184,-204.63017
30.186,-205.30847
30.188,-206.9672
30.19,-208.45833
30.192,-208.63272
30.194,-206.47644
30.196,-202.78355
30.198,-198.59033
30.2,-195.12413
30.202,-192.8136
30.204,-192.32353
30.206,-193.10315
30.208,-194.12349
30.21,-193.94577
30.212,-192.5802
30.214,-190.2396
30.216,-187.61935
30.218,-185.12215
30.22,-183.9296
30.222,-184.33348
30.224,-186.11841
30.226,-188.26422
30.228,-190.65761
30.23,-192.86119
30.232,-194.62381
30.234,-195.41492
30.236,-195.85497
30.238,-196.19005
30.24,-196.62509
30.242,-196.81995
30.244,-197.38867
30.246,-198.46873
30.248,-200.12732
30.25,-201.88786
30.252,-204.23749
30.254,-207.18398
30.256,-210.634
30.258,-213.9078
30.26,-217.2785
30.262,-220.57639
30.264,-223.64227
30.266,-225.90639
30.268,-227.91972
30.27,-229.92041
30.272,-232.14769
30.274,-234.26198
30.276,-236.79396
30.278,-239.67438
30.28,-242.65437
30.282,-244.9212
30.284,-246.6801
30.286,-247.88434
30.288,-248.65819
30.29,-248.80869
30.292,-249.2324
30.294,-250.41325
30.296,-252.66074
30.298,-255.54529
30.3,-259.33295
30.302,-263.69257
30.304,-268.1706
30.306,-271.85294
30.308,-274.9178
30.31,-277.33087
30.312,-279.1776
30.314,-280.13257
30.316,-280.86597
30.318,-281.64374
30.32,-282.67984
30.322,-283.6434
30.324,-285.08618
30.326,-287.00647
30.328,-289.18396
30.33,-290.73825
30.332,-291.74664
30.334,-292.03088
30.336,-291.68555
30.338,-290.62524
30.34,-289.94855
30.342,-290.24078
30.344,-291.68555
30.346,-293.4428
30.348,-295.27075
30.35,-296.3706
30.352,-296.18842
30.354,-294.20547
30.356,-291.55823
30.358,-289.25778
30.36,-288.18332
30.362,-288.17896
30.364,-289.52103
30.366,-291.49023
30.368,-293.18652
30.37,-293.43573
30.372,-292.68234
30.374,-291.3813
30.376,-290.1846
30.378,-289.07385
30.38,-288.78268
30.382,-289.13766
30.384,-289.6843
30.386,-289.43234
30.388,-288.77988
30.39,-287.913
30.392,-287.1827
30.394,-286.37958
30.396,-286.30444
30.398,-286.97858
30.4,-288.18332
30.402,-289.04547
30.404,-289.90488
30.406,-290.64536
30.408,-291.18524
30.41,-290.89627
30.412,-290.3566
30.414,-289.6023
30.416,-288.68365
30.418,-287.17615
30.42,-285.98526
30.422,-285.5354
30.424,-286.18207
30.426,-287.54202
30.428,-290.1756
30.43,-293.76733
30.432,-297.6894
30.434,-300.61746
30.436,-302.53366
30.438,-303.17645
30.44,-302.69257
30.442,-301.086
30.444,-299.77264
30.446,-299.52835
30.448,-300.69128
30.45,-302.4689
30.452,-304.81396
30.454,-306.93765
30.456,-308.19608
30.458,-307.82877
30.46,-306.80923
30.462,-305.87625
30.464,-305.69446
30.466,-305.99255
30.468,-307.2
30.47,-308.8111
30.472,-310.19733
30.474,-310.39606
30.476,-310.0621
30.478,-309.65576
30.48,-309.69702
30.482,-309.93176
30.484,-310.9266
30.486,-312.35074
30.488,-313.69955
30.49,-314.0317
30.492,-313.91986
30.494,-313.68036
30.496,-313.69955
30.498,-313.66122
30.5,-314.12738
30.502,-314.8019
30.504,-315.20053
30.506,-314.35242
30.508,-312.7672
30.51,-310.7288
30.512,-308.69638
30.514,-306.57812
30.516,-305.35873
30.518,-305.24207
30.52,-306.1948
30.522,-307.47696
30.524,-309.49957
30.526,-312.03052
30.528,-314.7002
30.53,-316.4723
30.532,-317.52365
30.534,-317.60233
30.536,-316.70148
30.538,-314.57922
30.54,-312.47012
30.542,-311.04813
30.544,-310.69766
30.546,-310.8161
30.548,-311.6233
30.55,-312.57788
30.552,-313.19925
30.554,-312.75354
30.556,-312.08948
30.558,-311.64474
30.56,-311.6983
30.562,-311.6156
30.564,-311.63757
30.566,-311.27933
30.568,-310.19733
30.57,-307.91605
30.572,-305.67822
30.574,-304.3775
30.576,-304.69385
30.578,-306.19473
30.58,-309.01105
30.582,-312.2
30.584,-314.7002
30.586,-315.2366
30.588,-314.40445
30.59,-312.78806
30.592,-311.19797
30.594,-309.74057
30.596,-309.32474
30.598,-309.80554
30.6,-310.69766
30.602,-310.92935
30.604,-310.8654
30.606,-310.56442
30.608,-310.19733
30.61,-309.32468
30.612,-308.59793
30.614,-307.93604
30.616,-307.19543
30.618,-305.77896
30.62,-304.51358
30.622,-303.74045
30.624,-303.6932
30.626,-303.81412
30.628,-304.50357
30.63,-305.41714
30.632,-306.1948
30.634,-306.1016
30.636,-305.8834
30.638,-305.84485
30.64,-306.1948
30.642,-306.34195
30.644,-306.68076
30.646,-306.89108
30.648,-306.6951
30.65,-305.49753
30.652,-304.25854
30.654,-303.52054
30.656,-303.6932
30.658,-304.2794
30.66,-305.6046
30.662,-307.1206
30.664,-308.19608
30.666,-307.85178
30.668,-306.7527
30.67,-305.34256
30.672,-304.1935
30.674,-303.2274
30.676,-303.2712
30.678,-304.22397
30.68,-305.69446
30.682,-306.67844
30.684,-307.4742
30.686,-307.98105
30.688,-308.19608
30.69,-307.61362
30.692,-306.8947
30.694,-306.08502
30.696,-305.19415
30.698,-303.74432
30.7,-302.53235
30.702,-301.8057
30.704,-301.69193
30.706,-301.59784
30.708,-302.0005
30.71,-302.7455
30.712,-303.6932
30.714,-304.26096
30.716,-305.20187
30.718,-306.6876
30.72,-308.69638
30.722,-310.39792
30.724,-312.01523
30.726,-313.18637
30.728,-313.69955
30.73,-313.0755
30.732,-312.32938
30.734,-311.95703
30.736,-312.1986
30.738,-312.30862
30.74,-312.36954
30.742,-311.69604
30.744,-309.69702
30.746,-305.63733
30.748,-300.57318
30.75,-295.42212
30.752,-291.18524
30.754,-288.03992
30.756,-286.85458
30.758,-287.32828
30.76,-288.68365
30.762,-289.4556
30.764,-289.63477
30.766,-289.09988
30.768,-288.18332
30.77,-286.96942
30.772,-286.81036
30.774,-288.2142
30.776,-291.18524
30.778,-294.6858
30.78,-298.56992
30.782,-302.08752
30.784,-304.69385
30.786,-305.73587
30.788,-306.08047
30.79,-306.25226
30.792,-306.6951
30.794,-307.22403
30.796,-308.18155
30.798,-309.15186
30.8,-309.69702
30.802,-309.41608
30.804,-308.9239
30.806,-308.57706
30.808,-308.69638
30.81,-309.216
30.812,-310.3392
30.814,-311.5302
30.816,-312.1986
30.818,-311.61664
30.82,-310.52347
30.822,-309.40988
30.824,-308.69638
30.826,-307.58987
30.828,-306.8483
30.83,-306.40387
30.832,-306.1948
30.834,-305.37122
30.836,-304.99258
30.838,-305.41776
30.84,-306.6951
30.842,-307.7469
30.844,-308.5974
30.846,-308.6742
30.848,-307.69574
30.85,-305.25647
30.852,-302.5575
30.854,-300.1943
30.856,-298.1897
30.858,-295.12952
30.86,-289.93948
30.862,-280.56158
30.864,-265.1687
30.866,-242.38235
30.868,-213.4571
30.87,-180.52563
30.872,-146.59326
30.874,-114.14643
30.876,-85.92732
30.878,-62.627647
30.88,-43.52769
30.882,-26.882898
30.884,-12.974825
30.886,-3.6745546
30.888,-3.502228
30.89,-18.428768
30.892,-55.56401
30.894,-118.7391
30.896,-206.63145
30.898,-311.2378
30.9,-420.53372
30.902,-519.5781
30.904,-594.8784
30.906,-637.4051
30.908,-646.1543
30.91,-626.1718
30.912,-586.87335
30.914,-538.41046
30.916,-490.3955
30.918,-448.498
30.92,-414.76385
30.922,-388.13293
30.924,-367.50674
30.926,-351.24356
30.928,-338.21515
30.93,-327.28763
30.932,-318.59738
30.934,-311.62006
30.936,-305.69446
30.938,-299.78714
30.94,-294.30057
30.942,-289.4712
30.944,-285.68173
30.946,-282.7283
30.948,-281.06995
30.95,-280.27982
30.952,-279.67792
30.954,-278.26254
30.956,-276.1616
30.958,-273.62018
30.96,-271.17252
30.962,-269.0897
30.964,-268.0612
30.966,-268.31003
30.968,-269.67154
30.97,-271.3351
30.972,-272.80823
30.974,-273.53882
30.976,-273.17377
30.978,-271.24045
30.98,-268.4513
30.982,-265.37762
30.984,-262.66708
30.986,-260.22897
30.988,-259.22534
30.99,-259.41248
30.992,-260.1655
30.994,-260.18936
30.996,-259.91217
30.998,-259.0728
31.0,-257.6639
31.002,-255.46466
31.004,-253.62372
31.006,-252.5028
31.008,-252.16042
31.01,-251.9048
31.012,-251.92476
31.014,-251.78485
31.016,-251.15977
31.018,-249.56316
31.02,-247.7938
31.022,-246.23509
31.024,-245.15596
31.026,-244.1707
31.028,-243.5965
31.03,-243.06033
31.032,-242.15405
31.034,-240.24046
31.036,-237.93546
31.038,-235.60092
31.04,-233.64864
31.042,-231.96593
31.044,-231.1407
31.046,-230.99828
31.048,-231.14705
31.05,-230.76207
31.052,-230.1116
31.054,-229.19228
31.056,-228.14514
31.058,-226.75385
31.06,-225.70937
31.062,-225.05824
31.064,-224.64291
31.066,-223.76881
31.068,-222.70378
31.07,-221.33032
31.072,-219.63972
31.074,-217.32175
31.076,-215.12978
31.078,-213.34503
31.08,-212.13495
31.082,-211.08083
31.084,-210.6058
31.086,-210.54196
31.088,-210.634
31.09,-210.18193
31.092,-209.58144
31.094,-208.86787
31.096,-208.1324
31.098,-207.02711
31.1,-206.19356
31.102,-205.73296
31.104,-205.63081
31.106,-205.32227
31.108,-205.24211
31.11,-205.36119
31.112,-205.63081
31.114,-205.51627
31.116,-205.52962
31.118,-205.72522
31.12,-206.13113
31.122,-206.27176
31.124,-206.70462
31.126,-207.49881
31.128,-208.63272
31.13,-209.50479
31.132,-210.54115
31.134,-211.73988
31.136,-213.13559
31.138,-214.30132
31.14,-215.89111
31.142,-218.0276
31.144,-220.64037
31.146,-222.9506
31.148,-225.15271
31.15,-227.05507
31.152,-228.64546
31.154,-229.64694
31.156,-231.02602
31.158,-233.2882
31.16,-236.65054
31.162,-240.393
31.164,-244.46811
31.166,-248.23529
31.168,-251.15977
31.17,-252.55571
31.172,-253.23146
31.174,-253.87512
31.176,-255.16232
31.178,-256.96283
31.18,-259.74295
31.182,-263.1589
31.184,-266.66965
31.186,-269.30704
31.188,-271.42508
31.19,-273.25974
31.192,-275.17505
31.194,-276.95456
31.196,-279.198
31.198,-281.8479
31.2,-284.6811
31.202,-286.9649
31.204,-289.12817
31.206,-291.31607
31.208,-293.68683
31.21,-295.7842
31.212,-298.01938
31.214,-300.23264
31.216,-302.19223
31.218,-303.21863
31.22,-303.8291
31.222,-304.24445
31.224,-304.69385
31.226,-304.8014
31.228,-305.1083
31.23,-305.59955
31.232,-306.1948
31.234,-306.3231
31.236,-306.5492
31.238,-306.99957
31.24,-307.69574
31.242,-307.98627
31.244,-308.1821
31.246,-308.11267
31.248,-307.69574
31.25,-306.50623
31.252,-305.42947
31.254,-304.9062
31.256,-305.19415
31.258,-305.7056
31.26,-306.66748
31.262,-307.63867
31.264,-308.19608
31.266,-307.609
31.268,-306.61978
31.27,-305.67606
31.272,-305.19415
31.274,-304.8178
31.276,-305.05194
31.278,-305.631
31.28,-306.1948
31.282,-305.94907
31.284,-305.52887
31.286,-305.1999
31.288,-305.19415
31.29,-304.99475
31.292,-305.0805
31.294,-305.2254
31.296,-305.19415
31.298,-304.3537
31.3,-303.5272
31.302,-303.0693
31.304,-303.19287
31.306,-303.2634
31.308,-303.60385
31.31,-303.84235
31.312,-303.6932
31.314,-302.603
31.316,-301.61267
31.318,-301.33685
31.32,-302.19223
31.322,-303.58127
31.324,-305.6846
31.326,-307.7954
31.328,-309.1967
31.33,-308.9306
31.332,-307.81763
31.334,-306.5029
31.336,-305.69446
31.338,-305.26328
31.34,-305.8874
31.342,-307.22986
31.344,-308.69638
31.346,-309.1777
31.348,-309.14417
31.35,-308.8418
31.352,-308.69638
31.354,-308.5228
31.356,-309.18494
31.358,-310.6732
31.36,-312.6989
31.362,-314.27588
31.364,-315.72458
31.366,-316.8962
31.368,-317.70212
31.37,-317.50537
31.372,-316.95303
31.374,-316.14273
31.376,-315.20053
31.378,-313.7471
31.38,-312.73315
31.382,-312.5006
31.384,-313.19925
31.386,-314.1461
31.388,-315.6929
31.39,-317.49554
31.392,-319.20306
31.394,-320.02728
31.396,-320.64886
31.398,-321.30853
31.4,-322.205
31.402,-322.79883
31.404,-323.62885
31.406,-324.51395
31.408,-325.20688
31.41,-324.95584
31.412,-324.4533
31.414,-323.95145
31.416,-323.70593
31.418,-323.2887
31.42,-323.385
31.422,-323.92908
31.424,-324.70657
31.426,-324.8876
31.428,-324.99423
31.43,-325.0719
31.432,-325.20688
31.434,-324.8962
31.436,-324.86475
31.438,-325.16196
31.44,-325.7072
31.442,-325.7592
31.444,-325.8621
31.446,-326.0097
31.448,-326.20752
31.45,-325.88406
31.452,-325.75342
31.454,-325.87903
31.456,-326.20752
31.458,-326.0177
31.46,-325.861
31.462,-325.74088
31.464,-325.7072
31.466,-325.28912
31.468,-325.32135
31.47,-325.97354
31.472,-327.20816
31.474,-328.1805
31.476,-329.19598
31.478,-329.94492
31.48,-330.21005
31.482,-329.39844
31.484,-328.44046
31.486,-327.76993
31.488,-327.70847
31.49,-327.74695
31.492,-328.39667
31.494,-329.3508
31.496,-330.21005
31.498,-330.08588
31.5,-329.62372
31.502,-329.06863
31.504,-328.7091
31.506,-328.15182
31.508,-328.12665
31.51,-328.55807
31.512,-329.20944
31.514,-329.22858
31.516,-329.18262
31.518,-329.1456
31.52,-329.20944
31.522,-328.81967
31.524,-328.64435
31.526,-328.64648
31.528,-328.7091
31.53,-328.133
31.532,-327.61182
31.534,-327.2786
31.536,-327.20816
31.538,-326.7773
31.54,-326.5896
31.542,-326.5895
31.544,-326.70782
31.546,-326.35315
31.548,-326.27374
31.55,-326.57935
31.552,-327.20816
31.554,-327.34485
31.556,-327.33783
31.558,-326.97476
31.56,-326.20752
31.562,-324.68808
31.564,-323.54865
31.566,-323.31155
31.568,-324.20624
31.57,-325.4673
31.572,-327.22217
31.574,-328.8216
31.576,-329.70975
31.578,-329.1223
31.58,-328.05603
31.582,-327.2029
31.584,-327.20816
31.586,-327.78195
31.588,-329.45352
31.59,-331.68942
31.592,-333.71228
31.594,-334.26157
31.596,-333.7785
31.598,-332.56113
31.6,-331.2107
31.602,-329.79828
31.604,-329.4878
31.606,-330.4132
31.608,-332.21133
31.61,-333.579
31.612,-334.43573
31.614,-334.23602
31.616,-332.71167
31.618,-329.3532
31.62,-325.2536
31.622,-321.02808
31.624,-317.20178
31.626,-313.5057
31.628,-310.7331
31.63,-308.85788
31.632,-307.69574
31.634,-306.4455
31.636,-305.67474
31.638,-305.416
31.64,-305.69446
31.642,-305.90576
31.644,-306.68094
31.646,-307.97964
31.648,-309.69702
31.65,-311.1671
31.652,-313.04044
31.654,-315.3889
31.656,-318.20242
31.658,-320.83102
31.66,-323.63037
31.662,-326.23288
31.664,-328.2088
31.666,-328.88965
31.668,-328.6803
31.67,-327.68503
31.672,-326.20752
31.674,-324.51184
31.676,-323.51367
31.678,-323.43826
31.68,-324.20624
31.682,-325.32727
31.684,-326.7868
31.686,-328.05438
31.688,-328.7091
31.69,-328.10794
31.692,-327.18515
31.694,-326.44055
31.696,-326.20752
31.698,-325.42145
31.7,-324.91492
31.702,-324.6775
31.704,-324.70657
31.706,-323.97687
31.708,-323.59006
31.71,-323.83047
31.712,-324.70657
31.714,-325.07538
31.716,-325.17197
31.718,-324.60583
31.72,-323.2056
31.722,-320.4501
31.724,-317.33643
31.726,-314.05823
31.728,-310.19733
31.73,-303.98727
31.732,-294.33432
31.734,-279.4705
31.736,-258.16425
31.738,-229.76001
31.74,-196.17424
31.742,-159.83383
31.744,-123.57861
31.746,-89.35463
31.748,-59.377045
31.75,-34.158447
31.752,-13.508594
31.754,3.0541623
31.756,13.523834
31.758,14.546154
31.76,1.0006366
31.762,-32.388115
31.764,-90.86194
31.766,-175.70172
31.768,-283.18015
31.77,-403.73462
31.772,-524.95233
31.774,-632.4051
31.776,-713.45386
31.778,-759.6282
31.78,-769.9032
31.782,-748.75244
31.784,-704.9485
31.786,-648.45734
31.788,-589.5214
31.79,-535.10596
31.792,-488.81097
31.794,-450.83133
31.796,-420.6762
31.798,-396.55432
31.8,-376.73965
31.802,-359.48203
31.804,-344.68082
31.806,-331.9921
31.808,-321.20435
31.81,-311.69403
31.812,-303.9816
31.814,-298.0252
31.816,-293.68683
31.818,-290.266
31.82,-287.9536
31.822,-286.38892
31.824,-285.18143
31.826,-283.6478
31.828,-281.995
31.83,-280.29645
31.832,-278.67728
31.834,-276.93753
31.836,-275.3589
31.838,-274.07858
31.84,-273.17377
31.842,-272.33713
31.844,-271.66638
31.846,-271.13184
31.848,-270.67218
31.85,-269.74542
31.852,-268.7986
31.854,-267.78525
31.856,-266.66965
31.858,-264.77695
31.86,-263.21252
31.862,-261.8875
31.864,-260.66583
31.866,-258.87683
31.868,-257.719
31.87,-257.2115
31.872,-257.1636
31.874,-256.73608
31.876,-256.39017
31.878,-255.78964
31.88,-254.662
31.882,-252.48761
31.884,-250.1229
31.886,-247.91562
31.888,-246.1566
31.89,-244.56602
31.892,-243.69235
31.894,-243.3348
31.896,-243.15468
31.898,-242.42575
31.9,-241.51578
31.902,-240.41142
31.904,-239.15215
31.906,-237.3911
31.908,-235.70537
31.91,-234.12863
31.912,-232.648
31.914,-230.87463
31.916,-229.40147
31.918,-228.32623
31.92,-227.64482
31.922,-226.83543
31.924,-226.20891
31.926,-225.54607
31.928,-224.64291
31.93,-223.01259
31.932,-221.25914
31.934,-219.58603
31.936,-218.13878
31.938,-216.5274
31.94,-215.17679
31.942,-213.93842
31.944,-212.63527
31.946,-210.76324
31.948,-208.91837
31.95,-207.31676
31.952,-206.13113
31.954,-204.9824
31.956,-204.30537
31.958,-203.93431
31.96,-203.62955
31.962,-202.75262
31.964,-201.79178
31.966,-200.87364
31.968,-200.12732
31.97,-199.1585
31.972,-198.46968
31.974,-198.0019
31.976,-197.62572
31.978,-196.7668
31.98,-195.96318
31.982,-195.36978
31.984,-195.12413
31.986,-194.80254
31.988,-194.9111
31.99,-195.39598
31.992,-196.12477
31.994,-196.47296
31.996,-196.93767
31.998,-197.62526
32.0,-198.62636
32.002,-199.46555
32.004,-200.6616
32.006,-202.22836
32.008,-204.12985
32.01,-205.80626
32.012,-207.77559
32.014,-210.0763
32.016,-212.63527
32.018,-214.74637
32.02,-216.72531
32.022,-218.50414
32.024,-220.14005
32.026,-221.34148
32.028,-223.0001
32.03,-225.54153
32.032,-229.14577
32.034,-233.1253
32.036,-237.53537
32.038,-241.86421
32.04,-245.65628
32.042,-248.19585
32.044,-250.1424
32.046,-251.97263
32.048,-254.16168
32.05,-256.4691
32.052,-259.38364
32.054,-262.7221
32.056,-266.1693
32.058,-268.96774
32.06,-271.572
32.062,-274.2172
32.064,-277.17633
32.066,-280.0991
32.068,-283.4497
32.07,-287.0767
32.072,-290.68494
32.074,-293.47922
32.076,-295.81494
32.078,-297.81454
32.08,-299.69064
32.082,-301.1426
32.084,-302.78485
32.086,-304.6723
32.088,-306.6951
32.09,-308.15372
32.092,-309.38065
32.094,-310.37305
32.096,-311.19797
32.098,-311.4621
32.1,-311.8101
32.102,-312.38815
32.104,-313.19925
32.106,-313.6046
32.108,-313.95123
32.11,-314.1592
32.112,-314.1999
32.114,-313.61185
32.116,-313.06702
32.118,-312.7522
32.12,-312.6989
32.122,-312.22583
32.124,-311.64978
32.126,-310.81778
32.128,-309.69702
32.13,-307.931
32.132,-306.4747
32.134,-305.80945
32.136,-306.1948
32.138,-306.99176
32.14,-308.3689
32.142,-309.78308
32.144,-310.69766
32.146,-310.26477
32.148,-309.16983
32.15,-307.8324
32.152,-306.6951
32.154,-305.45908
32.156,-304.7618
32.158,-304.43842
32.16,-304.1935
32.162,-303.24033
32.164,-302.23718
32.166,-301.46017
32.168,-301.19162
32.17,-300.9916
32.172,-301.4378
32.174,-302.2981
32.176,-303.19287
32.178,-303.2104
32.18,-302.90323
32.182,-302.46454
32.184,-302.19223
32.186,-301.78708
32.188,-302.08496
32.19,-303.1216
32.192,-304.69385
32.194,-305.88345
32.196,-307.04163
32.198,-308.00754
32.2,-308.69638
32.202,-308.53293
32.204,-308.2798
32.206,-308.1268
32.208,-308.19608
32.21,-307.96185
32.212,-308.11264
32.214,-308.70166
32.216,-309.69702
32.218,-310.4299
32.22,-311.46576
32.222,-312.76013
32.224,-314.1999
32.226,-315.04672
32.228,-315.84305
32.23,-316.56738
32.232,-317.20178
32.234,-317.18195
32.236,-317.2464
32.238,-317.55872
32.24,-318.20242
32.242,-318.5817
32.244,-319.2767
32.246,-320.20728
32.248,-321.20435
32.25,-321.49866
32.252,-321.6359
32.254,-321.67206
32.256,-321.70465
32.258,-321.27536
32.26,-321.1653
32.262,-321.49265
32.264,-322.205
32.266,-322.52896
32.268,-322.8818
32.27,-323.13068
32.272,-323.2056
32.274,-322.57138
32.276,-322.052
32.278,-321.8954
32.28,-322.205
32.282,-322.31915
32.284,-322.70663
32.286,-323.20944
32.288,-323.70593
32.29,-323.6267
32.292,-323.79602
32.294,-324.46646
32.296,-325.7072
32.298,-326.74945
32.3,-327.85498
32.302,-328.61688
32.304,-328.7091
32.306,-327.50452
32.308,-325.97028
32.31,-324.69498
32.312,-324.20624
32.314,-324.18463
32.316,-325.20496
32.318,-326.90445
32.32,-328.7091
32.322,-329.50262
32.324,-329.68497
32.326,-329.34024
32.328,-328.7091
32.33,-327.47476
32.332,-326.5145
32.334,-325.94495
32.336,-325.7072
32.338,-325.08997
32.34,-324.689
32.342,-324.55106
32.344,-324.70657
32.346,-324.55954
32.348,-324.7281
32.35,-325.1559
32.352,-325.7072
32.354,-325.6599
32.356,-325.62173
32.358,-325.63596
32.36,-325.7072
32.362,-325.22986
32.364,-324.7801
32.366,-324.301
32.368,-323.70593
32.37,-322.40726
32.372,-321.12262
32.374,-320.01843
32.376,-319.20306
32.378,-318.15598
32.38,-317.5007
32.382,-317.2068
32.384,-317.20178
32.386,-316.89023
32.388,-316.98434
32.39,-317.59225
32.392,-318.70276
32.394,-319.5947
32.396,-320.69754
32.398,-321.79953
32.4,-322.7053
32.402,-322.75302
32.404,-322.6818
32.406,-322.65244
32.408,-322.7053
32.41,-322.15308
32.412,-321.49707
32.414,-320.66232
32.416,-319.70337
32.418,-318.31195
32.42,-317.5772
32.422,-317.88004
32.424,-319.20306
32.426,-320.45782
32.428,-321.4336
32.43,-321.22882
32.432,-319.20306
32.434,-314.7306
32.436,-309.10007
32.438,-303.40573
32.44,-298.69
32.442,-294.99655
32.444,-293.02213
32.446,-292.3233
32.448,-292.18588
32.45,-291.45038
32.452,-290.62958
32.454,-290.04565
32.456,-290.1846
32.458,-290.85696
32.46,-292.79602
32.462,-295.75473
32.464,-299.19034
32.466,-301.98764
32.468,-304.41983
32.47,-306.4463
32.472,-308.19608
32.474,-309.37885
32.476,-310.67456
32.478,-312.02277
32.48,-313.19925
32.482,-313.6762
32.484,-313.7768
32.486,-313.43384
32.488,-312.6989
32.49,-311.55414
32.492,-310.6963
32.494,-310.25705
32.496,-310.19733
32.498,-310.147
32.5,-310.31418
32.502,-310.40594
32.504,-310.19733
32.506,-309.04898
32.508,-308.02512
32.51,-307.65637
32.512,-308.19608
32.514,-308.38974
32.516,-308.73615
32.518,-308.99634
32.52,-309.1967
32.522,-308.8239
32.524,-309.27975
32.526,-311.01205
32.528,-313.69955
32.53,-315.4897
32.532,-315.51212
32.534,-312.72205
32.536,-307.19543
32.538,-299.73004
32.54,-292.9916
32.542,-288.45255
32.544,-285.68173
32.546,-281.41263
32.548,-272.05185
32.55,-253.78876
32.552,-225.14323
32.554,-187.64716
32.556,-147.11684
32.558,-109.96004
32.56,-81.05156
32.562,-61.21504
32.564,-48.575634
32.566,-38.4863
32.568,-27.017187
32.57,-13.353002
32.572,-2.8185284
32.574,-4.241173
32.576,-27.517506
32.578,-79.292946
32.58,-161.3941
32.582,-267.8078
32.584,-386.24573
32.586,-500.65533
32.588,-596.6546
32.59,-663.2573
32.592,-695.4424
32.594,-694.00287
32.596,-665.9145
32.598,-620.4665
32.6,-567.36096
32.602,-514.2635
32.604,-467.18625
32.606,-428.55865
32.608,-398.25336
32.61,-374.12445
32.612,-354.66843
32.614,-338.18658
32.616,-323.70593
32.618,-310.51407
32.62,-299.392
32.622,-290.60953
32.624,-284.1808
32.626,-279.38644
32.628,-276.34875
32.63,-274.60626
32.632,-273.6741
32.634,-272.68994
32.636,-271.7496
32.638,-270.61536
32.64,-269.17123
32.642,-267.1708
32.644,-265.1749
32.646,-263.59448
32.648,-262.66708
32.65,-262.0085
32.652,-261.44183
32.654,-260.57376
32.656,-259.16486
32.658,-257.01318
32.66,-254.73953
32.662,-252.97667
32.664,-252.16042
32.666,-251.78331
32.668,-251.99014
32.67,-252.00601
32.672,-251.15977
32.674,-248.62619
32.676,-245.82349
32.678,-243.34016
32.68,-241.65373
32.682,-240.39407
32.684,-240.24437
32.686,-240.5909
32.688,-240.65309
32.69,-239.44482
32.692,-237.59502
32.694,-235.48788
32.696,-233.64864
32.698,-232.08417
32.7,-231.46262
32.702,-231.50566
32.704,-231.64737
32.706,-230.9484
32.708,-229.63211
32.71,-227.76399
32.712,-225.64354
32.714,-223.28442
32.716,-221.48851
32.718,-220.33994
32.72,-219.63972
32.722,-218.67459
32.724,-217.60643
32.726,-216.26248
32.728,-214.63654
32.73,-212.53368
32.732,-210.70883
32.734,-209.39821
32.736,-208.63272
32.738,-207.86662
32.74,-207.2467
32.742,-206.4246
32.744,-205.1305
32.746,-202.9521
32.748,-200.57013
32.75,-198.35721
32.752,-196.62509
32.754,-195.12962
32.756,-194.2441
32.758,-193.69633
32.76,-193.12286
32.762,-191.87402
32.764,-190.35931
32.766,-188.7185
32.768,-187.11903
32.77,-185.2756
32.772,-183.67665
32.774,-182.30061
32.776,-181.11522
32.778,-179.77866
32.78,-178.92305
32.782,-178.71739
32.784,-179.11395
32.786,-179.37146
32.788,-179.46901
32.79,-178.95786
32.792,-177.61299
32.794,-175.18153
32.796,-172.72768
32.798,-171.02463
32.8,-170.60854
32.802,-171.07645
32.804,-172.4625
32.806,-174.0488
32.808,-175.1114
32.81,-174.81007
32.812,-173.78123
32.814,-172.64755
32.816,-172.10948
32.818,-172.15309
32.82,-173.31633
32.822,-175.31038
32.824,-177.61299
32.826,-179.27469
32.828,-180.6374
32.83,-181.95186
32.832,-183.6168
32.834,-185.46143
32.836,-188.0569
32.838,-191.24913
32.84,-194.62381
32.842,-197.215
32.844,-199.22513
32.846,-200.74861
32.848,-202.12859
32.85,-203.33255
32.852,-205.26494
32.854,-208.21446
32.856,-212.13495
32.858,-216.19438
32.86,-220.40404
32.862,-224.43925
32.864,-228.14514
32.866,-231.10622
32.868,-234.08568
32.87,-237.51355
32.872,-241.65373
32.874,-245.98308
32.876,-250.63857
32.878,-255.18578
32.88,-259.16486
32.882,-261.8156
32.884,-263.6408
32.886,-265.07407
32.888,-266.66965
32.89,-268.41846
32.892,-271.02814
32.894,-274.5311
32.896,-278.67728
32.898,-282.5855
32.9,-286.33228
32.902,-289.72946
32.904,-292.6862
32.906,-294.7032
32.908,-296.27927
32.91,-297.56192
32.912,-298.69
32.914,-299.31485
32.916,-300.03268
32.918,-300.99118
32.92,-302.19223
32.922,-302.9962
32.924,-303.66217
32.926,-304.0686
32.928,-304.1935
32.93,-303.68085
32.932,-303.30505
32.934,-303.42288
32.936,-304.1935
32.938,-304.9808
32.94,-305.9223
32.942,-306.61142
32.944,-306.6951
32.946,-305.53308
32.948,-303.84106
32.95,-302.07986
32.952,-300.69128
32.954,-299.40335
32.956,-298.76718
32.958,-298.62512
32.96,-298.69
32.962,-298.18887
32.964,-297.6474
32.966,-297.2477
32.968,-297.18906
32.97,-297.022
32.972,-297.27167
32.974,-297.76297
32.976,-298.1897
32.978,-297.7234
32.98,-296.86093
32.982,-295.7606
32.984,-294.68747
32.986,-293.3666
32.988,-292.63943
32.99,-292.61832
32.992,-293.18652
32.994,-293.51834
32.996,-293.9639
32.998,-294.3734
33.0,-294.68747
33.002,-294.4041
33.004,-294.34204
33.006,-294.74
33.008,-295.6881
33.01,-296.5301
33.012,-297.69888
33.014,-298.9879
33.016,-300.19098
33.018,-300.63876
33.02,-301.02243
33.022,-301.51382
33.024,-302.19223
33.026,-302.43924
33.028,-302.7443
33.03,-303.00592
33.032,-303.19287
33.034,-302.88208
33.036,-303.0135
33.038,-303.92944
33.04,-305.69446
33.042,-307.434
33.044,-309.20276
33.046,-310.42084
33.048,-310.69766
33.05,-309.50232
33.052,-307.96185
33.054,-306.83853
33.056,-306.6951
33.058,-307.06317
33.06,-308.18787
33.062,-309.43866
33.064,-310.19733
33.066,-309.65143
33.068,-308.69873
33.07,-308.01025
33.072,-308.19608
33.074,-308.92566
33.076,-310.56778
33.078,-312.55017
33.08,-314.1999
33.082,-314.54675
33.084,-314.26913
33.086,-313.8296
33.088,-313.69955
33.09,-313.5071
33.092,-313.67856
33.094,-313.75433
33.096,-313.19925
33.098,-311.19507
33.1,-308.61346
33.102,-306.17432
33.104,-304.69385
33.106,-304.1914
33.108,-305.4209
33.11,-308.01886
33.112,-311.19797
33.114,-313.5215
33.116,-314.99832
33.118,-315.48163
33.12,-315.20053
33.122,-314.06335
33.124,-313.23535
33.126,-313.10596
33.128,-313.69955
33.13,-314.1525
33.132,-314.6718
33.134,-314.91415
33.136,-314.7002
33.138,-313.54752
33.14,-312.42007
33.142,-311.73608
33.144,-311.6983
33.146,-311.626
33.148,-311.82632
33.15,-311.93658
33.152,-311.6983
33.154,-310.57187
33.156,-309.55627
33.158,-309.16754
33.16,-309.69702
33.162,-310.4548
33.164,-311.60425
33.166,-312.5268
33.168,-312.6989
33.17,-311.4346
33.172,-309.73892
33.174,-308.30283
33.176,-307.69574
33.178,-307.53888
33.18,-308.14706
33.182,-308.91345
33.184,-309.1967
33.186,-308.166
33.188,-306.69186
33.19,-305.46857
33.192,-305.19415
33.194,-305.67273
33.196,-307.36682
33.198,-309.6624
33.2,-311.6983
33.202,-312.2199
33.204,-311.67444
33.206,-310.44263
33.208,-309.1967
33.21,-308.03748
33.212,-308.03116
33.214,-309.21735
33.216,-311.19797
33.218,-312.78256
33.22,-314.0942
33.222,-314.8964
33.224,-315.20053
33.226,-314.65024
33.228,-314.2206
33.23,-314.21606
33.232,-314.7002
33.234,-314.90793
33.236,-315.1454
33.238,-315.03857
33.24,-314.1999
33.242,-311.78885
33.244,-308.44022
33.246,-304.43488
33.248,-300.19098
33.25,-295.609
33.252,-291.8
33.254,-289.12543
33.256,-287.683
33.258,-286.769
33.26,-286.7824
33.262,-287.4962
33.264,-288.68365
33.266,-289.61832
33.268,-290.9054
33.27,-292.6
33.272,-294.68747
33.274,-296.51065
33.276,-298.58392
33.278,-300.83545
33.28,-303.19287
33.282,-305.10922
33.284,-307.23764
33.286,-309.6286
33.288,-312.1986
33.29,-314.34778
33.292,-316.27548
33.294,-317.63895
33.296,-318.20242
33.298,-317.77042
33.3,-317.06418
33.302,-316.44397
33.304,-316.20114
33.306,-316.2957
33.308,-317.06647
33.31,-318.17752
33.312,-319.20306
33.314,-319.4511
33.316,-319.49307
33.318,-319.5297
33.32,-319.70337
33.322,-319.0646
33.324,-318.45035
33.326,-317.97122
33.328,-317.70212
33.33,-316.70477
33.332,-315.92233
33.334,-315.5623
33.336,-315.70084
33.338,-315.52527
33.34,-315.56467
33.342,-315.6839
33.344,-315.70084
33.346,-314.82675
33.348,-313.54736
33.35,-311.7555
33.352,-309.1967
33.354,-304.8228
33.356,-298.42523
33.358,-288.8517
33.36,-274.67474
33.362,-254.07912
33.364,-227.1391
33.366,-194.60335
33.368,-158.60089
33.37,-121.77704
33.372,-88.11011
33.374,-60.087597
33.376,-38.52451
33.378,-22.201063
33.38,-10.651322
33.382,-4.0315056
33.384,-5.003183
33.386,-18.445244
33.388,-51.73391
33.39,-110.29226
33.392,-195.12413
33.394,-300.37564
33.396,-415.1237
33.398,-524.0416
33.4,-611.8893
33.402,-667.12024
33.404,-686.25397
33.406,-672.58466
33.408,-634.90393
33.41,-583.86035
33.412,-530.3384
33.414,-481.5272
33.416,-440.7804
33.418,-407.85403
33.42,-381.91
33.422,-361.16455
33.424,-344.21896
33.426,-329.79218
33.428,-318.09967
33.43,-308.86734
33.432,-301.69193
33.434,-295.61902
33.436,-290.8337
33.438,-287.0831
33.44,-284.1808
33.442,-281.518
33.444,-279.48434
33.446,-277.93146
33.448,-276.67603
33.45,-275.197
33.452,-273.83676
33.454,-272.65643
33.456,-271.67282
33.458,-270.5226
33.46,-269.36243
33.462,-268.22635
33.464,-267.16995
33.466,-265.9507
33.468,-264.7657
33.47,-263.67337
33.472,-262.66708
33.474,-261.29523
33.476,-259.90472
33.478,-258.51013
33.48,-257.1636
33.482,-255.33167
33.484,-253.99411
33.486,-253.02023
33.488,-252.16042
33.49,-250.61967
33.492,-249.31711
33.494,-248.19518
33.496,-247.15723
33.498,-245.66872
33.5,-244.49445
33.502,-243.6703
33.504,-243.15468
33.506,-242.44273
33.508,-242.0485
33.51,-241.85127
33.512,-241.65373
33.514,-240.85497
33.516,-239.86258
33.518,-238.62862
33.52,-237.15086
33.522,-235.11885
33.524,-233.18825
33.526,-231.51106
33.528,-230.14641
33.53,-228.68633
33.532,-227.54594
33.534,-226.59369
33.536,-225.64354
33.538,-224.15645
33.54,-222.55898
33.542,-220.87221
33.544,-219.1394
33.546,-217.05066
33.548,-215.17157
33.55,-213.54898
33.552,-212.13495
33.554,-210.45793
33.556,-208.92096
33.558,-207.48697
33.56,-206.13113
33.562,-204.48761
33.564,-203.0943
33.566,-201.99571
33.568,-201.12794
33.57,-199.95218
33.572,-198.78961
33.574,-197.53209
33.576,-196.12477
33.578,-194.22073
33.58,-192.46872
33.582,-191.07445
33.584,-190.12094
33.586,-189.11842
33.588,-188.35516
33.59,-187.59799
33.592,-186.61871
33.594,-184.89043
33.596,-183.02386
33.598,-181.3271
33.6,-180.11458
33.602,-179.15804
33.604,-179.01602
33.606,-179.59528
33.608,-180.6149
33.61,-181.27498
33.612,-181.79561
33.614,-182.07628
33.616,-182.11586
33.618,-181.52325
33.62,-180.95518
33.622,-180.61424
33.624,-180.6149
33.626,-180.49855
33.628,-180.77026
33.63,-181.47398
33.632,-182.61618
33.634,-183.68958
33.636,-185.19974
33.638,-187.19193
33.64,-189.62064
33.642,-191.84628
33.644,-194.21707
33.646,-196.66179
33.648,-199.12668
33.65,-201.09138
33.652,-203.14043
33.654,-205.45406
33.656,-208.1324
33.658,-210.64328
33.66,-213.4089
33.662,-216.41185
33.664,-219.63972
33.666,-222.60623
33.668,-225.88174
33.67,-229.58235
33.672,-233.64864
33.674,-237.30174
33.676,-240.6572
33.678,-243.46631
33.68,-245.65628
33.682,-246.92764
33.684,-248.2582
33.686,-250.33507
33.688,-253.66136
33.69,-257.84018
33.692,-263.03674
33.694,-268.70303
33.696,-274.1744
33.698,-278.4236
33.7,-281.74472
33.702,-284.3685
33.704,-286.68237
33.706,-288.53705
33.708,-290.61533
33.71,-293.01794
33.712,-295.6881
33.714,-298.0244
33.716,-300.47955
33.718,-303.17685
33.72,-306.1948
33.722,-308.97406
33.724,-311.80487
33.726,-314.46585
33.728,-316.70148
33.73,-317.8338
33.732,-318.37863
33.734,-318.5816
33.736,-318.70276
33.738,-318.39368
33.74,-318.21503
33.742,-318.1756
33.744,-318.20242
33.746,-317.71063
33.748,-317.26755
33.75,-317.05383
33.752,-317.20178
33.754,-317.19092
33.756,-317.45853
33.758,-317.86377
33.76,-318.20242
33.762,-317.76962
33.764,-317.10287
33.766,-316.35886
33.768,-315.70084
33.77,-314.6838
33.772,-313.92526
33.774,-313.45114
33.776,-313.19925
33.778,-312.5215
33.78,-312.00076
33.782,-311.71564
33.784,-311.6983
33.786,-311.33774
33.788,-311.179
33.79,-311.1655
33.792,-311.19797
33.794,-310.6258
33.796,-310.1028
33.798,-309.763
33.8,-309.69702
33.802,-309.34143
33.804,-309.32553
33.806,-309.6367
33.808,-310.19733
33.81,-310.33603
33.812,-310.69345
33.814,-311.32108
33.816,-312.1986
33.818,-312.64264
33.82,-313.18964
33.822,-313.74637
33.824,-314.1999
33.826,-313.9
33.828,-313.58688
33.83,-313.46573
33.832,-313.69955
33.834,-313.7757
33.836,-314.35284
33.838,-315.38113
33.84,-316.70148
33.842,-317.54492
33.844,-318.47845
33.846,-319.52737
33.848,-320.704
33.85,-321.40106
33.852,-322.24496
33.854,-323.21255
33.856,-324.20624
33.858,-324.52682
33.86,-324.77997
33.862,-325.00516
33.864,-325.20688
33.866,-324.77927
33.868,-324.3965
33.87,-324.169
33.872,-324.20624
33.874,-324.03424
33.876,-324.4124
33.878,-325.37427
33.88,-326.70782
33.882,-327.4156
33.884,-327.69818
33.886,-327.2961
33.888,-326.20752
33.89,-324.18918
33.892,-322.52576
33.894,-321.9129
33.896,-322.7053
33.898,-324.16064
33.9,-326.33005
33.902,-328.42426
33.904,-329.70975
33.906,-329.24774
33.908,-327.90173
33.91,-326.3257
33.912,-325.20688
33.914,-324.37808
33.916,-324.51294
33.918,-325.2979
33.92,-326.20752
33.922,-326.21902
33.924,-325.88513
33.926,-325.4442
33.928,-325.20688
33.93,-324.77625
33.932,-324.8222
33.934,-325.20975
33.936,-325.7072
33.938,-325.5879
33.94,-325.5889
33.942,-325.93097
33.944,-326.70782
33.946,-327.18463
33.948,-327.6675
33.95,-327.7679
33.952,-327.20816
33.954,-325.45346
33.956,-323.61874
33.958,-322.37582
33.96,-322.205
33.962,-322.5697
33.964,-323.7664
33.966,-325.18594
33.968,-326.20752
33.97,-325.93756
33.972,-325.23044
33.974,-324.6456
33.976,-324.70657
33.978,-325.03174
33.98,-326.07825
33.982,-327.34406
33.984,-328.2088
33.986,-327.68707
33.988,-326.50598
33.99,-325.15164
33.992,-324.20624
33.994,-323.5113
33.996,-323.8132
33.998,-324.87744
34.0,-326.20752
34.002,-326.7558
34.004,-326.90543
34.006,-326.679
34.008,-326.20752
34.01,-325.06622
34.012,-323.95663
34.014,-322.8662
34.016,-321.70465
34.018,-319.8922
34.02,-318.24197
34.022,-317.08298
34.024,-316.70148
34.026,-316.6676
34.028,-317.58524
34.03,-319.23083
34.032,-321.20435
34.034,-322.51956
34.036,-323.5684
34.038,-324.28983
34.04,-324.70657
34.042,-324.31577
34.044,-323.87476
34.046,-323.49686
34.048,-323.2056
34.05,-322.40726
34.052,-321.77762
34.054,-321.37958
34.056,-321.20435
34.058,-320.5972
34.06,-320.09128
34.062,-319.53876
34.064,-318.70276
34.066,-316.76468
34.068,-314.25046
34.07,-311.18915
34.072,-307.69574
34.074,-303.41208
34.076,-299.32275
34.078,-295.81815
34.08,-293.18652
34.082,-291.01385
34.084,-290.0112
34.086,-290.13654
34.088,-291.18524
34.09,-292.29788
34.092,-293.8684
34.094,-295.7193
34.096,-297.6894
34.098,-299.11176
34.1,-300.58633
34.102,-302.12726
34.104,-303.6932
34.106,-304.70697
34.108,-305.72147
34.11,-306.72433
34.112,-307.69574
34.114,-308.28128
34.116,-309.01526
34.118,-309.85626
34.12,-310.69766
34.122,-311.23682
34.124,-311.79086
34.126,-312.17328
34.128,-312.1986
34.13,-311.64767
34.132,-310.98648
34.134,-310.29834
34.136,-309.69702
34.138,-308.94983
34.14,-308.84106
34.142,-309.48145
34.144,-310.69766
34.146,-311.118
34.148,-311.31125
34.15,-311.28726
34.152,-311.19797
34.154,-310.203
34.156,-309.4664
34.158,-309.28812
34.16,-309.69702
34.162,-309.6516
34.164,-309.4945
34.166,-308.9204
34.168,-307.69574
34.17,-305.1059
34.172,-301.88815
34.174,-298.24103
34.176,-294.18716
34.178,-288.82864
34.18,-281.96664
34.182,-272.30136
34.184,-258.16425
34.186,-237.4841
34.188,-210.10742
34.19,-176.62521
34.192,-139.08849
34.194,-100.16737
34.196,-63.942898
34.198,-33.151592
34.2,-9.005729
34.202,9.191276
34.204,21.407555
34.206,27.109362
34.208,23.51496
34.21,5.9053984
34.212,-32.69535
34.214,-97.28879
34.216,-188.62
34.218,-300.86014
34.22,-423.27197
34.222,-540.7257
34.224,-637.9058
34.226,-702.75195
34.228,-730.78577
34.23,-724.1015
34.232,-690.4392
34.234,-639.91077
34.236,-583.54016
34.238,-529.32245
34.24,-481.80652
34.242,-441.97345
34.244,-409.86575
34.246,-384.1044
34.248,-363.23108
34.25,-345.62277
34.252,-331.05377
34.254,-318.92618
34.256,-308.69638
34.258,-299.46198
34.26,-291.5094
34.262,-284.7536
34.264,-279.1776
34.266,-274.35043
34.268,-270.74353
34.27,-268.25824
34.272,-266.66965
34.274,-265.33252
34.276,-264.33197
34.278,-263.4937
34.28,-262.66708
34.282,-261.46402
34.284,-260.05002
34.286,-258.56848
34.288,-257.1636
34.29,-255.6402
34.292,-254.1067
34.294,-252.59369
34.296,-251.15977
34.298,-249.54742
34.3,-248.3274
34.302,-247.68628
34.304,-247.65755
34.306,-247.4401
34.308,-247.58797
34.31,-247.4994
34.312,-246.6569
34.314,-244.32857
34.316,-241.91458
34.318,-239.90884
34.32,-238.65182
34.322,-237.71074
34.324,-237.61429
34.326,-237.81557
34.328,-237.65118
34.33,-236.23329
34.332,-234.12874
34.334,-231.6284
34.336,-229.14577
34.338,-226.6521
34.34,-224.87704
34.342,-223.78172
34.344,-223.14195
34.346,-222.3524
34.348,-221.78954
34.35,-221.4148
34.352,-221.14069
34.354,-220.41928
34.356,-219.48282
34.358,-218.09631
34.36,-216.1375
34.362,-213.37274
34.364,-210.66394
34.366,-208.48653
34.368,-207.13177
34.37,-206.2065
34.372,-205.8295
34.374,-205.47229
34.376,-204.63017
34.378,-202.7157
34.38,-200.3631
34.382,-198.01993
34.384,-196.12477
34.386,-194.53627
34.388,-193.64503
34.39,-193.14201
34.392,-192.62254
34.394,-191.455
34.396,-190.1375
34.398,-188.93716
34.4,-188.11967
34.402,-187.39381
34.404,-187.06815
34.406,-186.78972
34.408,-186.11841
34.41,-184.35854
34.412,-182.016
34.414,-179.44595
34.416,-177.11267
34.418,-174.99234
34.42,-173.75914
34.422,-173.38669
34.424,-173.61044
34.426,-173.6546
34.428,-173.72318
34.43,-173.71611
34.432,-173.61044
34.434,-172.98708
34.436,-172.37903
34.438,-171.89159
34.44,-171.60918
34.442,-171.1714
34.444,-171.1961
34.446,-171.83847
34.448,-173.11012
34.45,-174.37918
34.452,-175.86757
34.454,-177.34303
34.456,-178.61363
34.458,-179.13596
34.46,-179.531
34.462,-180.10484
34.464,-181.11522
34.466,-182.18587
34.468,-183.76958
34.47,-185.79207
34.472,-188.11967
34.474,-190.1688
34.476,-192.46617
34.478,-195.22516
34.48,-198.62636
34.482,-202.22545
34.484,-206.39917
34.486,-210.9687
34.488,-215.63718
34.49,-219.60301
34.492,-223.14766
34.494,-226.29417
34.496,-229.14577
34.498,-231.3425
34.5,-233.47823
34.502,-235.71956
34.504,-238.1515
34.506,-240.31796
34.508,-242.71169
34.51,-245.45998
34.512,-248.65819
34.514,-251.86757
34.516,-255.5357
34.518,-259.6668
34.52,-264.16806
34.522,-268.39337
34.524,-272.61768
34.526,-276.74796
34.528,-280.67856
34.53,-283.82828
34.532,-286.5874
34.534,-289.0157
34.536,-291.18524
34.538,-292.70392
34.54,-294.12274
34.542,-295.59372
34.544,-297.18906
34.546,-298.4172
34.548,-299.67758
34.55,-300.9537
34.552,-302.19223
34.554,-302.84732
34.556,-303.36136
34.558,-303.79865
34.56,-304.1935
34.562,-304.0587
34.564,-303.88214
34.566,-303.7421
34.568,-303.6932
34.57,-303.27502
34.572,-303.02948
34.574,-303.0169
34.576,-303.19287
34.578,-302.90436
34.58,-302.51965
34.582,-301.9621
34.584,-301.19162
34.586,-299.73425
34.588,-298.30728
34.59,-297.21222
34.592,-296.68875
34.594,-296.3116
34.596,-296.5841
34.598,-297.32925
34.6,-298.1897
34.602,-298.20154
34.604,-297.63055
34.606,-296.41467
34.608,-294.68747
34.61,-292.21478
34.612,-290.03848
34.614,-288.61493
34.616,-288.18332
34.618,-288.15643
34.62,-288.93393
34.622,-290.22485
34.624,-291.68555
34.626,-292.47083
34.628,-293.10812
34.63,-293.66235
34.632,-294.18716
34.634,-294.10583
34.636,-294.00815
34.638,-293.87582
34.64,-293.68683
34.642,-292.9403
34.644,-292.48718
34.646,-292.65967
34.648,-293.68683
34.65,-295.02975
34.652,-297.14575
34.654,-299.69678
34.656,-302.19223
34.658,-303.59802
34.66,-304.3119
34.662,-304.41794
34.664,-304.1935
34.666,-303.4617
34.668,-303.2417
34.67,-303.81873
34.672,-305.19415
34.674,-306.54514
34.676,-308.1315
34.678,-309.6141
34.68,-310.69766
34.682,-310.67038
34.684,-310.25894
34.686,-309.8026
34.688,-309.69702
34.69,-309.72507
34.692,-310.756
34.694,-312.84216
34.696,-315.70084
34.698,-318.21875
34.7,-320.40848
34.702,-321.81787
34.704,-322.205
34.706,-321.06305
34.708,-319.36118
34.71,-317.61212
34.712,-316.20114
34.714,-314.71814
34.716,-313.76498
34.718,-313.27936
34.72,-313.19925
34.722,-312.99332
34.724,-313.4546
34.726,-314.7385
34.728,-316.70148
34.73,-318.26474
34.732,-319.3649
34.734,-319.42563
34.736,-318.20242
34.738,-315.4103
34.74,-312.5439
34.742,-310.70776
34.744,-310.69766
34.746,-312.06424
34.748,-314.88208
34.75,-318.1331
34.752,-320.704
34.754,-321.2957
34.756,-320.5692
34.758,-319.22696
34.76,-318.20242
34.762,-317.63937
34.764,-318.45108
34.766,-320.37372
34.768,-322.7053
34.77,-324.07596
34.772,-324.62445
34.774,-324.27087
34.776,-323.2056
34.778,-321.15646
34.78,-319.11935
34.782,-317.40298
34.784,-316.20114
34.786,-315.0836
34.788,-314.89203
34.79,-315.78644
34.792,-317.70212
34.794,-319.73663
34.796,-322.04984
34.798,-324.16165
34.8,-325.7072
34.802,-326.04327
34.804,-326.09213
34.806,-326.3533
34.808,-327.20816
34.81,-328.16147
34.812,-329.62253
34.814,-331.14716
34.816,-332.21133
34.818,-331.9045
34.82,-330.9191
34.822,-329.67578
34.824,-328.7091
34.826,-327.89508
34.828,-328.07825
34.83,-329.16248
34.832,-330.7104
34.834,-331.56732
34.836,-331.92078
34.838,-331.6039
34.84,-330.7104
34.842,-328.99045
34.844,-327.53543
34.846,-326.73975
34.848,-326.70782
34.85,-326.66022
34.852,-326.8827
34.854,-327.00095
34.856,-326.70782
34.858,-325.32208
34.86,-323.65466
34.862,-322.03183
34.864,-320.704
34.866,-319.17944
34.868,-318.0284
34.87,-317.1003
34.872,-316.20114
34.874,-314.67966
34.876,-313.31042
34.878,-312.3993
34.88,-312.1986
34.882,-312.22836
34.884,-312.99005
34.886,-314.14536
34.888,-315.20053
34.89,-315.17316
34.892,-314.53143
34.894,-313.42792
34.896,-312.1986
34.898,-310.69275
34.9,-309.9012
34.902,-309.9649
34.904,-310.69766
34.906,-311.12943
34.908,-311.4933
34.91,-311.5354
34.912,-311.19797
34.914,-310.09756
34.916,-309.3001
34.918,-309.2589
34.92,-310.19733
34.922,-311.437
34.924,-313.27902
34.926,-315.2174
34.928,-316.70148
34.93,-316.77982
34.932,-316.08008
34.934,-314.91132
34.936,-313.69955
34.938,-312.2562
34.94,-311.47925
34.942,-311.38605
34.944,-311.6983
34.946,-311.4069
34.948,-310.76776
34.95,-309.5591
34.952,-307.69574
34.954,-304.67822
34.956,-301.38217
34.958,-298.1328
34.96,-295.18777
34.962,-292.15488
34.964,-289.81976
34.966,-288.31665
34.968,-287.683
34.97,-287.31897
34.972,-287.83
34.974,-289.16992
34.976,-291.18524
34.978,-293.0884
34.98,-295.31033
34.982,-297.71716
34.984,-300.19098
34.986,-302.12253
34.988,-304.15924
34.99,-306.36462
34.992,-308.69638
34.994,-310.55457
34.996,-312.25665
34.998,-313.5408
35.0,-314.1999
35.002,-313.95596
35.004,-313.41248
35.006,-312.77106
35.008,-312.1986
35.01,-311.61346
35.012,-311.44928
35.014,-311.55124
35.016,-311.6983
35.018,-311.51453
35.02,-311.4412
35.022,-311.50253
35.024,-311.6983
35.026,-311.30734
35.028,-311.21713
35.03,-311.6688
35.032,-312.6989
35.034,-313.03793
35.036,-313.26764
35.038,-313.2957
35.04,-313.19925
35.042,-312.41867
35.044,-312.11307
35.046,-312.59842
35.048,-313.69955
35.05,-314.08502
35.052,-313.56967
35.054,-311.70352
35.056,-308.69638
35.058,-304.8089
35.06,-301.52982
35.062,-298.8727
35.064,-295.18777
35.066,-286.72696
35.068,-270.42822
35.07,-243.92152
35.072,-207.63208
35.074,-164.8081
35.076,-122.2041
35.078,-86.04937
35.08,-60.038193
35.082,-43.348145
35.084,-32.795918
35.086,-23.465155
35.088,-12.507957
35.09,-1.2333778
35.092,2.7274117
35.094,-10.776757
35.096,-51.032463
35.098,-121.83598
35.1,-220.55624
35.102,-336.43604
35.104,-453.7887
35.106,-555.77246
35.108,-630.24255
35.11,-670.8042
35.112,-677.9313
35.114,-657.1177
35.116,-617.99396
35.118,-569.97833
35.12,-520.83136
35.122,-475.23007
35.124,-436.37256
35.126,-404.8113
35.128,-379.74158
35.13,-359.27057
35.132,-342.5853
35.134,-328.61575
35.136,-316.70148
35.138,-306.0981
35.14,-297.43542
35.142,-290.8207
35.144,-286.18207
35.146,-282.75455
35.148,-280.67447
35.15,-279.47205
35.152,-278.67728
35.154,-277.50174
35.156,-276.19592
35.158,-274.73557
35.16,-273.17377
35.162,-271.31274
35.164,-269.6516
35.166,-268.53217
35.168,-268.1706
35.17,-268.21777
35.172,-268.53708
35.174,-268.6828
35.176,-268.1706
35.178,-266.36133
35.18,-263.52902
35.182,-260.19727
35.184,-257.1636
35.186,-254.69127
35.188,-254.01166
35.19,-255.05385
35.192,-257.1636
35.194,-258.71146
35.196,-259.74847
35.198,-259.49698
35.2,-257.6639
35.202,-254.09848
35.204,-250.60985
35.206,-248.25111
35.208,-247.65755
35.21,-248.34683
35.212,-250.30902
35.214,-252.45695
35.216,-253.66136
35.218,-252.8012
35.22,-250.46072
35.222,-247.28076
35.224,-244.15532
35.226,-241.45795
35.228,-240.07353
35.23,-239.83963
35.232,-240.15277
35.234,-239.90448
35.236,-239.10437
35.238,-237.62648
35.24,-235.64992
35.242,-233.14726
35.244,-230.97789
35.246,-229.33504
35.248,-228.14514
35.25,-226.78043
35.252,-225.45221
35.254,-223.94875
35.256,-222.14131
35.258,-219.64612
35.26,-217.12892
35.262,-214.8681
35.264,-213.13559
35.266,-211.75562
35.268,-211.31732
35.27,-211.7308
35.272,-212.63527
35.274,-213.09962
35.276,-213.09192
35.278,-212.2865
35.28,-210.634
35.282,-208.0111
35.284,-205.4563
35.286,-203.55382
35.288,-202.6289
35.29,-202.2152
35.292,-202.3915
35.294,-202.56316
35.296,-202.12859
35.298,-200.30685
35.3,-197.68893
35.302,-194.75543
35.304,-192.12222
35.306,-189.85896
35.308,-188.72444
35.31,-188.62857
35.312,-189.12032
35.314,-189.1289
35.316,-188.6842
35.318,-187.63112
35.32,-186.11841
35.322,-184.07452
35.324,-182.5722
35.326,-182.15903
35.328,-183.11649
35.33,-184.89847
35.332,-187.67773
35.334,-190.95563
35.336,-194.12349
35.338,-196.14143
35.34,-197.26324
35.342,-197.62408
35.344,-197.62572
35.346,-197.30325
35.348,-197.69571
35.35,-199.15747
35.352,-201.62827
35.354,-204.1343
35.356,-206.57172
35.358,-208.46855
35.36,-209.63336
35.362,-209.75452
35.364,-209.9516
35.366,-211.0414
35.368,-213.63591
35.37,-217.38309
35.372,-222.48073
35.374,-228.32289
35.376,-234.14896
35.378,-238.81126
35.38,-242.58344
35.382,-245.70999
35.384,-248.65819
35.386,-251.37253
35.388,-254.62624
35.39,-258.47528
35.392,-262.66708
35.394,-266.2811
35.396,-269.4768
35.398,-272.21674
35.4,-274.67474
35.402,-276.66147
35.404,-279.00238
35.406,-281.99564
35.408,-285.68173
35.41,-289.34204
35.412,-293.09033
35.414,-296.61993
35.416,-299.69064
35.418,-301.7122
35.42,-303.3078
35.422,-304.84375
35.424,-306.6951
35.426,-308.61563
35.428,-311.14487
35.43,-314.14136
35.432,-317.20178
35.434,-319.2989
35.436,-320.50586
35.438,-320.7353
35.44,-320.2037
35.442,-318.888
35.444,-317.89035
35.446,-317.76236
35.448,-318.70276
35.45,-319.98633
35.452,-321.60275
35.454,-322.99567
35.456,-323.70593
35.458,-323.0443
35.46,-321.74097
35.462,-320.29712
35.464,-319.20306
35.466,-318.20877
35.468,-317.8415
35.47,-317.8293
35.472,-317.70212
35.474,-316.49908
35.476,-314.63803
35.478,-312.3714
35.48,-310.19733
35.482,-308.15048
35.484,-307.274
35.486,-307.72784
35.488,-309.1967
35.49,-310.4489
35.492,-311.3253
35.494,-311.2968
35.496,-310.19733
35.498,-307.75192
35.5,-305.23444
35.502,-303.39923
35.504,-302.69257
35.506,-302.5152
35.508,-303.04218
35.51,-303.63342
35.512,-303.6932
35.514,-302.3969
35.516,-300.63913
35.518,-299.0376
35.52,-298.1897
35.522,-297.8215
35.524,-298.49677
35.526,-299.8122
35.528,-301.19162
35.53,-301.6144
35.532,-301.65112
35.534,-301.5685
35.536,-301.69193
35.538,-301.60922
35.54,-301.92685
35.542,-302.40378
35.544,-302.69257
35.546,-301.9988
35.548,-301.0833
35.55,-300.34378
35.552,-300.19098
35.554,-300.27197
35.556,-301.2319
35.558,-302.8416
35.56,-304.69385
35.562,-305.8271
35.564,-306.72717
35.566,-307.47507
35.568,-308.19608
35.57,-308.37686
35.572,-308.6496
35.574,-308.9592
35.576,-309.1967
35.578,-308.74625
35.58,-308.40286
35.582,-308.47272
35.584,-309.1967
35.586,-310.0621
35.588,-311.57077
35.59,-313.43042
35.592,-315.20053
35.594,-315.89954
35.596,-315.99808
35.598,-315.65292
35.6,-315.20053
35.602,-314.47607
35.604,-314.48193
35.606,-315.43063
35.608,-317.20178
35.61,-318.8206
35.612,-320.42908
35.614,-321.63617
35.616,-322.205
35.618,-321.5884
35.62,-320.72815
35.622,-320.12668
35.624,-320.2037
35.626,-320.587
35.628,-321.8537
35.63,-323.72537
35.632,-325.7072
35.634,-326.70554
35.636,-327.01584
35.638,-326.61722
35.64,-325.7072
35.642,-324.06628
35.644,-322.7464
35.646,-322.0983
35.648,-322.205
35.65,-322.31918
35.652,-322.7811
35.654,-323.31674
35.656,-323.70593
35.658,-323.3036
35.66,-322.86667
35.662,-322.6254
35.664,-322.7053
35.666,-322.50623
35.668,-322.5281
35.67,-322.6338
35.672,-322.7053
35.674,-322.1744
35.676,-321.86264
35.678,-322.017
35.68,-322.7053
35.682,-323.16617
35.684,-323.66226
35.686,-323.78278
35.688,-323.2056
35.69,-321.32846
35.692,-319.14572
35.694,-317.2634
35.696,-316.20114
35.698,-315.60846
35.7,-316.0197
35.702,-317.05774
35.704,-318.20242
35.706,-318.47806
35.708,-318.43655
35.71,-318.26822
35.712,-318.20242
35.714,-317.78262
35.716,-317.64368
35.718,-317.67166
35.72,-317.70212
35.722,-317.10986
35.724,-316.68954
35.726,-316.68927
35.728,-317.20178
35.73,-317.48746
35.732,-317.83588
35.734,-317.8438
35.736,-317.20178
35.738,-315.33765
35.74,-313.29944
35.742,-311.73886
35.744,-311.19797
35.746,-311.30658
35.748,-312.49612
35.75,-314.21075
35.752,-315.70084
35.754,-315.78473
35.756,-314.90933
35.758,-313.36066
35.76,-311.6983
35.762,-309.97253
35.764,-309.29633
35.766,-309.80783
35.768,-311.19797
35.77,-312.30313
35.772,-313.1808
35.774,-313.49075
35.776,-313.19925
35.778,-312.02957
35.78,-311.13293
35.782,-310.98462
35.784,-311.6983
35.786,-312.39597
35.788,-313.13864
35.79,-313.35474
35.792,-312.6989
35.794,-310.7077
35.796,-308.61584
35.798,-307.24774
35.8,-307.19543
35.802,-307.97806
35.804,-309.77777
35.806,-311.8002
35.808,-313.19925
35.81,-312.91464
35.812,-311.67203
35.814,-310.04694
35.816,-308.69638
35.818,-307.49313
35.82,-307.0807
35.822,-307.1403
35.824,-307.19543
35.826,-306.4197
35.828,-305.49988
35.83,-304.81113
35.832,-304.69385
35.834,-304.6938
35.836,-305.2043
35.838,-305.82797
35.84,-306.1948
35.842,-305.7013
35.844,-305.30423
35.846,-305.5362
35.848,-306.6951
35.85,-308.06186
35.852,-309.65295
35.854,-310.71674
35.856,-310.69766
35.858,-309.0436
35.86,-307.0401
35.862,-305.67987
35.864,-305.69446
35.866,-306.59967
35.868,-308.40213
35.87,-310.0862
35.872,-310.69766
35.874,-309.3164
35.876,-307.01718
35.878,-304.82135
35.88,-303.6932
35.882,-303.46683
35.884,-304.36237
35.886,-305.35312
35.888,-305.19415
35.89,-302.47678
35.892,-297.80133
35.894,-291.97076
35.896,-286.18207
35.898,-280.99213
35.9,-277.70264
35.902,-276.40924
35.904,-276.67603
35.906,-277.319
35.908,-278.47058
35.91,-279.93558
35.912,-281.6792
35.914,-283.1562
35.916,-284.92938
35.918,-286.85498
35.92,-288.68365
35.922,-289.69418
35.924,-290.5157
35.926,-291.40564
35.928,-292.6862
35.93,-294.14227
35.932,-296.4089
35.934,-299.26572
35.936,-302.19223
35.938,-304.24734
35.94,-305.33997
35.942,-305.138
35.944,-303.6932
35.946,-301.31027
35.948,-299.15454
35.95,-297.86172
35.952,-297.6894
35.954,-298.27332
35.956,-299.4389
35.958,-300.42612
35.96,-300.69128
35.962,-299.7123
35.964,-298.76624
35.966,-298.76312
35.968,-300.19098
35.97,-301.7763
35.972,-303.50714
35.974,-304.48886
35.976,-304.1935
35.978,-301.9486
35.98,-299.47745
35.982,-298.01144
35.984,-298.1897
35.986,-298.95273
35.988,-299.7259
35.99,-299.19467
35.992,-296.68875
35.994,-292.09128
35.996,-287.37396
35.998,-283.87692
36.0,-281.6792
36.002,-278.4514
36.004,-271.50534
36.006,-257.40265
36.008,-234.14896
36.01,-201.92267
36.012,-164.76183
36.014,-127.65563
36.016,-95.06047
36.018,-68.6427
36.02,-48.310734
36.022,-31.360378
36.024,-15.009548
36.026,1.8250808
36.028,15.448843
36.03,19.250965
36.032,5.003183
36.034,-33.812603
36.036,-100.803185
36.038,-193.18344
36.04,-302.19223
36.042,-414.30032
36.044,-515.76447
36.046,-594.22986
36.048,-641.9084
36.05,-656.45197
36.052,-642.3179
36.054,-607.4472
36.056,-561.3571
36.058,-512.28143
36.06,-467.10498
36.062,-429.0811
36.064,-398.75366
36.066,-374.52597
36.068,-355.3679
36.07,-339.91437
36.072,-327.20816
36.074,-316.10977
36.076,-306.64645
36.078,-298.30728
36.08,-290.68494
36.082,-283.2598
36.084,-277.00967
36.086,-272.64502
36.088,-270.67218
36.09,-270.5815
36.092,-272.09857
36.094,-274.0279
36.096,-275.17505
36.098,-274.5339
36.1,-272.60968
36.102,-270.31668
36.104,-268.67093
36.106,-267.91714
36.108,-268.10983
36.11,-268.61987
36.112,-268.67093
36.114,-267.50723
36.116,-265.44412
36.118,-263.22025
36.12,-261.66647
36.122,-260.76535
36.124,-260.91525
36.126,-261.4731
36.128,-261.66647
36.13,-260.41473
36.132,-258.80188
36.134,-257.24115
36.136,-256.16296
36.138,-255.21368
36.14,-255.17766
36.142,-255.55273
36.144,-255.66264
36.146,-254.56908
36.148,-252.95718
36.15,-251.18417
36.152,-249.65883
36.154,-248.17157
36.156,-247.2429
36.158,-246.54599
36.16,-245.65628
36.162,-243.93497
36.164,-242.06268
36.166,-240.48396
36.168,-239.65245
36.17,-239.39825
36.172,-240.08925
36.174,-241.23996
36.176,-242.15405
36.178,-241.83932
36.18,-240.56178
36.182,-238.50969
36.184,-236.15022
36.186,-233.65402
36.188,-231.96031
36.19,-231.20969
36.192,-231.14705
36.194,-230.87465
36.196,-230.33034
36.198,-229.12708
36.2,-227.1445
36.202,-224.21075
36.204,-221.30515
36.206,-218.9927
36.208,-217.63846
36.21,-216.88733
36.212,-216.96454
36.214,-217.39566
36.216,-217.63846
36.218,-216.90602
36.22,-215.60368
36.222,-213.92177
36.224,-212.13495
36.226,-210.0555
36.228,-208.2985
36.23,-206.86191
36.232,-205.63081
36.234,-204.07088
36.236,-202.67703
36.238,-201.52693
36.24,-200.62762
36.242,-199.44234
36.244,-198.2918
36.246,-197.03621
36.248,-195.62445
36.25,-193.75873
36.252,-192.26158
36.254,-191.50615
36.256,-191.6219
36.258,-191.91692
36.26,-192.38231
36.262,-192.4329
36.264,-191.6219
36.266,-189.42857
36.268,-186.8154
36.27,-184.61061
36.272,-183.6168
36.274,-183.81345
36.276,-185.71585
36.278,-188.89995
36.28,-192.62254
36.282,-195.62483
36.284,-197.9424
36.286,-199.52873
36.288,-200.62762
36.29,-201.1272
36.292,-201.9452
36.294,-203.41345
36.296,-205.63081
36.298,-207.9936
36.3,-210.85405
36.302,-214.10793
36.304,-217.63846
36.306,-220.8005
36.308,-223.96492
36.31,-226.99487
36.312,-229.64609
36.314,-231.12778
36.316,-231.79688
36.318,-231.8242
36.32,-231.64737
36.322,-231.40349
36.324,-232.29353
36.326,-234.86292
36.328,-239.15215
36.33,-244.13118
36.332,-249.3923
36.334,-254.08147
36.336,-257.6639
36.338,-259.67984
36.34,-261.23895
36.342,-263.3156
36.344,-266.66965
36.346,-270.97913
36.348,-276.24805
36.35,-281.621
36.352,-286.18207
36.354,-288.89737
36.356,-290.32584
36.358,-291.15042
36.36,-292.18588
36.362,-293.47504
36.364,-295.5723
36.366,-298.16168
36.368,-300.69128
36.37,-302.21402
36.372,-303.14044
36.374,-303.8148
36.376,-304.69385
36.378,-305.5808
36.38,-306.97717
36.382,-308.65033
36.384,-310.19733
36.386,-310.78333
36.388,-310.86655
36.39,-310.72202
36.392,-310.69766
36.394,-310.50497
36.396,-310.6726
36.398,-311.01764
36.4,-311.19797
36.402,-310.39996
36.404,-309.0993
36.406,-307.56497
36.408,-306.1948
36.41,-304.8327
36.412,-304.24405
36.414,-304.45248
36.416,-305.19415
36.418,-305.50677
36.42,-305.58456
36.422,-305.2897
36.424,-304.69385
36.426,-303.52707
36.428,-302.7633
36.43,-302.7824
36.432,-303.6932
36.434,-304.72217
36.436,-306.04288
36.438,-307.17685
36.44,-307.69574
36.442,-306.84106
36.444,-305.3579
36.446,-303.66144
36.448,-302.19223
36.45,-300.69885
36.452,-299.9354
36.454,-299.84933
36.456,-300.19098
36.458,-300.0998
36.46,-300.04086
36.462,-300.04077
36.464,-300.19098
36.466,-300.0149
36.468,-300.22574
36.47,-300.83292
36.472,-301.69193
36.474,-302.01624
36.476,-302.32742
36.478,-302.67548
36.48,-303.19287
36.482,-303.48
36.484,-304.34283
36.486,-305.82632
36.488,-307.69574
36.49,-308.92868
36.492,-309.70795
36.494,-309.7888
36.496,-309.1967
36.498,-307.71402
36.5,-306.5965
36.502,-306.49115
36.504,-307.69574
36.506,-309.43726
36.508,-311.75623
36.51,-313.9023
36.512,-315.20053
36.514,-314.77856
36.516,-313.51593
36.518,-312.08667
36.52,-311.19797
36.522,-310.71536
36.524,-311.31906
36.526,-312.67914
36.528,-314.1999
36.53,-314.7559
36.532,-314.767
36.534,-314.44232
36.536,-314.1999
36.538,-313.88617
36.54,-314.40857
36.542,-315.78647
36.544,-317.70212
36.546,-319.08264
36.548,-320.1344
36.55,-320.67108
36.552,-320.704
36.554,-319.84555
36.556,-319.04233
36.558,-318.61774
36.56,-318.70276
36.562,-318.64932
36.564,-318.91336
36.566,-319.32095
36.568,-319.70337
36.57,-319.4126
36.572,-319.1817
36.574,-319.22922
36.576,-319.70337
36.578,-320.03955
36.58,-320.77902
36.582,-321.75275
36.584,-322.7053
36.586,-322.8373
36.588,-322.72272
36.59,-322.46945
36.592,-322.205
36.594,-321.44788
36.596,-320.91806
36.598,-320.6747
36.6,-320.704
36.602,-320.41043
36.604,-320.50107
36.606,-321.0959
36.608,-322.205
36.61,-323.1154
36.612,-324.2492
36.614,-325.36465
36.616,-326.20752
36.618,-326.05176
36.62,-325.6016
36.622,-325.08624
36.624,-324.70657
36.626,-323.9741
36.628,-323.53635
36.63,-323.3281
36.632,-323.2056
36.634,-322.47137
36.636,-321.80795
36.638,-321.35736
36.64,-321.20435
36.642,-320.74756
36.644,-320.5647
36.646,-320.5804
36.648,-320.704
36.65,-320.3329
36.652,-320.22046
36.654,-320.51468
36.656,-321.20435
36.658,-321.49658
36.66,-321.74445
36.662,-321.69345
36.664,-321.20435
36.666,-319.79688
36.668,-318.51688
36.67,-317.8792
36.672,-318.20242
36.674,-318.87888
36.676,-320.2113
36.678,-321.6719
36.68,-322.7053
36.682,-322.40915
36.684,-321.51962
36.686,-320.46243
36.688,-319.70337
36.69,-318.96167
36.692,-318.9431
36.694,-319.47296
36.696,-320.2037
36.698,-320.24304
36.7,-320.20322
36.702,-320.28162
36.704,-320.704
36.706,-320.99338
36.708,-321.75513
36.71,-322.77673
36.712,-323.70593
36.714,-323.6505
36.716,-323.18268
36.718,-322.45972
36.72,-321.70465
36.722,-320.54044
36.724,-319.76807
36.726,-319.4881
36.728,-319.70337
36.73,-319.83313
36.732,-320.5192
36.734,-321.7239
36.736,-323.2056
36.738,-323.98856
36.74,-324.2435
36.742,-323.6633
36.744,-322.205
36.746,-319.65195
36.748,-317.29828
36.75,-315.85828
36.752,-315.70084
36.754,-316.132
36.756,-317.22473
36.758,-318.2711
36.76,-318.70276
36.762,-317.84903
36.764,-316.8111
36.766,-316.3822
36.768,-317.20178
36.77,-318.85107
36.772,-321.55527
36.774,-324.48898
36.776,-326.70782
36.778,-327.015
36.78,-326.04416
36.782,-324.35678
36.784,-322.7053
36.786,-321.11142
36.788,-320.44098
36.79,-320.48923
36.792,-320.704
36.794,-319.9261
36.796,-318.4636
36.798,-316.32422
36.8,-313.69955
36.802,-310.27103
36.804,-306.8921
36.806,-303.69385
36.808,-300.69128
36.81,-297.3526
36.812,-294.47864
36.814,-292.35086
36.816,-291.18524
36.818,-290.4835
36.82,-290.77942
36.822,-291.8128
36.824,-293.18652
36.826,-293.9822
36.828,-294.67627
36.83,-295.34885
36.832,-296.18842
36.834,-296.87787
36.836,-298.20932
36.838,-300.2165
36.84,-302.69257
36.842,-304.78064
36.844,-306.70963
36.846,-308.21988
36.848,-309.1967
36.85,-309.36423
36.852,-309.4683
36.854,-309.72122
36.856,-310.19733
36.858,-310.59802
36.86,-311.1463
36.862,-311.4663
36.864,-311.19797
36.866,-309.99252
36.868,-308.41266
36.87,-306.7172
36.872,-305.19415
36.874,-303.66745
36.876,-302.87686
36.878,-302.80777
36.88,-303.19287
36.882,-302.73358
36.884,-302.10724
36.886,-301.50357
36.888,-301.19162
36.89,-300.33582
36.892,-299.8916
36.894,-299.90002
36.896,-300.19098
36.898,-299.69077
36.9,-298.88824
36.902,-297.728
36.904,-296.18842
36.906,-293.61075
36.908,-290.61548
36.91,-287.18573
36.912,-283.18015
36.914,-277.71484
36.916,-270.82413
36.918,-261.5788
36.92,-248.65819
36.922,-230.15564
36.924,-205.85005
36.926,-176.07652
36.928,-142.59071
36.93,-107.878105
36.932,-76.07655
36.934,-50.14661
36.936,-31.520052
36.938,-19.457718
36.94,-13.513438
36.942,-13.225925
36.944,-20.012732
36.946,-37.18754
36.948,-70.74588
36.95,-125.5228
36.952,-203.12923
36.954,-299.55182
36.956,-406.48077
36.958,-511.23993
36.96,-600.38196
36.962,-662.6615
36.964,-693.2437
36.966,-692.87897
36.968,-667.42456
36.97,-625.1119
36.972,-575.5634
36.974,-526.10284
36.976,-481.30618
36.978,-442.6395
36.98,-410.81625
36.982,-385.04694
36.984,-364.23172
36.986,-346.85748
36.988,-332.65387
36.99,-320.95505
36.992,-311.19797
36.994,-302.51782
36.996,-295.29178
36.998,-289.51715
37.0,-285.18143
37.002,-281.7373
37.004,-279.46783
37.006,-278.07278
37.008,-277.17633
37.01,-276.0709
37.012,-274.89923
37.014,-273.60574
37.016,-272.17316
37.018,-270.3025
37.02,-268.27222
37.022,-266.30606
37.024,-264.66837
37.026,-263.29474
37.028,-262.50406
37.03,-262.3429
37.032,-262.66708
37.034,-262.78784
37.036,-262.7832
37.038,-262.43033
37.04,-261.66647
37.042,-260.02255
37.044,-258.6629
37.046,-257.723
37.048,-257.1636
37.05,-256.2288
37.052,-255.73656
37.054,-255.34555
37.056,-254.662
37.058,-252.961
37.06,-251.07611
37.062,-249.23056
37.064,-247.65755
37.066,-246.09863
37.068,-245.223
37.07,-244.86917
37.072,-244.65564
37.074,-243.73787
37.076,-242.32892
37.078,-240.286
37.08,-237.65118
37.082,-234.27068
37.084,-231.02188
37.086,-228.25499
37.088,-226.14386
37.09,-224.2854
37.092,-223.00883
37.094,-222.05687
37.096,-221.14069
37.098,-219.68524
37.1,-218.14635
37.102,-216.60426
37.104,-215.13686
37.106,-213.4015
37.108,-211.87263
37.11,-210.48853
37.112,-209.13304
37.114,-207.34674
37.116,-205.62187
37.118,-204.03499
37.12,-202.6289
37.122,-201.01425
37.124,-199.62181
37.126,-198.36607
37.128,-197.1254
37.13,-195.43462
37.132,-193.80891
37.134,-192.3513
37.136,-191.12158
37.138,-189.71353
37.14,-188.55267
37.142,-187.55562
37.144,-186.61871
37.146,-185.29613
37.148,-184.16452
37.15,-183.40091
37.152,-183.11649
37.154,-182.87466
37.156,-183.03156
37.158,-183.37207
37.16,-183.6168
37.162,-183.11711
37.164,-182.32745
37.166,-181.4153
37.168,-180.6149
37.17,-179.71027
37.172,-179.36696
37.174,-179.68976
37.176,-180.6149
37.178,-181.48581
37.18,-182.57263
37.182,-183.68765
37.184,-184.61745
37.186,-184.68883
37.188,-184.33836
37.19,-183.71992
37.192,-183.11649
37.194,-182.40755
37.196,-182.49934
37.198,-183.72748
37.2,-186.11841
37.202,-188.84758
37.204,-191.8917
37.206,-194.76599
37.208,-197.1254
37.21,-198.39444
37.212,-199.36969
37.214,-200.61763
37.216,-202.6289
37.218,-205.0908
37.22,-208.38611
37.222,-212.21242
37.224,-216.1375
37.226,-219.27824
37.228,-222.01425
37.23,-224.54543
37.232,-227.1445
37.234,-229.4869
37.236,-232.11525
37.238,-235.03061
37.24,-238.1515
37.242,-240.91737
37.244,-243.91197
37.246,-247.41682
37.248,-251.6601
37.25,-256.1787
37.252,-261.29056
37.254,-266.73914
37.256,-272.17316
37.258,-276.77274
37.26,-280.8917
37.262,-284.64493
37.264,-288.18332
37.266,-291.0774
37.268,-293.8361
37.27,-296.52075
37.272,-299.19034
37.274,-301.44757
37.276,-303.97906
37.278,-307.04324
37.28,-310.69766
37.282,-314.20193
37.284,-317.61597
37.286,-320.54285
37.288,-322.7053
37.29,-323.56915
37.292,-323.94406
37.294,-324.35928
37.296,-325.20688
37.298,-326.0272
37.3,-327.05856
37.302,-327.91122
37.304,-328.2088
37.306,-327.2874
37.308,-325.89532
37.31,-324.5515
37.312,-323.70593
37.314,-322.97104
37.316,-322.70905
37.318,-322.5772
37.32,-322.205
37.322,-320.89618
37.324,-319.43686
37.326,-318.37375
37.328,-318.20242
37.33,-318.5591
37.332,-319.828
37.334,-321.5665
37.336,-323.2056
37.338,-323.76062
37.34,-323.75656
37.342,-323.464
37.344,-323.2056
37.346,-322.58438
37.348,-322.21393
37.35,-321.97623
37.352,-321.70465
37.354,-320.783
37.356,-320.07202
37.358,-319.96442
37.36,-320.704
37.362,-321.6174
37.364,-322.96338
37.366,-324.18292
37.368,-324.70657
37.37,-323.63867
37.372,-321.806
37.374,-319.77734
37.376,-318.20242
37.378,-316.9538
37.38,-316.90823
37.382,-317.959
37.384,-319.70337
37.386,-321.04483
37.388,-322.34732
37.39,-323.54977
37.392,-324.70657
37.394,-325.29507
37.396,-326.0395
37.398,-326.9107
37.4,-327.70847
37.402,-327.57675
37.404,-327.03824
37.406,-326.17365
37.408,-325.20688
37.41,-323.8748
37.412,-323.20877
37.414,-323.49078
37.416,-324.70657
37.418,-325.9627
37.42,-327.5115
37.422,-329.00235
37.424,-330.21005
37.426,-330.54462
37.428,-330.90192
37.43,-331.59244
37.432,-332.71167
37.434,-333.46942
37.436,-334.12317
37.438,-334.28058
37.44,-333.71228
37.442,-331.97534
37.444,-330.29984
37.446,-329.50073
37.448,-330.21005
37.45,-332.02054
37.452,-335.2456
37.454,-339.13223
37.456,-342.71802
37.458,-344.62402
37.46,-345.172
37.462,-344.55185
37.464,-343.21835
37.466,-341.07956
37.468,-339.14627
37.47,-337.56174
37.472,-336.2139
37.474,-334.33542
37.476,-332.51935
37.478,-330.9068
37.48,-329.70975
37.482,-328.54483
37.484,-328.2011
37.486,-328.66867
37.488,-329.70975
37.49,-330.3703
37.492,-330.97363
37.494,-331.30283
37.496,-331.2107
37.498,-330.0671
37.5,-328.63165
37.502,-327.11652
37.504,-325.7072
37.506,-323.95624
37.508,-322.66324
37.51,-321.92636
37.512,-321.70465
37.514,-321.26282
37.516,-321.11798
37.518,-321.14752
37.52,-321.20435
37.522,-320.58752
37.524,-319.97153
37.526,-319.47357
37.528,-319.20306
37.53,-318.663
37.532,-318.58737
37.534,-318.9879
37.536,-319.70337
37.538,-319.86697
37.54,-319.86856
37.542,-319.5143
37.544,-318.70276
37.546,-316.94125
37.548,-315.1788
37.55,-313.82214
37.552,-313.19925
37.554,-312.922
37.556,-313.64795
37.558,-315.20056
37.56,-317.20178
37.562,-318.6539
37.564,-319.87497
37.566,-320.7265
37.568,-321.20435
37.57,-320.8684
37.572,-320.6157
37.574,-320.69846
37.576,-321.20435
37.578,-321.47733
37.58,-322.01358
37.582,-322.6468
37.584,-323.2056
37.586,-323.02496
37.588,-322.81052
37.59,-322.693
37.592,-322.7053
37.594,-322.1842
37.596,-321.64725
37.598,-321.00302
37.6,-320.2037
37.602,-318.75067
37.604,-317.49445
37.606,-316.64893
37.608,-316.20114
37.61,-315.29526
37.612,-314.14377
37.614,-312.35233
37.616,-309.69702
37.618,-305.7314
37.62,-301.61725
37.622,-298.08115
37.624,-295.6881
37.626,-294.06073
37.628,-293.6599
37.63,-294.04633
37.632,-294.68747
37.634,-294.6752
37.636,-294.67972
37.638,-295.05838
37.64,-296.18842
37.642,-297.68777
37.644,-300.0711
37.646,-302.938
37.648,-305.69446
37.65,-307.2871
37.652,-308.1539
37.654,-308.48923
37.656,-308.69638
37.658,-308.78433
37.66,-309.57614
37.662,-311.0116
37.664,-312.6989
37.666,-313.88712
37.668,-314.5331
37.67,-314.30988
37.672,-313.19925
37.674,-311.4063
37.676,-309.89743
37.678,-309.1125
37.68,-309.1967
37.682,-309.73846
37.684,-310.77765
37.686,-311.75388
37.688,-312.1986
37.69,-311.2091
37.692,-310.0319
37.694,-309.5009
37.696,-310.19733
37.698,-310.971
37.7,-312.21582
37.702,-313.29593
37.704,-313.69955
37.706,-312.43964
37.708,-310.8113
37.71,-309.5978
37.712,-309.1967
37.714,-308.60477
37.716,-307.66617
37.718,-305.60385
37.72,-302.19223
37.722,-297.3926
37.724,-292.75754
37.726,-288.61694
37.728,-283.68048
37.73,-274.33716
37.732,-257.32443
37.734,-229.78474
37.736,-191.6219
37.738,-145.8139
37.74,-99.21622
37.742,-58.51176
37.744,-28.017824
37.746,-7.5345774
37.748,5.6207843
37.75,15.880856
37.752,25.516232
37.754,32.519634
37.756,28.67585
37.758,3.7004008
37.76,-51.032463
37.762,-137.8052
37.764,-251.8805
37.766,-380.50583
37.768,-506.82242
37.77,-614.0766
37.772,-691.33075
37.774,-733.8792
37.776,-743.47296
37.778,-725.79535
37.78,-689.423
37.782,-642.0327
37.784,-589.87524
37.786,-537.22516
37.788,-488.2656
37.79,-445.61758
37.792,-410.76132
37.794,-383.3812
37.796,-362.90585
37.798,-347.27637
37.8,-334.21262
37.802,-321.5717
37.804,-309.33426
37.806,-297.92062
37.808,-288.18332
37.81,-280.35406
37.812,-275.0768
37.814,-271.8246
37.816,-269.67154
37.818,-267.3749
37.82,-264.92358
37.822,-262.40555
37.824,-260.1655
37.826,-258.2544
37.828,-257.01596
37.83,-256.40527
37.832,-256.16296
37.834,-255.70428
37.836,-254.9132
37.838,-253.82869
37.84,-252.66074
37.842,-251.38927
37.844,-250.46313
37.846,-250.05605
37.848,-250.15913
37.85,-250.03725
37.852,-250.12848
37.854,-249.97087
37.856,-249.15851
37.858,-246.89825
37.86,-244.43605
37.862,-241.96722
37.864,-239.65245
37.866,-237.10338
37.868,-235.38515
37.87,-234.47467
37.872,-234.14896
37.874,-233.67159
37.876,-233.48782
37.878,-233.38809
37.88,-233.14832
37.882,-232.18356
37.884,-230.96288
37.886,-229.44904
37.888,-227.64482
37.89,-225.27051
37.892,-222.99393
37.894,-220.95314
37.896,-219.1394
37.898,-217.04019
37.9,-214.93727
37.902,-212.65916
37.904,-210.13368
37.906,-207.12004
37.908,-204.40413
37.91,-202.34462
37.912,-201.12794
37.914,-200.31985
37.916,-200.04889
37.918,-199.82074
37.92,-199.12668
37.922,-197.31247
37.924,-194.87778
37.926,-192.16321
37.928,-189.62064
37.93,-187.28424
37.932,-185.86983
37.934,-185.39258
37.936,-185.61809
37.938,-185.81433
37.94,-186.1523
37.942,-186.45314
37.944,-186.61871
37.946,-186.22215
37.948,-185.7223
37.95,-185.07439
37.952,-184.11713
37.954,-182.24832
37.956,-179.80309
37.958,-176.84207
37.96,-173.61044
37.962,-170.14403
37.964,-167.45412
37.966,-166.03755
37.968,-166.10567
37.97,-167.1033
37.972,-169.0663
37.974,-171.429
37.976,-173.61044
37.978,-174.77177
37.98,-175.24397
37.982,-175.13863
37.984,-174.61108
37.986,-173.31506
37.988,-171.7894
37.99,-170.15657
37.992,-168.60725
37.994,-167.01875
37.996,-166.34868
37.998,-167.12479
38.0,-169.6079
38.002,-173.16498
38.004,-177.74379
38.006,-182.63713
38.008,-187.11903
38.01,-190.2183
38.012,-192.36823
38.014,-193.9826
38.016,-195.62445
38.018,-197.24956
38.02,-199.5063
38.022,-202.27757
38.024,-205.1305
38.026,-207.02899
38.028,-208.08302
38.03,-208.33061
38.032,-208.1324
38.034,-207.56425
38.036,-207.70497
38.038,-209.0326
38.04,-211.63463
38.042,-214.72131
38.044,-218.24007
38.046,-221.7811
38.048,-225.14323
38.05,-227.96153
38.052,-231.0828
38.054,-235.0476
38.056,-240.15277
38.058,-245.78067
38.06,-251.85002
38.062,-257.6852
38.064,-262.66708
38.066,-266.0359
38.068,-268.4549
38.07,-270.58887
38.072,-273.17377
38.074,-276.241
38.076,-280.321
38.078,-285.15195
38.08,-290.1846
38.082,-294.37613
38.084,-297.81735
38.086,-300.5235
38.088,-302.69257
38.09,-304.0734
38.092,-305.26614
38.094,-306.33026
38.096,-307.19543
38.098,-307.29675
38.1,-307.12375
38.102,-306.86154
38.104,-306.6951
38.106,-306.24203
38.108,-305.97592
38.11,-305.8382
38.112,-305.69446
38.114,-304.93863
38.116,-304.07877
38.118,-303.28177
38.12,-302.69257
38.122,-301.86484
38.124,-301.27603
38.126,-300.90387
38.128,-300.69128
38.13,-300.10153
38.132,-299.69684
38.134,-299.57306
38.136,-299.69064
38.138,-299.32822
38.14,-298.73538
38.142,-297.71085
38.144,-296.18842
38.146,-293.8078
38.148,-291.54205
38.15,-289.90024
38.152,-289.18396
38.154,-288.81464
38.156,-289.05518
38.158,-289.47806
38.16,-289.6843
38.162,-288.95975
38.164,-288.06918
38.166,-287.38644
38.168,-287.1827
38.17,-286.91095
38.172,-286.95032
38.174,-286.96646
38.176,-286.68237
38.178,-285.55173
38.18,-284.60486
38.182,-284.48367
38.184,-285.68173
38.186,-287.73715
38.188,-290.91116
38.19,-294.50623
38.192,-297.6894
38.194,-299.2969
38.196,-299.81525
38.198,-299.59692
38.2,-299.19034
38.202,-298.52365
38.204,-298.4694
38.206,-298.97604
38.208,-299.69064
38.21,-299.6314
38.212,-299.18457
38.214,-298.43817
38.216,-297.6894
38.218,-296.78665
38.22,-296.72562
38.222,-297.7273
38.224,-299.69064
38.226,-301.6998
38.228,-303.8891
38.23,-305.8338
38.232,-307.19543
38.234,-307.2863
38.236,-306.79236
38.238,-305.99805
38.24,-305.19415
38.242,-304.06503
38.244,-303.3839
38.246,-303.2655
38.248,-303.6932
38.25,-304.0386
38.252,-304.765
38.254,-305.73193
38.256,-306.6951
38.258,-306.80923
38.26,-306.4494
38.262,-305.55383
38.264,-304.1935
38.266,-302.06348
38.268,-300.19247
38.27,-299.1062
38.272,-299.19034
38.274,-300.0213
38.276,-302.05423
38.278,-304.84973
38.28,-307.69574
38.282,-309.2804
38.284,-309.69412
38.286,-308.8737
38.288,-307.19543
38.29,-304.84027
38.292,-303.22342
38.294,-302.87643
38.296,-303.6932
38.298,-304.40817
38.3,-304.62933
38.302,-303.6019
38.304,-301.19162
38.306,-297.55954
38.308,-294.6023
38.31,-293.62686
38.312,-295.18777
38.314,-298.18216
38.316,-301.72028
38.318,-303.9987
38.32,-303.6932
38.322,-300.10324
38.324,-295.0933
38.326,-290.78824
38.328,-289.18396
38.33,-290.69766
38.332,-295.5406
38.334,-302.09662
38.336,-308.19608
38.338,-311.48035
38.34,-311.94485
38.342,-310.22174
38.344,-307.69574
38.346,-305.20975
38.348,-304.26678
38.35,-304.86835
38.352,-306.1948
38.354,-306.52365
38.356,-305.63916
38.358,-303.3749
38.36,-300.19098
38.362,-296.36536
38.364,-293.4473
38.366,-292.04813
38.368,-292.18588
38.37,-292.7576
38.372,-293.59644
38.374,-293.9276
38.376,-293.18652
38.378,-290.64908
38.38,-287.32712
38.382,-284.03085
38.384,-281.6792
38.386,-280.47116
38.388,-281.4867
38.39,-284.73077
38.392,-289.6843
38.394,-294.9254
38.396,-300.20303
38.398,-304.89642
38.4,-308.69638
38.402,-311.11334
38.404,-313.07495
38.406,-315.0097
38.408,-317.20178
38.41,-319.3057
38.412,-321.70047
38.414,-324.1082
38.416,-326.20752
38.418,-327.56146
38.42,-328.51904
38.422,-329.0591
38.424,-329.20944
38.426,-328.93106
38.428,-328.66693
38.43,-328.32465
38.432,-327.70847
38.434,-326.46606
38.436,-324.98108
38.438,-323.3276
38.44,-321.70465
38.442,-319.7546
38.444,-318.70724
38.446,-319.02948
38.448,-320.704
38.45,-322.07974
38.452,-323.22562
38.454,-323.62106
38.456,-323.2056
38.458,-321.5839
38.46,-320.48956
38.462,-320.8234
38.464,-322.7053
38.466,-324.55106
38.468,-325.429
38.47,-323.8684
38.472,-319.20306
38.474,-311.36353
38.476,-302.28827
38.478,-293.12766
38.48,-283.68048
38.482,-271.42874
38.484,-253.85007
38.486,-228.17644
38.488,-193.62317
38.49,-151.84831
38.492,-108.18057
38.494,-68.10155
38.496,-35.5226
38.498,-10.77952
38.5,7.6123652
38.502,22.84367
38.504,36.523235
38.506,46.90965
38.508,46.88547
38.51,27.520449
38.512,-19.012094
38.514,-95.38548
38.516,-198.53609
38.518,-318.16528
38.52,-439.7798
38.522,-548.01843
38.524,-631.80597
38.526,-684.84314
38.528,-706.4494
38.53,-699.9179
38.532,-672.16595
38.534,-630.2808
38.536,-580.8695
38.538,-529.0881
38.54,-480.00406
38.542,-436.81973
38.544,-401.25525
38.546,-373.06082
38.548,-351.7517
38.55,-335.46558
38.552,-322.205
38.554,-310.07166
38.556,-299.0931
38.558,-289.47437
38.56,-281.6792
38.562,-275.54663
38.564,-271.40323
38.566,-268.58243
38.568,-266.1693
38.57,-263.02664
38.572,-259.24
38.574,-254.97694
38.576,-250.65945
38.578,-246.46075
38.58,-242.89627
38.582,-240.13663
38.584,-238.1515
38.586,-236.55957
38.588,-235.33656
38.59,-234.51065
38.592,-234.14896
38.594,-234.00563
38.596,-234.14915
38.598,-234.43752
38.6,-234.64928
38.602,-234.05363
38.604,-233.16113
38.606,-231.85495
38.608,-230.14641
38.61,-227.62039
38.612,-225.63133
38.614,-224.3272
38.616,-223.64227
38.618,-222.87688
38.62,-222.70573
38.622,-222.77795
38.624,-222.64163
38.626,-221.51007
38.628,-219.88623
38.63,-217.8456
38.632,-215.63718
38.634,-213.27707
38.636,-211.69254
38.638,-211.04884
38.64,-211.13431
38.642,-211.0849
38.644,-210.75758
38.646,-209.65927
38.648,-207.63208
38.65,-204.6503
38.652,-201.83807
38.654,-199.88605
38.656,-199.12668
38.658,-199.03906
38.66,-199.39151
38.662,-199.31766
38.664,-198.12604
38.666,-195.34843
38.668,-191.87076
38.67,-188.53737
38.672,-186.11841
38.674,-184.63835
38.676,-184.2859
38.678,-184.38203
38.68,-184.11713
38.682,-182.66148
38.684,-180.434
38.686,-177.88988
38.688,-175.61171
38.69,-173.67136
38.692,-172.48975
38.694,-171.6732
38.696,-170.60854
38.698,-168.47662
38.7,-165.59047
38.702,-162.27907
38.704,-159.10121
38.706,-156.26477
38.708,-154.49832
38.71,-153.74779
38.712,-153.59772
38.714,-153.13858
38.716,-152.35707
38.718,-151.12332
38.72,-149.59517
38.722,-147.76982
38.724,-146.47658
38.726,-145.95578
38.728,-146.09294
38.73,-146.07202
38.732,-145.81516
38.734,-144.99092
38.736,-143.59135
38.738,-141.60733
38.74,-140.14572
38.742,-139.88371
38.744,-141.08975
38.746,-143.01912
38.748,-145.32942
38.75,-147.09569
38.752,-147.59389
38.754,-146.21454
38.756,-143.94144
38.758,-141.86133
38.76,-141.08975
38.762,-141.86421
38.764,-144.66731
38.766,-148.91776
38.768,-153.59772
38.77,-157.21622
38.772,-159.62363
38.774,-160.89572
38.776,-161.6028
38.778,-162.05893
38.78,-163.39137
38.782,-165.96147
38.784,-169.6079
38.786,-173.30191
38.788,-176.85068
38.79,-179.9329
38.792,-182.61618
38.794,-184.87505
38.796,-187.79933
38.798,-192.001
38.8,-197.62572
38.802,-203.76115
38.804,-209.94096
38.806,-215.2672
38.808,-219.1394
38.81,-221.10547
38.812,-222.25108
38.814,-223.73714
38.816,-226.64418
38.818,-231.0853
38.82,-237.2859
38.822,-244.50018
38.824,-251.6601
38.826,-257.39206
38.828,-261.66388
38.83,-264.71558
38.832,-267.16995
38.834,-269.2605
38.836,-271.83914
38.838,-275.04974
38.84,-278.67728
38.842,-281.8928
38.844,-284.75888
38.846,-287.1791
38.848,-289.18396
38.85,-290.40384
38.852,-291.36014
38.854,-292.2308
38.856,-293.18652
38.858,-293.93997
38.86,-295.11984
38.862,-296.89658
38.864,-299.19034
38.866,-301.15015
38.868,-302.66476
38.87,-303.26508
38.872,-302.69257
38.874,-300.565
38.876,-297.82288
38.878,-295.1789
38.88,-293.18652
38.882,-291.51804
38.884,-290.4221
38.886,-289.4649
38.888,-288.18332
38.89,-285.84155
38.892,-283.12402
38.894,-280.5564
38.896,-278.67728
38.898,-277.2778
38.9,-276.85406
38.902,-277.1324
38.904,-277.67664
38.906,-277.6003
38.908,-277.35748
38.91,-277.13577
38.912,-277.17633
38.914,-277.08917
38.916,-277.45322
38.918,-278.1922
38.92,-279.1776
38.922,-279.83392
38.924,-280.90167
38.926,-282.6465
38.928,-285.18143
38.93,-287.79218
38.932,-290.66736
38.934,-293.29248
38.936,-295.18777
38.938,-295.59595
38.94,-295.3104
38.942,-294.83755
38.944,-294.68747
38.946,-294.61667
38.948,-295.2617
38.95,-296.41068
38.952,-297.6894
38.954,-298.23883
38.956,-298.61652
38.958,-299.02014
38.96,-299.69064
38.962,-300.2248
38.964,-301.2135
38.966,-302.48154
38.968,-303.6932
38.97,-303.98026
38.972,-303.8088
38.974,-303.30078
38.976,-302.69257
38.978,-301.71033
38.98,-301.16583
38.982,-301.18564
38.984,-301.69193
38.986,-301.93616
38.988,-302.31186
38.99,-302.7386
38.992,-303.19287
38.994,-303.17798
38.996,-303.37766
38.998,-303.89645
39.0,-304.69385
39.002,-305.06244
39.004,-305.3684
39.006,-305.45016
39.008,-305.19415
39.01,-304.0885
39.012,-302.88187
39.014,-301.84857
39.016,-301.19162
39.018,-300.4767
39.02,-300.2496
39.022,-300.3887
39.024,-300.69128
39.026,-300.48627
39.028,-300.3372
39.03,-300.36526
39.032,-300.69128
39.034,-300.86102
39.036,-301.44266
39.038,-302.30978
39.04,-303.19287
39.042,-303.27496
39.044,-302.9968
39.046,-302.40857
39.048,-301.69193
39.05,-300.57773
39.052,-300.00354
39.054,-300.21298
39.056,-301.19162
39.058,-302.12607
39.06,-303.25085
39.062,-304.20367
39.064,-304.69385
39.066,-304.0658
39.068,-303.08304
39.07,-302.05048
39.072,-301.19162
39.074,-299.98712
39.076,-298.9232
39.078,-297.75906
39.08,-296.18842
39.082,-293.44482
39.084,-290.1837
39.086,-286.66354
39.088,-283.18015
39.09,-279.41275
39.092,-276.16766
39.094,-273.574
39.096,-271.67282
39.098,-269.94458
39.1,-269.08984
39.102,-269.19452
39.104,-270.17188
39.106,-271.19113
39.108,-272.5244
39.11,-273.89777
39.112,-275.17505
39.114,-275.91934
39.116,-277.13077
39.118,-279.29633
39.12,-282.67984
39.122,-286.63358
39.124,-291.27185
39.126,-295.8777
39.128,-299.69064
39.13,-301.7664
39.132,-302.59427
39.134,-302.54074
39.136,-302.19223
39.138,-301.90494
39.14,-302.4346
39.142,-303.6777
39.144,-305.19415
39.146,-306.36462
39.148,-307.1714
39.15,-307.4214
39.152,-307.19543
39.154,-306.711
39.156,-306.73566
39.158,-307.44168
39.16,-308.69638
39.162,-309.4954
39.164,-310.26596
39.166,-310.88785
39.168,-311.19797
39.17,-309.88788
39.172,-307.85068
39.174,-305.54276
39.176,-303.6932
39.178,-302.203
39.18,-302.55313
39.182,-304.96024
39.184,-308.69638
39.186,-311.50525
39.188,-312.26587
39.19,-309.92267
39.192,-304.69385
39.194,-297.52582
39.196,-291.10623
39.198,-286.74722
39.2,-283.68048
39.202,-278.2329
39.204,-266.52087
39.206,-244.72359
39.208,-211.63463
39.21,-169.18898
39.212,-123.47907
39.214,-80.81666
39.216,-45.528965
39.218,-17.674679
39.22,5.0889683
39.222,26.939045
39.224,50.03183
39.226,72.26117
39.228,84.999695
39.23,76.910965
39.232,37.523872
39.234,-37.88907
39.236,-147.1242
39.238,-279.24597
39.24,-417.76578
39.242,-544.47485
39.244,-645.38306
39.246,-711.87274
39.248,-741.972
39.25,-738.7759
39.252,-710.01746
39.254,-664.17487
39.256,-609.3877
39.258,-552.0852
39.26,-498.23724
39.262,-451.51788
39.264,-413.7632
39.266,-384.5776
39.268,-363.2685
39.27,-347.73557
39.272,-335.71356
39.274,-324.9641
39.276,-315.1849
39.278,-306.3129
39.28,-298.69
39.282,-292.20636
39.284,-287.50806
39.286,-284.34717
39.288,-282.1795
39.29,-280.01636
39.292,-277.90204
39.294,-275.74628
39.296,-273.6741
39.298,-271.64252
39.3,-270.1373
39.302,-269.3447
39.304,-269.17123
39.306,-268.9953
39.308,-268.4083
39.31,-267.12042
39.312,-265.1687
39.314,-262.72565
39.316,-260.59927
39.318,-259.59103
39.32,-260.1655
39.322,-261.69522
39.324,-264.13516
39.326,-266.43362
39.328,-267.6703
39.33,-266.84146
39.332,-265.32385
39.334,-263.63364
39.336,-262.16678
39.338,-260.45892
39.34,-259.1864
39.342,-257.77747
39.344,-255.66264
39.346,-252.2548
39.348,-248.65457
39.35,-245.59328
39.352,-243.655
39.354,-242.55692
39.356,-242.35713
39.358,-242.07704
39.36,-240.65309
39.362,-237.08319
39.364,-231.99895
39.366,-226.17268
39.368,-220.64037
39.37,-215.92027
39.372,-212.89243
39.374,-211.34859
39.376,-210.634
39.378,-209.68636
39.38,-208.53407
39.382,-207.114
39.384,-205.63081
39.386,-204.03545
39.388,-202.99565
39.39,-202.4635
39.392,-202.12859
39.394,-201.2332
39.396,-199.92493
39.398,-198.05342
39.4,-195.62445
39.402,-192.45018
39.404,-189.27435
39.406,-186.41322
39.408,-184.11713
39.41,-182.176
39.412,-181.10313
39.414,-180.72682
39.416,-180.6149
39.418,-179.80783
39.42,-178.25414
39.422,-175.66518
39.424,-172.10948
39.426,-167.69618
39.428,-163.71686
39.43,-161.01704
39.432,-160.10185
39.434,-160.5465
39.436,-162.28857
39.438,-164.4587
39.44,-166.10567
39.442,-166.11835
39.444,-164.78583
39.446,-162.42
39.448,-159.60153
39.45,-156.52951
39.452,-154.18268
39.454,-152.86356
39.456,-152.59708
39.458,-152.77959
39.46,-153.69794
39.462,-155.20627
39.464,-157.09995
39.466,-158.64436
39.468,-160.023
39.47,-161.04018
39.472,-161.6028
39.474,-161.341
39.476,-161.07909
39.478,-161.35165
39.48,-162.60344
39.482,-164.53139
39.484,-167.50737
39.486,-171.20528
39.488,-175.1114
39.49,-178.21745
39.492,-180.6949
39.494,-182.58243
39.496,-184.11713
39.498,-185.14513
39.5,-186.50888
39.502,-188.59196
39.504,-191.6219
39.506,-195.1562
39.508,-199.56017
39.51,-204.66489
39.512,-210.13368
39.514,-215.03613
39.516,-219.44868
39.518,-223.27081
39.52,-226.64418
39.522,-229.44148
39.524,-232.64809
39.526,-236.80957
39.528,-242.15405
39.53,-247.97801
39.532,-254.13074
39.534,-259.91025
39.536,-264.66837
39.538,-267.5827
39.54,-269.20895
39.542,-270.1523
39.544,-271.17252
39.546,-272.43765
39.548,-274.7591
39.55,-278.24338
39.552,-282.67984
39.554,-287.22067
39.556,-291.89926
39.558,-296.4603
39.56,-300.69128
39.562,-303.92346
39.564,-306.43768
39.566,-308.19412
39.568,-309.1967
39.57,-309.04324
39.572,-308.4101
39.574,-307.67596
39.576,-307.19543
39.578,-306.71982
39.58,-306.86542
39.582,-307.71344
39.584,-309.1967
39.586,-310.64505
39.588,-312.36472
39.59,-314.25876
39.592,-316.20114
39.594,-317.5083
39.596,-318.48843
39.598,-318.96347
39.6,-318.70276
39.602,-316.9819
39.604,-314.36252
39.606,-311.22552
39.608,-308.19608
39.61,-305.4698
39.612,-304.23566
39.614,-304.7713
39.616,-306.6951
39.618,-308.45004
39.62,-309.36063
39.622,-308.4115
39.624,-305.19415
39.626,-299.6003
39.628,-293.50244
39.63,-288.5762
39.632,-286.18207
39.634,-286.29715
39.636,-289.1326
39.638,-293.57352
39.64,-298.1897
39.642,-301.23578
39.644,-302.92947
39.646,-303.65118
39.648,-304.1935
39.65,-304.71426
39.652,-306.25165
39.654,-308.64508
39.656,-311.19797
39.658,-312.43478
39.66,-312.42395
39.662,-311.1684
39.664,-309.1967
39.666,-306.78336
39.668,-305.53772
39.67,-306.14822
39.672,-308.69638
39.674,-312.04422
39.676,-315.9369
39.678,-319.41327
39.68,-321.70465
39.682,-321.90997
39.684,-320.96652
39.686,-319.61954
39.688,-318.70276
39.69,-318.2683
39.692,-319.2204
39.694,-321.39462
39.696,-324.20624
39.698,-326.34244
39.7,-327.83157
39.702,-328.4276
39.704,-328.2088
39.706,-326.98724
39.708,-325.91943
39.71,-325.55142
39.712,-326.20752
39.714,-327.4074
39.716,-329.60425
39.718,-332.51724
39.72,-335.71356
39.722,-338.16586
39.724,-340.13965
39.726,-341.4891
39.728,-342.2177
39.73,-341.90213
39.732,-341.49542
39.734,-341.36655
39.736,-341.71738
39.738,-341.9455
39.74,-342.48508
39.742,-343.03284
39.744,-343.21835
39.746,-342.19174
39.748,-340.53702
39.75,-338.45084
39.752,-336.2139
39.754,-333.5392
39.756,-331.31567
39.758,-329.71402
39.76,-328.7091
39.762,-327.55264
39.764,-326.62704
39.766,-325.63452
39.768,-324.20624
39.77,-321.45093
39.772,-317.88205
39.774,-313.6658
39.776,-309.1967
39.778,-304.47974
39.78,-300.8119
39.782,-298.68924
39.784,-298.1897
39.786,-298.39957
39.788,-299.3809
39.79,-300.5829
39.792,-301.69193
39.794,-302.25967
39.796,-303.4712
39.798,-306.00244
39.8,-310.19733
39.802,-315.24792
39.804,-320.93484
39.806,-326.00943
39.808,-329.20944
39.81,-329.252
39.812,-326.8096
39.814,-322.7091
39.816,-318.20242
39.818,-314.16687
39.82,-311.9976
39.822,-311.84583
39.824,-313.19925
39.826,-315.00488
39.828,-316.72256
39.83,-317.46976
39.832,-316.70148
39.834,-314.30392
39.836,-311.02423
39.838,-307.42966
39.84,-304.1935
39.842,-301.80756
39.844,-301.2345
39.846,-302.53107
39.848,-305.19415
39.85,-307.49457
39.852,-309.38358
39.854,-310.3541
39.856,-310.19733
39.858,-307.94684
39.86,-304.9797
39.862,-302.12787
39.864,-300.19098
39.866,-298.88983
39.868,-299.1223
39.87,-300.5477
39.872,-302.19223
39.874,-302.06833
39.876,-299.61435
39.878,-294.3359
39.88,-286.68237
39.882,-277.31943
39.884,-268.2137
39.886,-259.77884
39.888,-250.65945
39.89,-237.272
39.892,-216.64743
39.894,-186.34705
39.896,-146.59326
39.898,-100.28622
39.9,-53.66411
39.902,-12.334947
39.904,20.51305
39.906,45.715523
39.908,65.60968
39.91,83.11472
39.912,98.062386
39.914,105.741615
39.916,95.89347
39.918,57.700455
39.92,-16.010185
39.922,-124.22051
39.924,-257.73798
39.926,-399.42444
39.928,-529.33673
39.93,-629.847
39.932,-691.5463
39.934,-713.2068
39.936,-700.9459
39.938,-664.5015
39.94,-615.1581
39.942,-561.55566
39.944,-509.324
39.946,-461.15982
39.948,-419.36884
39.95,-385.04697
39.952,-358.7282
39.954,-339.68143
39.956,-327.16425
39.958,-318.99777
39.96,-312.6989
39.962,-305.89255
39.964,-298.29327
39.966,-290.23416
39.968,-282.67984
39.97,-276.17996
39.972,-271.7025
39.974,-269.08722
39.976,-267.6703
39.978,-266.33557
39.98,-264.8944
39.982,-263.1689
39.984,-261.16614
39.986,-258.67456
39.988,-255.84816
39.99,-252.79024
39.992,-249.65883
39.994,-246.50735
39.996,-243.68561
39.998,-241.63228
40.0,-240.65309
40.002,-240.50482
40.004,-241.04459
40.006,-241.78996
40.008,-242.15405
40.01,-241.068
40.012,-239.05586
40.014,-236.12167
40.016,-232.648
40.018,-228.7768
40.02,-226.36423
40.022,-225.76909
40.024,-226.64418
40.026,-227.5793
40.028,-228.22308
40.03,-227.5656
40.032,-225.14323
40.034,-220.91649
40.036,-216.56898
40.038,-213.37029
40.04,-212.13495
40.042,-212.47401
40.044,-214.09506
40.046,-215.70824
40.048,-216.1375
40.05,-214.54095
40.052,-211.82928
40.054,-209.02473
40.056,-207.13177
40.058,-206.24689
40.06,-206.44983
40.062,-206.66649
40.064,-205.63081
40.066,-202.21442
40.068,-197.03456
40.07,-191.1623
40.072,-186.11841
40.074,-182.89737
40.076,-182.61345
40.078,-184.93289
40.08,-188.62
40.082,-191.66168
40.084,-193.06189
40.086,-192.03705
40.088,-188.62
40.09,-183.20578
40.092,-177.48035
40.094,-172.67744
40.096,-169.6079
40.098,-168.08229
40.1,-168.2234
40.102,-169.33867
40.104,-170.60854
40.106,-170.9698
40.108,-170.63007
40.11,-169.73152
40.112,-168.60725
40.114,-167.18498
40.116,-166.1389
40.118,-165.50166
40.12,-165.10503
40.122,-164.29933
40.124,-163.37892
40.126,-162.31572
40.128,-161.1025
40.13,-159.29733
40.132,-157.39433
40.134,-155.559
40.136,-154.09804
40.138,-153.05074
40.14,-153.46234
40.142,-155.80695
40.144,-160.10185
40.146,-165.32819
40.148,-170.97343
40.15,-175.9941
40.152,-179.61426
40.154,-181.18436
40.156,-181.65535
40.158,-181.99605
40.16,-183.11649
40.162,-185.0072
40.164,-188.07814
40.166,-191.94377
40.168,-196.12477
40.17,-199.88039
40.172,-203.81268
40.174,-208.32231
40.176,-213.63591
40.178,-219.03119
40.18,-224.2394
40.182,-228.36348
40.184,-230.64673
40.186,-230.404
40.188,-228.61284
40.19,-226.44034
40.192,-225.14323
40.194,-225.10356
40.196,-226.94994
40.198,-230.25298
40.2,-234.14896
40.202,-237.29573
40.204,-239.67412
40.206,-241.44308
40.208,-243.15468
40.21,-244.99223
40.212,-247.84634
40.214,-251.84505
40.216,-256.66327
40.218,-261.22403
40.22,-265.36533
40.222,-268.82596
40.224,-271.67282
40.226,-273.79333
40.228,-276.08908
40.23,-279.00677
40.232,-282.67984
40.234,-286.4122
40.236,-290.1834
40.238,-293.54587
40.24,-296.18842
40.242,-297.61346
40.244,-298.5434
40.246,-299.45297
40.248,-300.69128
40.25,-301.82544
40.252,-303.0247
40.254,-303.81592
40.256,-303.6932
40.258,-301.91516
40.26,-299.16464
40.262,-296.1268
40.264,-293.68683
40.266,-292.12802
40.268,-292.37198
40.27,-294.29807
40.272,-297.18906
40.274,-299.49524
40.276,-300.74377
40.278,-300.43872
40.28,-298.69
40.282,-295.68753
40.284,-293.0164
40.286,-291.69443
40.288,-292.18588
40.29,-293.68585
40.292,-295.82343
40.294,-297.4734
40.296,-297.6894
40.298,-295.59613
40.3,-292.1515
40.302,-288.3361
40.304,-285.18143
40.306,-282.8146
40.308,-281.90988
40.31,-282.08447
40.312,-282.67984
40.314,-282.59882
40.316,-282.25864
40.318,-281.8618
40.32,-281.6792
40.322,-281.25998
40.324,-281.10574
40.326,-280.98315
40.328,-280.67856
40.33,-279.68057
40.332,-279.0052
40.334,-279.2262
40.336,-280.67856
40.338,-282.6598
40.34,-285.1849
40.342,-287.43277
40.344,-288.68365
40.346,-288.16104
40.348,-286.9328
40.35,-285.95978
40.352,-286.18207
40.354,-287.5319
40.356,-290.45776
40.358,-294.20807
40.36,-297.6894
40.362,-299.3995
40.364,-299.54282
40.366,-298.39835
40.368,-296.68875
40.37,-294.74954
40.372,-293.84692
40.374,-294.24655
40.376,-295.6881
40.378,-297.0598
40.38,-298.3565
40.382,-299.23914
40.384,-299.69064
40.386,-299.50836
40.388,-299.77905
40.39,-300.96823
40.392,-303.19287
40.394,-305.63068
40.396,-308.27667
40.398,-310.47998
40.4,-311.6983
40.402,-311.20068
40.404,-309.80493
40.406,-308.0967
40.408,-306.6951
40.41,-305.50034
40.412,-305.2407
40.414,-305.77173
40.416,-306.6951
40.418,-307.04
40.42,-307.1688
40.422,-307.14975
40.424,-307.19543
40.426,-306.97647
40.428,-307.19995
40.43,-307.74957
40.432,-308.19608
40.434,-307.4179
40.436,-305.52634
40.438,-302.37695
40.44,-298.1897
40.442,-292.99417
40.444,-288.18042
40.446,-284.47
40.448,-282.1795
40.45,-280.588
40.452,-279.81064
40.454,-279.30045
40.456,-278.67728
40.458,-277.4126
40.46,-276.53668
40.462,-276.66617
40.464,-278.17697
40.466,-280.4386
40.468,-283.47992
40.47,-286.4846
40.472,-288.68365
40.474,-289.21518
40.476,-288.9192
40.478,-288.4962
40.48,-288.68365
40.482,-289.44464
40.484,-291.3484
40.486,-293.9713
40.488,-296.68875
40.49,-298.6836
40.492,-300.31845
40.494,-301.74405
40.496,-303.19287
40.498,-304.56775
40.5,-306.0946
40.502,-307.2054
40.504,-307.19543
40.506,-305.40683
40.508,-302.29877
40.51,-298.4167
40.512,-294.68747
40.514,-291.71756
40.516,-290.977
40.518,-292.8
40.52,-296.68875
40.522,-300.51816
40.524,-303.80573
40.526,-305.65164
40.528,-305.69446
40.53,-303.1668
40.532,-299.6856
40.534,-296.2925
40.536,-293.68683
40.538,-291.20172
40.54,-289.13513
40.542,-286.94022
40.544,-284.1808
40.546,-280.20755
40.548,-276.04474
40.55,-272.2896
40.552,-269.17123
40.554,-265.63428
40.556,-260.9097
40.558,-253.07448
40.56,-240.15277
40.562,-220.37239
40.564,-194.32657
40.566,-163.52597
40.568,-130.58307
40.57,-98.04482
40.572,-69.17208
40.574,-45.660778
40.576,-28.017824
40.578,-15.571975
40.58,-8.975975
40.582,-9.495011
40.584,-20.012732
40.586,-44.246822
40.588,-87.10311
40.59,-151.20265
40.592,-235.64992
40.594,-334.63928
40.596,-439.37515
40.598,-538.1461
40.6,-619.39404
40.602,-673.9032
40.604,-698.2245
40.606,-693.5669
40.608,-665.42334
40.61,-621.27875
40.612,-570.08215
40.614,-518.863
40.616,-472.30045
40.618,-432.1825
40.62,-399.39456
40.622,-373.06122
40.624,-351.72375
40.626,-333.43958
40.628,-317.5645
40.63,-303.39316
40.632,-290.68494
40.634,-279.19574
40.636,-269.92703
40.638,-263.36835
40.64,-259.6652
40.642,-258.0553
40.644,-258.2146
40.646,-259.0977
40.648,-259.6652
40.65,-258.86465
40.652,-256.87308
40.654,-254.08504
40.656,-251.15977
40.658,-248.47029
40.66,-246.65938
40.662,-245.92934
40.664,-246.1566
40.666,-246.71431
40.668,-247.3717
40.67,-247.8827
40.672,-248.15787
40.674,-247.85812
40.676,-247.57996
40.678,-247.49014
40.68,-247.65755
40.682,-247.42522
40.684,-247.5078
40.686,-247.43958
40.688,-246.6569
40.69,-244.17334
40.692,-240.9385
40.694,-237.13673
40.696,-233.14832
40.698,-229.06047
40.7,-226.22641
40.702,-224.97044
40.704,-225.14323
40.706,-225.77225
40.708,-226.6848
40.71,-227.13834
40.712,-226.64418
40.714,-224.80556
40.716,-222.54872
40.718,-220.4992
40.72,-219.1394
40.722,-218.26038
40.724,-218.03973
40.726,-217.8896
40.728,-217.13814
40.73,-215.00053
40.732,-211.96
40.734,-208.45844
40.736,-205.1305
40.738,-202.224
40.74,-200.51425
40.742,-199.95056
40.744,-200.12732
40.746,-200.17018
40.748,-200.06393
40.75,-199.56584
40.752,-198.62636
40.754,-197.00945
40.756,-195.32765
40.758,-193.70119
40.76,-192.12222
40.762,-190.15561
40.764,-188.18086
40.766,-186.1696
40.768,-184.11713
40.77,-181.71902
40.772,-179.56049
40.774,-177.81561
40.776,-176.61235
40.778,-175.64342
40.78,-175.27904
40.782,-175.26414
40.784,-175.1114
40.786,-173.86615
40.788,-171.5183
40.79,-167.97896
40.792,-163.60408
40.794,-158.78558
40.796,-155.04639
40.798,-153.34627
40.8,-154.09804
40.802,-156.55516
40.804,-160.2083
40.806,-163.78651
40.808,-166.10567
40.81,-166.03893
40.812,-164.15152
40.814,-161.18512
40.816,-158.10057
40.818,-155.22472
40.82,-153.44365
40.822,-152.80766
40.824,-153.0974
40.826,-153.5955
40.828,-154.75119
40.83,-156.72958
40.832,-159.60153
40.834,-162.66446
40.836,-165.9298
40.838,-168.87529
40.84,-171.10886
40.842,-172.09042
40.844,-172.70146
40.846,-173.57533
40.848,-175.1114
40.85,-176.7153
40.852,-178.40346
40.854,-179.73294
40.856,-180.6149
40.858,-181.06151
40.86,-182.62843
40.862,-186.48685
40.864,-193.12286
40.866,-201.3993
40.868,-210.2424
40.87,-217.89124
40.872,-223.14195
40.874,-225.50183
40.876,-226.73228
40.878,-228.88824
40.88,-233.64864
40.882,-240.95976
40.884,-250.2516
40.886,-259.62787
40.888,-267.16995
40.89,-271.38644
40.892,-273.17316
40.894,-274.1577
40.896,-276.1757
40.898,-279.81924
40.9,-285.38348
40.902,-291.70145
40.904,-297.18906
40.906,-300.22186
40.908,-301.1957
40.91,-301.1863
40.912,-301.69193
40.914,-303.3396
40.916,-306.8214
40.918,-311.50568
40.92,-316.20114
40.922,-319.3038
40.924,-320.86407
40.926,-321.34915
40.928,-321.70465
40.93,-322.3134
40.932,-324.10434
40.934,-326.96045
40.936,-330.21005
40.938,-332.43878
40.94,-333.43866
40.942,-332.9848
40.944,-331.2107
40.946,-327.94208
40.948,-324.1955
40.95,-320.59332
40.952,-317.70212
40.954,-315.42627
40.956,-314.6473
40.958,-315.50027
40.96,-317.70212
40.962,-319.99832
40.964,-322.08856
40.966,-323.27597
40.968,-323.2056
40.97,-321.44473
40.972,-319.2629
40.974,-317.60287
40.976,-317.20178
40.978,-317.70337
40.98,-319.42413
40.982,-321.69968
40.984,-323.70593
40.986,-324.21243
40.988,-323.73575
40.99,-322.68372
40.992,-321.70465
40.994,-320.8044
40.996,-321.02747
40.998,-322.439
41.0,-324.70657
41.002,-326.67773
41.004,-328.53915
41.006,-330.05957
41.008,-331.2107
41.01,-331.54358
41.012,-331.99686
41.014,-332.85306
41.016,-334.21262
41.018,-335.4198
41.02,-336.9536
41.022,-338.6222
41.024,-340.21643
41.026,-341.03476
41.028,-341.74072
41.03,-342.44724
41.032,-343.21835
41.034,-343.49292
41.036,-343.8634
41.038,-344.2925
41.04,-344.7193
41.042,-344.58545
41.044,-344.62555
41.046,-344.99292
41.048,-345.71994
41.05,-346.1264
41.052,-346.68225
41.054,-347.24277
41.056,-347.7212
41.058,-347.6192
41.06,-347.7971
41.062,-348.49722
41.064,-349.72247
41.066,-350.60925
41.068,-351.33588
41.07,-351.4617
41.072,-350.7231
41.074,-348.63818
41.076,-346.28708
41.078,-344.22324
41.08,-342.71802
41.082,-341.0087
41.084,-339.151
41.086,-336.4112
41.088,-332.21133
41.09,-325.92374
41.092,-318.82648
41.094,-312.04102
41.096,-306.6951
41.098,-302.93585
41.1,-301.49323
41.102,-301.77267
41.104,-302.69257
41.106,-302.56982
41.108,-301.41864
41.11,-299.26376
41.112,-296.68875
41.114,-294.02103
41.116,-292.81958
41.118,-293.5917
41.12,-296.18842
41.122,-299.30994
41.124,-302.64206
41.126,-305.2914
41.128,-306.6951
41.13,-306.2673
41.132,-305.14822
41.134,-304.08484
41.136,-303.6932
41.138,-303.74808
41.14,-304.70724
41.142,-306.06787
41.144,-307.19543
41.146,-307.33777
41.148,-306.90625
41.15,-306.07758
41.152,-305.19415
41.154,-304.45905
41.156,-304.4864
41.158,-305.06134
41.16,-305.69446
41.162,-305.75613
41.164,-305.35895
41.166,-304.42865
41.168,-303.19287
41.17,-301.67188
41.172,-301.1371
41.174,-302.02542
41.176,-304.1935
41.178,-305.92178
41.18,-307.23795
41.182,-307.66464
41.184,-307.19543
41.186,-305.34784
41.188,-303.8453
41.19,-303.5557
41.192,-304.69385
41.194,-305.89346
41.196,-306.685
41.198,-305.9669
41.2,-303.19287
41.202,-298.07043
41.204,-292.24316
41.206,-286.736
41.208,-281.6792
41.21,-275.29114
41.212,-265.81442
41.214,-250.56755
41.216,-227.64482
41.218,-196.38533
41.22,-159.3415
41.222,-119.98798
41.224,-82.0522
41.226,-47.764297
41.228,-18.769173
41.23,5.4451876
41.232,26.01655
41.234,43.723675
41.236,56.081966
41.238,58.609535
41.24,45.028645
41.242,9.490788
41.244,-52.753555
41.246,-141.62593
41.248,-251.6601
41.25,-371.91608
41.252,-489.41696
41.254,-590.3142
41.256,-663.42206
41.258,-702.1098
41.26,-706.8838
41.262,-683.1614
41.264,-639.9071
41.266,-586.67957
41.268,-532.86444
41.27,-484.48615
41.272,-444.28262
41.274,-411.81058
41.276,-386.11996
41.278,-365.28256
41.28,-347.7212
41.282,-332.09302
41.284,-318.71335
41.286,-307.60526
41.288,-298.69
41.29,-291.2331
41.292,-285.34003
41.294,-280.59293
41.296,-276.67603
41.298,-273.0638
41.3,-270.29996
41.302,-268.51764
41.304,-267.6703
41.306,-267.13818
41.308,-266.72974
41.31,-266.0089
41.312,-264.66837
41.314,-262.4101
41.316,-259.66986
41.318,-257.061
41.32,-255.16232
41.322,-253.98773
41.324,-253.51753
41.326,-253.39748
41.328,-253.16106
41.33,-252.04402
41.332,-250.42578
41.334,-248.51337
41.336,-246.6569
41.338,-244.56087
41.34,-243.36957
41.342,-242.87433
41.344,-242.65437
41.346,-241.77936
41.348,-241.11346
41.35,-240.60732
41.352,-240.15277
41.354,-239.10515
41.356,-237.99799
41.358,-236.58778
41.36,-234.64928
41.362,-231.72922
41.364,-228.69444
41.366,-226.01247
41.368,-224.1426
41.37,-222.98656
41.372,-223.07573
41.374,-224.0338
41.376,-225.14323
41.378,-225.24142
41.38,-224.25423
41.382,-222.08167
41.384,-219.1394
41.386,-215.9031
41.388,-213.83318
41.39,-213.59312
41.392,-215.13686
41.394,-217.27621
41.396,-219.18956
41.398,-219.57397
41.4,-217.63846
41.402,-213.11952
41.404,-207.49976
41.406,-202.25218
41.408,-198.62636
41.41,-196.76065
41.412,-196.75835
41.414,-197.60336
41.416,-198.12604
41.418,-197.20482
41.42,-195.3413
41.422,-193.20667
41.424,-191.6219
41.426,-190.69897
41.428,-190.85947
41.43,-191.57307
41.432,-192.12222
41.434,-191.62498
41.436,-190.59167
41.438,-189.45293
41.44,-188.62
41.442,-187.71469
41.444,-186.82536
41.446,-185.30885
41.448,-182.61618
41.45,-178.28014
41.452,-173.46136
41.454,-169.35678
41.456,-167.10631
41.458,-166.84636
41.46,-168.8755
41.462,-172.35391
41.464,-176.11203
41.466,-178.68974
41.468,-180.17372
41.47,-180.80156
41.472,-181.11522
41.474,-181.12685
41.476,-181.58444
41.478,-182.48225
41.48,-183.6168
41.482,-184.30869
41.484,-185.15825
41.486,-186.49988
41.488,-188.62
41.49,-191.03366
41.492,-193.9645
41.494,-196.98322
41.496,-199.627
41.498,-201.1331
41.5,-202.16916
41.502,-203.29778
41.504,-205.1305
41.506,-207.54228
41.508,-211.09224
41.51,-215.59209
41.512,-220.64037
41.514,-225.29831
41.516,-229.80186
41.518,-234.10391
41.52,-238.1515
41.522,-241.27641
41.524,-243.79286
41.526,-245.68806
41.528,-247.15723
41.53,-248.1513
41.532,-249.84604
41.534,-252.93332
41.536,-257.6639
41.538,-263.1599
41.54,-269.03842
41.542,-274.40982
41.544,-278.67728
41.546,-281.33563
41.548,-283.5453
41.55,-286.38596
41.552,-290.68494
41.554,-296.04956
41.556,-302.31302
41.558,-308.39444
41.56,-313.19925
41.562,-315.6236
41.564,-316.37183
41.566,-316.37698
41.568,-316.70148
41.57,-317.48615
41.572,-319.26962
41.574,-321.58774
41.576,-323.70593
41.578,-324.51117
41.58,-324.44614
41.582,-323.97675
41.584,-323.70593
41.586,-323.47803
41.588,-323.83444
41.59,-324.53452
41.592,-325.20688
41.594,-325.0928
41.596,-324.8593
41.598,-324.94388
41.6,-325.7072
41.602,-326.61136
41.604,-327.85666
41.606,-328.89813
41.608,-329.20944
41.61,-328.03625
41.612,-326.29364
41.614,-324.76102
41.616,-324.20624
41.618,-324.4475
41.62,-325.9524
41.622,-328.15662
41.624,-330.21005
41.626,-330.75394
41.628,-330.10458
41.63,-328.54376
41.632,-326.70782
41.634,-324.72888
41.636,-323.85107
41.638,-324.3876
41.64,-326.20752
41.642,-328.22626
41.644,-330.61554
41.646,-333.0185
41.648,-335.21326
41.65,-336.4966
41.652,-337.6172
41.654,-338.69748
41.656,-339.71613
41.658,-339.86862
41.66,-339.64908
41.662,-338.9462
41.664,-337.71484
41.666,-335.43777
41.668,-333.1115
41.67,-331.22372
41.672,-330.21005
41.674,-329.72977
41.676,-330.50845
41.678,-332.3411
41.68,-334.71292
41.682,-336.38263
41.684,-337.53278
41.686,-338.0555
41.688,-338.21515
41.69,-337.99487
41.692,-338.7336
41.694,-340.86398
41.696,-344.21896
41.698,-347.43344
41.7,-350.13895
41.702,-351.49875
41.704,-351.22342
41.706,-349.1906
41.708,-347.26376
41.71,-346.82217
41.712,-348.72183
41.714,-352.28836
41.716,-357.1973
41.718,-361.9738
41.72,-365.23236
41.722,-365.69998
41.724,-364.4127
41.726,-362.51617
41.728,-361.2298
41.73,-360.60965
41.732,-361.18936
41.734,-362.1141
41.736,-362.23044
41.738,-360.1164
41.74,-356.43756
41.742,-351.95517
41.744,-347.7212
41.746,-343.9728
41.748,-341.67416
41.75,-340.50616
41.752,-339.71613
41.754,-337.9652
41.756,-335.58096
41.758,-332.70493
41.76,-329.70975
41.762,-326.3836
41.764,-323.70654
41.766,-321.91464
41.768,-321.20435
41.77,-321.2382
41.772,-323.05966
41.774,-326.84912
41.776,-332.21133
41.778,-337.4569
41.78,-341.7862
41.782,-343.80057
41.784,-342.71802
41.786,-338.2361
41.788,-332.43744
41.79,-327.33496
41.792,-324.70657
41.794,-324.95212
41.796,-328.34927
41.798,-333.53796
41.8,-338.71548
41.802,-342.10693
41.804,-343.53342
41.806,-343.0534
41.808,-341.21707
41.81,-338.4626
41.812,-335.76675
41.814,-333.22253
41.816,-330.7104
41.818,-327.84213
41.82,-325.47226
41.822,-324.009
41.824,-323.70593
41.826,-323.58594
41.828,-324.27182
41.83,-325.4516
41.832,-326.70782
41.834,-326.5048
41.836,-325.9212
41.838,-325.57196
41.84,-326.20752
41.842,-327.42734
41.844,-330.26178
41.846,-334.36108
41.848,-338.71548
41.85,-341.21695
41.852,-341.47333
41.854,-339.1323
41.856,-334.71292
41.858,-328.7013
41.86,-322.87946
41.862,-317.38135
41.864,-310.69766
41.866,-299.2765
41.868,-280.49252
41.87,-252.28304
41.872,-215.13686
41.874,-172.0092
41.876,-129.22736
41.878,-92.6516
41.88,-66.042015
41.882,-49.25785
41.884,-40.432274
41.886,-36.107788
41.888,-34.52196
41.89,-37.175106
41.892,-50.84788
41.894,-83.836525
41.896,-143.09103
41.898,-230.21642
41.9,-341.10168
41.902,-464.43613
41.904,-584.8721
41.906,-686.49
41.908,-758.23315
41.91,-794.5811
41.912,-796.5067
41.914,-769.66705
41.916,-723.704
41.918,-668.09607
41.92,-610.8886
41.922,-557.28125
41.924,-511.13007
41.926,-473.50577
41.928,-443.78232
41.93,-419.79745
41.932,-400.1531
41.934,-383.03815
41.936,-367.2336
41.938,-351.8558
41.94,-337.8702
41.942,-325.9774
41.944,-316.70148
41.946,-309.62097
41.948,-304.83344
41.95,-301.49966
41.952,-298.69
41.954,-295.31952
41.956,-291.62872
41.958,-287.81052
41.96,-284.1808
41.962,-280.65182
41.964,-277.57275
41.966,-274.94733
41.968,-272.67346
41.97,-270.30695
41.972,-267.95554
41.974,-265.59946
41.976,-263.16742
41.978,-260.15988
41.98,-256.80035
41.982,-253.18004
41.984,-249.65883
41.986,-246.26274
41.988,-244.61824
41.99,-245.13553
41.992,-247.65755
41.994,-250.75853
41.996,-254.44516
41.998,-257.29828
42.0,-258.16425
42.002,-256.11624
42.004,-252.66539
42.006,-248.85925
42.008,-245.65628
42.01,-243.0542
42.012,-241.64207
42.014,-240.76851
42.016,-239.65245
42.018,-237.44647
42.02,-234.9703
42.022,-232.8391
42.024,-231.64737
42.026,-231.20607
42.028,-231.78217
42.03,-232.68568
42.032,-233.14832
42.034,-232.34537
42.036,-230.92368
42.038,-229.37206
42.04,-228.14514
42.042,-226.9668
42.044,-226.02943
42.046,-224.75444
42.048,-222.64163
42.05,-219.28363
42.052,-215.74722
42.054,-212.9502
42.056,-211.63463
42.058,-211.5682
42.06,-212.6549
42.062,-213.76099
42.064,-213.63591
42.066,-211.10686
42.068,-206.69916
42.07,-201.28252
42.072,-196.12477
42.074,-192.00221
42.076,-190.03723
42.078,-190.15736
42.08,-191.6219
42.082,-192.98927
42.084,-193.84436
42.086,-193.71846
42.088,-192.62254
42.09,-190.5639
42.092,-188.64537
42.094,-187.42189
42.096,-187.11903
42.098,-187.18034
42.1,-187.71654
42.102,-188.31062
42.104,-188.62
42.106,-188.077
42.108,-187.3024
42.11,-186.58572
42.112,-186.11841
42.114,-185.42664
42.116,-184.82172
42.118,-184.09436
42.12,-183.11649
42.122,-181.53316
42.124,-180.24757
42.126,-179.81833
42.128,-180.6149
42.13,-182.1383
42.132,-184.51424
42.134,-187.19006
42.136,-189.62064
42.138,-191.0377
42.14,-192.06218
42.142,-193.13141
42.144,-194.62381
42.146,-196.11272
42.148,-197.86009
42.15,-199.4821
42.152,-200.62762
42.154,-200.73132
42.156,-200.65451
42.158,-201.09053
42.16,-202.6289
42.162,-204.9525
42.164,-208.27051
42.166,-212.03622
42.168,-215.63718
42.17,-218.2329
42.172,-220.43979
42.174,-222.85533
42.176,-226.14386
42.178,-230.19151
42.18,-235.4125
42.182,-241.33163
42.184,-247.15723
42.186,-251.59755
42.188,-254.72966
42.19,-256.7252
42.192,-258.16425
42.194,-259.29727
42.196,-261.3001
42.198,-264.6091
42.2,-269.17123
42.202,-273.97998
42.204,-278.83685
42.206,-283.18405
42.208,-286.68237
42.21,-288.79218
42.212,-290.3072
42.214,-291.78143
42.216,-293.68683
42.218,-295.72995
42.22,-298.3689
42.222,-301.4449
42.224,-304.69385
42.226,-307.35052
42.228,-309.80963
42.23,-312.10907
42.232,-314.1999
42.234,-315.3307
42.236,-315.67453
42.238,-314.98703
42.24,-313.19925
42.242,-310.04156
42.244,-306.70142
42.246,-304.1421
42.248,-303.19287
42.25,-303.7027
42.252,-306.05484
42.254,-309.67654
42.256,-313.69955
42.258,-316.73514
42.26,-318.81366
42.262,-319.89197
42.264,-320.2037
42.266,-319.54153
42.268,-318.84647
42.27,-318.48367
42.272,-318.70276
42.274,-319.1088
42.276,-320.38104
42.278,-322.51413
42.28,-325.20688
42.282,-327.31152
42.284,-328.7615
42.286,-329.0977
42.288,-328.2088
42.29,-325.88748
42.292,-323.54556
42.294,-322.12073
42.296,-322.205
42.298,-323.20578
42.3,-325.1868
42.302,-327.29794
42.304,-328.7091
42.306,-328.41196
42.308,-327.28247
42.31,-326.09372
42.312,-325.7072
42.314,-326.08212
42.316,-327.9267
42.318,-330.76447
42.32,-333.71228
42.322,-335.2889
42.324,-335.61838
42.326,-334.75946
42.328,-333.21198
42.33,-331.14218
42.332,-329.86978
42.334,-329.77774
42.336,-330.7104
42.338,-331.5112
42.34,-332.0782
42.342,-331.86972
42.344,-330.7104
42.346,-328.33972
42.348,-326.09225
42.35,-324.74146
42.352,-324.70657
42.354,-325.30463
42.356,-326.62766
42.358,-327.96133
42.36,-328.7091
42.362,-328.11978
42.364,-327.23093
42.366,-326.74338
42.368,-327.20816
42.37,-328.14713
42.372,-329.8632
42.374,-331.74402
42.376,-333.21198
42.378,-333.51883
42.38,-333.65173
42.382,-334.2458
42.384,-335.71356
42.386,-337.3286
42.388,-339.02917
42.39,-339.79468
42.392,-338.71548
42.394,-334.91
42.396,-329.5862
42.398,-323.9379
42.4,-319.20306
42.402,-315.56415
42.404,-313.73538
42.406,-313.10614
42.408,-312.6989
42.41,-311.11597
42.412,-308.77533
42.414,-306.06754
42.416,-303.6932
42.418,-301.7507
42.42,-301.23196
42.422,-302.0429
42.424,-303.6932
42.426,-305.04694
42.428,-306.42786
42.43,-307.88666
42.432,-309.69702
42.434,-311.61145
42.436,-314.3958
42.438,-317.8188
42.44,-321.20435
42.442,-323.10034
42.444,-323.37054
42.446,-321.6713
42.448,-318.20242
42.45,-313.24265
42.452,-308.54547
42.454,-305.27625
42.456,-304.1935
42.458,-305.13068
42.46,-308.0336
42.462,-311.80447
42.464,-315.20053
42.466,-317.16925
42.468,-317.80194
42.47,-317.29068
42.472,-316.20114
42.474,-315.16284
42.476,-314.97403
42.478,-315.5082
42.48,-316.20114
42.482,-315.97223
42.484,-314.9876
42.486,-313.18585
42.488,-310.69766
42.49,-306.75827
42.492,-302.67288
42.494,-299.10797
42.496,-296.68875
42.498,-294.88626
42.5,-294.73026
42.502,-296.07166
42.504,-298.1897
42.506,-299.25815
42.508,-298.96185
42.51,-296.94052
42.512,-293.68683
42.514,-289.8422
42.516,-287.41513
42.518,-287.01968
42.52,-287.683
42.522,-286.21222
42.524,-279.61456
42.526,-264.62534
42.528,-239.65245
42.53,-205.14633
42.532,-165.04433
42.534,-123.87116
42.536,-85.55443
42.538,-51.513157
42.54,-21.729725
42.542,6.147921
42.544,34.52196
42.546,64.20962
42.548,91.34896
42.55,108.90826
42.552,107.56843
42.554,78.82475
42.556,16.465895
42.558,-79.25341
42.56,-201.12794
42.562,-335.44748
42.564,-466.27762
42.566,-577.3991
42.568,-656.4176
42.57,-696.78894
42.572,-700.1287
42.574,-673.3898
42.576,-626.8988
42.578,-570.99646
42.58,-515.172
42.582,-465.13684
42.584,-423.26926
42.586,-389.0412
42.588,-361.78693
42.59,-340.07596
42.592,-322.7053
42.594,-308.28455
42.596,-296.5875
42.598,-286.81824
42.6,-278.17697
42.602,-269.65128
42.604,-261.7392
42.606,-254.8719
42.608,-249.65883
42.61,-246.11545
42.612,-244.74988
42.614,-245.06789
42.616,-246.1566
42.618,-246.71045
42.62,-246.40703
42.622,-245.23691
42.624,-243.655
42.626,-242.0874
42.628,-241.31383
42.63,-241.81438
42.632,-243.655
42.634,-246.25327
42.636,-248.99115
42.638,-251.27792
42.64,-252.66074
42.642,-252.5311
42.644,-251.3792
42.646,-249.58081
42.648,-247.65755
42.65,-245.4941
42.652,-244.39818
42.654,-244.26619
42.656,-244.65564
42.658,-244.48174
42.66,-244.36792
42.662,-244.11308
42.664,-243.655
42.666,-242.64842
42.668,-242.0163
42.67,-241.88835
42.672,-242.15405
42.674,-242.11224
42.676,-241.99452
42.678,-241.54396
42.68,-240.65309
42.682,-239.07114
42.684,-237.61119
42.686,-236.60043
42.688,-236.15022
42.69,-235.73253
42.692,-235.36871
42.694,-234.50705
42.696,-232.648
42.698,-229.22954
42.7,-224.92365
42.702,-220.31895
42.704,-216.1375
42.706,-212.64975
42.708,-210.66434
42.71,-210.14116
42.712,-210.634
42.714,-211.10396
42.716,-211.3992
42.718,-211.12442
42.72,-210.13368
42.722,-208.13951
42.724,-205.88814
42.726,-203.66917
42.728,-201.62827
42.73,-199.3671
42.732,-197.26294
42.734,-195.21004
42.736,-193.12286
42.738,-190.62633
42.74,-188.3719
42.742,-186.63348
42.744,-185.61809
42.746,-184.9597
42.748,-185.00381
42.75,-185.40569
42.752,-185.61809
42.754,-184.62311
42.756,-182.55476
42.758,-179.42732
42.76,-175.61171
42.762,-171.3067
42.764,-167.81952
42.766,-165.83258
42.768,-165.60535
42.77,-166.4294
42.772,-168.2621
42.774,-170.48537
42.776,-172.6098
42.778,-173.98267
42.78,-175.3721
42.782,-177.28546
42.784,-180.11458
42.786,-183.39323
42.788,-187.29826
42.79,-191.26192
42.792,-194.62381
42.794,-196.39828
42.796,-197.02992
42.798,-196.91321
42.8,-196.62509
42.802,-196.17123
42.804,-196.39864
42.806,-197.42958
42.808,-199.12668
42.81,-200.73141
42.812,-202.60449
42.814,-204.84055
42.816,-207.63208
42.818,-210.64268
42.82,-214.49742
42.822,-219.2291
42.824,-224.64291
42.826,-229.85182
42.828,-234.99995
42.83,-239.93642
42.832,-244.65564
42.834,-248.76176
42.836,-252.94284
42.838,-257.41165
42.84,-262.16678
42.842,-266.46136
42.844,-270.46014
42.846,-274.01483
42.848,-277.17633
42.85,-279.7288
42.852,-282.6261
42.854,-286.3883
42.856,-291.18524
42.858,-296.18585
42.86,-301.1475
42.862,-305.32822
42.864,-308.19608
42.866,-309.1944
42.868,-309.29144
42.87,-309.37064
42.872,-310.19733
42.874,-311.54572
42.876,-313.65646
42.878,-315.93652
42.88,-317.70212
42.882,-318.05267
42.884,-317.6565
42.886,-317.24765
42.888,-317.70212
42.89,-319.11826
42.892,-322.1135
42.894,-326.27417
42.896,-330.7104
42.898,-333.8613
42.9,-335.47183
42.902,-335.32983
42.904,-333.71228
42.906,-330.71912
42.908,-327.68314
42.91,-325.3664
42.912,-324.20624
42.914,-323.7034
42.916,-324.2359
42.918,-325.5235
42.92,-327.20816
42.922,-328.3621
42.924,-329.30246
42.926,-329.8349
42.928,-329.70975
42.93,-328.07043
42.932,-325.42365
42.934,-321.97214
42.936,-318.20242
42.938,-314.23947
42.94,-311.604
42.942,-311.03033
42.944,-312.6989
42.946,-315.47012
42.948,-318.98734
42.95,-322.06662
42.952,-323.70593
42.954,-322.86157
42.956,-320.59454
42.958,-317.96927
42.96,-316.20114
42.962,-315.55176
42.964,-316.97504
42.966,-320.04224
42.968,-323.70593
42.97,-326.0914
42.972,-326.99182
42.974,-326.21017
42.976,-324.20624
42.978,-321.29434
42.98,-319.30276
42.982,-319.16455
42.984,-321.20435
42.986,-324.44373
42.988,-328.74988
42.99,-333.13864
42.992,-336.7142
42.994,-338.36884
42.996,-338.84155
42.998,-338.70697
43.0,-338.71548
43.002,-338.93622
43.004,-340.45355
43.006,-343.3307
43.008,-347.2209
43.01,-350.94424
43.012,-354.6367
43.014,-357.9582
43.016,-360.7295
43.018,-362.3004
43.02,-363.43646
43.022,-364.25574
43.024,-364.73203
43.026,-364.11435
43.028,-363.02237
43.03,-361.61832
43.032,-360.22916
43.034,-358.68713
43.036,-358.18414
43.038,-359.0671
43.04,-361.2298
43.042,-363.45023
43.044,-365.58105
43.046,-366.8486
43.048,-366.7333
43.05,-364.5546
43.052,-361.47687
43.054,-358.3054
43.056,-355.7263
43.058,-353.40588
43.06,-351.88223
43.062,-350.69308
43.064,-349.22217
43.066,-346.4012
43.068,-342.89545
43.07,-339.1375
43.072,-335.71356
43.074,-332.50388
43.076,-330.4759
43.078,-329.6334
43.08,-329.70975
43.082,-329.7733
43.084,-330.41028
43.086,-331.79776
43.088,-334.21262
43.09,-337.2599
43.092,-341.60394
43.094,-346.85913
43.096,-352.22406
43.098,-356.20398
43.1,-358.6493
43.102,-359.23117
43.104,-358.2279
43.106,-356.21912
43.108,-354.8754
43.11,-355.10602
43.112,-357.22726
43.114,-360.71503
43.116,-364.98035
43.118,-368.58777
43.12,-370.23553
43.122,-369.14334
43.124,-365.97345
43.126,-361.5974
43.128,-357.22726
43.13,-353.37527
43.132,-351.6776
43.134,-352.3573
43.136,-354.72568
43.138,-356.25348
43.14,-356.61362
43.142,-355.19073
43.144,-352.22406
43.146,-347.6903
43.148,-344.00043
43.15,-342.42953
43.152,-343.21835
43.154,-344.58444
43.156,-345.61835
43.158,-344.8441
43.16,-341.71738
43.162,-336.279
43.164,-330.72327
43.166,-326.19513
43.168,-322.205
43.17,-315.58093
43.172,-303.04953
43.174,-280.94357
43.176,-247.65755
43.178,-204.23885
43.18,-155.92334
43.182,-108.49485
43.184,-66.54233
43.186,-31.188238
43.188,-1.7153629
43.19,24.76198
43.192,50.03183
43.194,72.85337
43.196,86.278984
43.198,80.8336
43.2,47.02992
43.202,-20.409588
43.204,-121.534836
43.206,-248.41667
43.208,-387.24634
43.21,-521.0629
43.212,-635.28094
43.214,-718.94684
43.216,-766.9879
43.218,-779.7347
43.22,-763.35565
43.222,-726.0134
43.224,-676.4303
43.226,-621.8292
43.228,-568.7338
43.23,-520.8402
43.232,-479.80524
43.234,-445.28668
43.236,-417.19458
43.238,-394.41882
43.24,-375.73904
43.242,-359.56155
43.244,-345.63055
43.246,-333.31442
43.248,-322.205
43.25,-311.70956
43.252,-302.60382
43.254,-295.20407
43.256,-289.6843
43.258,-285.49738
43.26,-282.6948
43.262,-280.63803
43.264,-278.67728
43.266,-276.12354
43.268,-273.33734
43.27,-270.83945
43.272,-269.17123
43.274,-268.31415
43.276,-268.1276
43.278,-268.10794
43.28,-267.6703
43.282,-266.21216
43.284,-263.89978
43.286,-261.30807
43.288,-259.16486
43.29,-257.51788
43.292,-257.08954
43.294,-257.50793
43.296,-258.16425
43.298,-257.86972
43.3,-257.49176
43.302,-256.8272
43.304,-255.66264
43.306,-253.22356
43.308,-250.4353
43.31,-247.22252
43.312,-243.655
43.314,-239.63948
43.316,-236.60231
43.318,-235.08803
43.32,-235.1496
43.322,-235.81502
43.324,-236.74661
43.326,-236.90872
43.328,-235.64992
43.33,-232.6855
43.332,-229.42296
43.334,-226.99251
43.336,-226.14386
43.338,-226.44743
43.34,-227.51726
43.342,-227.98877
43.344,-226.64418
43.346,-222.6665
43.348,-217.13486
43.35,-211.34547
43.352,-206.63145
43.354,-203.37746
43.356,-201.97292
43.358,-201.58775
43.36,-201.12794
43.362,-199.46916
43.364,-197.11609
43.366,-194.72795
43.368,-193.12286
43.37,-192.3799
43.372,-192.83557
43.374,-193.74953
43.376,-194.12349
43.378,-192.82071
43.38,-190.27234
43.382,-187.07591
43.384,-184.11713
43.386,-181.72018
43.388,-180.70677
43.39,-180.87503
43.392,-181.61554
43.394,-181.81697
43.396,-181.5572
43.398,-180.77718
43.4,-179.61426
43.402,-177.78897
43.404,-175.94836
43.406,-174.20084
43.408,-172.6098
43.41,-170.81677
43.412,-169.60493
43.414,-169.3143
43.416,-170.10822
43.418,-171.37292
43.42,-173.24959
43.422,-175.2958
43.424,-177.11267
43.426,-178.04689
43.428,-178.80214
43.43,-179.84775
43.432,-181.61554
43.434,-183.79922
43.436,-186.77399
43.438,-190.20763
43.44,-193.62317
43.442,-196.12589
43.444,-198.09642
43.446,-199.79308
43.448,-201.62827
43.45,-203.50085
43.452,-206.13133
43.454,-209.57991
43.456,-213.63591
43.458,-217.43877
43.46,-221.11897
43.462,-224.5236
43.464,-227.64482
43.466,-230.13277
43.468,-232.72238
43.47,-235.79507
43.472,-239.65245
43.474,-243.96283
43.476,-249.18517
43.478,-255.19737
43.48,-261.66647
43.482,-267.62732
43.484,-273.05457
43.486,-277.62885
43.488,-281.17886
43.49,-283.24722
43.492,-284.50482
43.494,-285.358
43.496,-286.18207
43.498,-286.75397
43.5,-287.65762
43.502,-288.9789
43.504,-290.68494
43.506,-292.18494
43.508,-293.85632
43.51,-295.70297
43.512,-297.6894
43.514,-299.21973
43.516,-300.63147
43.518,-301.8323
43.52,-302.69257
43.522,-302.60126
43.524,-302.02664
43.526,-301.14307
43.528,-300.19098
43.53,-298.93045
43.532,-298.08682
43.534,-297.84595
43.536,-298.1897
43.538,-298.40283
43.54,-298.7337
43.542,-299.02072
43.544,-299.19034
43.546,-298.7814
43.548,-298.50528
43.55,-298.61166
43.552,-299.19034
43.554,-299.58707
43.556,-300.0656
43.558,-300.34552
43.56,-300.19098
43.562,-299.00928
43.564,-297.57733
43.566,-296.33002
43.568,-295.6881
43.57,-295.3633
43.572,-296.02966
43.574,-297.5774
43.576,-299.69064
43.578,-301.42224
43.58,-303.1199
43.582,-304.7113
43.584,-306.1948
43.586,-307.014
43.588,-307.77368
43.59,-308.4056
43.592,-308.69638
43.594,-307.80856
43.596,-306.2757
43.598,-304.27664
43.6,-302.19223
43.602,-299.94443
43.604,-298.74088
43.606,-298.99216
43.608,-300.69128
43.61,-302.79178
43.612,-305.25244
43.614,-307.39417
43.616,-308.69638
43.618,-308.39032
43.62,-307.39648
43.622,-306.31192
43.624,-305.69446
43.626,-305.249
43.628,-305.57755
43.63,-306.38336
43.632,-307.19543
43.634,-307.05484
43.636,-306.56293
43.638,-306.09326
43.64,-306.1948
43.642,-306.7954
43.644,-308.80127
43.646,-312.12085
43.648,-316.20114
43.65,-319.6328
43.652,-322.2657
43.654,-323.6464
43.656,-323.70593
43.658,-322.19833
43.66,-320.48184
43.662,-319.42798
43.664,-319.70337
43.666,-320.97833
43.668,-323.8071
43.67,-327.77496
43.672,-332.21133
43.674,-335.81232
43.676,-338.78198
43.678,-341.03165
43.68,-342.71802
43.682,-343.53384
43.684,-344.4643
43.686,-345.72757
43.688,-347.2209
43.69,-347.9573
43.692,-348.12827
43.694,-347.41983
43.696,-345.71994
43.698,-342.59387
43.7,-339.17252
43.702,-336.06784
43.704,-333.71228
43.706,-331.62817
43.708,-330.30676
43.71,-329.45016
43.712,-328.7091
43.714,-327.27692
43.716,-325.90567
43.718,-324.94156
43.72,-324.70657
43.722,-324.74927
43.724,-325.6926
43.726,-327.4093
43.728,-329.70975
43.73,-331.88766
43.732,-334.65903
43.734,-338.13907
43.736,-342.2177
43.738,-345.88315
43.74,-349.1454
43.742,-351.38498
43.744,-352.22406
43.746,-351.28455
43.748,-349.733
43.75,-348.35428
43.752,-347.7212
43.754,-347.6544
43.756,-348.25494
43.758,-348.8112
43.76,-348.72183
43.762,-347.65933
43.764,-346.57898
43.766,-346.138
43.768,-346.72058
43.77,-347.85678
43.772,-349.26712
43.774,-349.84106
43.776,-348.72183
43.778,-345.08853
43.78,-340.84924
43.782,-337.76416
43.784,-337.2145
43.786,-338.25916
43.788,-341.03607
43.79,-344.14038
43.792,-346.22025
43.794,-345.6838
43.796,-343.90097
43.798,-342.0905
43.8,-341.21707
43.802,-340.57394
43.804,-340.08893
43.806,-338.68076
43.808,-335.71356
43.81,-330.83096
43.812,-325.72852
43.814,-321.11536
43.816,-316.20114
43.818,-307.70123
43.82,-292.54355
43.822,-267.6844
43.824,-232.648
43.826,-189.97498
43.828,-146.46794
43.83,-108.95599
43.832,-82.0522
43.834,-65.639694
43.836,-56.75795
43.838,-49.891308
43.84,-41.0261
43.842,-30.2181
43.844,-24.480705
43.846,-34.322067
43.848,-70.544876
43.85,-139.27481
43.852,-240.4491
43.854,-365.09024
43.856,-497.81668
43.858,-620.26324
43.86,-717.3456
43.862,-778.92096
43.864,-802.0102
43.866,-789.8543
43.868,-751.69354
43.87,-698.18726
43.872,-639.40674
43.874,-582.51855
43.876,-532.7656
43.878,-491.74683
43.88,-458.79187
43.882,-431.54526
43.884,-408.70142
43.886,-388.8406
43.888,-371.23618
43.89,-355.25146
43.892,-341.76715
43.894,-331.06674
43.896,-323.2056
43.898,-317.47217
43.9,-314.0845
43.902,-312.45053
43.904,-311.6983
43.906,-310.30322
43.908,-307.74692
43.91,-303.38644
43.912,-297.18906
43.914,-289.53317
43.916,-282.136
43.918,-276.6449
43.92,-274.1744
43.922,-274.4614
43.924,-276.74448
43.926,-279.4729
43.928,-281.17886
43.93,-280.7941
43.932,-278.91684
43.934,-276.75784
43.936,-275.67538
43.938,-275.88492
43.94,-278.0085
43.942,-280.93732
43.944,-283.18015
43.946,-282.8919
43.948,-280.97363
43.95,-277.8106
43.952,-274.1744
43.954,-270.29092
43.956,-267.72174
43.958,-266.4907
43.96,-266.1693
43.962,-265.76318
43.964,-265.7434
43.966,-266.04828
43.968,-266.66965
43.97,-267.08597
43.972,-267.71848
43.974,-268.20975
43.976,-268.1706
43.978,-267.00183
43.98,-265.39624
43.982,-263.68762
43.984,-262.16678
43.986,-260.51315
43.988,-259.1226
43.99,-257.6414
43.992,-255.66264
43.994,-252.57431
43.996,-249.02579
43.998,-245.40588
44.0,-242.15405
44.002,-239.19261
44.004,-237.12044
44.006,-235.75058
44.008,-234.64928
44.01,-232.92384
44.012,-230.80664
44.014,-228.29979
44.016,-225.64354
44.018,-222.79082
44.02,-220.64659
44.022,-219.35457
44.024,-218.63908
44.026,-217.44067
44.028,-215.60257
44.03,-212.66911
44.032,-208.63272
44.034,-203.60193
44.036,-199.05167
44.038,-195.91843
44.04,-194.62381
44.042,-194.4175
44.044,-194.92752
44.046,-195.08693
44.048,-194.12349
44.05,-191.51784
44.052,-188.51892
44.054,-186.25815
44.056,-185.61809
44.058,-186.2803
44.06,-188.15865
44.062,-190.13673
44.064,-191.12158
44.066,-190.13243
44.068,-188.13261
44.07,-186.23607
44.072,-185.61809
44.074,-186.44147
44.076,-189.1623
44.078,-193.05632
44.08,-197.1254
44.082,-200.12595
44.084,-202.54718
44.086,-204.97266
44.088,-208.1324
44.09,-211.8877
44.092,-216.58826
44.094,-221.51204
44.096,-225.64354
44.098,-227.6218
44.1,-227.776
44.102,-226.63916
44.104,-225.14323
44.106,-223.68231
44.108,-223.41096
44.11,-224.50668
44.112,-226.64418
44.114,-228.7019
44.116,-230.69681
44.118,-232.47105
44.12,-234.14896
44.122,-235.5276
44.124,-237.51836
44.126,-240.51436
44.128,-244.65564
44.13,-249.28651
44.132,-254.53177
44.134,-259.97647
44.136,-265.1687
44.138,-269.23975
44.14,-272.53864
44.142,-275.24402
44.144,-277.67664
44.146,-279.69962
44.148,-282.1281
44.15,-285.25357
44.152,-289.18396
44.154,-293.3647
44.156,-298.09015
44.158,-303.14777
44.16,-308.19608
44.162,-312.32785
44.164,-315.66223
44.166,-318.0806
44.168,-319.70337
44.17,-320.4002
44.172,-321.1948
44.174,-322.5853
44.176,-324.70657
44.178,-326.74265
44.18,-328.62665
44.182,-329.85007
44.184,-330.21005
44.186,-329.47473
44.188,-328.8344
44.19,-329.00842
44.192,-330.21005
44.194,-331.39035
44.196,-332.00092
44.198,-330.96133
44.2,-327.70847
44.202,-322.09668
44.204,-316.0067
44.206,-311.24634
44.208,-309.1967
44.21,-309.61844
44.212,-312.1973
44.214,-315.29996
44.216,-317.20178
44.218,-316.30444
44.22,-313.2996
44.222,-309.29575
44.224,-305.69446
44.226,-302.91693
44.228,-301.76584
44.23,-301.68378
44.232,-301.69193
44.234,-300.41333
44.236,-298.35724
44.238,-296.14517
44.24,-294.68747
44.242,-294.06393
44.244,-295.09042
44.246,-297.29083
44.248,-299.69064
44.25,-300.65088
44.252,-300.3307
44.254,-298.93112
44.256,-297.18906
44.258,-295.44153
44.26,-295.214
44.262,-296.8966
44.264,-300.19098
44.266,-303.63278
44.268,-306.93216
44.27,-309.37354
44.272,-310.69766
44.274,-310.59775
44.276,-310.52737
44.278,-311.3844
44.28,-313.69955
44.282,-316.8061
44.284,-320.76544
44.286,-324.68942
44.288,-327.70847
44.29,-328.7753
44.292,-328.68103
44.294,-328.0806
44.296,-327.70847
44.298,-327.46582
44.3,-328.0866
44.302,-329.31448
44.304,-330.7104
44.306,-331.41626
44.308,-332.20532
44.31,-333.61108
44.312,-336.2139
44.314,-339.7531
44.316,-344.7287
44.318,-350.54297
44.32,-356.22662
44.322,-360.2205
44.324,-362.52417
44.326,-363.0722
44.328,-362.23044
44.33,-360.05438
44.332,-357.85928
44.334,-356.18863
44.336,-355.22598
44.338,-354.24048
44.34,-353.54883
44.342,-352.81985
44.344,-351.72375
44.346,-349.4529
44.348,-346.6265
44.35,-343.4531
44.352,-340.21643
44.354,-336.63132
44.356,-333.6122
44.358,-331.3286
44.36,-329.70975
44.362,-327.9241
44.364,-326.33353
44.366,-324.77353
44.368,-323.2056
44.37,-321.18567
44.372,-319.67212
44.374,-318.98096
44.376,-319.20306
44.378,-319.5854
44.38,-320.4391
44.382,-321.4068
44.384,-322.205
44.386,-322.2319
44.388,-322.2765
44.39,-322.57782
44.392,-323.2056
44.394,-323.59378
44.396,-323.90353
44.398,-323.68912
44.4,-322.7053
44.402,-320.9215
44.404,-319.41696
44.406,-318.86328
44.408,-319.70337
44.41,-321.7744
44.412,-325.03494
44.414,-328.52316
44.416,-331.2107
44.418,-332.06863
44.42,-331.68234
44.422,-330.5337
44.424,-329.20944
44.426,-327.16675
44.428,-325.54248
44.43,-324.43893
44.432,-323.70593
44.434,-321.9827
44.436,-320.14035
44.438,-318.43646
44.44,-317.20178
44.442,-315.851
44.444,-315.3121
44.446,-315.54745
44.448,-316.20114
44.45,-316.03973
44.452,-315.1664
44.454,-313.15482
44.456,-309.69702
44.458,-303.96014
44.46,-296.2064
44.462,-285.69348
44.464,-271.17252
44.466,-250.65575
44.468,-223.77347
44.47,-190.68947
44.472,-153.0974
44.474,-113.58045
44.476,-76.491066
44.478,-44.9734
44.48,-20.51305
44.482,-2.2841318
44.484,10.302016
44.486,17.684767
44.488,18.011457
44.49,7.000003
44.492,-22.718222
44.494,-77.38845
44.496,-159.60153
44.498,-265.48868
44.5,-385.92447
44.502,-506.5608
44.504,-611.8893
44.506,-688.73224
44.508,-730.8864
44.51,-738.3819
44.512,-716.9561
44.514,-675.1117
44.516,-622.975
44.518,-568.4528
44.52,-516.8288
44.522,-470.43713
44.524,-430.98242
44.526,-398.57962
44.528,-372.73712
44.53,-352.06693
44.532,-336.0082
44.534,-323.28064
44.536,-312.6989
44.538,-303.01404
44.54,-294.58414
44.542,-287.5806
44.544,-282.1795
44.546,-277.8459
44.548,-274.66437
44.55,-271.98242
44.552,-269.17123
44.554,-265.58423
44.556,-261.8066
44.558,-258.45682
44.56,-256.16296
44.562,-254.95813
44.564,-254.94633
44.566,-255.72171
44.568,-256.66327
44.57,-256.9209
44.572,-256.3279
44.574,-255.06854
44.576,-253.66136
44.578,-252.37431
44.58,-252.03265
44.582,-252.7541
44.584,-254.16168
44.586,-254.91228
44.588,-255.08519
44.59,-254.02856
44.592,-251.6601
44.594,-248.04793
44.596,-245.46463
44.598,-244.91719
44.6,-246.6569
44.602,-249.51646
44.604,-252.93164
44.606,-255.24393
44.608,-255.16232
44.61,-251.93736
44.612,-246.94908
44.614,-241.58977
44.616,-237.15086
44.618,-233.87935
44.62,-232.06137
44.622,-230.80817
44.624,-229.14577
44.626,-226.27226
44.628,-223.09772
44.63,-220.59178
44.632,-219.63972
44.634,-220.09947
44.636,-221.80412
44.638,-223.44557
44.64,-223.64227
44.642,-221.2812
44.644,-217.11475
44.646,-212.27939
44.648,-208.1324
44.65,-205.21384
44.652,-204.07036
44.654,-203.94186
44.656,-203.62955
44.658,-201.74573
44.66,-198.44156
44.662,-194.13004
44.664,-189.62064
44.666,-185.3145
44.668,-182.15277
44.67,-180.17693
44.672,-179.11395
44.674,-178.26431
44.676,-177.95128
44.678,-178.12622
44.68,-178.61363
44.682,-178.5752
44.684,-177.91968
44.686,-176.14888
44.688,-173.11012
44.69,-168.80637
44.692,-164.76076
44.694,-162.22374
44.696,-162.10312
44.698,-164.12239
44.7,-168.13164
44.702,-172.91864
44.704,-177.11267
44.706,-179.26703
44.708,-179.64243
44.71,-178.78096
44.712,-177.61299
44.714,-176.55963
44.716,-176.66066
44.718,-177.98311
44.72,-180.11458
44.722,-181.94891
44.724,-183.54625
44.726,-184.85208
44.728,-186.11841
44.73,-187.25389
44.732,-189.07893
44.734,-191.66232
44.736,-194.62381
44.738,-196.7691
44.74,-197.90428
44.742,-197.76149
44.744,-196.62509
44.746,-194.86371
44.748,-194.13307
44.75,-195.556
44.752,-199.627
44.754,-205.49513
44.756,-212.50287
44.758,-219.27692
44.76,-224.64291
44.762,-227.62326
44.764,-229.043
44.766,-229.9858
44.768,-231.64737
44.77,-234.33003
44.772,-238.56313
44.774,-243.81238
44.776,-249.15851
44.778,-253.30489
44.78,-256.37225
44.782,-258.73715
44.784,-261.16614
44.786,-263.95938
44.788,-268.00992
44.79,-273.2776
44.792,-279.1776
44.794,-284.36618
44.796,-288.51123
44.798,-291.25745
44.8,-292.6862
44.802,-292.75772
44.804,-292.57852
44.806,-292.78534
44.808,-293.68683
44.81,-294.69058
44.812,-295.8808
44.814,-296.83054
44.816,-297.18906
44.818,-296.3351
44.82,-294.98
44.822,-293.6149
44.824,-292.6862
44.826,-291.89423
44.828,-291.6831
44.83,-291.867
44.832,-292.18588
44.834,-291.971
44.836,-291.7981
44.838,-291.96198
44.84,-292.6862
44.842,-293.43597
44.844,-294.48575
44.846,-295.50497
44.848,-296.18842
44.85,-295.9169
44.852,-295.4289
44.854,-295.1119
44.856,-295.18777
44.858,-295.00168
44.86,-294.73758
44.862,-294.01944
44.864,-292.6862
44.866,-290.47562
44.868,-288.6957
44.87,-288.2522
44.872,-289.6843
44.874,-292.29596
44.876,-295.92545
44.878,-299.5289
44.88,-302.19223
44.882,-303.0012
44.884,-303.0344
44.886,-303.28928
44.888,-304.69385
44.89,-307.0447
44.892,-310.62106
44.894,-314.53345
44.896,-317.70212
44.898,-318.80704
44.9,-318.4531
44.902,-317.29416
44.904,-316.20114
44.906,-315.24805
44.908,-315.20844
44.91,-315.74625
44.912,-316.20114
44.914,-315.44382
44.916,-313.96375
44.918,-312.16638
44.92,-310.69766
44.922,-309.60483
44.924,-309.7807
44.926,-311.13455
44.928,-313.19925
44.93,-314.85803
44.932,-316.21567
44.934,-317.02527
44.936,-317.20178
44.938,-316.25616
44.94,-315.01367
44.942,-313.85052
44.944,-313.19925
44.946,-312.97443
44.948,-314.1824
44.95,-317.01166
44.952,-321.20435
44.954,-325.53632
44.956,-329.67383
44.958,-332.75653
44.96,-334.21262
44.962,-333.4363
44.964,-331.57687
44.966,-329.548
44.968,-328.2088
44.97,-327.4987
44.972,-328.00208
44.974,-329.19516
44.976,-330.21005
44.978,-329.67102
44.98,-327.79572
44.982,-324.7651
44.984,-321.20435
44.986,-317.37717
44.988,-314.5941
44.99,-313.0448
44.992,-312.1986
44.994,-310.4325
44.996,-307.23615
44.998,-301.93887
45.0,-294.68747
45.002,-286.05463
45.004,-278.53436
45.006,-274.1335
45.008,-274.1744
45.01,-278.22116
45.012,-285.7131
45.014,-294.5198
45.016,-302.19223
45.018,-306.2325
45.02,-306.49225
45.022,-303.4956
45.024,-298.69
45.026,-293.34753
45.028,-289.6751
45.03,-288.60248
45.032,-290.1846
45.034,-293.33292
45.036,-297.55508
45.038,-301.68835
45.04,-304.69385
45.042,-305.61307
45.044,-304.66437
45.046,-301.99802
45.048,-298.1897
45.05,-293.996
45.052,-290.93698
45.054,-289.77765
45.056,-290.68494
45.058,-292.89536
45.06,-295.9403
45.062,-298.67258
45.064,-300.19098
45.066,-299.4792
45.068,-297.88455
45.07,-296.50424
45.072,-296.18842
45.074,-296.02368
45.076,-296.39536
45.078,-296.61703
45.08,-296.18842
45.082,-294.35385
45.084,-292.70996
45.086,-292.42572
45.088,-294.18716
45.09,-297.06265
45.092,-300.5197
45.094,-303.09824
45.096,-303.6932
45.098,-301.47177
45.1,-297.5116
45.102,-292.25647
45.104,-285.18143
45.106,-273.94077
45.108,-256.57053
45.11,-231.12125
45.112,-197.62572
45.114,-158.35931
45.116,-118.83763
45.118,-84.3995
45.12,-58.53724
45.122,-41.052303
45.124,-29.915169
45.126,-21.534018
45.128,-14.008912
45.13,-8.839666
45.132,-12.796659
45.134,-34.41391
45.136,-81.05156
45.138,-154.94054
45.14,-252.65611
45.142,-363.84692
45.144,-474.30173
45.146,-569.31354
45.148,-638.74615
45.15,-677.5483
45.152,-686.4367
45.154,-670.06494
45.156,-636.31104
45.158,-592.6591
45.16,-545.3469
45.162,-498.44827
45.164,-455.44745
45.166,-418.0036
45.168,-386.74603
45.17,-361.07034
45.172,-340.78088
45.174,-324.75116
45.176,-311.6983
45.178,-300.07013
45.18,-289.7579
45.182,-280.577
45.184,-272.67346
45.186,-265.92004
45.188,-261.12866
45.19,-258.33322
45.192,-257.1636
45.194,-256.52832
45.196,-255.99814
45.198,-254.84874
45.2,-252.66074
45.202,-249.20511
45.204,-245.29022
45.206,-241.83589
45.208,-239.65245
45.21,-238.81311
45.212,-239.21388
45.214,-240.13733
45.216,-240.65309
45.218,-239.70068
45.22,-237.25064
45.222,-233.64964
45.224,-229.64609
45.226,-225.55992
45.228,-222.75294
45.23,-221.37321
45.232,-221.14069
45.234,-220.97765
45.236,-221.46024
45.238,-222.13785
45.24,-222.64163
45.242,-222.29054
45.244,-221.98074
45.246,-221.77267
45.248,-221.641
45.25,-221.10834
45.252,-220.78879
45.254,-220.65363
45.256,-220.64037
45.258,-220.3217
45.26,-220.20584
45.262,-220.21266
45.264,-220.14005
45.266,-219.37714
45.268,-218.17274
45.27,-216.41248
45.272,-214.13623
45.274,-211.23158
45.276,-208.5625
45.278,-206.49371
45.28,-205.1305
45.282,-203.92096
45.284,-202.87814
45.286,-201.53716
45.288,-199.627
45.29,-196.9306
45.292,-194.40169
45.294,-192.67772
45.296,-192.12222
45.298,-192.25214
45.3,-192.90102
45.302,-193.24718
45.304,-192.62254
45.306,-190.51768
45.308,-187.82057
45.31,-185.31494
45.312,-183.6168
45.314,-182.46938
45.316,-181.86627
45.318,-181.10332
45.32,-179.61426
45.322,-176.98647
45.324,-174.21219
45.326,-172.09676
45.328,-171.10886
45.33,-170.6308
45.332,-170.24669
45.334,-168.93294
45.336,-166.10567
45.338,-161.71936
45.34,-157.54262
45.342,-155.28203
45.344,-156.0993
45.346,-159.50409
45.348,-164.60287
45.35,-169.29094
45.352,-171.60918
45.354,-170.23259
45.356,-166.25304
45.358,-161.50871
45.36,-158.10057
45.362,-156.99309
45.364,-158.81357
45.366,-162.56276
45.368,-166.60599
45.37,-169.06557
45.372,-169.902
45.374,-169.6903
45.376,-169.6079
45.378,-170.31412
45.38,-172.81505
45.382,-176.88358
45.384,-181.61554
45.386,-185.43753
45.388,-188.07065
45.39,-189.46115
45.392,-190.12094
45.394,-190.37929
45.396,-191.43132
45.398,-193.70914
45.4,-197.1254
45.402,-200.71631
45.404,-204.31044
45.406,-207.49065
45.408,-210.13368
45.41,-212.00912
45.412,-214.0677
45.414,-216.96281
45.416,-221.14069
45.418,-226.19954
45.42,-232.19139
45.422,-238.45454
45.424,-244.15532
45.426,-248.13011
45.428,-250.46562
45.43,-251.41629
45.432,-251.6601
45.434,-251.62787
45.436,-252.58725
45.438,-255.0929
45.44,-259.16486
45.442,-263.8618
45.444,-268.84955
45.446,-273.44275
45.448,-277.17633
45.45,-279.4757
45.452,-281.0195
45.454,-282.29196
45.456,-283.68048
45.458,-284.83786
45.46,-286.05362
45.462,-287.08444
45.464,-287.683
45.466,-287.29733
45.468,-286.57077
45.47,-285.91727
45.472,-285.68173
45.474,-285.47882
45.476,-285.61182
45.478,-285.78848
45.48,-285.68173
45.482,-284.64606
45.484,-283.28683
45.486,-282.0046
45.488,-281.17886
45.49,-280.47964
45.492,-280.28802
45.494,-280.3151
45.496,-280.17825
45.498,-279.12006
45.5,-277.72278
45.502,-276.4046
45.504,-275.67538
45.506,-275.4064
45.508,-276.2843
45.51,-278.18124
45.512,-280.67856
45.514,-282.72784
45.516,-284.47638
45.518,-285.78268
45.52,-286.68237
45.522,-286.7966
45.524,-286.90057
45.526,-287.18686
45.528,-287.683
45.53,-287.73297
45.532,-287.8249
45.534,-287.95615
45.536,-288.18332
45.538,-288.07562
45.54,-288.44437
45.542,-289.48538
45.544,-291.18524
45.546,-292.74136
45.548,-294.35806
45.55,-295.6256
45.552,-296.18842
45.554,-295.36655
45.556,-293.93784
45.558,-292.37152
45.56,-291.18524
45.562,-290.26343
45.564,-290.41748
45.566,-291.6469
45.568,-293.68683
45.57,-295.61563
45.572,-297.65756
45.574,-299.5777
45.576,-301.19162
45.578,-301.8352
45.58,-302.0693
45.582,-301.9818
45.584,-301.69193
45.586,-300.8002
45.588,-300.16812
45.59,-300.088
45.592,-300.69128
45.594,-301.31467
45.596,-302.4299
45.598,-303.9187
45.6,-305.69446
45.602,-307.1602
45.604,-309.08807
45.606,-311.63318
45.608,-314.7002
45.61,-317.2657
45.612,-319.37543
45.614,-320.48016
45.616,-320.2037
45.618,-317.9315
45.62,-314.71188
45.622,-311.2572
45.624,-308.19608
45.626,-305.25043
45.628,-303.03726
45.63,-301.30933
45.632,-299.69064
45.634,-297.30978
45.636,-294.85907
45.638,-292.68973
45.64,-291.18524
45.642,-289.98062
45.644,-289.75574
45.646,-290.40167
45.648,-291.68555
45.65,-292.85126
45.652,-294.64093
45.654,-297.44592
45.656,-301.69193
45.658,-307.04257
45.66,-314.09186
45.662,-322.42212
45.664,-331.2107
45.666,-338.87906
45.668,-345.22473
45.67,-349.832
45.672,-352.7244
45.674,-353.86365
45.676,-354.46948
45.678,-355.1569
45.68,-356.22662
45.682,-357.33084
45.684,-358.4698
45.686,-358.9694
45.688,-358.2279
45.69,-355.8855
45.692,-352.6035
45.694,-348.96893
45.696,-345.71994
45.698,-343.3644
45.7,-342.7233
45.702,-343.69006
45.704,-345.71994
45.706,-347.3894
45.708,-348.98444
45.71,-350.42575
45.712,-351.72375
45.714,-351.71072
45.716,-351.22626
45.718,-350.3551
45.72,-349.22217
45.722,-347.14532
45.724,-345.25558
45.726,-343.93112
45.728,-343.21835
45.73,-342.09122
45.732,-340.73105
45.734,-338.88965
45.736,-336.7142
45.738,-334.1036
45.74,-332.04663
45.742,-330.05835
45.744,-326.20752
45.746,-316.75568
45.748,-298.96222
45.75,-270.76
45.752,-232.648
45.754,-187.54843
45.756,-141.59021
45.758,-100.20337
45.76,-66.54233
45.762,-39.838955
45.764,-17.712753
45.766,3.4551556
45.768,25.015915
45.77,44.34366
45.772,52.864494
45.774,40.026463
45.776,-3.502228
45.778,-81.400696
45.78,-190.7976
45.782,-320.44467
45.784,-453.7887
45.786,-572.6631
45.788,-663.2456
45.79,-717.3411
45.792,-733.9669
45.794,-717.87946
45.796,-678.9115
45.798,-627.38446
45.8,-572.36414
45.802,-519.8261
45.804,-473.96112
45.806,-435.82193
45.808,-404.75748
45.81,-378.90402
45.812,-357.55838
45.814,-339.82147
45.816,-325.20688
45.818,-313.00412
45.82,-303.5711
45.822,-296.4069
45.824,-290.68494
45.826,-285.01938
45.828,-279.3435
45.83,-273.46826
45.832,-267.6703
45.834,-262.15186
45.836,-258.05026
45.838,-255.76509
45.84,-255.16232
45.842,-255.2926
45.844,-255.55338
45.846,-255.18318
45.848,-253.66136
45.85,-250.55476
45.852,-246.30289
45.854,-241.67664
45.856,-237.65118
45.858,-234.83745
45.86,-234.03433
45.862,-235.44287
45.864,-238.65182
45.866,-242.14465
45.868,-245.45688
45.87,-247.49132
45.872,-247.65755
45.874,-245.41621
45.876,-242.66699
45.878,-240.2539
45.88,-238.65182
45.882,-237.22437
45.884,-236.44699
45.886,-235.62274
45.888,-234.14896
45.89,-231.40025
45.892,-228.56549
45.894,-226.44069
45.896,-225.64354
45.898,-225.83008
45.9,-227.09953
45.902,-228.53262
45.904,-229.14577
45.906,-227.95872
45.908,-225.66792
45.91,-223.06207
45.912,-221.14069
45.914,-220.27946
45.916,-221.23193
45.918,-223.6323
45.92,-226.64418
45.922,-228.97435
45.924,-230.5091
45.926,-231.14151
45.928,-231.14705
45.93,-230.60323
45.932,-230.42552
45.934,-230.81747
45.936,-231.64737
45.938,-232.18639
45.94,-232.54497
45.942,-232.53217
45.944,-232.14769
45.946,-231.19896
45.948,-230.5118
45.95,-230.44388
45.952,-231.14705
45.954,-232.09174
45.956,-233.44475
45.958,-234.77992
45.96,-235.64992
45.962,-235.30832
45.964,-234.17662
45.966,-232.39806
45.968,-230.14641
45.97,-227.09718
45.972,-223.82993
45.974,-220.46025
45.976,-217.13814
45.978,-213.64612
45.98,-210.82639
45.982,-208.98872
45.984,-208.1324
45.986,-207.38698
45.988,-206.63643
45.99,-205.31282
45.992,-203.12923
45.994,-199.79434
45.996,-196.52301
45.998,-194.25188
46.0,-193.62317
46.002,-194.14601
46.004,-195.78932
46.006,-197.71039
46.008,-199.12668
46.01,-199.18979
46.012,-198.76086
46.014,-198.65065
46.016,-199.627
46.018,-201.47733
46.02,-204.51212
46.022,-208.13164
46.024,-211.63463
46.026,-214.0858
46.028,-216.16039
46.03,-218.46768
46.032,-221.641
46.034,-225.45016
46.036,-230.21964
46.038,-235.36806
46.04,-240.15277
46.042,-243.52902
46.044,-246.06816
46.046,-248.35631
46.048,-251.15977
46.05,-254.51724
46.052,-259.10175
46.054,-264.57126
46.056,-270.17188
46.058,-274.55203
46.06,-277.7682
46.062,-279.94873
46.064,-281.6792
46.066,-283.24347
46.068,-285.90594
46.07,-290.10394
46.072,-295.6881
46.074,-301.4403
46.076,-306.93213
46.078,-311.35214
46.08,-314.1999
46.082,-314.9387
46.084,-314.58118
46.086,-314.04056
46.088,-314.1999
46.09,-315.0777
46.092,-317.1807
46.094,-320.02637
46.096,-322.7053
46.098,-323.69577
46.1,-322.8358
46.102,-320.1297
46.104,-316.20114
46.106,-311.58664
46.108,-308.0064
46.11,-306.43484
46.112,-307.19543
46.114,-309.35065
46.116,-312.52472
46.118,-315.7327
46.12,-318.20242
46.122,-319.11136
46.124,-319.30026
46.126,-319.45593
46.128,-320.2037
46.13,-321.24527
46.132,-322.95407
46.134,-324.822
46.136,-326.20752
46.138,-326.1039
46.14,-325.1627
46.142,-323.94806
46.144,-323.2056
46.146,-322.94757
46.148,-324.02438
46.15,-326.19098
46.152,-328.7091
46.154,-330.0462
46.156,-330.08167
46.158,-328.55508
46.16,-325.7072
46.162,-321.6206
46.164,-317.88754
46.166,-315.4124
46.168,-314.7002
46.17,-315.15802
46.172,-317.0105
46.174,-319.60413
46.176,-322.205
46.178,-323.65836
46.18,-324.3928
46.182,-324.50668
46.184,-324.20624
46.186,-323.10538
46.188,-322.0031
46.19,-321.01706
46.192,-320.2037
46.194,-319.07706
46.196,-318.48187
46.198,-318.66776
46.2,-319.70337
46.202,-320.82556
46.204,-322.37604
46.206,-324.06174
46.208,-325.7072
46.21,-326.79626
46.212,-328.35107
46.214,-330.7922
46.216,-334.21262
46.218,-337.5967
46.22,-340.8495
46.222,-343.10968
46.224,-343.71866
46.226,-341.9247
46.228,-338.98163
46.23,-335.92426
46.232,-333.71228
46.234,-332.19522
46.236,-331.9539
46.238,-332.40067
46.24,-332.71167
46.242,-331.6177
46.244,-329.6948
46.246,-327.35977
46.248,-325.20688
46.25,-323.0687
46.252,-321.8041
46.254,-321.3015
46.256,-321.20435
46.258,-320.53586
46.26,-319.90378
46.262,-319.53268
46.264,-319.70337
46.266,-319.9469
46.268,-320.92905
46.27,-322.46286
46.272,-324.20624
46.274,-325.22968
46.276,-326.12476
46.278,-327.05106
46.28,-328.2088
46.282,-329.11453
46.284,-330.50455
46.286,-332.39273
46.288,-334.71292
46.29,-336.87085
46.292,-339.54788
46.294,-342.83765
46.296,-346.72058
46.298,-350.65323
46.3,-354.76755
46.302,-358.488
46.304,-361.2298
46.306,-362.463
46.308,-362.61322
46.31,-361.90036
46.312,-360.7295
46.314,-359.4596
46.316,-358.93234
46.318,-359.25583
46.32,-360.22916
46.322,-360.9411
46.324,-361.8255
46.326,-362.79242
46.328,-363.73138
46.33,-363.32648
46.332,-362.5766
46.334,-361.78372
46.336,-361.2298
46.338,-359.90353
46.34,-358.85138
46.342,-358.16464
46.344,-357.72757
46.346,-356.41144
46.348,-354.89474
46.35,-353.374
46.352,-352.22406
46.354,-351.10846
46.356,-350.83087
46.358,-350.85577
46.36,-349.72247
46.362,-344.5832
46.364,-333.6924
46.366,-315.1536
46.368,-288.18332
46.37,-252.91277
46.372,-212.19524
46.374,-169.08554
46.376,-126.58053
46.378,-86.29854
46.38,-50.04102
46.382,-18.071331
46.384,9.506047
46.386,32.231056
46.388,46.522087
46.39,47.39039
46.392,28.518143
46.394,-15.604131
46.396,-89.39256
46.398,-192.1854
46.4,-317.70212
46.402,-453.85434
46.404,-586.45605
46.406,-700.38153
46.408,-783.4984
46.41,-828.7349
46.412,-836.90784
46.414,-813.99225
46.416,-769.4895
46.418,-713.1319
46.42,-654.2949
46.422,-598.78174
46.424,-549.3495
46.426,-506.04773
46.428,-469.08908
46.43,-437.83987
46.432,-411.76193
46.434,-389.87387
46.436,-372.29172
46.438,-358.3288
46.44,-347.2209
46.442,-337.89273
46.444,-330.75085
46.446,-325.7571
46.448,-322.7053
46.45,-320.5472
46.452,-318.88165
46.454,-316.67477
46.456,-313.19925
46.458,-308.07913
46.46,-302.42014
46.462,-297.456
46.464,-294.18716
46.466,-292.58795
46.468,-292.15912
46.47,-291.74545
46.472,-290.1846
46.474,-286.63046
46.476,-281.5214
46.478,-276.0474
46.48,-271.67282
46.482,-269.0293
46.484,-268.93176
46.486,-270.7313
46.488,-273.17377
46.49,-274.27737
46.492,-274.3108
46.494,-272.88947
46.496,-270.17188
46.498,-266.13983
46.5,-262.73233
46.502,-260.4176
46.504,-259.16486
46.506,-258.08334
46.508,-257.51044
46.51,-256.87183
46.512,-255.66264
46.514,-253.19551
46.516,-250.19643
46.518,-246.91609
46.52,-243.655
46.522,-240.29886
46.524,-237.63515
46.526,-235.66753
46.528,-234.14896
46.53,-232.29703
46.532,-230.2733
46.534,-227.77464
46.536,-224.64291
46.538,-220.57013
46.54,-216.41466
46.542,-212.62756
46.544,-209.63336
46.546,-207.37816
46.548,-206.5134
46.55,-206.91077
46.552,-208.1324
46.554,-209.16258
46.556,-209.84753
46.558,-209.62498
46.56,-208.1324
46.562,-204.95258
46.564,-200.87267
46.566,-196.41537
46.568,-192.12222
46.57,-188.03017
46.572,-184.88309
46.574,-182.67094
46.576,-181.11522
46.578,-179.40253
46.58,-177.67827
46.582,-175.75041
46.584,-173.61044
46.586,-171.03816
46.588,-168.89038
46.59,-167.52782
46.592,-167.10631
46.594,-167.11049
46.596,-167.75278
46.598,-168.68916
46.6,-169.6079
46.602,-169.9199
46.604,-170.18996
46.606,-170.58015
46.608,-171.10886
46.61,-171.124
46.612,-170.81142
46.614,-169.9615
46.616,-168.60725
46.618,-166.68788
46.62,-165.39697
46.622,-165.44789
46.624,-167.10631
46.626,-169.52284
46.628,-172.30952
46.63,-174.53441
46.632,-175.61171
46.634,-175.17758
46.636,-174.54904
46.638,-174.91182
46.64,-177.11267
46.642,-180.73196
46.644,-185.50352
46.646,-190.29478
46.648,-194.12349
46.65,-196.22119
46.652,-197.62743
46.654,-199.46161
46.656,-202.6289
46.658,-206.77109
46.66,-211.55661
46.662,-215.72127
46.664,-218.13878
46.666,-218.02718
46.668,-216.6742
46.67,-215.79845
46.672,-217.13814
46.674,-221.17006
46.676,-228.06197
46.678,-236.50319
46.68,-244.65564
46.682,-250.49179
46.684,-253.82625
46.686,-255.15793
46.688,-255.66264
46.69,-256.12717
46.692,-257.82028
46.694,-260.9623
46.696,-265.1687
46.698,-269.30768
46.7,-273.24948
46.702,-276.73593
46.704,-279.67792
46.706,-281.55823
46.708,-282.74557
46.71,-283.25092
46.712,-283.18015
46.714,-282.36295
46.716,-281.75476
46.718,-281.93265
46.72,-283.18015
46.722,-284.84396
46.724,-286.83746
46.726,-288.57794
46.728,-289.6843
46.73,-289.7306
46.732,-289.71497
46.734,-290.3829
46.736,-292.18588
46.738,-294.4871
46.74,-297.0778
46.742,-299.05746
46.744,-299.69064
46.746,-298.2964
46.748,-295.9155
46.75,-293.56912
46.752,-292.18588
46.754,-291.66132
46.756,-292.23148
46.758,-293.1816
46.76,-293.68683
46.762,-292.75882
46.764,-291.11176
46.766,-289.48117
46.768,-288.68365
46.77,-288.65024
46.772,-289.8368
46.774,-291.64017
46.776,-293.18652
46.778,-293.23788
46.78,-292.22177
46.782,-290.61304
46.784,-289.18396
46.786,-288.11078
46.788,-288.36685
46.79,-289.8926
46.792,-292.18588
46.794,-294.02924
46.796,-295.48846
46.798,-296.361
46.8,-296.68875
46.802,-296.16278
46.804,-295.65027
46.806,-295.4372
46.808,-295.6881
46.81,-295.9558
46.812,-296.85373
46.814,-298.3418
46.816,-300.19098
46.818,-301.47852
46.82,-302.39453
46.822,-302.66248
46.824,-302.19223
46.826,-300.61206
46.828,-298.9988
46.83,-297.90988
46.832,-297.6894
46.834,-297.79095
46.836,-298.5985
46.838,-299.81473
46.84,-301.19162
46.842,-302.11572
46.844,-303.3956
46.846,-305.27213
46.848,-307.69574
46.85,-309.6624
46.852,-311.0855
46.854,-311.3511
46.856,-310.19733
46.858,-307.40283
46.86,-304.4778
46.862,-302.51718
46.864,-302.19223
46.866,-302.82306
46.868,-304.12564
46.87,-304.8099
46.872,-303.6932
46.874,-299.72473
46.876,-294.00244
46.878,-287.82462
46.88,-282.67984
46.882,-279.1161
46.884,-278.1423
46.886,-279.43625
46.888,-282.1795
46.89,-284.96603
46.892,-287.94763
46.894,-291.12524
46.896,-294.68747
46.898,-298.19763
46.9,-302.1317
46.902,-306.1263
46.904,-309.69702
46.906,-312.05054
46.908,-313.77734
46.91,-315.20435
46.912,-316.70148
46.914,-318.15973
46.916,-319.86502
46.918,-321.27234
46.92,-321.70465
46.922,-320.5543
46.924,-318.20508
46.926,-315.03647
46.928,-311.6983
46.93,-308.79965
46.932,-307.24738
46.934,-307.14005
46.936,-308.19608
46.938,-309.5021
46.94,-311.251
46.942,-313.11795
46.944,-314.7002
46.946,-314.5001
46.948,-313.2377
46.95,-311.25043
46.952,-309.1967
46.954,-306.84775
46.956,-305.8984
46.958,-306.90256
46.96,-309.69702
46.962,-312.5983
46.964,-315.08737
46.966,-316.1323
46.968,-315.20053
46.97,-311.76706
46.972,-307.07962
46.974,-301.74088
46.976,-295.6881
46.978,-287.33203
46.98,-275.57657
46.982,-258.5928
46.984,-235.1496
46.986,-204.74078
46.988,-169.62772
46.99,-132.676
46.992,-97.061745
46.994,-64.72312
46.996,-37.399364
46.998,-14.64055
47.0,5.003183
47.002,23.202284
47.004,38.48204
47.006,47.000828
47.008,42.026737
47.01,15.918667
47.012,-39.002953
47.014,-125.60003
47.016,-240.15277
47.018,-371.35132
47.02,-503.82764
47.022,-620.0823
47.024,-705.4488
47.026,-751.24023
47.028,-758.07336
47.03,-733.17035
47.032,-687.9376
47.034,-633.73553
47.036,-580.44147
47.038,-533.2144
47.04,-493.3138
47.042,-459.1428
47.044,-429.70447
47.046,-404.0872
47.048,-382.24316
47.05,-364.0056
47.052,-350.07828
47.054,-339.88202
47.056,-332.21133
47.058,-325.27658
47.06,-318.88715
47.062,-313.0277
47.064,-308.19608
47.066,-304.54266
47.068,-302.8639
47.07,-302.9707
47.072,-304.1935
47.074,-305.3336
47.076,-306.06693
47.078,-306.1703
47.08,-305.69446
47.082,-304.49716
47.084,-302.90967
47.086,-301.10812
47.088,-299.19034
47.09,-296.9161
47.092,-294.46387
47.094,-292.00543
47.096,-289.6843
47.098,-287.1181
47.1,-284.72687
47.102,-282.43625
47.104,-280.17825
47.106,-277.28656
47.108,-274.88046
47.11,-272.89398
47.112,-271.17252
47.114,-269.00528
47.116,-267.50473
47.118,-266.7265
47.12,-266.66965
47.122,-266.8197
47.124,-267.9295
47.126,-269.73755
47.128,-271.67282
47.13,-272.55066
47.132,-272.32123
47.134,-270.54105
47.136,-267.16995
47.138,-262.25476
47.14,-257.2398
47.142,-253.02974
47.144,-250.15913
47.146,-248.2103
47.148,-247.21378
47.15,-246.41394
47.152,-245.15596
47.154,-242.83662
47.156,-240.3337
47.158,-238.27863
47.16,-237.15086
47.162,-236.57137
47.164,-236.58667
47.166,-236.37434
47.168,-235.1496
47.17,-232.1877
47.172,-228.35487
47.174,-224.42274
47.176,-221.14069
47.178,-218.44467
47.18,-216.69643
47.182,-215.31818
47.184,-213.63591
47.186,-210.86792
47.188,-207.69052
47.19,-204.62007
47.192,-202.12859
47.194,-199.90858
47.196,-198.18404
47.198,-196.41458
47.2,-194.12349
47.202,-190.83197
47.204,-187.59146
47.206,-185.28152
47.208,-184.61745
47.21,-185.2965
47.212,-187.32108
47.214,-189.65193
47.216,-191.12158
47.218,-190.49254
47.22,-188.30739
47.222,-185.31993
47.224,-182.61618
47.226,-180.66937
47.228,-180.47665
47.23,-181.87468
47.232,-184.11713
47.234,-185.76187
47.236,-186.63776
47.238,-186.61868
47.24,-186.11841
47.242,-185.42348
47.244,-185.90971
47.246,-188.15498
47.248,-192.12222
47.25,-196.65851
47.252,-201.30026
47.254,-205.13979
47.256,-207.63208
47.258,-208.32777
47.26,-208.36716
47.262,-208.71138
47.264,-210.13368
47.266,-212.39668
47.268,-215.68889
47.27,-219.35132
47.272,-222.64163
47.274,-224.62592
47.276,-225.87558
47.278,-226.98218
47.28,-228.64546
47.282,-230.86032
47.284,-234.15742
47.286,-238.2568
47.288,-242.65437
47.29,-246.44765
47.292,-249.96718
47.294,-253.44072
47.296,-257.1636
47.298,-260.79675
47.3,-264.65826
47.302,-268.42096
47.304,-271.67282
47.306,-273.70233
47.308,-275.06082
47.31,-276.21106
47.312,-277.67664
47.314,-279.33533
47.316,-281.66473
47.318,-284.42896
47.32,-287.1827
47.322,-289.03128
47.324,-290.22
47.326,-290.85654
47.328,-291.18524
47.33,-290.9813
47.332,-290.90872
47.334,-291.12616
47.336,-291.68555
47.338,-292.10315
47.34,-292.85748
47.342,-293.94067
47.344,-295.18777
47.346,-295.77072
47.348,-295.8274
47.35,-295.14246
47.352,-293.68683
47.354,-291.18182
47.356,-288.6349
47.358,-286.66183
47.36,-285.68173
47.362,-285.2532
47.364,-285.6094
47.366,-286.27008
47.368,-286.68237
47.37,-285.9229
47.372,-284.54608
47.374,-282.9538
47.376,-281.6792
47.378,-280.58914
47.38,-280.44824
47.382,-281.13397
47.384,-282.1795
47.386,-282.40692
47.388,-282.00946
47.39,-280.98444
47.392,-279.67792
47.394,-278.09714
47.396,-277.5054
47.398,-278.3717
47.4,-280.67856
47.402,-283.31177
47.404,-286.0898
47.406,-288.23004
47.408,-289.18396
47.41,-288.29926
47.412,-286.73917
47.414,-285.51434
47.416,-285.68173
47.418,-287.3893
47.42,-291.38907
47.422,-297.08856
47.424,-303.19287
47.426,-307.52148
47.428,-309.38937
47.43,-308.28995
47.432,-304.69385
47.434,-299.40686
47.436,-294.98
47.438,-293.24054
47.44,-295.18777
47.442,-300.0834
47.444,-307.39676
47.446,-315.47336
47.448,-322.7053
47.45,-327.5269
47.452,-330.47885
47.454,-332.24548
47.456,-333.71228
47.458,-334.9155
47.46,-336.5761
47.462,-338.36487
47.464,-339.71613
47.466,-339.67474
47.468,-338.92844
47.47,-338.04672
47.472,-337.71484
47.474,-337.83093
47.476,-338.99002
47.478,-340.72446
47.48,-342.2177
47.482,-342.13358
47.484,-340.70905
47.486,-338.18408
47.488,-335.21326
47.49,-332.05374
47.492,-329.98074
47.494,-329.2846
47.496,-329.70975
47.498,-330.0754
47.5,-330.30362
47.502,-330.01044
47.504,-329.20944
47.506,-327.78415
47.508,-327.04776
47.51,-327.63422
47.512,-329.70975
47.514,-332.29733
47.516,-335.16998
47.518,-337.38388
47.52,-338.21515
47.522,-336.95477
47.524,-334.6848
47.526,-332.32037
47.528,-330.7104
47.53,-329.75076
47.532,-329.8557
47.534,-330.3187
47.536,-330.21005
47.538,-328.46362
47.54,-325.46768
47.542,-321.62613
47.544,-317.70212
47.546,-314.32172
47.548,-312.47644
47.55,-312.12103
47.552,-312.6989
47.554,-313.27234
47.556,-313.60977
47.558,-313.2766
47.56,-312.1986
47.562,-310.2796
47.564,-308.60004
47.566,-307.56213
47.568,-307.19543
47.57,-306.24527
47.572,-305.2722
47.574,-304.22168
47.576,-303.19287
47.578,-301.31543
47.58,-299.9092
47.582,-299.4605
47.584,-300.19098
47.586,-301.10522
47.588,-302.55765
47.59,-303.97687
47.592,-304.69385
47.594,-303.48578
47.596,-300.83887
47.598,-296.94708
47.6,-292.18588
47.602,-286.23026
47.604,-279.54858
47.606,-271.1469
47.608,-259.16486
47.61,-240.84518
47.612,-215.19968
47.614,-182.13641
47.616,-143.59135
47.618,-102.82707
47.62,-65.10715
47.622,-34.373554
47.624,-12.507957
47.626,1.4943053
47.628,8.950819
47.63,11.372231
47.632,8.005093
47.634,-4.6286426
47.636,-33.645603
47.638,-85.65715
47.64,-164.1044
47.642,-266.17422
47.644,-383.65063
47.646,-502.72076
47.648,-607.8867
47.65,-685.5279
47.652,-728.723
47.654,-736.88446
47.656,-715.45514
47.658,-673.08136
47.66,-620.327
47.662,-565.67725
47.664,-514.8275
47.666,-470.1633
47.668,-433.01663
47.67,-402.9047
47.672,-378.74094
47.674,-358.7979
47.676,-342.49353
47.678,-328.86664
47.68,-317.20178
47.682,-306.668
47.684,-297.78152
47.686,-290.6411
47.688,-285.18143
47.69,-280.62698
47.692,-276.93265
47.694,-273.55676
47.696,-270.17188
47.698,-266.50198
47.7,-263.3844
47.702,-261.47437
47.704,-261.16614
47.706,-262.07614
47.708,-263.7973
47.71,-265.5651
47.712,-266.66965
47.714,-266.45654
47.716,-265.1253
47.718,-263.1657
47.72,-261.16614
47.722,-259.18915
47.724,-257.6656
47.726,-256.42087
47.728,-255.16232
47.73,-253.11957
47.732,-251.25468
47.734,-249.71278
47.736,-248.65819
47.738,-247.60449
47.74,-247.6095
47.742,-248.32405
47.744,-249.15851
47.746,-249.08182
47.748,-248.61864
47.75,-247.65915
47.752,-246.1566
47.754,-243.6806
47.756,-240.89711
47.758,-237.85652
47.76,-234.64928
47.762,-231.11414
47.764,-228.13115
47.766,-225.97328
47.768,-224.64291
47.77,-223.46043
47.772,-222.44272
47.774,-221.10004
47.776,-219.1394
47.778,-216.28508
47.78,-213.44371
47.782,-211.13646
47.784,-209.63336
47.786,-208.40938
47.788,-207.42812
47.79,-206.01605
47.792,-203.62955
47.794,-199.7855
47.796,-195.43687
47.798,-191.43443
47.8,-188.62
47.802,-187.09544
47.804,-187.26639
47.806,-188.46524
47.808,-189.62064
47.81,-189.2831
47.812,-187.37836
47.814,-184.06056
47.816,-180.11458
47.818,-176.26387
47.82,-174.0456
47.822,-173.95422
47.824,-175.61171
47.826,-177.44669
47.828,-178.59433
47.83,-178.05115
47.832,-175.61171
47.834,-171.57402
47.836,-167.92087
47.838,-166.17503
47.84,-167.10631
47.842,-169.85526
47.844,-173.50223
47.846,-176.23221
47.848,-176.61235
47.85,-173.85876
47.852,-169.50253
47.854,-165.56522
47.856,-164.1044
47.858,-165.85359
47.86,-171.12212
47.862,-178.44733
47.864,-185.61809
47.866,-190.1312
47.868,-191.45149
47.87,-189.96013
47.872,-187.11903
47.874,-184.3532
47.876,-183.7604
47.878,-186.12708
47.88,-191.12158
47.882,-197.06468
47.884,-202.93843
47.886,-207.61371
47.888,-210.634
47.89,-211.8694
47.892,-212.75203
47.894,-214.5251
47.896,-218.13878
47.898,-223.44998
47.9,-230.52391
47.902,-238.47644
47.904,-246.1566
47.906,-252.08391
47.908,-256.16547
47.91,-258.5117
47.912,-259.6652
47.914,-259.8569
47.916,-260.15958
47.918,-260.9433
47.92,-262.16678
47.922,-263.0138
47.924,-263.5724
47.926,-263.73938
47.928,-263.66772
47.93,-263.24646
47.932,-263.39175
47.934,-264.5063
47.936,-266.66965
47.938,-269.14462
47.94,-271.9229
47.942,-274.65515
47.944,-277.17633
47.946,-279.1105
47.948,-281.22986
47.95,-283.8979
47.952,-287.1827
47.954,-290.25226
47.956,-292.8811
47.958,-294.3592
47.96,-294.18716
47.962,-291.87247
47.964,-288.43988
47.966,-284.8857
47.968,-282.1795
47.97,-280.4218
47.972,-280.1444
47.974,-280.9497
47.976,-282.1795
47.978,-282.7853
47.98,-283.1304
47.982,-283.57184
47.984,-284.6811
47.986,-286.42087
47.988,-289.49905
47.99,-293.6563
47.992,-298.1897
47.994,-301.68155
47.996,-303.97067
47.998,-304.76434
48.0,-304.1935
48.002,-302.22427
48.004,-300.10504
48.006,-298.48737
48.008,-297.6894
48.01,-297.09976
48.012,-296.93497
48.014,-296.76364
48.016,-296.18842
48.018,-294.48444
48.02,-292.37653
48.022,-290.29385
48.024,-288.68365
48.026,-287.28674
48.028,-286.78006
48.03,-287.03143
48.032,-287.683
48.034,-287.76596
48.036,-287.6147
48.038,-287.20935
48.04,-286.68237
48.042,-285.7088
48.044,-285.17365
48.046,-285.31256
48.048,-286.18207
48.05,-287.15265
48.052,-288.6973
48.054,-290.74002
48.056,-293.18652
48.058,-295.40002
48.06,-297.85535
48.062,-300.39246
48.064,-302.69257
48.066,-303.81467
48.068,-304.02914
48.07,-303.26047
48.072,-301.69193
48.074,-299.22455
48.076,-297.16522
48.078,-296.2019
48.08,-296.68875
48.082,-297.95663
48.084,-300.1832
48.086,-302.77695
48.088,-305.19415
48.09,-306.61295
48.092,-307.81888
48.094,-309.2407
48.096,-311.19797
48.098,-313.10385
48.1,-315.20535
48.102,-316.9299
48.104,-317.70212
48.106,-316.68903
48.108,-314.74182
48.11,-312.5157
48.112,-310.69766
48.114,-309.1481
48.116,-308.5209
48.118,-308.53455
48.12,-308.69638
48.122,-308.01996
48.124,-306.95877
48.126,-305.63403
48.128,-304.1935
48.13,-302.11496
48.132,-299.97028
48.134,-297.77612
48.136,-295.6881
48.138,-293.57224
48.14,-292.7283
48.142,-293.84808
48.144,-297.18906
48.146,-301.79135
48.148,-307.34064
48.15,-312.65958
48.152,-316.70148
48.154,-318.41455
48.156,-318.6698
48.158,-318.29694
48.16,-318.20242
48.162,-318.5087
48.164,-319.75763
48.166,-321.41748
48.168,-322.7053
48.17,-322.7763
48.172,-321.95065
48.174,-320.5565
48.176,-319.20306
48.178,-318.35544
48.18,-318.7284
48.182,-320.07727
48.184,-321.70465
48.186,-322.60452
48.188,-322.5782
48.19,-321.37003
48.192,-319.20306
48.194,-316.0698
48.196,-313.73563
48.198,-313.17914
48.2,-314.7002
48.202,-316.65005
48.204,-318.8234
48.206,-320.199
48.208,-320.2037
48.21,-318.1689
48.212,-315.8178
48.214,-314.40674
48.216,-314.7002
48.218,-315.87894
48.22,-317.7046
48.222,-319.0676
48.224,-319.20306
48.226,-317.4511
48.228,-314.82812
48.23,-311.43326
48.232,-306.1948
48.234,-296.14313
48.236,-278.90942
48.238,-252.36514
48.24,-216.63782
48.242,-174.24438
48.244,-131.07468
48.246,-92.67977
48.248,-62.539783
48.25,-40.142384
48.252,-22.994692
48.254,-6.9031076
48.256,10.506684
48.258,27.81323
48.26,37.402092
48.262,28.95544
48.264,-7.504774
48.266,-76.99984
48.268,-178.40135
48.27,-301.94995
48.272,-431.7747
48.274,-549.3047
48.276,-639.5295
48.278,-692.8676
48.28,-707.4501
48.282,-688.1466
48.284,-645.8669
48.286,-592.5996
48.288,-538.8428
48.29,-491.07385
48.292,-452.71072
48.294,-423.1301
48.296,-399.7543
48.298,-379.32288
48.3,-360.66013
48.302,-343.41797
48.304,-328.2088
48.306,-315.38544
48.308,-305.8574
48.31,-299.15515
48.312,-294.18716
48.314,-289.3816
48.316,-284.71323
48.318,-280.29672
48.32,-276.67603
48.322,-274.01764
48.324,-272.9581
48.326,-273.21643
48.328,-274.1744
48.33,-275.00446
48.332,-275.82382
48.334,-277.03186
48.336,-279.1776
48.338,-282.2859
48.34,-286.2179
48.342,-290.2093
48.344,-293.18652
48.346,-293.91074
48.348,-292.0217
48.35,-287.70837
48.352,-281.6792
48.354,-274.36404
48.356,-267.30533
48.358,-261.0188
48.36,-255.66264
48.362,-250.55556
48.364,-246.58763
48.366,-243.42203
48.368,-240.65309
48.37,-237.48212
48.372,-234.68558
48.374,-232.25629
48.376,-230.14641
48.378,-227.85669
48.38,-226.02577
48.382,-224.63263
48.384,-223.64227
48.386,-222.66226
48.388,-222.23877
48.39,-222.20848
48.392,-222.14131
48.394,-221.05505
48.396,-218.89316
48.398,-215.36436
48.4,-210.634
48.402,-205.0419
48.404,-200.12454
48.406,-196.84819
48.408,-195.62445
48.41,-195.76163
48.412,-196.7883
48.414,-197.5355
48.416,-197.1254
48.418,-195.05286
48.42,-192.48114
48.422,-190.52629
48.424,-190.12094
48.426,-191.14928
48.428,-193.51924
48.43,-195.97473
48.432,-197.1254
48.434,-195.73465
48.436,-192.38849
48.438,-188.05748
48.44,-184.11713
48.442,-181.37532
48.444,-180.8731
48.446,-182.30598
48.448,-184.61745
48.45,-186.0764
48.452,-186.07515
48.454,-184.1739
48.456,-180.6149
48.458,-175.8001
48.46,-171.22859
48.462,-167.83485
48.464,-166.10567
48.466,-165.61497
48.468,-166.33395
48.47,-167.57109
48.472,-168.60725
48.474,-168.54497
48.476,-167.68924
48.478,-166.25093
48.48,-164.60472
48.482,-162.74617
48.484,-161.43828
48.486,-160.88333
48.488,-161.1025
48.49,-161.58484
48.492,-162.62485
48.494,-164.05975
48.496,-165.60535
48.498,-166.46362
48.5,-166.78754
48.502,-166.5609
48.504,-166.10567
48.506,-165.66794
48.508,-166.58655
48.51,-169.65714
48.512,-175.1114
48.514,-181.97115
48.516,-189.54025
48.518,-196.46678
48.52,-201.62827
48.522,-204.11183
48.524,-204.7068
48.526,-204.37625
48.528,-204.12985
48.53,-204.11992
48.532,-204.78186
48.534,-205.66159
48.536,-206.13113
48.538,-205.3605
48.54,-203.95543
48.542,-202.608
48.544,-202.12859
48.546,-202.6174
48.548,-204.56303
48.55,-207.61101
48.552,-211.13431
48.554,-214.12819
48.556,-216.83498
48.558,-219.52441
48.56,-222.64163
48.562,-226.09088
48.564,-230.34682
48.566,-235.18837
48.568,-240.15277
48.57,-244.32317
48.572,-247.83794
48.574,-250.7297
48.576,-253.16106
48.578,-254.85506
48.58,-256.34283
48.582,-257.74506
48.584,-259.16486
48.586,-260.31155
48.588,-261.79468
48.59,-263.78027
48.592,-266.1693
48.594,-268.09726
48.596,-269.44638
48.598,-269.82318
48.6,-269.17123
48.602,-267.4389
48.604,-265.90237
48.606,-265.4724
48.608,-266.66965
48.61,-268.89127
48.612,-271.90976
48.614,-274.781
48.616,-276.67603
48.618,-276.7968
48.62,-275.9503
48.622,-274.96786
48.624,-274.67474
48.626,-274.99384
48.628,-276.234
48.63,-277.75482
48.632,-278.67728
48.634,-277.8185
48.636,-275.56882
48.638,-272.52213
48.64,-269.67154
48.642,-267.498
48.644,-267.14685
48.646,-268.61972
48.648,-271.17252
48.65,-273.07544
48.652,-273.7478
48.654,-272.67975
48.656,-270.17188
48.658,-266.74808
48.66,-264.4293
48.662,-264.45523
48.664,-267.16995
48.666,-271.2832
48.668,-275.8063
48.67,-279.1108
48.672,-280.17825
48.674,-278.5902
48.676,-276.14142
48.678,-274.57626
48.68,-275.17505
48.682,-277.58112
48.684,-281.26413
48.686,-284.47916
48.688,-285.68173
48.69,-283.89902
48.692,-280.62283
48.694,-277.76624
48.696,-277.17633
48.698,-279.17682
48.7,-283.8401
48.702,-289.61713
48.704,-294.68747
48.706,-297.3852
48.708,-298.35257
48.71,-298.687
48.712,-299.69064
48.714,-301.555
48.716,-304.61185
48.718,-307.87384
48.72,-310.19733
48.722,-310.5104
48.724,-309.79208
48.726,-309.17
48.728,-309.69702
48.73,-311.1529
48.732,-313.42538
48.734,-315.20227
48.736,-315.20053
48.738,-312.40164
48.74,-308.047
48.742,-303.6511
48.744,-300.69128
48.746,-299.27426
48.748,-299.41745
48.75,-299.63724
48.752,-298.1897
48.754,-293.44968
48.756,-286.2325
48.758,-278.08038
48.76,-271.17252
48.762,-266.94107
48.764,-267.0117
48.766,-271.19922
48.768,-278.17697
48.77,-285.50638
48.772,-292.0153
48.774,-296.55637
48.776,-298.69
48.778,-298.08276
48.78,-295.97443
48.782,-293.24106
48.784,-290.68494
48.786,-288.41476
48.788,-287.36404
48.79,-287.5709
48.792,-288.68365
48.794,-289.71628
48.796,-290.49258
48.798,-290.5146
48.8,-289.6843
48.802,-288.20596
48.804,-287.25568
48.806,-287.49713
48.808,-289.18396
48.81,-291.901
48.812,-295.2762
48.814,-298.3027
48.816,-300.19098
48.818,-300.36603
48.82,-299.9395
48.822,-299.8236
48.824,-300.69128
48.826,-301.6718
48.828,-303.16043
48.83,-304.53693
48.832,-305.19415
48.834,-303.8659
48.836,-301.7555
48.838,-299.7465
48.84,-298.69
48.842,-298.25577
48.844,-299.03983
48.846,-300.57846
48.848,-302.19223
48.85,-302.67474
48.852,-302.3722
48.854,-301.2574
48.856,-299.19034
48.858,-295.09143
48.86,-288.62665
48.862,-278.56143
48.864,-263.66772
48.866,-242.70029
48.868,-216.40964
48.87,-185.94437
48.872,-153.0974
48.874,-119.33416
48.876,-86.8502
48.878,-56.62097
48.88,-29.018461
48.882,-3.965579
48.884,16.603676
48.886,29.580729
48.888,30.019096
48.89,12.341192
48.892,-29.507883
48.894,-98.2976
48.896,-192.12222
48.898,-303.19873
48.9,-420.2281
48.902,-529.1572
48.904,-616.89246
48.906,-673.91174
48.908,-697.57526
48.91,-690.6727
48.912,-660.4201
48.914,-615.6193
48.916,-565.66656
48.918,-517.2657
48.92,-474.30173
48.922,-437.76538
48.924,-408.057
48.926,-384.26917
48.928,-365.23236
48.93,-349.3537
48.932,-336.0877
48.934,-324.4603
48.936,-313.69955
48.938,-303.0253
48.94,-293.0853
48.942,-284.32242
48.944,-277.17633
48.946,-271.43527
48.948,-267.3943
48.95,-264.52972
48.952,-262.16678
48.954,-259.45587
48.956,-256.5763
48.958,-253.71468
48.96,-251.15977
48.962,-248.8571
48.964,-246.9596
48.966,-245.31203
48.968,-243.655
48.97,-241.53539
48.972,-238.9336
48.974,-235.93074
48.976,-232.648
48.978,-228.81361
48.98,-224.84752
48.982,-220.86713
48.984,-217.13814
48.986,-213.55424
48.988,-211.53781
48.99,-211.30725
48.992,-212.63527
48.994,-214.32106
48.996,-216.43251
48.998,-217.86111
49.0,-217.63846
49.002,-214.87656
49.004,-210.59753
49.006,-205.55275
49.008,-200.62762
49.01,-196.18129
49.012,-193.2439
49.014,-191.8303
49.016,-191.6219
49.018,-191.84203
49.02,-192.68492
49.022,-193.88239
49.024,-195.12413
49.026,-195.65791
49.028,-195.52025
49.03,-194.27238
49.032,-191.6219
49.034,-187.28778
49.036,-182.2513
49.038,-177.37888
49.04,-173.61044
49.042,-171.34637
49.044,-171.35854
49.046,-173.38974
49.048,-176.61235
49.05,-179.51683
49.052,-181.46994
49.054,-181.74144
49.056,-180.11458
49.058,-176.57948
49.06,-172.37741
49.062,-168.46672
49.064,-165.60535
49.066,-163.7838
49.068,-163.38016
49.07,-164.01381
49.072,-165.10503
49.074,-165.70337
49.076,-165.88626
49.078,-165.52608
49.08,-164.60472
49.082,-162.74013
49.084,-160.47968
49.086,-158.0107
49.088,-155.59898
49.09,-153.21553
49.092,-151.80707
49.094,-151.86705
49.096,-153.59772
49.098,-156.33844
49.1,-159.86932
49.102,-163.28065
49.104,-165.60535
49.106,-165.72777
49.108,-164.00946
49.11,-161.08815
49.112,-158.10057
49.114,-155.90804
49.116,-156.05363
49.118,-159.06334
49.12,-164.60472
49.122,-171.12831
49.124,-177.5866
49.126,-182.67172
49.128,-185.61809
49.13,-186.00616
49.132,-185.10654
49.134,-184.23978
49.136,-184.61745
49.138,-186.44086
49.14,-190.13414
49.142,-195.14316
49.144,-200.62762
49.146,-205.39293
49.148,-209.57393
49.15,-213.36365
49.152,-217.13814
49.154,-220.70062
49.156,-224.51936
49.158,-228.4338
49.16,-232.14769
49.162,-234.97588
49.164,-237.38365
49.166,-239.67589
49.168,-242.15405
49.17,-244.45949
49.172,-246.8852
49.174,-249.2002
49.176,-251.15977
49.178,-252.23628
49.18,-253.09396
49.182,-254.24977
49.184,-256.16296
49.186,-258.53265
49.188,-261.61053
49.19,-264.9933
49.192,-268.1706
49.194,-270.3081
49.196,-271.78693
49.198,-272.93362
49.2,-274.1744
49.202,-275.36246
49.204,-277.0152
49.206,-279.04114
49.208,-281.17886
49.21,-282.69434
49.212,-283.97186
49.214,-285.2065
49.216,-286.68237
49.218,-288.15247
49.22,-290.15738
49.222,-292.61115
49.224,-295.18777
49.226,-296.95117
49.228,-298.0083
49.23,-298.23004
49.232,-297.6894
49.234,-296.14285
49.236,-294.5022
49.238,-293.2414
49.24,-292.6862
49.242,-292.4309
49.244,-292.91934
49.246,-293.95004
49.248,-295.18777
49.25,-295.7466
49.252,-295.97516
49.254,-295.90616
49.256,-295.6881
49.258,-294.96466
49.26,-294.50403
49.262,-294.4404
49.264,-294.68747
49.266,-294.41208
49.268,-293.90207
49.27,-293.00146
49.272,-291.68555
49.274,-289.54086
49.276,-287.52377
49.278,-286.11823
49.28,-285.68173
49.282,-285.77777
49.284,-286.87854
49.286,-288.67593
49.288,-290.68494
49.29,-291.87558
49.292,-292.55472
49.294,-292.7469
49.296,-292.6862
49.298,-292.20477
49.3,-292.26874
49.302,-293.1205
49.304,-294.68747
49.306,-296.07883
49.308,-297.4742
49.31,-298.55612
49.312,-299.19034
49.314,-298.96594
49.316,-298.94226
49.318,-299.70773
49.32,-301.69193
49.322,-304.46448
49.324,-308.4108
49.326,-313.0469
49.328,-317.70212
49.33,-321.21118
49.332,-323.872
49.334,-325.764
49.336,-327.20816
49.338,-328.0674
49.34,-329.31763
49.342,-331.1074
49.344,-333.21198
49.346,-334.56445
49.348,-335.22855
49.35,-334.8264
49.352,-333.21198
49.354,-329.9592
49.356,-326.1205
49.358,-322.2455
49.36,-318.70276
49.362,-314.99243
49.364,-311.57654
49.366,-308.21832
49.368,-304.69385
49.37,-300.43512
49.372,-296.40134
49.374,-293.25543
49.376,-291.68555
49.378,-291.60205
49.38,-293.72952
49.382,-297.7127
49.384,-302.69257
49.386,-306.99094
49.388,-310.1779
49.39,-311.62112
49.392,-311.19797
49.394,-308.7871
49.396,-305.86414
49.398,-303.4277
49.4,-302.19223
49.402,-301.90607
49.404,-302.8783
49.406,-304.52756
49.408,-306.1948
49.41,-307.1364
49.412,-307.7544
49.414,-308.19818
49.416,-308.69638
49.418,-309.2883
49.42,-310.4613
49.422,-312.12415
49.424,-314.1999
49.426,-316.62476
49.428,-319.9892
49.43,-324.2015
49.432,-328.7091
49.434,-331.96017
49.436,-333.62933
49.438,-333.06485
49.44,-330.21005
49.442,-324.66373
49.444,-318.90485
49.446,-314.8242
49.448,-313.69955
49.45,-314.48358
49.452,-317.0265
49.454,-319.6633
49.456,-320.704
49.458,-318.34814
49.46,-313.66046
49.462,-308.1433
49.464,-303.6932
49.466,-301.0117
49.468,-300.99432
49.47,-302.3958
49.472,-302.69257
49.474,-298.25677
49.476,-287.23126
49.478,-268.4135
49.48,-242.15405
49.482,-209.63359
49.484,-173.9862
49.486,-137.71793
49.488,-102.56525
49.49,-68.73604
49.492,-36.90179
49.494,-7.1661224
49.496,19.512413
49.498,41.093597
49.5,52.553837
49.502,48.134346
49.504,22.014004
49.506,-29.592031
49.508,-108.51428
49.51,-211.82765
49.512,-332.21133
49.514,-458.33527
49.516,-578.3455
49.518,-680.31964
49.52,-754.9803
49.522,-796.7693
49.524,-806.1297
49.526,-787.2819
49.528,-747.4755
49.53,-694.7752
49.532,-637.9628
49.534,-583.495
49.536,-535.3406
49.538,-494.523
49.54,-461.2652
49.542,-434.1084
49.544,-411.26163
49.546,-390.7524
49.548,-372.29816
49.55,-355.61636
49.552,-340.71674
49.554,-327.218
49.556,-315.74036
49.558,-306.26285
49.56,-298.69
49.562,-292.52286
49.564,-288.1903
49.566,-285.5514
49.568,-284.1808
49.57,-283.03168
49.572,-281.61163
49.574,-279.36737
49.576,-276.1757
49.578,-272.18097
49.58,-268.40167
49.582,-265.86313
49.584,-265.1687
49.586,-265.8919
49.588,-267.30594
49.59,-268.33838
49.592,-268.1706
49.594,-266.17166
49.596,-263.4903
49.598,-261.0717
49.6,-259.6652
49.602,-258.71753
49.604,-258.70593
49.606,-258.3985
49.608,-256.66327
49.61,-252.57542
49.612,-248.02846
49.614,-244.34123
49.616,-242.65437
49.618,-242.84952
49.62,-245.18419
49.622,-248.20026
49.624,-250.15913
49.626,-249.3869
49.628,-246.34665
49.63,-241.73158
49.632,-236.65054
49.634,-231.68256
49.636,-227.93849
49.638,-225.383
49.64,-223.64227
49.642,-222.03084
49.644,-221.09734
49.646,-221.08983
49.648,-222.14131
49.65,-223.62257
49.652,-225.37064
49.654,-226.47308
49.656,-226.14386
49.658,-223.76877
49.66,-220.36456
49.662,-216.97165
49.664,-214.63654
49.666,-213.5447
49.668,-214.01544
49.67,-215.15146
49.672,-215.63718
49.674,-213.89648
49.676,-209.90224
49.678,-203.97693
49.68,-197.1254
49.682,-190.28258
49.684,-185.16878
49.686,-182.47691
49.688,-182.11586
49.69,-182.9121
49.692,-184.31277
49.694,-185.38899
49.696,-185.61809
49.698,-184.63501
49.7,-183.46236
49.702,-182.81113
49.704,-183.11649
49.706,-183.8727
49.708,-185.03734
49.71,-185.84494
49.712,-185.61809
49.714,-183.68983
49.716,-180.9471
49.718,-178.27559
49.72,-176.61235
49.722,-176.12358
49.724,-177.34189
49.726,-179.78914
49.728,-182.61618
49.73,-184.54941
49.732,-185.62982
49.734,-185.98204
49.736,-186.11841
49.738,-186.23228
49.74,-187.31935
49.742,-189.5486
49.744,-192.62254
49.746,-195.49619
49.748,-198.03021
49.75,-199.89897
49.752,-201.12794
49.754,-201.64558
49.756,-202.5093
49.758,-204.27333
49.76,-207.13177
49.762,-210.37306
49.764,-213.86168
49.766,-216.94962
49.768,-219.1394
49.77,-219.88072
49.772,-219.97577
49.774,-220.15729
49.776,-221.14069
49.778,-222.88977
49.78,-225.8366
49.782,-229.62259
49.784,-233.64864
49.786,-236.92487
49.788,-239.5525
49.79,-241.55888
49.792,-243.15468
49.794,-244.15114
49.796,-245.1826
49.798,-246.3631
49.8,-247.65755
49.802,-248.5336
49.804,-249.39838
49.806,-250.3858
49.808,-251.6601
49.81,-252.8877
49.812,-254.47144
49.814,-256.20996
49.816,-257.6639
49.818,-257.85834
49.82,-256.91257
49.822,-254.97203
49.824,-252.66074
49.826,-250.51381
49.828,-250.00449
49.83,-251.77855
49.832,-255.66264
49.834,-260.16287
49.836,-264.28894
49.838,-266.79572
49.84,-267.16995
49.842,-265.43646
49.844,-263.43225
49.846,-262.7205
49.848,-264.16806
49.85,-266.92
49.852,-269.98593
49.854,-271.4154
49.856,-269.67154
49.858,-263.96793
49.86,-256.12653
49.862,-248.65002
49.864,-244.15532
49.866,-243.77658
49.868,-248.1003
49.87,-255.5889
49.872,-263.66772
49.874,-269.2294
49.876,-271.27377
49.878,-269.80783
49.88,-266.1693
49.882,-261.85455
49.884,-259.32364
49.886,-259.6541
49.888,-262.66708
49.89,-266.58408
49.892,-270.27017
49.894,-272.33627
49.896,-272.17316
49.898,-269.67065
49.9,-266.65097
49.902,-264.73587
49.904,-265.1687
49.906,-267.8469
49.908,-272.76154
49.91,-278.69247
49.912,-284.1808
49.914,-287.62552
49.916,-289.2184
49.918,-289.43298
49.92,-289.18396
49.922,-288.88342
49.924,-289.66006
49.926,-291.57434
49.928,-294.18716
49.93,-296.35315
49.932,-298.20804
49.934,-299.73026
49.936,-301.19162
49.938,-302.4509
49.94,-304.39172
49.942,-307.0779
49.944,-310.19733
49.946,-312.6928
49.948,-314.57693
49.95,-315.58035
49.952,-315.70084
49.954,-314.67343
49.956,-313.4969
49.958,-312.61197
49.96,-312.1986
49.962,-311.5814
49.964,-310.96854
49.966,-309.95505
49.968,-308.19608
49.97,-305.03934
49.972,-301.2691
49.974,-297.3457
49.976,-293.68683
49.978,-289.96606
49.98,-286.74677
49.982,-283.88196
49.984,-281.17886
49.986,-278.0699
49.988,-275.38107
49.99,-273.60437
49.992,-273.17377
49.994,-273.72803
49.996,-275.75128
49.998,-278.90076
50.0,-282.67984
50.002,-286.10715
50.004,-289.54352
50.006,-292.93463
50.008,-296.18842
50.01,-298.56262
50.012,-300.3019
50.014,-301.07706
50.016,-300.69128
50.018,-298.8426
50.02,-296.5463
50.022,-294.46915
50.024,-293.18652
50.026,-292.75156
50.028,-293.51172
50.03,-295.00903
50.032,-296.68875
50.034,-298.05643
50.036,-299.50726
50.038,-301.182
50.04,-303.19287
50.042,-305.30432
50.044,-307.58405
50.046,-309.41907
50.048,-310.19733
50.05,-309.0146
50.052,-306.96344
50.054,-304.92502
50.056,-303.6932
50.058,-302.49426
50.06,-302.1528
50.062,-302.46518
50.064,-303.19287
50.066,-303.32837
50.068,-303.86188
50.07,-305.0517
50.072,-306.6951
50.074,-307.28342
50.076,-306.405
50.078,-303.34793
50.08,-298.1897
50.082,-291.31863
50.084,-284.74335
50.086,-279.28702
50.088,-274.1744
50.09,-266.28693
50.092,-252.654
50.094,-230.33775
50.096,-198.62636
50.098,-159.40027
50.1,-118.25669
50.102,-80.944176
50.104,-51.532784
50.106,-30.270988
50.108,-15.17499
50.11,-2.088164
50.112,12.007639
50.114,26.884037
50.116,36.385796
50.118,31.225214
50.12,1.5009549
50.122,-59.057213
50.124,-151.61087
50.126,-269.37158
50.128,-399.254
50.13,-524.4448
50.132,-629.8843
50.134,-704.0283
50.136,-741.4717
50.138,-742.8568
50.14,-715.2622
50.142,-668.3484
50.144,-612.3896
50.146,-555.7119
50.148,-504.90454
50.15,-462.773
50.152,-429.27307
50.154,-402.08884
50.156,-379.3515
50.158,-359.067
50.16,-340.21643
50.162,-322.39996
50.164,-306.94498
50.166,-294.73517
50.168,-286.18207
50.17,-280.5897
50.172,-277.65836
50.174,-276.34033
50.176,-275.67538
50.178,-274.69138
50.18,-273.63892
50.182,-272.61682
50.184,-271.67282
50.186,-270.3667
50.188,-268.62753
50.19,-266.2361
50.192,-263.16742
50.194,-259.46265
50.196,-255.83856
50.198,-253.05402
50.2,-251.6601
50.202,-251.49397
50.204,-252.29219
50.206,-253.40488
50.208,-254.16168
50.21,-253.66176
50.212,-252.50768
50.214,-250.91583
50.216,-249.15851
50.218,-246.73697
50.22,-244.65405
50.222,-242.46458
50.224,-239.65245
50.226,-235.5009
50.228,-231.29707
50.23,-227.66016
50.232,-225.14323
50.234,-223.54323
50.236,-223.39287
50.238,-224.06027
50.24,-224.64291
50.242,-223.95752
50.244,-222.2326
50.246,-219.62148
50.248,-216.63782
50.25,-213.57523
50.252,-211.5067
50.254,-210.6288
50.256,-210.634
50.258,-210.46077
50.26,-209.86168
50.262,-208.30003
50.264,-205.63081
50.266,-201.8015
50.268,-198.00325
50.27,-194.97255
50.272,-193.12286
50.274,-191.99817
50.276,-191.69518
50.278,-191.69716
50.28,-191.6219
50.282,-191.03375
50.284,-190.72725
50.286,-191.07765
50.288,-192.12222
50.29,-192.96802
50.292,-193.25563
50.294,-192.12286
50.296,-189.12032
50.298,-184.149
50.3,-178.84438
50.302,-174.75139
50.304,-173.11012
50.306,-173.86722
50.308,-176.83284
50.31,-180.50935
50.312,-183.11649
50.314,-182.89867
50.316,-180.08415
50.318,-175.59991
50.32,-171.10886
50.322,-167.90878
50.324,-167.6537
50.326,-170.52563
50.328,-175.61171
50.33,-180.8474
50.332,-185.09998
50.334,-187.38425
50.336,-187.61935
50.338,-186.15654
50.34,-184.8876
50.342,-185.26317
50.344,-188.11967
50.346,-192.87521
50.348,-199.06366
50.35,-205.28278
50.352,-210.13368
50.354,-212.27966
50.356,-212.2211
50.358,-210.8853
50.36,-209.63336
50.362,-209.2479
50.364,-210.93268
50.366,-214.66795
50.368,-219.63972
50.37,-224.1156
50.372,-227.45955
50.374,-229.20598
50.376,-229.64609
50.378,-229.21672
50.38,-229.60982
50.382,-231.8359
50.384,-236.15022
50.386,-241.42813
50.388,-246.87822
50.39,-251.23029
50.392,-253.66136
50.394,-253.6951
50.396,-252.6479
50.398,-251.9006
50.4,-252.66074
50.402,-254.97412
50.404,-259.00052
50.406,-263.9024
50.408,-268.67093
50.41,-272.14056
50.412,-274.73413
50.414,-277.0207
50.416,-279.67792
50.418,-282.56708
50.42,-285.9553
50.422,-289.24213
50.424,-291.68555
50.426,-292.35828
50.428,-291.88638
50.43,-291.0266
50.432,-290.68494
50.434,-290.98297
50.436,-292.49973
50.438,-294.8168
50.44,-297.18906
50.442,-298.4491
50.444,-298.899
50.446,-298.9224
50.448,-299.19034
50.45,-299.80902
50.452,-301.55997
50.454,-304.25055
50.456,-307.19543
50.458,-308.9757
50.46,-309.35635
50.462,-308.03708
50.464,-305.19415
50.466,-300.92242
50.468,-296.68814
50.47,-293.51947
50.472,-292.18588
50.474,-292.48605
50.476,-294.80313
50.478,-298.5311
50.48,-302.69257
50.482,-305.68207
50.484,-307.22928
50.486,-307.00998
50.488,-305.19415
50.49,-301.83133
50.492,-298.3645
50.494,-295.6495
50.496,-294.18716
50.498,-293.4738
50.5,-293.78952
50.502,-294.67816
50.504,-295.6881
50.506,-296.03012
50.508,-296.41418
50.51,-297.1963
50.512,-298.69
50.514,-300.43973
50.516,-302.8076
50.518,-305.28864
50.52,-307.19543
50.522,-307.42075
50.524,-306.34207
50.526,-304.2284
50.528,-301.69193
50.53,-298.9951
50.532,-297.46555
50.534,-297.5485
50.536,-299.19034
50.538,-301.35526
50.54,-303.89972
50.542,-306.05542
50.544,-307.19543
50.546,-306.50668
50.548,-304.816
50.55,-302.77176
50.552,-301.19162
50.554,-300.2936
50.556,-301.1594
50.558,-303.8144
50.56,-307.69574
50.562,-311.27756
50.564,-314.13123
50.566,-315.51935
50.568,-315.20053
50.57,-312.9986
50.572,-310.3902
50.574,-308.3939
50.576,-307.69574
50.578,-307.8592
50.58,-308.96442
50.582,-310.0918
50.584,-310.19733
50.586,-307.9943
50.588,-303.94305
50.59,-298.54984
50.592,-292.6862
50.594,-286.75732
50.596,-282.11047
50.598,-279.1158
50.6,-277.67664
50.602,-276.8647
50.604,-276.85583
50.606,-277.34952
50.608,-278.17697
50.61,-278.76828
50.612,-279.8279
50.614,-281.47223
50.616,-283.68048
50.618,-285.77188
50.62,-288.12378
50.622,-290.51053
50.624,-292.6862
50.626,-293.98923
50.628,-294.94998
50.63,-295.64603
50.632,-296.18842
50.634,-296.38037
50.636,-296.72147
50.638,-297.078
50.64,-297.18906
50.642,-296.6397
50.644,-295.6647
50.646,-294.16705
50.648,-292.18588
50.65,-289.80685
50.652,-287.80215
50.654,-286.51
50.656,-286.18207
50.658,-286.44846
50.66,-287.99524
50.662,-290.63147
50.664,-293.68683
50.666,-295.0842
50.668,-294.8654
50.67,-292.8698
50.672,-289.6843
50.674,-285.53226
50.676,-282.8547
50.678,-282.9846
50.68,-286.18207
50.682,-290.62387
50.684,-295.12653
50.686,-297.83652
50.688,-297.6894
50.69,-294.25137
50.692,-289.4941
50.694,-285.05444
50.696,-281.6792
50.698,-277.9372
50.7,-272.02997
50.702,-260.91687
50.704,-242.15405
50.706,-214.54306
50.708,-180.28119
50.71,-142.7058
50.712,-105.567154
50.714,-71.19868
50.716,-41.39418
50.718,-15.899428
50.72,6.0038195
50.722,24.494387
50.724,36.453976
50.726,36.912724
50.728,19.512413
50.73,-21.12993
50.732,-88.766655
50.734,-182.11688
50.736,-294.68747
50.738,-415.07062
50.74,-530.48724
50.742,-627.9459
50.744,-697.44366
50.746,-733.47614
50.748,-737.2471
50.75,-714.34845
50.752,-673.4284
50.754,-623.4347
50.756,-572.9772
50.758,-527.3796
50.76,-488.81097
50.762,-456.4568
50.764,-429.13425
50.766,-404.97025
50.768,-382.7435
50.77,-361.77502
50.772,-343.19238
50.774,-327.83545
50.776,-316.20114
50.778,-307.6884
50.78,-302.06042
50.782,-298.1448
50.784,-294.68747
50.786,-290.32217
50.788,-285.16232
50.79,-279.425
50.792,-273.6741
50.794,-268.22076
50.796,-263.89575
50.798,-260.93832
50.8,-259.16486
50.802,-257.79056
50.804,-256.41138
50.806,-254.7123
50.808,-252.66074
50.81,-250.19884
50.812,-247.81886
50.814,-245.91331
50.816,-244.65564
50.818,-243.47035
50.82,-242.5494
50.822,-241.52069
50.824,-240.15277
50.826,-237.83064
50.828,-235.84709
50.83,-234.32774
50.832,-233.14832
50.834,-231.39894
50.836,-229.76012
50.838,-227.88852
50.84,-225.64354
50.842,-222.81451
50.844,-220.88046
50.846,-220.55392
50.848,-222.14131
50.85,-224.90167
50.852,-228.60846
50.854,-232.06172
50.856,-234.14896
50.858,-233.91475
50.86,-232.16367
50.862,-229.74615
50.864,-227.64482
50.866,-226.1453
50.868,-225.90692
50.87,-226.49597
50.872,-227.1445
50.874,-226.77466
50.876,-225.64056
50.878,-223.95094
50.88,-222.14131
50.882,-220.22458
50.884,-218.9014
50.886,-218.12305
50.888,-217.63846
50.89,-216.80064
50.892,-216.00339
50.894,-215.28696
50.896,-214.63654
50.898,-213.47252
50.9,-211.99574
50.902,-209.92941
50.904,-207.13177
50.906,-203.3365
50.908,-199.51843
50.91,-196.3079
50.912,-194.12349
50.914,-192.5389
50.916,-191.68358
50.918,-191.03236
50.92,-190.12094
50.922,-188.37114
50.924,-186.57486
50.926,-185.32831
50.928,-185.11777
50.93,-185.59497
50.932,-186.9131
50.934,-188.47037
50.936,-189.62064
50.938,-189.53265
50.94,-188.88869
50.942,-188.33493
50.944,-188.62
50.946,-189.76743
50.948,-192.33444
50.95,-195.89375
50.952,-199.627
50.954,-202.17696
50.956,-203.51727
50.958,-203.67387
50.96,-203.12923
50.962,-202.14157
50.964,-202.00548
50.966,-203.29869
50.968,-206.13113
50.97,-209.64075
50.972,-213.75304
50.974,-217.89928
50.976,-221.641
50.978,-224.29655
50.98,-226.5471
50.982,-228.84627
50.984,-231.64737
50.986,-234.7159
50.988,-238.54524
50.99,-242.87202
50.992,-247.15723
50.994,-250.26572
50.996,-252.29175
50.998,-253.28233
51.0,-253.66136
51.002,-253.6075
51.004,-254.35333
51.006,-256.49612
51.008,-260.1655
51.01,-264.4783
51.012,-269.20444
51.014,-273.62662
51.016,-277.17633
51.018,-279.11392
51.02,-280.08713
51.022,-280.60165
51.024,-281.17886
51.026,-281.6481
51.028,-282.60193
51.03,-284.0024
51.032,-285.68173
51.034,-286.9786
51.036,-288.48987
51.038,-290.58884
51.04,-293.68683
51.042,-297.46634
51.044,-302.32394
51.046,-307.72995
51.048,-312.6989
51.05,-315.5378
51.052,-315.90387
51.054,-313.70346
51.056,-309.69702
51.058,-304.83386
51.06,-301.45392
51.062,-301.06985
51.064,-304.1935
51.066,-309.53647
51.068,-315.92377
51.07,-321.34723
51.072,-324.20624
51.074,-323.37723
51.076,-320.10803
51.078,-315.99118
51.08,-312.6989
51.082,-310.6912
51.084,-310.64673
51.086,-311.85577
51.088,-313.19925
51.09,-313.20963
51.092,-312.27844
51.094,-310.97638
51.096,-310.19733
51.098,-310.09277
51.1,-311.58298
51.102,-314.47995
51.104,-318.20242
51.106,-321.52167
51.108,-324.74326
51.11,-327.92227
51.112,-331.2107
51.114,-334.0071
51.116,-336.68857
51.118,-338.78647
51.12,-339.71613
51.122,-338.4859
51.124,-335.83688
51.126,-332.43274
51.128,-329.20944
51.13,-326.45663
51.132,-325.38525
51.134,-326.0097
51.136,-327.70847
51.138,-328.9149
51.14,-329.37778
51.142,-328.71832
51.144,-327.20816
51.146,-325.1563
51.148,-324.42233
51.15,-326.03174
51.152,-330.21005
51.154,-335.57834
51.156,-341.27145
51.158,-345.5781
51.16,-347.2209
51.162,-345.33334
51.164,-341.5069
51.166,-337.52667
51.168,-335.21326
51.17,-335.11023
51.172,-337.99545
51.174,-343.02002
51.176,-348.72183
51.178,-353.071
51.18,-355.8942
51.182,-357.137
51.184,-357.22726
51.186,-356.11563
51.188,-354.90445
51.19,-353.79227
51.192,-352.7244
51.194,-350.98584
51.196,-349.30673
51.198,-347.86612
51.2,-346.72058
51.202,-345.05414
51.204,-343.17108
51.206,-340.65057
51.208,-337.2145
51.21,-332.37662
51.212,-327.46207
51.214,-323.45285
51.216,-321.20435
51.218,-320.49905
51.22,-321.84177
51.222,-324.56827
51.224,-327.70847
51.226,-329.76514
51.228,-330.9829
51.23,-331.48126
51.232,-331.71103
51.234,-331.60846
51.236,-332.29
51.238,-333.91013
51.24,-336.2139
51.242,-338.1077
51.244,-339.74295
51.246,-340.8005
51.248,-341.21707
51.25,-340.80984
51.252,-340.51266
51.254,-340.62796
51.256,-341.21707
51.258,-341.85117
51.26,-342.67087
51.262,-343.23355
51.264,-343.21835
51.266,-342.44998
51.268,-341.66052
51.27,-341.1744
51.272,-341.21707
51.274,-341.39383
51.276,-342.25507
51.278,-343.52774
51.28,-344.7193
51.282,-344.29446
51.284,-343.0604
51.286,-341.46466
51.288,-340.21643
51.29,-338.9581
51.292,-339.0806
51.294,-340.67773
51.296,-343.21835
51.298,-344.94467
51.3,-345.73358
51.302,-345.2333
51.304,-343.71866
51.306,-341.29922
51.308,-339.61285
51.31,-339.12277
51.312,-339.2158
51.314,-337.49158
51.316,-332.0922
51.318,-320.5323
51.32,-301.19162
51.322,-273.43008
51.324,-239.63153
51.326,-202.78554
51.328,-166.10567
51.33,-131.42624
51.332,-100.35237
51.334,-72.33374
51.336,-46.02928
51.338,-20.13776
51.34,3.3477454
51.342,20.17905
51.344,23.51496
51.346,5.9354334
51.348,-39.894634
51.35,-116.68181
51.352,-221.14069
51.354,-343.11115
51.356,-468.82108
51.358,-582.14056
51.36,-668.92554
51.362,-719.80493
51.364,-733.6844
51.366,-715.6427
51.368,-675.4297
51.37,-623.91003
51.372,-571.7733
51.374,-525.69604
51.376,-488.31064
51.378,-458.46313
51.38,-434.39905
51.382,-413.55942
51.384,-394.2508
51.386,-375.55652
51.388,-358.72275
51.39,-344.73056
51.392,-334.21262
51.394,-326.63666
51.396,-321.87936
51.398,-318.79578
51.4,-316.20114
51.402,-312.84747
51.404,-309.08478
51.406,-305.20972
51.408,-301.69193
51.41,-298.51758
51.412,-296.14722
51.414,-294.35797
51.416,-292.6862
51.418,-290.39227
51.42,-287.47836
51.422,-284.11603
51.424,-280.67856
51.426,-277.29254
51.428,-274.33517
51.43,-271.95966
51.432,-270.17188
51.434,-268.5037
51.436,-267.32416
51.438,-266.58768
51.44,-266.1693
51.442,-265.19238
51.444,-264.28006
51.446,-262.90906
51.448,-260.66583
51.45,-256.95288
51.452,-253.26443
51.454,-250.19858
51.456,-248.15787
51.458,-246.68474
51.46,-246.18213
51.462,-245.84167
51.464,-244.65564
51.466,-241.40637
51.468,-236.56967
51.47,-230.64178
51.472,-224.64291
51.474,-219.42647
51.476,-216.64505
51.478,-216.7208
51.48,-219.1394
51.482,-222.16068
51.484,-224.64711
51.486,-225.08406
51.488,-222.64163
51.49,-217.10672
51.492,-210.21538
51.494,-203.69493
51.496,-199.12668
51.498,-197.00523
51.5,-197.86005
51.502,-200.84872
51.504,-204.63017
51.506,-207.48274
51.508,-209.10336
51.51,-209.2601
51.512,-208.1324
51.514,-205.65265
51.516,-202.68755
51.518,-199.47256
51.52,-196.12477
51.522,-192.37071
51.524,-189.06804
51.526,-186.69217
51.528,-185.61809
51.53,-185.49146
51.532,-186.55852
51.534,-188.2105
51.536,-189.62064
51.538,-189.5859
51.54,-188.28879
51.542,-185.93227
51.544,-183.11649
51.546,-180.15944
51.548,-178.38289
51.55,-178.34123
51.552,-180.11458
51.554,-182.84279
51.556,-186.37056
51.558,-190.00128
51.56,-193.12286
51.562,-194.89278
51.564,-195.81982
51.566,-196.25043
51.568,-196.62509
51.57,-196.81677
51.572,-197.58517
51.574,-199.04619
51.576,-201.12794
51.578,-203.15652
51.58,-205.50822
51.582,-208.17921
51.584,-211.13431
51.586,-213.76056
51.588,-216.3828
51.59,-218.87627
51.592,-221.14069
51.594,-222.67311
51.596,-224.15225
51.598,-225.8981
51.6,-228.14514
51.602,-230.45341
51.604,-233.24321
51.606,-236.4735
51.608,-240.15277
51.61,-243.91788
51.612,-248.49448
51.614,-254.11638
51.616,-260.66583
51.618,-267.06805
51.62,-272.9282
51.622,-277.4489
51.624,-280.17825
51.626,-280.7578
51.628,-280.38297
51.63,-280.09406
51.632,-280.67856
51.634,-281.848
51.636,-283.72385
51.638,-285.78537
51.64,-287.683
51.642,-289.07068
51.644,-291.07648
51.646,-294.51343
51.648,-299.69064
51.65,-305.53998
51.652,-311.1594
51.654,-314.93903
51.656,-315.70084
51.658,-312.83365
51.66,-307.96866
51.662,-303.11215
51.664,-300.19098
51.666,-299.72998
51.668,-301.99243
51.67,-305.7167
51.672,-309.1967
51.674,-310.60452
51.676,-310.1016
51.678,-308.39377
51.68,-306.6951
51.682,-305.5664
51.684,-305.97775
51.686,-307.643
51.688,-309.69702
51.69,-310.68106
51.692,-310.60373
51.694,-309.5884
51.696,-308.19608
51.698,-306.57617
51.7,-305.82373
51.702,-306.11923
51.704,-307.19543
51.706,-307.95657
51.708,-308.47412
51.71,-308.4301
51.712,-307.69574
51.714,-305.7708
51.716,-303.4914
51.718,-301.20197
51.72,-299.19034
51.722,-297.11014
51.724,-295.74728
51.726,-295.26123
51.728,-295.6881
51.73,-296.37576
51.732,-297.79187
51.734,-299.69855
51.736,-301.69193
51.738,-302.72815
51.74,-303.0445
51.742,-302.49066
51.744,-301.19162
51.746,-299.03833
51.748,-297.30347
51.75,-296.61258
51.752,-297.18906
51.754,-298.1893
51.756,-299.56125
51.758,-300.56448
51.76,-300.69128
51.762,-299.4112
51.764,-297.97467
51.766,-297.32553
51.768,-298.1897
51.77,-300.16174
51.772,-303.4421
51.774,-307.2324
51.776,-310.69766
51.778,-312.79764
51.78,-314.27277
51.782,-315.61105
51.784,-317.20178
51.786,-318.44992
51.788,-319.55298
51.79,-319.93082
51.792,-319.20306
51.794,-316.98456
51.796,-314.73956
51.798,-313.5756
51.8,-314.1999
51.802,-315.90598
51.804,-318.3246
51.806,-320.01926
51.808,-319.70337
51.81,-316.32877
51.812,-311.1353
51.814,-305.57928
51.816,-301.19162
51.818,-298.337
51.82,-297.64203
51.822,-298.31354
51.824,-299.19034
51.826,-298.82263
51.828,-297.72928
51.83,-296.552
51.832,-296.18842
51.834,-296.7179
51.836,-298.8479
51.838,-302.11008
51.84,-305.69446
51.842,-308.34372
51.844,-310.44788
51.846,-312.26627
51.848,-314.1999
51.85,-315.94476
51.852,-317.98508
51.854,-319.9129
51.856,-321.20435
51.858,-321.12933
51.86,-320.32187
51.862,-319.19016
51.864,-318.20242
51.866,-317.40656
51.868,-317.27228
51.87,-317.4973
51.872,-317.70212
51.874,-317.50314
51.876,-317.43753
51.878,-317.66653
51.88,-318.20242
51.882,-318.40494
51.884,-318.44598
51.886,-317.94125
51.888,-316.70148
51.89,-314.0425
51.892,-311.6724
51.894,-310.79004
51.896,-312.1986
51.898,-314.77225
51.9,-318.5445
51.902,-322.273
51.904,-324.70657
51.906,-324.28064
51.908,-321.94815
51.91,-318.70166
51.912,-315.70084
51.914,-313.03302
51.916,-311.50922
51.918,-310.67975
51.92,-309.69702
51.922,-307.04443
51.924,-302.64188
51.926,-295.82336
51.928,-285.68173
51.93,-270.46857
51.932,-249.76024
51.934,-223.19943
51.936,-191.6219
51.938,-156.68561
51.94,-122.19444
51.942,-91.29387
51.944,-66.042015
51.946,-46.49054
51.948,-32.979034
51.95,-25.584486
51.952,-26.01655
51.954,-37.70282
51.956,-66.81803
51.958,-118.46255
51.96,-194.62381
51.962,-291.6541
51.964,-401.56458
51.966,-511.7224
51.968,-608.387
51.97,-679.6479
51.972,-719.80475
51.974,-728.6004
51.976,-710.9523
51.978,-674.369
51.98,-628.1849
51.982,-579.8287
51.984,-534.3399
51.986,-493.84033
51.988,-459.80264
51.99,-432.0268
51.992,-409.76068
51.994,-391.54416
51.996,-376.9662
51.998,-365.01852
52.0,-354.72568
52.002,-344.8298
52.004,-335.51257
52.006,-326.7409
52.008,-318.70276
52.01,-311.2164
52.012,-305.13785
52.014,-300.64902
52.016,-297.6894
52.018,-295.57248
52.02,-294.3613
52.022,-293.6869
52.024,-293.18652
52.026,-292.25012
52.028,-291.0751
52.03,-289.82104
52.032,-288.68365
52.034,-287.45013
52.036,-286.31668
52.038,-285.2493
52.04,-284.1808
52.042,-282.6847
52.044,-281.24936
52.046,-280.0431
52.048,-279.1776
52.05,-277.9903
52.052,-277.21756
52.054,-276.43356
52.056,-275.17505
52.058,-272.5426
52.06,-269.7139
52.062,-266.8773
52.064,-264.16806
52.066,-261.12122
52.068,-258.60565
52.07,-256.5133
52.072,-254.662
52.074,-252.5047
52.076,-250.84143
52.078,-249.86287
52.08,-249.65883
52.082,-249.70764
52.084,-250.3568
52.086,-251.17499
52.088,-251.6601
52.09,-251.02644
52.092,-249.8017
52.094,-248.22722
52.096,-246.6569
52.098,-244.99127
52.1,-243.95
52.102,-243.45659
52.104,-243.15468
52.106,-242.15602
52.108,-240.5862
52.11,-238.2416
52.112,-235.1496
52.114,-231.19199
52.116,-227.41777
52.118,-224.41916
52.12,-222.64163
52.122,-221.85187
52.124,-222.4495
52.126,-223.96999
52.128,-225.64354
52.13,-226.18721
52.132,-225.4326
52.134,-223.05339
52.136,-219.1394
52.138,-213.77995
52.14,-208.305
52.142,-203.5632
52.144,-200.12732
52.146,-197.73125
52.148,-196.67557
52.15,-196.4952
52.152,-196.62509
52.154,-196.22975
52.156,-195.72714
52.158,-195.38416
52.16,-195.62445
52.162,-196.40959
52.164,-198.43236
52.166,-201.53691
52.168,-205.1305
52.17,-207.8829
52.172,-209.47762
52.174,-209.40996
52.176,-207.63208
52.178,-204.15062
52.18,-200.35966
52.182,-197.27141
52.184,-195.62445
52.186,-195.21861
52.188,-196.35751
52.19,-198.53659
52.192,-201.12794
52.194,-203.18274
52.196,-204.99236
52.198,-206.61327
52.2,-208.1324
52.202,-209.07906
52.204,-209.84822
52.206,-210.36504
52.208,-210.634
52.21,-210.40163
52.212,-210.59634
52.214,-211.74608
52.216,-214.13623
52.218,-217.16644
52.22,-220.73409
52.222,-224.00833
52.224,-226.14386
52.226,-226.20918
52.228,-224.79526
52.23,-222.71507
52.232,-221.14069
52.234,-220.77061
52.236,-222.84091
52.238,-227.5057
52.24,-234.14896
52.242,-241.14122
52.244,-247.61827
52.246,-252.59737
52.248,-255.66264
52.25,-256.59918
52.252,-256.6213
52.254,-256.6264
52.256,-257.1636
52.258,-257.7364
52.26,-258.3499
52.262,-258.4361
52.264,-257.6639
52.266,-255.76921
52.268,-253.99326
52.27,-253.3837
52.272,-254.662
52.274,-257.3647
52.276,-261.205
52.278,-265.01694
52.28,-267.6703
52.282,-268.10577
52.284,-267.01233
52.286,-265.2315
52.288,-263.66772
52.29,-262.32822
52.292,-261.6191
52.294,-261.072
52.296,-260.1655
52.298,-258.27628
52.3,-256.41968
52.302,-255.58829
52.304,-256.66327
52.306,-259.39243
52.308,-263.72992
52.31,-268.47165
52.312,-272.17316
52.314,-273.2507
52.316,-272.01816
52.318,-269.2288
52.32,-266.1693
52.322,-263.63025
52.324,-263.03848
52.326,-264.67816
52.328,-268.1706
52.33,-272.20413
52.332,-276.52188
52.334,-280.4997
52.336,-283.68048
52.338,-285.22443
52.34,-285.57562
52.342,-284.8182
52.344,-283.18015
52.346,-280.52164
52.348,-277.99567
52.35,-276.24335
52.352,-275.67538
52.354,-275.81903
52.356,-277.014
52.358,-278.91895
52.36,-281.17886
52.362,-283.07358
52.364,-285.2014
52.366,-287.72797
52.368,-290.68494
52.37,-293.36972
52.372,-295.9666
52.374,-298.13397
52.376,-299.69064
52.378,-300.2739
52.38,-300.8934
52.382,-302.1124
52.384,-304.1935
52.386,-306.3891
52.388,-308.6058
52.39,-310.0731
52.392,-310.19733
52.394,-308.3651
52.396,-305.7373
52.398,-303.35278
52.4,-302.19223
52.402,-302.23688
52.404,-303.96124
52.406,-306.74844
52.408,-309.69702
52.41,-311.49835
52.412,-312.46027
52.414,-312.856
52.416,-313.19925
52.418,-313.3745
52.42,-314.1707
52.422,-315.43765
52.424,-316.70148
52.426,-316.84552
52.428,-316.09012
52.43,-314.34836
52.432,-311.6983
52.434,-307.7421
52.436,-303.27423
52.438,-298.5252
52.44,-293.68683
52.442,-288.43036
52.444,-283.71207
52.446,-279.99924
52.448,-277.67664
52.45,-276.38977
52.452,-276.77133
52.454,-278.66028
52.456,-281.6792
52.458,-284.7882
52.46,-288.2196
52.462,-291.73868
52.464,-295.18777
52.466,-297.90665
52.468,-300.49866
52.47,-302.9606
52.472,-305.19415
52.474,-306.55203
52.476,-307.53452
52.478,-308.18805
52.48,-308.69638
52.482,-309.058
52.484,-310.11862
52.486,-312.05145
52.488,-314.7002
52.49,-317.37332
52.492,-319.85593
52.494,-321.45358
52.496,-321.70465
52.498,-320.4018
52.5,-318.44806
52.502,-316.51294
52.504,-315.20053
52.506,-314.29456
52.508,-314.57416
52.51,-315.87775
52.512,-317.70212
52.514,-318.35168
52.516,-318.34143
52.518,-317.81195
52.52,-317.20178
52.522,-316.06552
52.524,-315.73953
52.526,-316.52103
52.528,-318.20242
52.53,-319.4301
52.532,-320.21582
52.534,-320.25708
52.536,-319.70337
52.538,-318.45184
52.54,-317.6113
52.542,-317.09027
52.544,-315.70084
52.546,-310.66754
52.548,-300.04883
52.55,-281.9795
52.552,-256.16296
52.554,-223.7812
52.556,-188.84857
52.558,-155.29614
52.56,-126.08021
52.562,-101.6524
52.564,-81.540215
52.566,-63.564575
52.568,-46.02928
52.57,-28.894901
52.572,-16.337608
52.574,-14.625813
52.576,-31.019733
52.578,-70.93821
52.58,-137.39055
52.582,-227.84134
52.584,-334.71292
52.586,-446.22397
52.588,-550.31995
52.59,-635.4852
52.592,-693.44116
52.594,-719.97266
52.596,-716.83624
52.598,-689.2448
52.6,-644.9103
52.602,-591.77704
52.604,-538.0389
52.606,-489.23288
52.608,-448.2852
52.61,-415.25522
52.612,-389.66724
52.614,-369.73685
52.616,-353.72504
52.618,-339.96042
52.62,-328.57526
52.622,-319.51764
52.624,-312.6989
52.626,-307.244
52.628,-303.0473
52.63,-299.27054
52.632,-295.18777
52.634,-290.0583
52.636,-284.6136
52.638,-279.45413
52.64,-275.17505
52.642,-271.71506
52.644,-269.41202
52.646,-268.02127
52.648,-267.16995
52.65,-266.24084
52.652,-265.39685
52.654,-264.81537
52.656,-264.66837
52.658,-264.64236
52.66,-264.75543
52.662,-264.80637
52.664,-264.66837
52.666,-263.91772
52.668,-263.41806
52.67,-263.47253
52.672,-264.16806
52.674,-264.57742
52.676,-265.13437
52.678,-264.92993
52.68,-263.16742
52.682,-259.03806
52.684,-254.19487
52.686,-249.81967
52.688,-247.15723
52.69,-246.56996
52.692,-248.88272
52.694,-253.17116
52.696,-257.6639
52.698,-259.89334
52.7,-258.97623
52.702,-254.46495
52.704,-247.15723
52.706,-238.48508
52.708,-231.4109
52.71,-227.99075
52.712,-229.14577
52.714,-233.87448
52.716,-240.88228
52.718,-247.62344
52.72,-251.6601
52.722,-251.06659
52.724,-246.36922
52.726,-238.98462
52.728,-231.14705
52.73,-224.66373
52.732,-221.59666
52.734,-222.25838
52.736,-225.64354
52.738,-229.42351
52.74,-232.20041
52.742,-232.69405
52.744,-230.64673
52.746,-226.35976
52.748,-221.86902
52.75,-218.68993
52.752,-217.63846
52.754,-218.0182
52.756,-219.30383
52.758,-220.07202
52.76,-219.1394
52.762,-215.63766
52.764,-210.76398
52.766,-205.9302
52.768,-202.6289
52.77,-201.32527
52.772,-202.67555
52.774,-206.00449
52.776,-210.13368
52.778,-213.41066
52.78,-215.7969
52.782,-217.3783
52.784,-218.63908
52.786,-219.59143
52.788,-221.11278
52.79,-223.22481
52.792,-225.64354
52.794,-227.50154
52.796,-229.17883
52.798,-230.81778
52.8,-232.648
52.802,-234.28621
52.804,-236.34668
52.806,-238.81985
52.808,-241.65373
52.81,-244.35393
52.812,-247.67238
52.814,-251.91423
52.816,-257.1636
52.818,-262.5821
52.82,-268.0685
52.822,-272.8474
52.824,-276.1757
52.826,-277.08084
52.828,-276.22665
52.83,-274.28598
52.832,-272.17316
52.834,-270.2171
52.836,-269.59467
52.838,-270.62213
52.84,-273.17377
52.842,-276.26086
52.844,-279.91595
52.846,-283.79318
52.848,-287.683
52.85,-290.96536
52.852,-294.19635
52.854,-297.46332
52.856,-300.69128
52.858,-303.09424
52.86,-304.92142
52.862,-306.08362
52.864,-306.6951
52.866,-306.5836
52.868,-306.8134
52.87,-307.9418
52.872,-310.19733
52.874,-312.82193
52.876,-315.7746
52.878,-318.40875
52.88,-320.2037
52.882,-320.46896
52.884,-320.09366
52.886,-319.78656
52.888,-320.2037
52.89,-321.11575
52.892,-322.96716
52.894,-325.35034
52.896,-327.70847
52.898,-329.0878
52.9,-330.0031
52.902,-330.75732
52.904,-331.71103
52.906,-332.5243
52.908,-333.7251
52.91,-335.06854
52.912,-336.2139
52.914,-336.42844
52.916,-336.40982
52.918,-336.55057
52.92,-337.2145
52.922,-337.98456
52.924,-339.23834
52.926,-340.5185
52.928,-341.21707
52.93,-340.29675
52.932,-338.2146
52.934,-335.2133
52.936,-331.71103
52.938,-327.5956
52.94,-323.87067
52.942,-320.84467
52.944,-318.70276
52.946,-317.04306
52.948,-316.64017
52.95,-317.58527
52.952,-319.70337
52.954,-321.98685
52.956,-324.39868
52.958,-326.298
52.96,-327.20816
52.962,-326.4743
52.964,-325.00092
52.966,-323.28656
52.968,-321.70465
52.97,-319.80164
52.972,-317.97903
52.974,-315.8797
52.976,-313.19925
52.978,-309.43192
52.98,-305.6416
52.982,-302.53018
52.984,-300.69128
52.986,-299.82425
52.988,-300.36047
52.99,-301.7323
52.992,-303.19287
52.994,-303.60645
52.996,-303.45966
52.998,-303.0119
53.0,-302.69257
53.002,-302.33127
53.004,-302.7514
53.006,-303.8391
53.008,-305.19415
53.01,-305.79788
53.012,-305.96582
53.014,-305.58896
53.016,-304.69385
53.018,-302.84204
53.02,-300.83362
53.022,-298.78622
53.024,-296.68875
53.026,-293.94324
53.028,-291.18405
53.03,-288.54037
53.032,-286.18207
53.034,-283.75043
53.036,-282.0437
53.038,-281.09915
53.04,-280.67856
53.042,-279.7895
53.044,-278.5768
53.046,-276.71884
53.048,-274.1744
53.05,-270.7591
53.052,-267.80746
53.054,-266.11414
53.056,-266.1693
53.058,-267.4496
53.06,-270.1406
53.062,-273.59357
53.064,-277.17633
53.066,-280.0199
53.068,-282.73627
53.07,-285.48477
53.072,-288.18332
53.074,-289.84155
53.076,-290.34744
53.078,-289.13913
53.08,-286.18207
53.082,-281.81876
53.084,-277.99615
53.086,-276.18323
53.088,-277.17633
53.09,-280.46033
53.092,-285.0536
53.094,-288.99344
53.096,-290.68494
53.098,-289.61288
53.1,-287.03152
53.102,-284.55936
53.104,-283.68048
53.106,-284.85294
53.108,-287.78326
53.11,-290.817
53.112,-292.18588
53.114,-290.33606
53.116,-286.53046
53.118,-282.533
53.12,-280.17825
53.122,-279.30283
53.124,-280.47647
53.126,-282.56177
53.128,-284.1808
53.13,-283.5924
53.132,-281.88098
53.134,-280.212
53.136,-279.67792
53.138,-279.84857
53.14,-280.76965
53.142,-281.44785
53.144,-281.17886
53.146,-279.44894
53.148,-277.6205
53.15,-276.17935
53.152,-274.1744
53.154,-268.2497
53.156,-255.06488
53.158,-231.30652
53.16,-196.12477
53.162,-151.68973
53.164,-104.24687
53.166,-60.320545
53.168,-24.515596
53.17,2.8027258
53.172,23.75269
53.174,42.402573
53.176,61.03883
53.178,77.99072
53.18,85.36148
53.182,72.72161
53.184,30.519415
53.186,-45.29269
53.188,-152.23106
53.19,-279.7256
53.192,-412.26227
53.194,-533.0509
53.196,-629.5486
53.198,-694.3172
53.2,-725.96185
53.202,-727.4673
53.204,-705.7164
53.206,-668.03326
53.208,-621.3953
53.21,-571.37494
53.212,-523.3925
53.214,-480.9312
53.216,-445.7836
53.218,-417.52255
53.22,-395.2515
53.222,-376.72455
53.224,-359.72885
53.226,-342.41718
53.228,-325.30838
53.23,-309.43573
53.232,-296.18842
53.234,-286.0903
53.236,-279.9845
53.238,-277.36157
53.24,-277.17633
53.242,-277.8977
53.244,-279.1939
53.246,-280.6941
53.248,-282.1795
53.25,-283.067
53.252,-283.16675
53.254,-282.11624
53.256,-279.67792
53.258,-275.65912
53.26,-270.56015
53.262,-265.14337
53.264,-260.1655
53.266,-255.83546
53.268,-252.42294
53.27,-249.90271
53.272,-248.15787
53.274,-246.56923
53.276,-245.79381
53.278,-245.7435
53.28,-246.1566
53.282,-245.91272
53.284,-245.58466
53.286,-244.60037
53.288,-242.65437
53.29,-239.45683
53.292,-236.98866
53.294,-236.53525
53.296,-239.15215
53.298,-244.77663
53.3,-253.74016
53.302,-264.70828
53.304,-275.67538
53.306,-284.08936
53.308,-288.97714
53.31,-289.60678
53.312,-286.18207
53.314,-279.3058
53.316,-270.94373
53.318,-262.45056
53.32,-254.662
53.322,-247.38046
53.324,-240.8632
53.326,-234.70308
53.328,-228.64546
53.33,-222.43613
53.332,-217.20532
53.334,-213.75029
53.336,-212.63527
53.338,-213.4833
53.34,-216.28622
53.342,-220.05818
53.344,-223.64227
53.346,-225.70776
53.348,-226.41805
53.35,-226.03125
53.352,-225.14323
53.354,-223.95972
53.356,-223.37576
53.358,-223.40384
53.36,-223.64227
53.362,-223.07144
53.364,-221.77104
53.366,-219.6933
53.368,-217.13814
53.37,-214.1767
53.372,-211.88054
53.374,-210.58138
53.376,-210.13368
53.378,-209.47623
53.38,-208.38985
53.382,-206.3263
53.384,-203.12923
53.386,-198.66943
53.388,-194.36873
53.39,-191.2672
53.392,-190.12094
53.394,-190.60358
53.396,-192.90874
53.398,-196.23419
53.4,-199.627
53.402,-201.86212
53.404,-203.31859
53.406,-204.37387
53.408,-205.63081
53.41,-207.10022
53.412,-209.50945
53.414,-212.69678
53.416,-216.1375
53.418,-218.70847
53.42,-220.49951
53.422,-221.52902
53.424,-222.14131
53.426,-222.35966
53.428,-223.23398
53.43,-225.14957
53.432,-228.14514
53.434,-231.44402
53.436,-235.19913
53.438,-239.14674
53.44,-243.15468
53.442,-246.74884
53.444,-250.64993
53.446,-255.10823
53.448,-260.1655
53.45,-265.0638
53.452,-269.8522
53.454,-274.03467
53.456,-277.17633
53.458,-278.5786
53.46,-278.96286
53.462,-278.93002
53.464,-279.1776
53.466,-279.75986
53.468,-281.45245
53.47,-284.22363
53.472,-287.683
53.474,-290.7565
53.476,-293.4097
53.478,-295.39844
53.48,-296.68875
53.482,-296.89282
53.484,-296.7675
53.486,-296.63458
53.488,-296.68875
53.49,-296.44324
53.492,-296.37076
53.494,-296.46304
53.496,-296.68875
53.498,-296.5103
53.5,-296.55142
53.502,-297.04556
53.504,-298.1897
53.506,-299.50977
53.508,-301.50876
53.51,-304.02887
53.512,-306.6951
53.514,-308.4407
53.516,-309.40118
53.518,-309.44244
53.52,-308.69638
53.522,-306.9954
53.524,-305.5243
53.526,-304.95685
53.528,-305.69446
53.53,-307.1349
53.532,-309.47485
53.534,-312.08328
53.536,-314.1999
53.538,-314.5989
53.54,-313.66107
53.542,-311.65714
53.544,-309.1967
53.546,-306.46616
53.548,-304.88715
53.55,-305.07504
53.552,-307.19543
53.554,-310.33948
53.556,-314.49252
53.558,-318.87997
53.56,-322.7053
53.562,-324.7716
53.564,-325.50693
53.566,-325.14874
53.568,-324.20624
53.57,-322.75626
53.572,-322.11182
53.574,-322.84668
53.576,-325.20688
53.578,-328.51434
53.58,-332.97845
53.582,-337.9798
53.584,-342.71802
53.586,-345.8499
53.588,-347.46844
53.59,-347.4854
53.592,-346.22025
53.594,-343.7795
53.596,-341.67682
53.598,-340.708
53.6,-341.21707
53.602,-342.42386
53.604,-344.3623
53.606,-346.32056
53.608,-347.7212
53.61,-347.80316
53.612,-347.5268
53.614,-347.50894
53.616,-348.22153
53.618,-349.13968
53.62,-350.532
53.622,-351.7711
53.624,-352.22406
53.626,-351.01288
53.628,-349.0229
53.63,-346.89243
53.632,-345.2196
53.634,-343.66965
53.636,-342.67612
53.638,-341.72568
53.64,-340.21643
53.642,-337.24454
53.644,-333.58755
53.646,-329.74487
53.648,-326.20752
53.65,-322.6349
53.652,-319.59875
53.654,-316.85706
53.656,-314.1999
53.658,-311.14853
53.66,-308.84006
53.662,-307.9134
53.664,-308.69638
53.666,-310.35187
53.668,-312.82492
53.67,-315.1871
53.672,-316.70148
53.674,-316.63324
53.676,-316.24564
53.678,-316.51688
53.68,-318.20242
53.682,-320.84485
53.684,-324.43015
53.686,-327.78403
53.688,-329.70975
53.69,-329.1933
53.692,-327.06448
53.694,-324.31506
53.696,-322.205
53.698,-321.52072
53.7,-322.97205
53.702,-325.83344
53.704,-328.7091
53.706,-330.03046
53.708,-329.198
53.71,-325.9109
53.712,-320.704
53.714,-314.4565
53.716,-309.19022
53.718,-306.01108
53.72,-305.19415
53.722,-305.2502
53.724,-306.12286
53.726,-307.06274
53.728,-307.69574
53.73,-307.14233
53.732,-306.9486
53.734,-307.98135
53.736,-310.69766
53.738,-314.0979
53.74,-318.12286
53.742,-321.77863
53.744,-324.20624
53.746,-324.4278
53.748,-323.33072
53.75,-321.4841
53.752,-319.20306
53.754,-315.5556
53.756,-309.94366
53.758,-300.49518
53.76,-285.18143
53.762,-262.07153
53.764,-231.65468
53.766,-195.31995
53.768,-155.59898
53.77,-114.941826
53.772,-76.45479
53.774,-41.465305
53.776,-10.006366
53.778,18.941408
53.78,44.506584
53.782,64.361565
53.784,73.54679
53.786,65.495636
53.788,32.28032
53.79,-30.974474
53.792,-124.07893
53.794,-239.98114
53.796,-366.87543
53.798,-489.00525
53.8,-590.8759
53.802,-660.5281
53.804,-693.5195
53.806,-691.8322
53.808,-662.92175
53.81,-616.5807
53.812,-563.5206
53.814,-511.5784
53.816,-465.296
53.818,-425.79514
53.82,-393.32352
53.822,-366.81393
53.824,-345.2196
53.826,-327.39084
53.828,-313.48727
53.83,-303.023
53.832,-295.18777
53.834,-288.4854
53.836,-282.4095
53.838,-276.20914
53.84,-269.67154
53.842,-262.83435
53.844,-257.09894
53.846,-253.38945
53.848,-252.16042
53.85,-252.80353
53.852,-254.71515
53.854,-256.58453
53.856,-257.1636
53.858,-255.49275
53.86,-251.82457
53.862,-247.00822
53.864,-242.15405
53.866,-237.93018
53.868,-234.72339
53.87,-232.42702
53.872,-230.64673
53.874,-228.70041
53.876,-226.79283
53.878,-225.16476
53.88,-224.1426
53.882,-223.32634
53.884,-223.38017
53.886,-223.7015
53.888,-223.64227
53.89,-222.385
53.892,-221.1795
53.894,-220.49524
53.896,-220.64037
53.898,-221.07324
53.9,-221.9352
53.902,-222.17802
53.904,-220.64037
53.906,-216.19125
53.908,-209.46135
53.91,-201.31224
53.912,-193.12286
53.914,-186.01404
53.916,-181.6899
53.918,-180.66211
53.92,-182.61618
53.922,-186.22696
53.924,-190.66655
53.926,-194.63719
53.928,-197.1254
53.93,-197.28163
53.932,-195.70724
53.934,-193.03717
53.936,-190.12094
53.938,-187.37022
53.94,-185.84073
53.942,-185.69623
53.944,-186.61871
53.946,-187.5489
53.948,-188.14948
53.95,-187.68556
53.952,-185.61809
53.954,-181.36215
53.956,-175.66809
53.958,-169.26208
53.96,-163.10376
53.962,-157.75725
53.964,-154.45303
53.966,-153.50737
53.968,-154.59834
53.97,-156.44301
53.972,-158.4573
53.974,-159.79797
53.976,-160.10185
53.978,-159.2032
53.98,-158.39236
53.982,-158.65709
53.984,-160.60217
53.986,-163.66634
53.988,-167.50603
53.99,-170.8898
53.992,-172.6098
53.994,-171.58595
53.996,-168.57608
53.998,-164.8383
54.0,-162.10312
54.002,-161.53355
54.004,-164.53206
54.006,-171.0873
54.008,-180.11458
54.01,-189.3457
54.012,-197.34369
54.014,-202.7603
54.016,-205.1305
54.018,-204.50543
54.02,-202.66861
54.022,-201.27151
54.024,-201.62827
54.026,-203.82355
54.028,-208.06445
54.03,-213.52855
54.032,-219.1394
54.034,-223.52747
54.036,-226.79106
54.038,-229.1596
54.04,-231.14705
54.042,-232.78406
54.044,-234.806
54.046,-237.30482
54.048,-240.15277
54.05,-242.70515
54.052,-245.32312
54.054,-248.11914
54.056,-251.15977
54.058,-253.88005
54.06,-256.43842
54.062,-258.58234
54.064,-260.1655
54.066,-260.84045
54.068,-261.45535
54.07,-262.6057
54.072,-264.66837
54.074,-267.1016
54.076,-269.8777
54.078,-272.39496
54.08,-274.1744
54.082,-274.68317
54.084,-274.81995
54.086,-275.41757
54.088,-277.17633
54.09,-279.82556
54.092,-283.4528
54.094,-287.33856
54.096,-290.68494
54.098,-292.51852
54.1,-293.3549
54.102,-293.7107
54.104,-294.18716
54.106,-294.67645
54.108,-295.63773
54.11,-296.7812
54.112,-297.6894
54.114,-297.60495
54.116,-297.1339
54.118,-296.69675
54.12,-296.68875
54.122,-296.7184
54.124,-297.05414
54.126,-297.21805
54.128,-296.68875
54.13,-294.70987
54.132,-292.0658
54.134,-289.46118
54.136,-287.683
54.138,-286.75482
54.14,-287.3548
54.142,-289.2008
54.144,-291.68555
54.146,-293.63965
54.148,-295.22125
54.15,-296.36813
54.152,-297.18906
54.154,-297.30795
54.156,-297.4034
54.158,-297.54163
54.16,-297.6894
54.162,-297.26468
54.164,-296.82553
54.166,-296.35718
54.168,-295.6881
54.17,-293.98764
54.172,-291.5503
54.174,-288.34314
54.176,-284.6811
54.178,-280.75153
54.18,-278.16544
54.182,-277.8567
54.184,-280.17825
54.186,-284.12537
54.188,-289.18497
54.19,-293.9518
54.192,-297.18906
54.194,-297.7486
54.196,-296.56314
54.198,-294.6533
54.2,-293.18652
54.202,-292.4186
54.204,-293.20844
54.206,-295.213
54.208,-297.6894
54.21,-299.3303
54.212,-300.38345
54.214,-300.9166
54.216,-301.19162
54.218,-300.8688
54.22,-300.65393
54.222,-300.48938
54.224,-300.19098
54.226,-299.06036
54.228,-297.8232
54.23,-296.78424
54.232,-296.18842
54.234,-295.48575
54.236,-295.1237
54.238,-294.80014
54.24,-294.18716
54.242,-292.57352
54.244,-290.82648
54.246,-289.50406
54.248,-289.18396
54.25,-289.67172
54.252,-291.64636
54.254,-294.84085
54.256,-298.69
54.258,-301.99423
54.26,-304.94763
54.262,-307.4707
54.264,-309.69702
54.266,-311.30038
54.268,-313.12225
54.27,-315.2957
54.272,-317.70212
54.274,-319.5207
54.276,-321.00085
54.278,-321.91827
54.28,-322.205
54.282,-321.63318
54.284,-321.04514
54.286,-320.8164
54.288,-321.20435
54.29,-322.05606
54.292,-323.6359
54.294,-325.52716
54.296,-327.20816
54.298,-328.11
54.3,-328.49228
54.302,-328.43552
54.304,-328.2088
54.306,-327.78284
54.308,-328.10367
54.31,-329.33878
54.312,-331.2107
54.314,-332.1013
54.316,-332.25623
54.318,-331.43948
54.32,-329.70975
54.322,-326.34628
54.324,-322.89407
54.326,-320.26636
54.328,-319.20306
54.33,-319.2351
54.332,-321.04178
54.334,-324.1706
54.336,-327.70847
54.338,-329.8141
54.34,-330.02344
54.342,-327.586
54.344,-322.205
54.346,-313.4355
54.348,-302.29144
54.35,-288.9851
54.352,-273.17377
54.354,-253.4238
54.356,-229.49435
54.358,-201.12039
54.36,-169.10757
54.362,-134.86346
54.364,-101.71466
54.366,-72.1366
54.368,-47.530235
54.37,-27.569862
54.372,-12.822613
54.374,-4.2587852
54.376,-5.003183
54.378,-19.958197
54.38,-56.338604
54.382,-119.199295
54.384,-209.13304
54.386,-319.89932
54.388,-440.43634
54.39,-555.45435
54.392,-649.91345
54.394,-712.4716
54.396,-739.7454
54.398,-734.73346
54.4,-705.4488
54.402,-661.3136
54.404,-611.8878
54.406,-563.25903
54.408,-518.3297
54.41,-477.27518
54.412,-440.5986
54.414,-408.40512
54.416,-381.24252
54.418,-359.2822
54.42,-343.4704
54.422,-333.3644
54.424,-327.70847
54.426,-324.33646
54.428,-322.32974
54.43,-320.63303
54.432,-318.70276
54.434,-315.97354
54.436,-313.18466
54.438,-310.66412
54.44,-308.69638
54.442,-307.10266
54.444,-306.4618
54.446,-306.87152
54.448,-308.19608
54.45,-309.719
54.452,-311.14215
54.454,-311.95453
54.456,-311.6983
54.458,-309.7542
54.46,-306.22446
54.462,-301.37546
54.464,-295.6881
54.466,-289.35046
54.468,-283.41235
54.47,-278.41666
54.472,-274.67474
54.474,-271.578
54.476,-269.89075
54.478,-269.10934
54.48,-268.67093
54.482,-267.59048
54.484,-266.9398
54.486,-266.80154
54.488,-267.16995
54.49,-267.3844
54.492,-268.0201
54.494,-268.63223
54.496,-268.67093
54.498,-267.2635
54.5,-264.96628
54.502,-261.97998
54.504,-258.66455
54.506,-254.99066
54.508,-251.92455
54.51,-249.6673
54.512,-248.15787
54.514,-246.70724
54.516,-245.6223
54.518,-244.66768
54.52,-243.655
54.522,-242.0541
54.524,-240.4718
54.526,-238.9972
54.528,-237.65118
54.53,-235.94815
54.532,-234.36795
54.534,-232.80945
54.536,-231.14705
54.538,-228.87947
54.54,-226.62325
54.542,-224.50896
54.544,-222.64163
54.546,-220.64124
54.548,-219.09311
54.55,-217.97087
54.552,-217.13814
54.554,-215.96194
54.556,-214.81723
54.558,-213.58633
54.56,-212.13495
54.562,-209.90668
54.564,-207.44707
54.566,-204.92908
54.568,-202.6289
54.57,-200.46152
54.572,-199.38477
54.574,-199.74915
54.576,-201.62827
54.578,-204.32385
54.58,-207.87599
54.582,-211.68207
54.584,-215.13686
54.586,-217.37173
54.588,-218.8085
54.59,-219.6391
54.592,-220.14005
54.594,-220.0861
54.596,-220.06467
54.598,-219.99779
54.6,-219.63972
54.602,-218.27876
54.604,-216.33873
54.606,-214.00414
54.608,-211.63463
54.61,-209.24048
54.612,-207.80273
54.614,-207.71739
54.616,-209.13304
54.618,-211.48952
54.62,-214.98424
54.622,-219.20906
54.624,-223.64227
54.626,-227.31857
54.628,-230.37804
54.63,-232.76405
54.632,-234.64928
54.634,-235.92146
54.636,-237.46783
54.638,-239.57292
54.64,-242.15405
54.642,-244.30553
54.644,-245.8721
54.646,-246.37047
54.648,-245.65628
54.65,-243.62944
54.652,-241.50294
54.654,-240.16333
54.656,-240.15277
54.658,-240.98221
54.66,-242.51965
54.662,-243.96588
54.664,-244.65564
54.666,-243.96649
54.668,-242.83379
54.67,-242.13718
54.672,-242.65437
54.674,-244.21074
54.676,-246.93912
54.678,-250.0557
54.68,-252.66074
54.682,-253.71988
54.684,-253.7525
54.686,-253.33519
54.688,-253.16106
54.69,-253.22285
54.692,-253.9875
54.694,-255.12007
54.696,-256.16296
54.698,-256.4229
54.7,-256.57684
54.702,-257.16995
54.704,-258.66455
54.706,-260.64932
54.708,-263.15314
54.71,-265.41327
54.712,-266.66965
54.714,-266.0822
54.716,-264.41528
54.718,-262.38046
54.72,-260.66583
54.722,-259.09424
54.724,-258.04556
54.726,-257.1598
54.728,-256.16296
54.73,-254.68767
54.732,-253.87306
54.734,-254.44875
54.736,-256.66327
54.738,-259.4736
54.74,-262.2171
54.742,-263.6614
54.744,-263.16742
54.746,-260.6833
54.748,-258.16403
54.75,-257.33508
54.752,-259.16486
54.754,-262.72516
54.756,-266.8269
54.758,-269.31274
54.76,-268.67093
54.762,-264.4558
54.764,-258.94937
54.766,-254.80322
54.768,-254.16168
54.77,-257.04947
54.772,-262.6318
54.774,-268.34293
54.776,-271.67282
54.778,-270.96085
54.78,-267.5651
54.782,-263.8011
54.784,-262.16678
54.786,-263.51547
54.788,-268.03357
54.79,-273.8749
54.792,-278.67728
54.794,-280.28183
54.796,-279.268
54.798,-277.18604
54.8,-276.1757
54.802,-277.2809
54.804,-281.29266
54.806,-286.97983
54.808,-292.18588
54.81,-294.33728
54.812,-293.0328
54.814,-288.78122
54.816,-283.18015
54.818,-277.67435
54.82,-274.39575
54.822,-274.02637
54.824,-276.1757
54.826,-279.1762
54.828,-282.27878
54.83,-284.46387
54.832,-285.18143
54.834,-283.88287
54.836,-281.5977
54.838,-279.10242
54.84,-277.17633
54.842,-275.88696
54.844,-276.12866
54.846,-277.874
54.848,-280.67856
54.85,-283.33917
54.852,-285.80716
54.854,-287.85562
54.856,-289.6843
54.858,-291.34338
54.86,-294.11243
54.862,-298.4576
54.864,-304.1935
54.866,-309.97272
54.868,-315.02353
54.87,-318.14746
54.872,-318.70276
54.874,-316.5971
54.876,-313.30917
54.878,-310.16504
54.88,-308.19608
54.882,-307.53372
54.884,-308.05188
54.886,-308.64398
54.888,-308.19608
54.89,-306.01956
54.892,-302.86563
54.894,-299.71255
54.896,-297.6894
54.898,-297.14642
54.9,-298.76965
54.902,-301.9893
54.904,-305.69446
54.906,-307.79263
54.908,-308.512
54.91,-308.09372
54.912,-307.19543
54.914,-305.44656
54.916,-304.13925
54.918,-303.4515
54.92,-303.19287
54.922,-302.24512
54.924,-301.15036
54.926,-300.0575
54.928,-299.19034
54.93,-298.01462
54.932,-296.95392
54.934,-295.4752
54.936,-292.6862
54.938,-286.96698
54.94,-277.90012
54.942,-264.66333
54.944,-246.6569
54.946,-223.15681
54.948,-195.15988
54.95,-163.84221
54.952,-131.08339
54.954,-98.72014
54.956,-69.69462
54.958,-45.726555
54.96,-27.517506
54.962,-14.481397
54.964,-7.1688495
54.966,-6.596129
54.968,-15.509867
54.97,-37.827103
54.972,-79.05314
54.974,-142.58908
54.976,-228.14514
54.978,-330.0249
54.98,-438.96997
54.982,-542.4073
54.984,-627.8995
54.986,-685.6837
54.988,-712.28326
54.99,-709.2379
54.992,-682.43414
54.994,-639.5091
54.996,-589.1844
54.998,-538.022
55.0,-490.31192
55.002,-447.8472
55.004,-412.07043
55.006,-383.03564
55.008,-360.22916
55.01,-342.23547
55.012,-328.3008
55.014,-316.9231
55.016,-306.6951
55.018,-296.2747
55.02,-286.09888
55.022,-276.7635
55.024,-269.17123
55.026,-263.6735
55.028,-261.07156
55.03,-261.04337
55.032,-262.66708
55.034,-264.38547
55.036,-265.46518
55.038,-265.276
55.04,-263.66772
55.042,-260.63315
55.044,-257.00967
55.046,-253.62148
55.048,-251.15977
55.05,-249.69402
55.052,-249.40335
55.054,-250.04001
55.056,-251.15977
55.058,-251.86116
55.06,-252.20578
55.062,-251.99263
55.064,-251.15977
55.066,-249.13135
55.068,-246.95659
55.07,-244.63708
55.072,-242.15405
55.074,-238.99028
55.076,-236.45561
55.078,-234.70581
55.08,-233.64864
55.082,-232.48221
55.084,-231.6499
55.086,-230.78807
55.088,-229.64609
55.09,-227.8076
55.092,-226.25923
55.094,-225.45628
55.096,-225.64354
55.098,-226.28967
55.1,-227.501
55.102,-228.64757
55.104,-229.14577
55.106,-228.33595
55.108,-226.95421
55.11,-225.5497
55.112,-224.64291
55.114,-224.08093
55.116,-224.20059
55.118,-224.56093
55.12,-224.64291
55.122,-223.73877
55.124,-222.45099
55.126,-221.1482
55.128,-220.14005
55.13,-219.035
55.132,-218.06628
55.134,-216.8536
55.136,-215.13686
55.138,-212.61415
55.14,-210.30798
55.142,-208.87538
55.144,-208.63272
55.146,-208.88295
55.148,-209.37431
55.15,-209.27625
55.152,-208.1324
55.154,-205.76935
55.156,-203.65392
55.158,-202.92503
55.16,-204.12985
55.162,-206.34427
55.164,-208.73921
55.166,-209.80298
55.168,-208.63272
55.17,-205.0707
55.172,-201.19652
55.174,-199.08669
55.176,-200.12732
55.178,-203.66623
55.18,-208.4776
55.182,-212.02118
55.184,-212.13495
55.186,-207.67776
55.188,-200.57326
55.19,-193.715
55.192,-190.12094
55.194,-191.05649
55.196,-196.92456
55.198,-205.86668
55.2,-215.13686
55.202,-221.79327
55.204,-225.26663
55.206,-225.95883
55.208,-225.14323
55.21,-223.58624
55.212,-222.61592
55.214,-222.3894
55.216,-222.64163
55.218,-222.64392
55.22,-223.20332
55.222,-225.01364
55.224,-228.64546
55.226,-233.55627
55.228,-239.5297
55.23,-245.42715
55.232,-250.15913
55.234,-252.73135
55.236,-254.14915
55.238,-255.68054
55.24,-258.66455
55.242,-263.31696
55.244,-269.99234
55.246,-277.74167
55.248,-285.18143
55.25,-290.57132
55.252,-293.98135
55.254,-295.86182
55.256,-297.18906
55.258,-298.45456
55.26,-300.85452
55.262,-304.56674
55.264,-309.1967
55.266,-313.4975
55.268,-317.34207
55.27,-320.41714
55.272,-322.7053
55.274,-323.90903
55.276,-324.9139
55.278,-326.2194
55.28,-328.2088
55.282,-330.53802
55.284,-333.66074
55.286,-337.26917
55.288,-340.71674
55.29,-342.6268
55.292,-342.7859
55.294,-340.89594
55.296,-337.2145
55.298,-332.0416
55.3,-327.14713
55.302,-323.7916
55.304,-322.7053
55.306,-323.28293
55.308,-325.36096
55.31,-327.96277
55.312,-330.21005
55.314,-331.13202
55.316,-331.55838
55.318,-332.20404
55.32,-333.71228
55.322,-335.6917
55.324,-338.3225
55.326,-340.8028
55.328,-342.2177
55.33,-341.43036
55.332,-339.13217
55.334,-336.06293
55.336,-333.21198
55.338,-330.85538
55.34,-329.9651
55.342,-330.32703
55.344,-331.2107
55.346,-331.1766
55.348,-330.2036
55.35,-328.12845
55.352,-325.20688
55.354,-321.42072
55.356,-318.08646
55.358,-315.7677
55.36,-314.7002
55.362,-314.22684
55.364,-314.7607
55.366,-316.0172
55.368,-317.70212
55.37,-319.03476
55.372,-320.663
55.374,-322.69434
55.376,-325.20688
55.378,-327.63507
55.38,-330.57153
55.382,-333.86215
55.384,-337.2145
55.386,-339.7393
55.388,-341.79282
55.39,-343.18198
55.392,-343.71866
55.394,-342.7089
55.396,-340.73157
55.398,-337.85126
55.4,-334.21262
55.402,-329.5459
55.404,-324.86008
55.406,-320.5212
55.408,-316.70148
55.41,-312.82156
55.412,-309.37106
55.414,-306.18823
55.416,-303.19287
55.418,-300.01013
55.42,-297.6582
55.422,-296.61942
55.424,-297.18906
55.426,-298.82843
55.428,-301.80457
55.43,-305.50723
55.432,-309.1967
55.434,-311.74988
55.436,-313.47955
55.438,-314.40527
55.44,-314.7002
55.442,-314.09378
55.444,-313.32254
55.446,-312.40402
55.448,-311.19797
55.45,-309.15466
55.452,-306.74203
55.454,-304.0278
55.456,-301.19162
55.458,-298.29794
55.46,-295.94363
55.462,-294.02142
55.464,-292.18588
55.466,-289.94662
55.468,-287.36133
55.47,-284.2363
55.472,-280.67856
55.474,-277.03622
55.476,-274.35684
55.478,-273.0639
55.48,-273.17377
55.482,-273.63654
55.484,-274.6148
55.486,-275.51016
55.488,-275.67538
55.49,-273.54684
55.492,-269.95044
55.494,-265.48495
55.496,-261.16614
55.498,-257.3001
55.5,-255.61182
55.502,-256.45193
55.504,-259.16486
55.506,-261.62134
55.508,-262.7401
55.51,-261.41397
55.512,-257.6639
55.514,-252.119
55.516,-247.0104
55.518,-243.1934
55.52,-239.65245
55.522,-232.85349
55.524,-219.36357
55.526,-195.98288
55.528,-162.10312
55.53,-120.06516
55.532,-75.980125
55.534,-35.846813
55.536,-3.502228
55.538,21.401323
55.54,41.48232
55.542,60.89623
55.544,81.55188
55.546,100.99204
55.548,110.4586
55.55,98.77896
55.552,56.03565
55.554,-21.679611
55.556,-131.16907
55.558,-260.76834
55.56,-393.7505
55.562,-512.35986
55.564,-603.4703
55.566,-659.7259
55.568,-680.43286
55.57,-669.76166
55.572,-635.9525
55.574,-587.6429
55.576,-532.839
55.578,-477.72495
55.58,-427.80722
55.582,-386.25253
55.584,-354.22534
55.586,-330.55148
55.588,-313.62546
55.59,-300.77448
55.592,-289.6843
55.594,-278.69867
55.596,-268.49948
55.598,-260.1415
55.6,-254.662
55.602,-251.89165
55.604,-251.52573
55.606,-252.00719
55.608,-251.6601
55.61,-249.09561
55.612,-244.8538
55.614,-240.16103
55.616,-236.65054
55.618,-235.31715
55.62,-236.77406
55.622,-240.49867
55.624,-245.15596
55.626,-248.84209
55.628,-250.25096
55.63,-248.79044
55.632,-244.65564
55.634,-238.40327
55.636,-231.35823
55.638,-224.98917
55.64,-220.64037
55.642,-218.73485
55.644,-220.2255
55.646,-224.61002
55.648,-230.64673
55.65,-236.05138
55.652,-240.28276
55.654,-242.2253
55.656,-241.65373
55.658,-238.90382
55.66,-236.51212
55.662,-236.15063
55.664,-238.65182
55.666,-243.16806
55.668,-248.78195
55.67,-253.39584
55.672,-255.16232
55.674,-252.87561
55.676,-247.67691
55.678,-241.2689
55.68,-235.64992
55.682,-231.9128
55.684,-231.02087
55.686,-232.37343
55.688,-234.64928
55.69,-236.08136
55.692,-236.33261
55.694,-235.35248
55.696,-233.64864
55.698,-231.52664
55.7,-230.00873
55.702,-229.28546
55.704,-229.14577
55.706,-228.77821
55.708,-228.32983
55.71,-227.641
55.712,-226.64418
55.714,-224.86894
55.716,-222.77599
55.718,-220.35808
55.72,-217.63846
55.722,-214.34013
55.724,-211.25063
55.726,-208.76955
55.728,-207.13177
55.73,-205.85143
55.732,-205.11449
55.734,-204.50758
55.736,-203.62955
55.738,-201.83888
55.74,-199.82317
55.742,-198.07355
55.744,-197.1254
55.746,-196.88374
55.748,-197.93535
55.75,-200.0375
55.752,-202.6289
55.754,-204.54768
55.756,-205.82478
55.758,-206.30136
55.76,-206.13113
55.762,-205.24059
55.764,-204.67531
55.766,-204.91365
55.768,-206.13113
55.77,-207.67114
55.772,-209.68404
55.774,-211.78014
55.776,-213.63591
55.778,-214.64134
55.78,-215.50835
55.782,-216.68843
55.784,-218.63908
55.786,-221.14713
55.788,-224.73763
55.79,-229.1144
55.792,-233.64864
55.794,-237.08525
55.796,-239.38101
55.798,-240.4443
55.8,-240.65309
55.802,-240.26205
55.804,-240.67969
55.806,-242.61072
55.808,-246.1566
55.81,-250.2483
55.812,-254.40327
55.814,-257.70917
55.816,-259.6652
55.818,-259.9432
55.82,-259.85278
55.822,-260.50485
55.824,-262.66708
55.826,-265.87766
55.828,-269.9035
55.83,-273.66586
55.832,-276.1757
55.834,-276.5598
55.836,-275.7594
55.838,-274.9049
55.84,-275.17505
55.842,-276.74762
55.844,-280.00876
55.846,-284.19354
55.848,-288.18332
55.85,-290.54718
55.852,-291.4402
55.854,-291.24002
55.856,-290.68494
55.858,-289.98203
55.86,-290.03473
55.862,-290.87335
55.864,-292.18588
55.866,-293.0751
55.868,-293.86053
55.87,-294.65802
55.872,-295.6881
55.874,-296.57718
55.876,-297.84296
55.878,-299.3185
55.88,-300.69128
55.882,-301.14603
55.884,-301.19308
55.886,-301.09085
55.888,-301.19162
55.89,-301.22867
55.892,-301.86865
55.894,-302.99362
55.896,-304.1935
55.898,-304.38153
55.9,-303.7019
55.902,-302.0614
55.904,-299.69064
55.906,-296.5865
55.908,-294.01447
55.91,-292.6232
55.912,-292.6862
55.914,-293.48438
55.916,-295.03192
55.918,-296.63913
55.92,-297.6894
55.922,-297.36377
55.924,-296.44748
55.926,-295.52145
55.928,-295.18777
55.93,-295.24176
55.932,-296.31735
55.934,-298.13428
55.936,-300.19098
55.938,-301.4441
55.94,-302.32904
55.942,-302.98965
55.944,-303.6932
55.946,-304.09067
55.948,-305.00107
55.95,-306.54
55.952,-308.69638
55.954,-310.82053
55.956,-313.51355
55.958,-316.7275
55.96,-320.2037
55.962,-322.8494
55.964,-324.7443
55.966,-325.44077
55.968,-324.70657
55.97,-322.0686
55.972,-318.66672
55.974,-315.20084
55.976,-312.1986
55.978,-309.22104
55.98,-306.7336
55.982,-304.36102
55.984,-301.69193
55.986,-297.9777
55.988,-294.18417
55.99,-291.10776
55.992,-289.6843
55.994,-290.0659
55.996,-293.1929
55.998,-298.7438
56.0,-305.69446
56.002,-312.01926
56.004,-317.08124
56.006,-320.2461
56.008,-321.70465
56.01,-321.84833
56.012,-322.68414
56.014,-325.37888
56.016,-330.21005
56.018,-335.86877
56.02,-341.3409
56.022,-344.95703
56.024,-345.71994
56.026,-343.5336
56.028,-340.23743
56.03,-337.66183
56.032,-337.2145
56.034,-339.03873
56.036,-342.60437
56.038,-346.0915
56.04,-347.7212
56.042,-346.49643
56.044,-343.3446
56.046,-339.71027
56.048,-337.2145
56.05,-336.3481
56.052,-337.77835
56.054,-340.56604
56.056,-343.21835
56.058,-343.38666
56.06,-341.76825
56.062,-339.36664
56.064,-337.71484
56.066,-336.99557
56.068,-338.63785
56.07,-342.28174
56.072,-346.72058
56.074,-349.64368
56.076,-350.72784
56.078,-349.7657
56.08,-347.2209
56.082,-343.16107
56.084,-338.7801
56.086,-333.96176
56.088,-327.70847
56.09,-317.7772
56.092,-303.07495
56.094,-282.3331
56.096,-255.16232
56.098,-221.7567
56.1,-184.6663
56.102,-146.53532
56.104,-110.07002
56.106,-76.87113
56.108,-48.798214
56.11,-26.0119
56.112,-8.005093
56.114,6.016104
56.116,14.294035
56.118,13.655154
56.12,-1.0006366
56.122,-35.0992
56.124,-94.254776
56.126,-180.11118
56.128,-289.18396
56.13,-411.91815
56.132,-535.7309
56.134,-645.887
56.136,-729.46405
56.138,-777.84015
56.14,-790.03125
56.142,-770.6219
56.144,-728.46344
56.146,-673.45776
56.148,-615.60516
56.15,-561.48413
56.152,-514.3272
56.154,-474.15768
56.156,-440.6577
56.158,-412.52167
56.16,-388.7473
56.162,-368.3483
56.164,-351.8083
56.166,-338.93744
56.168,-329.20944
56.17,-321.30624
56.172,-314.94308
56.174,-309.3886
56.176,-304.1935
56.178,-298.83298
56.18,-294.0629
56.182,-290.26538
56.184,-287.683
56.186,-285.96002
56.188,-285.18475
56.19,-285.04187
56.192,-285.18143
56.194,-285.07547
56.196,-284.8417
56.198,-284.65533
56.2,-284.6811
56.202,-284.6339
56.204,-284.38007
56.206,-283.5277
56.208,-281.6792
56.21,-278.22806
56.212,-273.8176
56.214,-268.91824
56.216,-264.16806
56.218,-259.54556
56.22,-256.44897
56.222,-254.68176
56.224,-253.66136
56.226,-252.18103
56.228,-250.91101
56.23,-249.60124
56.232,-248.15787
56.234,-246.22536
56.236,-244.84372
56.238,-244.16917
56.24,-244.15532
56.242,-244.21251
56.244,-244.70842
56.246,-245.31258
56.248,-245.65628
56.25,-245.08571
56.252,-243.99704
56.254,-242.34904
56.256,-240.15277
56.258,-237.13307
56.26,-233.91663
56.262,-230.58797
56.264,-227.1445
56.266,-223.20311
56.268,-219.22778
56.27,-215.20776
56.272,-211.13431
56.274,-206.69176
56.276,-202.48077
56.278,-198.61256
56.28,-195.12413
56.282,-191.633
56.284,-188.56058
56.286,-185.78238
56.288,-183.11649
56.29,-180.02483
56.292,-176.92764
56.294,-173.79968
56.296,-170.60854
56.298,-166.94652
56.3,-163.37036
56.302,-160.02705
56.304,-157.09995
56.306,-154.40622
56.308,-152.6509
56.31,-151.93579
56.312,-152.09676
56.314,-152.30908
56.316,-152.54976
56.318,-152.3896
56.32,-151.59644
56.322,-149.82642
56.324,-147.94324
56.326,-146.433
56.328,-145.59262
56.33,-144.96384
56.332,-144.78339
56.334,-144.72969
56.336,-144.59198
56.338,-144.01688
56.34,-143.91675
56.342,-144.84158
56.344,-147.09358
56.346,-150.0512
56.348,-153.59238
56.35,-156.87486
56.352,-159.10121
56.354,-159.43753
56.356,-158.64627
56.358,-157.64766
56.36,-157.60027
56.362,-159.05487
56.364,-162.93416
56.366,-169.0641
56.368,-176.61235
56.37,-183.94916
56.372,-190.44572
56.374,-195.51736
56.376,-199.12668
56.378,-201.27383
56.38,-203.08852
56.382,-205.26428
56.384,-208.1324
56.386,-211.14507
56.388,-214.30782
56.39,-217.22005
56.392,-219.63972
56.394,-221.1867
56.396,-222.67082
56.398,-224.68657
56.4,-227.64482
56.402,-231.10103
56.404,-235.03041
56.406,-238.77496
56.408,-241.65373
56.41,-242.84547
56.412,-242.9714
56.414,-242.87471
56.416,-243.655
56.418,-245.7592
56.42,-249.98952
56.422,-256.00424
56.424,-262.66708
56.426,-267.91507
56.428,-270.7137
56.43,-270.3672
56.432,-267.16995
56.434,-261.91293
56.436,-256.9148
56.438,-254.10075
56.44,-254.662
56.442,-258.15924
56.444,-263.92422
56.446,-270.20767
56.448,-275.17505
56.45,-277.09702
56.452,-276.2161
56.454,-273.414
56.456,-270.17188
56.458,-267.48108
56.46,-266.8483
56.462,-268.57565
56.464,-272.17316
56.466,-276.14886
56.468,-279.92618
56.47,-282.73367
56.472,-284.1808
56.474,-283.79877
56.476,-282.50992
56.478,-281.03836
56.48,-280.17825
56.482,-280.1653
56.484,-282.03186
56.486,-285.9784
56.488,-291.68555
56.49,-297.84302
56.492,-303.89328
56.494,-308.78055
56.496,-311.6983
56.498,-311.81696
56.5,-310.0065
56.502,-307.12735
56.504,-304.1935
56.506,-301.50598
56.508,-300.1068
56.51,-299.99786
56.512,-300.69128
56.514,-300.9035
56.516,-300.615
56.518,-299.63303
56.52,-298.1897
56.522,-296.33987
56.524,-295.40088
56.526,-295.9858
56.528,-298.1897
56.53,-300.9576
56.532,-303.97806
56.534,-306.29846
56.536,-307.19543
56.538,-305.89325
56.54,-303.39948
56.542,-300.56152
56.544,-298.1897
56.546,-296.14862
56.548,-294.97537
56.55,-294.213
56.552,-293.18652
56.554,-290.80923
56.556,-287.67084
56.558,-284.3349
56.56,-281.6792
56.562,-280.02762
56.564,-280.58224
56.566,-283.462
56.568,-288.18332
56.57,-293.2907
56.572,-298.46707
56.574,-303.04297
56.576,-306.6951
56.578,-308.92853
56.58,-310.73273
56.582,-312.56772
56.584,-314.7002
56.586,-316.6351
56.588,-318.62222
56.59,-320.15924
56.592,-320.704
56.594,-319.639
56.596,-317.46008
56.598,-314.57504
56.6,-311.6983
56.602,-309.51828
56.604,-309.20026
56.606,-311.0316
56.608,-314.7002
56.61,-319.26392
56.612,-324.01944
56.614,-327.89395
56.616,-330.21005
56.618,-330.40372
56.62,-329.80646
56.622,-329.38712
56.624,-329.70975
56.626,-329.54346
56.628,-329.13525
56.63,-327.91608
56.632,-325.7072
56.634,-322.01978
56.636,-318.81195
56.638,-317.35977
56.64,-318.20242
56.642,-320.00485
56.644,-321.96158
56.646,-322.49728
56.648,-320.704
56.65,-316.20364
56.652,-310.76608
56.654,-305.48303
56.656,-300.19098
56.658,-292.40366
56.66,-279.626
56.662,-259.01846
56.664,-229.64609
56.666,-192.97742
56.668,-154.26208
56.67,-118.98936
56.672,-91.05793
56.674,-70.45912
56.676,-54.87866
56.678,-39.517136
56.68,-20.51305
56.682,2.747635
56.684,24.570787
56.686,35.484966
56.688,24.515596
56.69,-16.55306
56.692,-91.52156
56.694,-196.3503
56.696,-320.2037
56.698,-447.4213
56.7,-562.73157
56.702,-652.9399
56.704,-709.95166
56.706,-731.2662
56.708,-721.12573
56.71,-687.088
56.712,-638.4061
56.714,-583.4937
56.716,-530.1012
56.718,-482.84647
56.72,-443.78232
56.722,-412.45877
56.724,-388.33215
56.726,-369.70108
56.728,-354.72568
56.73,-341.2777
56.732,-328.8176
56.734,-316.8726
56.736,-305.69446
56.738,-295.72742
56.74,-288.8629
56.742,-286.1552
56.744,-287.683
56.746,-291.792
56.748,-296.6917
56.75,-299.80817
56.752,-299.19034
56.754,-293.98764
56.756,-285.70386
56.758,-276.76544
56.76,-269.67154
56.762,-265.61548
56.764,-264.82202
56.766,-266.09003
56.768,-267.6703
56.77,-267.89056
56.772,-266.4587
56.774,-264.01743
56.776,-261.66647
56.778,-259.78012
56.78,-259.09784
56.782,-259.13428
56.784,-259.16486
56.786,-258.10992
56.788,-257.2179
56.79,-256.95078
56.792,-257.6639
56.794,-258.69574
56.796,-260.47205
56.798,-261.97046
56.8,-262.16678
56.802,-260.13956
56.804,-257.11816
56.806,-254.23386
56.808,-252.66074
56.81,-252.5922
56.812,-254.44835
56.814,-257.15918
56.816,-259.16486
56.818,-258.6581
56.82,-255.63638
56.822,-250.55481
56.824,-244.65564
56.826,-239.07431
56.828,-235.6704
56.83,-235.01071
56.832,-236.65054
56.834,-238.91356
56.836,-240.7676
56.838,-240.89053
56.84,-238.65182
56.842,-233.94588
56.844,-228.42757
56.846,-223.59418
56.848,-220.64037
56.85,-219.58261
56.852,-220.53885
56.854,-222.47588
56.856,-224.1426
56.858,-224.16432
56.86,-222.82578
56.862,-220.5691
56.864,-218.13878
56.866,-215.72504
56.868,-214.18062
56.87,-213.43872
56.872,-213.13559
56.874,-212.42842
56.876,-211.73639
56.878,-211.2301
56.88,-211.13431
56.882,-211.05861
56.884,-211.48323
56.886,-212.23953
56.888,-213.13559
56.89,-213.62276
56.892,-214.41516
56.894,-215.75948
56.896,-217.63846
56.898,-219.1011
56.9,-219.9578
56.902,-219.45496
56.904,-217.13814
56.906,-212.66049
56.908,-207.4875
56.91,-203.03629
56.912,-200.62762
56.914,-200.47722
56.916,-203.07855
56.918,-207.69196
56.92,-213.13559
56.922,-217.72755
56.924,-221.3926
56.926,-224.19304
56.928,-226.64418
56.93,-228.86969
56.932,-231.9418
56.934,-236.10359
56.936,-241.15341
56.938,-246.0303
56.94,-250.71138
56.942,-254.82143
56.944,-258.16425
56.946,-260.20547
56.948,-261.6943
56.95,-263.04437
56.952,-264.66837
56.954,-266.368
56.956,-268.865
56.958,-272.21298
56.96,-276.1757
56.962,-279.78278
56.964,-283.0448
56.966,-285.68262
56.968,-287.683
56.97,-288.83282
56.972,-290.15823
56.974,-292.20554
56.976,-295.18777
56.978,-298.36618
56.98,-301.68692
56.982,-304.58057
56.984,-306.6951
56.986,-307.62405
56.988,-308.43423
56.99,-309.93573
56.992,-312.6989
56.994,-316.26505
56.996,-320.58917
56.998,-324.8469
57.0,-328.2088
57.002,-329.7255
57.004,-330.03424
57.006,-329.7864
57.008,-329.70975
57.01,-329.7435
57.012,-330.41995
57.014,-331.4121
57.016,-332.21133
57.018,-331.92822
57.02,-331.05957
57.022,-329.8903
57.024,-328.7091
57.026,-327.09137
57.028,-325.36307
57.03,-323.16974
57.032,-320.2037
57.034,-316.0042
57.036,-311.5938
57.038,-307.76282
57.04,-305.19415
57.042,-303.66333
57.044,-303.46194
57.046,-303.91757
57.048,-304.1935
57.05,-303.19504
57.052,-301.39185
57.054,-299.18826
57.056,-297.18906
57.058,-295.41162
57.06,-294.68436
57.062,-294.91092
57.064,-295.6881
57.066,-296.03186
57.068,-296.24026
57.07,-296.26328
57.072,-296.18842
57.074,-295.62796
57.076,-295.37344
57.078,-295.55798
57.08,-296.18842
57.082,-296.6516
57.084,-297.49692
57.086,-298.59933
57.088,-299.69064
57.09,-299.8549
57.092,-299.30704
57.094,-297.67697
57.096,-294.68747
57.098,-289.7727
57.1,-283.90918
57.102,-277.77304
57.104,-272.17316
57.106,-267.3299
57.108,-264.41327
57.11,-263.51953
57.112,-264.16806
57.114,-264.92603
57.116,-265.45456
57.118,-265.08777
57.12,-263.66772
57.122,-261.12274
57.124,-258.97028
57.126,-258.1631
57.128,-259.16486
57.13,-261.19434
57.132,-264.01868
57.134,-266.6052
57.136,-268.1706
57.138,-268.09097
57.14,-267.65054
57.142,-268.0139
57.144,-270.17188
57.146,-273.93625
57.148,-279.32532
57.15,-285.0813
57.152,-289.6843
57.154,-291.57486
57.156,-290.8967
57.158,-288.10333
57.16,-284.1808
57.162,-280.03397
57.164,-276.88446
57.166,-274.9912
57.168,-274.1744
57.17,-274.01404
57.172,-274.6425
57.174,-275.90042
57.176,-277.67664
57.178,-279.56268
57.18,-281.80365
57.182,-284.01135
57.184,-285.68173
57.186,-285.60013
57.188,-284.5919
57.19,-283.2332
57.192,-282.1795
57.194,-280.85168
57.196,-280.24768
57.198,-280.40686
57.2,-281.17886
57.202,-281.5713
57.204,-282.20956
57.206,-283.12735
57.208,-284.1808
57.21,-284.3394
57.212,-283.74774
57.214,-282.16162
57.216,-279.67792
57.218,-276.14224
57.22,-272.57883
57.222,-268.84866
57.224,-263.66772
57.226,-254.10898
57.228,-238.06015
57.23,-213.7078
57.232,-181.11522
57.234,-142.07654
57.236,-101.23632
57.238,-62.90185
57.24,-30.019096
57.242,-2.8974442
57.244,18.518341
57.246,34.68552
57.248,44.028008
57.25,42.40562
57.252,22.148405
57.254,-23.805859
57.256,-99.06302
57.258,-200.56766
57.26,-319.47986
57.262,-441.26373
57.264,-549.8498
57.266,-631.4008
57.268,-679.16266
57.27,-692.93756
57.272,-678.4316
57.274,-644.12604
57.276,-599.9354
57.278,-553.4044
57.28,-509.324
57.282,-469.5494
57.284,-435.48053
57.286,-407.27072
57.288,-384.74475
57.29,-366.96802
57.292,-353.76285
57.294,-344.08237
57.296,-336.7142
57.298,-330.13605
57.3,-324.35486
57.302,-319.31754
57.304,-315.20053
57.306,-311.6738
57.308,-309.25674
57.31,-307.7272
57.312,-306.6951
57.314,-305.3527
57.316,-303.9557
57.318,-302.54465
57.32,-301.19162
57.322,-299.55325
57.324,-297.7931
57.326,-295.8646
57.328,-293.68683
57.33,-290.87668
57.332,-287.59576
57.334,-284.0898
57.336,-280.67856
57.338,-277.26498
57.34,-274.41895
57.342,-272.36246
57.344,-271.17252
57.346,-270.11987
57.348,-269.85904
57.35,-270.01007
57.352,-270.17188
57.354,-269.43973
57.356,-268.90082
57.358,-268.63733
57.36,-268.67093
57.362,-268.41846
57.364,-268.6564
57.366,-269.18756
57.368,-269.67154
57.37,-269.30814
57.372,-268.62476
57.374,-267.68103
57.376,-266.66965
57.378,-265.42642
57.38,-264.8661
57.382,-265.1556
57.384,-266.1693
57.386,-267.0785
57.388,-267.94824
57.39,-268.2748
57.392,-267.6703
57.394,-265.57944
57.396,-262.83585
57.398,-259.99167
57.4,-257.6639
57.402,-255.92783
57.404,-255.6201
57.406,-256.67905
57.408,-258.66455
57.41,-260.46652
57.412,-262.00497
57.414,-262.8203
57.416,-262.66708
57.418,-261.09503
57.42,-258.9117
57.422,-256.49948
57.424,-254.16168
57.426,-251.5688
57.428,-249.25577
57.43,-247.06052
57.432,-244.65564
57.434,-241.19038
57.436,-237.059
57.438,-232.40907
57.44,-227.64482
57.442,-222.85266
57.444,-219.21269
57.446,-217.15173
57.448,-216.63782
57.45,-216.68878
57.452,-217.15016
57.454,-217.40427
57.456,-217.13814
57.458,-215.99908
57.46,-215.12425
57.462,-215.21753
57.464,-216.63782
57.466,-218.64679
57.468,-221.07567
57.47,-222.99644
57.472,-223.64227
57.474,-222.29364
57.476,-220.07718
57.478,-218.1322
57.48,-217.63846
57.482,-218.8169
57.484,-222.2846
57.486,-227.42596
57.488,-233.14832
57.49,-237.83107
57.492,-241.37633
57.494,-243.80565
57.496,-245.65628
57.498,-247.18013
57.5,-249.71805
57.502,-253.73709
57.504,-259.16486
57.506,-264.89746
57.508,-270.7085
57.51,-275.83823
57.512,-279.67792
57.514,-281.38257
57.516,-281.5757
57.518,-280.6686
57.52,-279.1776
57.522,-277.06815
57.524,-275.34692
57.526,-274.45294
57.528,-274.67474
57.53,-275.58774
57.532,-277.7166
57.534,-280.90057
57.536,-284.6811
57.538,-287.85806
57.54,-290.25525
57.542,-291.50458
57.544,-291.68555
57.546,-290.8786
57.548,-290.52554
57.55,-291.5257
57.552,-294.18716
57.554,-297.4641
57.556,-300.73364
57.558,-302.74774
57.56,-302.69257
57.562,-300.13818
57.564,-296.73026
57.566,-294.2276
57.568,-294.18716
57.57,-296.74026
57.572,-302.01172
57.574,-308.71814
57.576,-315.20053
57.578,-319.53882
57.58,-321.7329
57.582,-322.05954
57.584,-321.20435
57.586,-319.27414
57.588,-317.33215
57.59,-315.70847
57.592,-314.7002
57.594,-314.21234
57.596,-315.5235
57.598,-319.21237
57.6,-325.20688
57.602,-331.92444
57.604,-338.14987
57.606,-341.80203
57.608,-341.21707
57.61,-335.3195
57.612,-325.68774
57.614,-314.5797
57.616,-304.69385
57.618,-297.7245
57.62,-295.41437
57.622,-297.545
57.624,-302.69257
57.626,-308.30872
57.628,-313.2531
57.63,-316.5698
57.632,-318.20242
57.634,-318.26062
57.636,-318.42218
57.638,-319.62207
57.64,-322.205
57.642,-325.25397
57.644,-328.66263
57.646,-331.6559
57.648,-333.71228
57.65,-334.21683
57.652,-334.282
57.654,-334.6278
57.656,-335.71356
57.658,-336.87894
57.66,-338.19952
57.662,-338.87534
57.664,-338.21515
57.666,-335.4561
57.668,-331.77628
57.67,-328.19897
57.672,-325.7072
57.674,-324.22665
57.676,-324.25446
57.678,-325.0801
57.68,-325.7072
57.682,-324.75507
57.684,-322.68164
57.686,-319.92004
57.688,-317.20178
57.69,-314.6207
57.692,-313.23877
57.694,-313.0501
57.696,-313.69955
57.698,-314.19754
57.7,-314.9685
57.702,-316.08646
57.704,-317.70212
57.706,-319.3155
57.708,-321.49622
57.71,-324.05923
57.712,-326.70782
57.714,-328.6486
57.716,-330.42847
57.718,-332.1095
57.72,-333.71228
57.722,-334.7461
57.724,-335.48837
57.726,-335.5776
57.728,-334.71292
57.73,-332.65228
57.732,-330.12103
57.734,-327.5145
57.736,-325.20688
57.738,-323.31796
57.74,-322.29037
57.742,-321.86917
57.744,-321.70465
57.746,-321.1865
57.748,-320.98752
57.75,-321.3164
57.752,-322.205
57.754,-322.39606
57.756,-322.47095
57.758,-322.2676
57.76,-321.70465
57.762,-319.7747
57.764,-317.70728
57.766,-316.0459
57.768,-315.20053
57.77,-314.5019
57.772,-314.6815
57.774,-315.64432
57.776,-317.20178
57.778,-318.4602
57.78,-319.8918
57.782,-321.1895
57.784,-321.70465
57.786,-319.77557
57.788,-314.64996
57.79,-304.77176
57.792,-288.68365
57.794,-264.93866
57.796,-234.32756
57.798,-198.2448
57.8,-159.10121
57.802,-119.2539
57.804,-81.99268
57.806,-48.964935
57.808,-20.51305
57.81,4.2872715
57.812,24.6462
57.814,38.47905
57.816,41.0261
57.818,25.782618
57.82,-15.232478
57.822,-86.78445
57.824,-188.11967
57.826,-311.0315
57.828,-442.21252
57.83,-564.5411
57.832,-661.9211
57.834,-722.95325
57.836,-745.0143
57.838,-732.56775
57.84,-695.4424
57.842,-644.90216
57.844,-591.8857
57.846,-543.2344
57.848,-501.81924
57.85,-467.08246
57.852,-438.11374
57.854,-413.34824
57.856,-391.7492
57.858,-372.4065
57.86,-355.7059
57.862,-341.427
57.864,-329.20944
57.866,-318.27115
57.868,-309.12653
57.87,-301.90527
57.872,-296.68875
57.874,-292.87537
57.876,-290.50714
57.878,-288.85794
57.88,-287.1827
57.882,-284.663
57.884,-281.63953
57.886,-278.39767
57.888,-275.17505
57.89,-271.6679
57.892,-267.7844
57.894,-263.28424
57.896,-258.16425
57.898,-252.58815
57.9,-247.42577
57.902,-243.59492
57.904,-241.65373
57.906,-241.13594
57.908,-241.67963
57.91,-242.28618
57.912,-242.15405
57.914,-240.44215
57.916,-238.4589
57.918,-236.6409
57.92,-235.1496
57.922,-233.0947
57.924,-230.91745
57.926,-227.88353
57.928,-223.64227
57.93,-218.19328
57.932,-213.65236
57.934,-211.51372
57.936,-212.63527
57.938,-216.29068
57.94,-221.66972
57.942,-226.61916
57.944,-229.14577
57.946,-227.89786
57.948,-223.9433
57.95,-218.89496
57.952,-214.63654
57.954,-212.06862
57.956,-211.92525
57.958,-213.29413
57.96,-214.63654
57.962,-214.16898
57.964,-211.91505
57.966,-208.36447
57.968,-204.63017
57.97,-201.44089
57.972,-199.95909
57.974,-200.00479
57.976,-200.62762
57.978,-200.17178
57.98,-198.19527
57.982,-194.48695
57.984,-189.62064
57.986,-184.34816
57.988,-180.51935
57.99,-179.183
57.992,-180.6149
57.994,-183.75351
57.996,-187.8872
57.998,-191.58774
58.0,-193.62317
58.002,-192.89812
58.004,-190.09587
58.006,-186.10902
58.008,-182.11586
58.01,-178.69374
58.012,-176.9527
58.014,-176.93669
58.016,-178.11331
58.018,-179.19853
58.02,-180.01694
58.022,-180.3859
58.024,-180.6149
58.026,-180.90045
58.028,-182.5466
58.03,-186.12471
58.032,-191.6219
58.034,-197.91472
58.036,-204.4792
58.038,-210.30147
58.04,-214.63654
58.042,-216.73718
58.044,-217.37817
58.046,-217.16771
58.048,-216.63782
58.05,-215.55363
58.052,-214.43568
58.054,-213.3612
58.056,-212.63527
58.058,-212.45973
58.06,-214.31003
58.062,-219.11809
58.064,-227.1445
58.066,-237.16875
58.068,-248.03297
58.07,-257.7631
58.072,-264.66837
58.074,-267.53177
58.076,-267.3108
58.078,-265.5685
58.08,-264.16806
58.082,-264.04184
58.084,-266.1569
58.086,-270.0734
58.088,-274.67474
58.09,-278.28247
58.092,-280.59018
58.094,-281.56348
58.096,-281.6792
58.098,-281.1464
58.1,-280.97583
58.102,-281.4912
58.104,-282.67984
58.106,-283.87473
58.108,-285.35663
58.11,-287.1185
58.112,-289.18396
58.114,-291.00784
58.116,-292.9322
58.118,-294.75745
58.12,-296.18842
58.122,-296.45947
58.124,-296.01736
58.126,-295.11627
58.128,-294.18716
58.13,-293.2205
58.132,-293.11212
58.134,-294.02316
58.136,-295.6881
58.138,-296.97617
58.14,-297.66516
58.142,-297.268
58.144,-295.6881
58.146,-292.79706
58.148,-289.93408
58.15,-288.03763
58.152,-287.683
58.154,-288.30222
58.156,-289.84216
58.158,-291.41248
58.16,-292.18588
58.162,-291.27283
58.164,-289.45032
58.166,-287.37582
58.168,-285.68173
58.17,-284.16547
58.172,-283.27237
58.174,-282.68823
58.176,-282.1795
58.178,-281.40677
58.18,-281.62665
58.182,-283.72113
58.184,-288.18332
58.186,-294.1777
58.188,-301.16382
58.19,-307.52783
58.192,-311.6983
58.194,-312.23416
58.196,-309.8888
58.198,-305.73685
58.2,-301.19162
58.202,-296.88113
58.204,-294.09152
58.206,-292.94495
58.208,-293.18652
58.21,-293.97745
58.212,-295.8837
58.214,-298.99957
58.216,-303.19287
58.218,-307.3106
58.22,-311.00653
58.222,-313.2287
58.224,-313.19925
58.226,-310.2357
58.228,-305.6427
58.23,-300.607
58.232,-296.18842
58.234,-292.27133
58.236,-289.2597
58.238,-286.47772
58.24,-283.18015
58.242,-278.50293
58.244,-273.55862
58.246,-269.5162
58.248,-267.6703
58.25,-268.32047
58.252,-272.16895
58.254,-278.44458
58.256,-285.68173
58.258,-291.696
58.26,-295.9279
58.262,-298.08072
58.264,-298.69
58.266,-298.3325
58.268,-298.85364
58.27,-301.12296
58.272,-305.19415
58.274,-309.8165
58.276,-314.36115
58.278,-317.6891
58.28,-319.20306
58.282,-318.80194
58.284,-317.87164
58.286,-317.4628
58.288,-318.20242
58.29,-319.81
58.292,-321.8731
58.294,-323.26474
58.296,-323.2056
58.298,-321.652
58.3,-320.0257
58.302,-319.7074
58.304,-321.70465
58.306,-325.59988
58.308,-331.0394
58.31,-336.34402
58.312,-339.71613
58.314,-338.99744
58.316,-335.34906
58.318,-330.39825
58.32,-326.20752
58.322,-323.27393
58.324,-322.9818
58.326,-324.77094
58.328,-327.20816
58.33,-327.90448
58.332,-326.5846
58.334,-323.27246
58.336,-318.70276
58.338,-313.17087
58.34,-307.99683
58.342,-303.23956
58.344,-298.1897
58.346,-291.0273
58.348,-280.9771
58.35,-266.8181
58.352,-247.65755
58.354,-222.60072
58.356,-192.68053
58.358,-159.17868
58.36,-124.07893
58.362,-89.21339
58.364,-57.485657
58.366,-30.520601
58.368,-9.005729
58.37,7.439157
58.372,17.552605
58.374,19.151752
58.376,8.005093
58.378,-21.15017
58.38,-74.646675
58.382,-155.51683
58.384,-261.66647
58.386,-384.26282
58.388,-510.39157
58.39,-624.1116
58.392,-710.9523
58.394,-761.0706
58.396,-773.1628
58.398,-752.4348
58.4,-708.951
58.402,-653.7992
58.404,-597.6595
58.406,-547.0138
58.408,-504.32083
58.41,-468.48914
58.412,-438.2193
58.414,-411.65652
58.416,-387.74667
58.418,-365.84225
58.42,-346.95926
58.422,-331.54886
58.424,-319.70337
58.426,-310.63837
58.428,-304.3842
58.43,-300.29974
58.432,-297.6894
58.434,-295.4626
58.436,-293.65506
58.438,-292.05618
58.44,-290.68494
58.442,-289.4075
58.444,-288.88794
58.446,-289.3614
58.448,-290.68494
58.45,-292.01782
58.452,-292.81046
58.454,-292.5598
58.456,-291.18524
58.458,-288.82285
58.46,-286.4229
58.462,-284.87674
58.464,-284.6811
58.466,-285.2488
58.468,-286.35495
58.47,-287.06934
58.472,-286.68237
58.474,-284.40887
58.476,-281.80603
58.478,-279.56165
58.48,-278.17697
58.482,-277.10254
58.484,-276.9819
58.486,-276.86755
58.488,-275.67538
58.49,-272.23917
58.492,-267.47607
58.494,-262.123
58.496,-257.1636
58.498,-253.00006
58.5,-250.68047
58.502,-249.98087
58.504,-250.15913
58.506,-249.90346
58.508,-249.12248
58.51,-247.53195
58.512,-245.15596
58.514,-241.7857
58.516,-238.26971
58.518,-234.85187
58.52,-231.64737
58.522,-228.28653
58.524,-225.45808
58.526,-223.36293
58.528,-222.14131
58.53,-221.37296
58.532,-221.4898
58.534,-222.2221
58.536,-223.14195
58.538,-223.31337
58.54,-222.96962
58.542,-221.93881
58.544,-220.14005
58.546,-217.1113
58.548,-213.56735
58.55,-209.79532
58.552,-206.13113
58.554,-202.45273
58.556,-199.66348
58.558,-197.94086
58.56,-197.1254
58.562,-196.26817
58.564,-195.36858
58.566,-194.0197
58.568,-192.12222
58.57,-189.50726
58.572,-187.431
58.574,-186.66237
58.576,-187.61935
58.578,-189.6979
58.58,-192.89267
58.582,-196.53664
58.584,-200.12732
58.586,-203.1027
58.588,-206.34402
58.59,-210.32619
58.592,-215.13686
58.594,-219.75137
58.596,-223.69266
58.598,-225.97562
58.6,-226.14386
58.602,-224.21254
58.604,-222.13916
58.606,-221.80925
58.608,-224.64291
58.61,-230.46085
58.612,-238.71832
58.614,-247.48555
58.616,-254.662
58.618,-258.38828
58.62,-259.0038
58.622,-257.56253
58.624,-255.66264
58.626,-254.24918
58.628,-254.47899
58.63,-256.2018
58.632,-258.66455
58.634,-260.59598
58.636,-262.0703
58.638,-263.27222
58.64,-264.66837
58.642,-266.20285
58.644,-268.37866
58.646,-270.88873
58.648,-273.17377
58.65,-274.31918
58.652,-274.59702
58.654,-274.24673
58.656,-273.6741
58.658,-272.81174
58.66,-272.31
58.662,-272.26553
58.664,-272.67346
58.666,-273.10324
58.668,-274.08142
58.67,-275.6695
58.672,-277.67664
58.674,-279.15057
58.676,-279.88107
58.678,-279.2999
58.68,-277.17633
58.682,-273.3662
58.684,-269.17966
58.686,-265.6801
58.688,-263.66772
58.69,-262.90247
58.692,-263.45657
58.694,-264.51236
58.696,-265.1687
58.698,-264.39804
58.7,-262.81232
58.702,-261.10043
58.704,-260.1655
58.706,-260.23242
58.708,-262.01053
58.71,-265.01877
58.712,-268.1706
58.714,-269.67847
58.716,-269.0868
58.718,-266.09604
58.72,-261.16614
58.722,-254.91792
58.724,-249.32082
58.726,-245.67107
58.728,-244.65564
58.73,-245.70126
58.732,-248.61424
58.734,-252.30476
58.736,-255.66264
58.738,-257.46793
58.74,-258.0683
58.742,-257.78708
58.744,-257.1636
58.746,-256.21802
58.748,-255.78123
58.75,-255.85448
58.752,-256.16296
58.754,-255.87714
58.756,-255.4037
58.758,-254.88786
58.76,-254.662
58.762,-254.59856
58.764,-255.55524
58.766,-257.54498
58.768,-260.1655
58.77,-262.21506
58.772,-263.6102
58.774,-264.0485
58.776,-263.66772
58.778,-262.51117
58.78,-261.98785
58.782,-262.82208
58.784,-265.1687
58.786,-267.94272
58.788,-270.718
58.79,-272.49695
58.792,-272.67346
58.794,-270.7961
58.796,-268.24646
58.798,-266.12646
58.8,-265.1687
58.802,-264.78177
58.804,-264.7598
58.806,-264.01004
58.808,-261.66647
58.81,-257.11087
58.812,-251.80432
58.814,-247.32925
58.816,-245.15596
58.818,-245.44504
58.82,-248.43178
58.822,-252.98419
58.824,-257.6639
58.826,-260.8877
58.828,-263.03992
58.83,-264.80112
58.832,-267.16995
58.834,-270.3649
58.836,-275.04376
58.838,-280.64774
58.84,-286.18207
58.842,-290.29266
58.844,-293.08157
58.846,-294.81406
58.848,-296.18842
58.85,-297.71246
58.852,-300.26605
58.854,-303.77716
58.856,-307.69574
58.858,-311.0961
58.86,-313.78287
58.862,-315.4682
58.864,-316.20114
58.866,-316.08685
58.868,-315.9565
58.87,-316.128
58.872,-316.70148
58.874,-317.0062
58.876,-317.6407
58.878,-318.60086
58.88,-319.70337
58.882,-319.50177
58.884,-318.62543
58.886,-317.22845
58.888,-315.70084
58.89,-313.57214
58.892,-312.19122
58.894,-311.95035
58.896,-312.6989
58.898,-313.0482
58.9,-312.80563
58.902,-311.4964
58.904,-309.1967
58.906,-305.90027
58.908,-302.9061
58.91,-300.36206
58.912,-297.18906
58.914,-290.5189
58.916,-278.08475
58.918,-257.7411
58.92,-229.14577
58.922,-193.8497
58.924,-156.61337
58.926,-122.38497
58.928,-95.06047
58.93,-75.59564
58.932,-63.359715
58.934,-55.3414
58.936,-48.530872
58.938,-41.454502
58.94,-37.186626
58.942,-41.536755
58.944,-62.039467
58.946,-104.94127
58.948,-174.25798
58.95,-268.1858
58.952,-379.24127
58.954,-494.98444
58.956,-602.14844
58.958,-687.8821
58.96,-742.97266
58.962,-763.0768
58.964,-750.74475
58.966,-712.698
58.968,-658.4189
58.97,-597.3687
58.972,-538.57886
58.974,-487.62164
58.976,-446.78424
58.978,-415.12827
58.98,-391.17905
58.982,-372.41742
58.984,-356.72693
58.986,-342.3908
58.988,-329.68433
58.99,-318.85287
58.992,-310.19733
58.994,-303.3133
58.996,-298.52255
58.998,-295.34525
59.0,-293.18652
59.002,-291.12106
59.004,-289.3695
59.006,-287.89322
59.008,-286.68237
59.01,-285.3147
59.012,-283.943
59.014,-282.43765
59.016,-280.67856
59.018,-278.309
59.02,-275.71436
59.022,-273.23254
59.024,-271.17252
59.026,-269.34485
59.028,-267.92227
59.03,-266.75412
59.032,-265.669
59.034,-264.10013
59.036,-262.76965
59.038,-261.79245
59.04,-261.16614
59.042,-260.02795
59.044,-259.1807
59.046,-258.16742
59.048,-256.66327
59.05,-254.15648
59.052,-252.2046
59.054,-251.3354
59.056,-251.6601
59.058,-252.24854
59.06,-253.02034
59.062,-253.03838
59.064,-251.6601
59.066,-248.46014
59.068,-244.81511
59.07,-241.7884
59.072,-240.15277
59.074,-239.57799
59.076,-239.98701
59.078,-240.32841
59.08,-239.65245
59.082,-237.23633
59.084,-234.19196
59.086,-231.65137
59.088,-230.64673
59.09,-231.12314
59.092,-233.07088
59.094,-235.23122
59.096,-236.15022
59.098,-234.46333
59.1,-230.70694
59.102,-225.81512
59.104,-221.14069
59.106,-217.4523
59.108,-215.85194
59.11,-216.17206
59.112,-217.63846
59.114,-218.86931
59.116,-219.67984
59.118,-219.7748
59.12,-219.1394
59.122,-217.45749
59.124,-215.41367
59.126,-213.21901
59.128,-211.13431
59.13,-209.10191
59.132,-208.11086
59.134,-208.49922
59.136,-210.13368
59.138,-211.85968
59.14,-213.15877
59.142,-213.07426
59.144,-211.13431
59.146,-207.20181
59.148,-202.94041
59.15,-199.86058
59.152,-199.12668
59.154,-200.58069
59.156,-204.06721
59.158,-208.2509
59.16,-211.63463
59.162,-212.72348
59.164,-211.88837
59.166,-209.83562
59.168,-207.63208
59.17,-205.72478
59.172,-205.08923
59.174,-205.69344
59.176,-207.13177
59.178,-208.48187
59.18,-210.1245
59.182,-212.25793
59.184,-215.13686
59.186,-218.31929
59.188,-222.0635
59.19,-225.87721
59.192,-229.14577
59.194,-230.9258
59.196,-231.69685
59.198,-231.8962
59.2,-232.14769
59.202,-232.51123
59.204,-233.85031
59.206,-236.28162
59.208,-239.65245
59.21,-243.19273
59.212,-247.14824
59.214,-251.36978
59.216,-255.66264
59.218,-259.2499
59.22,-262.28308
59.222,-264.48572
59.224,-265.669
59.226,-265.3704
59.228,-264.3869
59.23,-263.28998
59.232,-262.66708
59.234,-262.48434
59.236,-263.414
59.238,-265.4165
59.24,-268.1706
59.242,-270.73822
59.244,-273.2275
59.246,-275.5124
59.248,-277.67664
59.25,-279.4982
59.252,-281.7588
59.254,-284.68097
59.256,-288.18332
59.258,-291.3954
59.26,-294.2841
59.262,-296.44513
59.264,-297.6894
59.266,-297.64734
59.268,-297.26633
59.27,-297.1463
59.272,-297.6894
59.274,-298.40378
59.276,-299.4835
59.278,-300.422
59.28,-300.69128
59.282,-299.4841
59.284,-297.45932
59.286,-295.1506
59.288,-293.18652
59.29,-291.50742
59.292,-290.8012
59.294,-290.87045
59.296,-291.18524
59.298,-290.60175
59.3,-289.3037
59.302,-287.356
59.304,-285.18143
59.306,-282.88995
59.308,-281.66037
59.31,-281.82535
59.312,-283.18015
59.314,-284.5102
59.316,-285.50967
59.318,-285.49255
59.32,-284.1808
59.322,-281.32504
59.324,-278.34784
59.326,-276.34747
59.328,-276.1757
59.33,-277.56482
59.332,-280.80612
59.334,-285.1595
59.336,-289.6843
59.338,-293.05225
59.34,-295.58435
59.342,-297.49057
59.344,-299.19034
59.346,-300.47427
59.348,-302.11426
59.35,-303.98355
59.352,-305.69446
59.354,-306.2705
59.356,-306.19
59.358,-305.6828
59.36,-305.19415
59.362,-304.65314
59.364,-305.02322
59.366,-306.3394
59.368,-308.19608
59.37,-309.3335
59.372,-309.67523
59.374,-308.81116
59.376,-306.6951
59.378,-303.14258
59.38,-299.49652
59.382,-296.62735
59.384,-295.18777
59.386,-294.90515
59.388,-296.26108
59.39,-298.8737
59.392,-302.19223
59.394,-305.19385
59.396,-308.19824
59.398,-311.1877
59.4,-314.1999
59.402,-316.6896
59.404,-319.1047
59.406,-321.21387
59.408,-322.7053
59.41,-322.9233
59.412,-322.42328
59.414,-321.524
59.416,-320.704
59.418,-320.2119
59.42,-320.72702
59.422,-322.081
59.424,-323.70593
59.426,-324.72217
59.428,-324.81082
59.43,-323.49164
59.432,-320.704
59.434,-316.78244
59.436,-312.8918
59.438,-309.83298
59.44,-308.19608
59.442,-307.68454
59.444,-308.9658
59.446,-311.7312
59.448,-315.20053
59.45,-317.15704
59.452,-317.6327
59.454,-316.36813
59.456,-313.69955
59.458,-309.42325
59.46,-305.4552
59.462,-302.6701
59.464,-301.19162
59.466,-299.62146
59.468,-297.6803
59.47,-294.7903
59.472,-291.18524
59.474,-287.30615
59.476,-285.09894
59.478,-285.02417
59.48,-285.68173
59.482,-283.13467
59.484,-273.61356
59.486,-253.48793
59.488,-221.641
59.49,-179.9369
59.492,-134.3889
59.494,-91.451515
59.496,-56.03565
59.498,-29.129274
59.5,-9.149884
59.502,8.191616
59.504,26.516869
59.506,46.443047
59.508,62.518105
59.51,65.6941
59.512,45.528965
59.514,-5.633453
59.516,-91.034775
59.518,-206.14186
59.52,-339.71613
59.522,-475.7875
59.524,-598.66943
59.526,-694.65717
59.528,-754.9803
59.53,-776.43414
59.532,-762.76556
59.534,-721.6761
59.536,-663.42206
59.538,-598.222
59.54,-535.92114
59.542,-482.8668
59.544,-441.78104
59.546,-411.56387
59.548,-389.84973
59.55,-372.84042
59.552,-357.22726
59.554,-340.71265
59.556,-323.7633
59.558,-307.57153
59.56,-293.68683
59.562,-282.74323
59.564,-275.45016
59.566,-271.04105
59.568,-268.1706
59.57,-265.12558
59.572,-261.64847
59.574,-257.79453
59.576,-254.16168
59.578,-251.21103
59.58,-249.78395
59.582,-250.06491
59.584,-251.6601
59.586,-253.47713
59.588,-254.73116
59.59,-254.83789
59.592,-253.66136
59.594,-251.27678
59.596,-248.47685
59.598,-246.17906
59.6,-245.15596
59.602,-245.30325
59.604,-247.0688
59.606,-249.83023
59.608,-252.66074
59.61,-253.95992
59.612,-254.17549
59.614,-252.90718
59.616,-250.15913
59.618,-245.82552
59.62,-241.78163
59.622,-238.77951
59.624,-237.15086
59.626,-236.27567
59.628,-236.42528
59.63,-236.9353
59.632,-237.15086
59.634,-236.24643
59.636,-234.88464
59.638,-233.39484
59.64,-232.14769
59.642,-230.97021
59.644,-230.46219
59.646,-230.46599
59.648,-230.64673
59.65,-230.2478
59.652,-229.56837
59.654,-228.54346
59.656,-227.1445
59.658,-224.93382
59.66,-222.43626
59.662,-219.76953
59.664,-217.13814
59.666,-214.44249
59.668,-212.61273
59.67,-212.00423
59.672,-212.63527
59.674,-213.64995
59.676,-214.83835
59.678,-215.38835
59.68,-214.63654
59.682,-211.90096
59.684,-208.06244
59.686,-203.98076
59.688,-200.62762
59.69,-198.26976
59.692,-197.76074
59.694,-198.92598
59.696,-201.12794
59.698,-203.04948
59.7,-204.56271
59.702,-205.39464
59.704,-205.63081
59.706,-205.13593
59.708,-204.9205
59.71,-205.39374
59.712,-206.63145
59.714,-207.85202
59.716,-209.14569
59.718,-210.13934
59.72,-210.634
59.722,-210.20358
59.724,-209.7874
59.726,-209.96152
59.728,-211.13431
59.73,-212.85442
59.732,-215.42696
59.734,-218.48613
59.736,-221.641
59.738,-224.1682
59.74,-226.65517
59.742,-229.40195
59.744,-232.648
59.746,-235.92055
59.748,-239.485
59.75,-243.00626
59.752,-246.1566
59.754,-248.34444
59.756,-250.30682
59.758,-252.5808
59.76,-255.66264
59.762,-259.28625
59.764,-263.7638
59.766,-268.61465
59.768,-273.17377
59.77,-276.41925
59.772,-278.62396
59.774,-280.04605
59.776,-281.17886
59.778,-282.07535
59.78,-283.5715
59.782,-285.81943
59.784,-288.68365
59.786,-291.406
59.788,-294.19608
59.79,-296.95792
59.792,-299.69064
59.794,-301.99512
59.796,-304.4149
59.798,-307.00998
59.8,-309.69702
59.802,-311.8008
59.804,-313.48145
59.806,-314.4073
59.808,-314.1999
59.81,-312.08536
59.812,-308.46262
59.814,-303.628
59.816,-298.1897
59.818,-292.51355
59.82,-287.9869
59.822,-285.3137
59.824,-284.6811
59.826,-285.2007
59.828,-286.55692
59.83,-287.8138
59.832,-288.18332
59.834,-286.8067
59.836,-284.41177
59.838,-281.63455
59.84,-279.1776
59.842,-277.01254
59.844,-275.84976
59.846,-275.537
59.848,-275.67538
59.85,-275.328
59.852,-274.8807
59.854,-274.42868
59.856,-274.1744
59.858,-273.73672
59.86,-273.73773
59.862,-274.01602
59.864,-274.1744
59.866,-273.21667
59.868,-271.46194
59.87,-268.98547
59.872,-266.1693
59.874,-263.0946
59.876,-261.0549
59.878,-260.5609
59.88,-261.66647
59.882,-263.41202
59.884,-265.73624
59.886,-267.97238
59.888,-269.67154
59.89,-270.2374
59.892,-270.67853
59.894,-271.5485
59.896,-273.17377
59.898,-274.89932
59.9,-276.94073
59.902,-278.8113
59.904,-280.17825
59.906,-280.56702
59.908,-281.1004
59.91,-282.49753
59.912,-285.18143
59.914,-288.44254
59.916,-292.20322
59.918,-295.54672
59.92,-297.6894
59.922,-297.83743
59.924,-297.11148
59.926,-296.56372
59.928,-297.18906
59.93,-298.86734
59.932,-301.88123
59.934,-305.26074
59.936,-307.69574
59.938,-307.54828
59.94,-305.08374
59.942,-300.89514
59.944,-296.18842
59.946,-291.76443
59.948,-289.26703
59.95,-289.0686
59.952,-290.68494
59.954,-292.4866
59.956,-293.9544
59.958,-294.48386
59.96,-294.18716
59.962,-293.3242
59.964,-293.70605
59.966,-296.4072
59.968,-301.69193
59.97,-308.21942
59.972,-314.96027
59.974,-320.08694
59.976,-322.205
59.978,-320.46277
59.98,-316.2747
59.982,-311.3933
59.984,-307.69574
59.986,-306.15182
59.988,-307.48645
59.99,-310.9431
59.992,-315.20053
59.994,-318.84525
59.996,-321.6235
59.998,-323.47528
