time_sec,ecg
0.0,-206.13113
0.002,-229.86859
0.004,-232.32288
0.006,-220.3225
0.008,-204.12985
0.01,-192.49846
0.012,-190.07153
0.014,-195.87715
0.016,-205.1305
0.018,-212.02794
0.02,-213.50795
0.022,-209.86903
0.024,-204.12985
0.026,-199.67058
0.028,-199.12611
0.03,-202.71419
0.032,-208.63272
0.034,-213.94484
0.036,-216.90656
0.038,-217.13689
0.04,-215.63718
0.042,-213.69196
0.044,-212.89236
0.046,-213.93398
0.048,-216.63782
0.05,-219.91101
0.052,-223.14775
0.054,-225.91711
0.056,-228.14514
0.058,-229.63724
0.06,-230.85033
0.062,-232.11336
0.064,-233.64864
0.066,-235.16245
0.068,-236.80434
0.07,-238.51399
0.072,-240.15277
0.074,-241.1915
0.076,-241.78146
0.078,-242.14665
0.08,-242.65437
0.082,-243.19318
0.084,-244.47046
0.086,-246.53229
0.088,-249.15851
0.09,-251.51324
0.092,-253.75423
0.094,-255.7822
0.096,-257.6639
0.098,-259.1029
0.1,-260.7952
0.102,-262.86923
0.104,-265.1687
0.106,-266.78488
0.108,-267.71918
0.11,-267.68094
0.112,-266.66965
0.114,-264.55252
0.116,-262.52414
0.118,-261.39246
0.12,-261.66647
0.122,-262.83063
0.124,-264.92892
0.126,-267.27133
0.128,-269.17123
0.13,-269.73224
0.132,-269.6052
0.134,-269.37112
0.136,-269.67154
0.138,-270.36163
0.14,-271.99738
0.142,-274.279
0.144,-276.67603
0.146,-278.1627
0.148,-279.05637
0.15,-279.47983
0.152,-279.67792
0.154,-279.32733
0.156,-279.05664
0.158,-278.86755
0.16,-278.67728
0.162,-277.95526
0.164,-277.40286
0.166,-277.3717
0.168,-278.17697
0.17,-279.44702
0.172,-281.6512
0.174,-284.5357
0.176,-287.683
0.178,-290.15842
0.18,-292.32324
0.182,-294.26062
0.184,-296.18842
0.186,-297.81076
0.188,-299.87497
0.19,-302.41104
0.192,-305.19415
0.194,-307.3066
0.196,-309.0161
0.198,-310.258
0.2,-311.19797
0.202,-311.67093
0.204,-312.7262
0.206,-314.74268
0.208,-317.70212
0.21,-320.58813
0.212,-323.24734
0.214,-324.95618
0.216,-325.20688
0.218,-323.3843
0.22,-320.51453
0.222,-317.3828
0.224,-314.7002
0.226,-312.27496
0.228,-310.6145
0.23,-309.29218
0.232,-307.69574
0.234,-304.81018
0.236,-301.21826
0.238,-297.42264
0.24,-294.18716
0.242,-291.711
0.244,-291.0894
0.246,-292.39923
0.248,-295.18777
0.25,-298.12338
0.252,-300.98297
0.254,-303.23422
0.256,-304.69385
0.258,-305.04953
0.26,-305.31543
0.262,-305.96094
0.264,-307.19543
0.266,-308.5351
0.268,-310.0594
0.27,-311.24274
0.272,-311.6983
0.274,-311.19507
0.276,-310.54092
0.278,-310.24713
0.28,-310.69766
0.282,-311.72934
0.284,-313.5008
0.286,-315.38892
0.288,-316.70148
0.29,-316.4232
0.292,-315.36548
0.294,-314.10266
0.296,-313.19925
0.298,-311.7835
0.3,-310.92908
0.302,-310.73572
0.304,-311.19797
0.306,-311.15277
0.308,-311.63214
0.31,-312.83978
0.312,-314.7002
0.314,-315.9143
0.316,-316.60776
0.318,-316.27502
0.32,-314.7002
0.322,-311.41364
0.324,-307.71188
0.326,-304.2627
0.328,-301.19162
0.33,-297.13733
0.332,-291.17334
0.334,-281.3053
0.336,-265.669
0.338,-242.68604
0.34,-213.402
0.342,-179.7314
0.344,-144.59198
0.346,-110.6194
0.348,-81.159454
0.35,-57.924126
0.352,-41.526417
0.354,-31.541964
0.356,-29.279324
0.358,-36.857872
0.36,-58.036922
0.362,-97.022804
0.364,-158.62805
0.366,-244.37376
0.368,-351.22342
0.37,-470.3804
0.372,-589.9957
0.374,-695.8128
0.376,-774.99304
0.378,-818.6645
0.38,-825.52075
0.382,-800.0674
0.384,-751.4781
0.386,-690.35913
0.388,-627.6696
0.39,-570.9077
0.392,-523.83325
0.394,-486.34872
0.396,-457.38248
0.398,-434.45425
0.4,-415.26416
0.402,-397.73465
0.404,-381.80347
0.406,-367.41397
0.408,-354.72568
0.41,-343.3597
0.412,-333.97073
0.414,-326.494
0.416,-320.704
0.418,-315.80502
0.42,-312.10825
0.422,-309.45972
0.424,-307.69574
0.426,-306.19778
0.428,-305.16028
0.43,-304.4048
0.432,-303.6932
0.434,-302.4291
0.436,-300.7799
0.438,-298.9303
0.44,-297.18906
0.442,-295.48492
0.444,-294.2977
0.446,-293.7341
0.448,-293.68683
0.45,-293.3497
0.452,-293.0485
0.454,-292.53836
0.456,-291.68555
0.458,-289.77536
0.46,-288.13425
0.462,-286.7984
0.464,-285.68173
0.466,-283.99957
0.468,-282.92676
0.47,-282.386
0.472,-282.1795
0.474,-281.5422
0.476,-281.27524
0.478,-281.34644
0.48,-281.6792
0.482,-281.67673
0.484,-282.0039
0.486,-282.5686
0.488,-283.18015
0.49,-283.14017
0.492,-282.93405
0.494,-282.4722
0.496,-281.6792
0.498,-280.07327
0.5,-278.30722
0.502,-276.48666
0.504,-274.67474
0.506,-272.47476
0.508,-270.5254
0.51,-268.91248
0.512,-267.6703
0.514,-266.3697
0.516,-265.53226
0.518,-265.04868
0.52,-264.66837
0.522,-263.64716
0.524,-262.23816
0.526,-260.26028
0.528,-257.6639
0.53,-254.18279
0.532,-250.72287
0.534,-247.75421
0.536,-245.65628
0.538,-244.19797
0.54,-243.86989
0.542,-244.36858
0.544,-245.15596
0.546,-245.22305
0.548,-244.65366
0.55,-243.26974
0.552,-241.15341
0.554,-238.21568
0.556,-235.46861
0.558,-233.37196
0.56,-232.14769
0.562,-231.31717
0.564,-231.13171
0.566,-231.208
0.568,-231.14705
0.57,-230.26399
0.572,-229.05405
0.574,-227.64262
0.576,-226.14386
0.578,-224.15579
0.58,-222.15204
0.582,-220.02168
0.584,-217.63846
0.586,-214.56091
0.588,-211.4958
0.59,-208.7616
0.592,-206.63145
0.594,-204.80739
0.596,-203.80183
0.598,-203.48514
0.6,-203.62955
0.602,-203.58943
0.604,-203.81522
0.606,-204.33586
0.608,-205.1305
0.61,-205.61777
0.612,-206.1413
0.614,-206.52681
0.616,-206.63145
0.618,-205.98888
0.62,-205.31232
0.622,-204.94061
0.624,-205.1305
0.626,-205.47597
0.628,-206.36188
0.63,-207.52818
0.632,-208.63272
0.634,-208.94566
0.636,-208.96037
0.638,-208.91586
0.64,-209.13304
0.642,-209.41122
0.644,-210.40157
0.646,-212.07063
0.648,-214.13623
0.65,-215.70683
0.652,-216.94264
0.654,-217.72498
0.656,-218.13878
0.658,-217.97665
0.66,-218.13104
0.662,-218.97621
0.664,-220.64037
0.666,-222.4903
0.668,-224.70227
0.67,-226.98392
0.672,-229.14577
0.674,-230.73476
0.676,-232.5131
0.678,-234.90002
0.68,-238.1515
0.682,-241.71805
0.684,-245.73189
0.686,-249.71117
0.688,-253.16106
0.69,-255.29431
0.692,-256.6549
0.694,-257.6316
0.696,-258.66455
0.698,-259.54623
0.7,-260.84467
0.702,-262.46573
0.704,-264.16806
0.706,-265.22592
0.708,-266.1054
0.71,-267.01038
0.712,-268.1706
0.714,-269.18683
0.716,-270.5433
0.718,-272.11874
0.72,-273.6741
0.722,-274.45422
0.724,-274.91733
0.726,-275.24463
0.728,-275.67538
0.73,-275.8582
0.732,-276.42355
0.734,-277.40402
0.736,-278.67728
0.738,-279.50867
0.74,-280.31152
0.742,-281.15457
0.744,-282.1795
0.746,-283.01517
0.748,-284.3424
0.75,-286.26526
0.752,-288.68365
0.754,-290.78964
0.756,-292.78622
0.758,-294.45468
0.76,-295.6881
0.762,-296.03366
0.764,-296.2676
0.766,-296.7419
0.768,-297.6894
0.77,-298.61176
0.772,-299.95126
0.774,-301.5429
0.776,-303.19287
0.778,-304.25485
0.78,-305.37582
0.782,-306.79373
0.784,-308.69638
0.786,-310.57782
0.788,-312.92172
0.79,-315.5513
0.792,-318.20242
0.794,-320.09448
0.796,-321.77582
0.798,-323.41498
0.8,-325.20688
0.802,-326.71048
0.804,-328.51013
0.806,-330.4575
0.808,-332.21133
0.81,-332.80856
0.812,-332.6108
0.814,-331.66443
0.816,-330.21005
0.818,-328.03198
0.82,-326.11447
0.822,-324.70392
0.824,-323.70593
0.826,-322.1425
0.828,-320.1322
0.83,-317.33997
0.832,-313.69955
0.834,-308.95563
0.836,-304.45395
0.838,-301.12302
0.84,-299.69064
0.842,-299.84772
0.844,-301.98343
0.846,-305.42377
0.848,-309.1967
0.85,-311.80826
0.852,-313.34372
0.854,-313.8255
0.856,-313.69955
0.858,-313.1511
0.86,-313.40564
0.862,-314.8055
0.864,-317.20178
0.866,-319.72424
0.868,-322.08115
0.87,-323.5419
0.872,-323.70593
0.874,-322.49283
0.876,-320.9518
0.878,-319.83005
0.88,-319.70337
0.882,-320.49854
0.884,-322.50073
0.886,-325.1363
0.888,-327.70847
0.89,-328.9064
0.892,-329.63895
0.894,-330.43747
0.896,-331.71103
0.898,-332.144
0.9,-332.47263
0.902,-332.49863
0.904,-332.21133
0.906,-330.85428
0.908,-330.07675
0.91,-330.6542
0.912,-332.71167
0.914,-334.65344
0.916,-335.92612
0.918,-335.3979
0.92,-332.71167
0.922,-327.89285
0.924,-323.0398
0.926,-319.26974
0.928,-316.20114
0.93,-310.90662
0.932,-300.48203
0.934,-281.66913
0.936,-253.16106
0.938,-216.06789
0.94,-175.46921
0.942,-136.87679
0.944,-104.56652
0.946,-79.397804
0.948,-60.561146
0.95,-45.298527
0.952,-32.02037
0.954,-22.011648
0.956,-21.993889
0.958,-40.84425
0.96,-87.05538
0.962,-164.63129
0.964,-272.33197
0.966,-401.30185
0.968,-537.34186
0.97,-663.6833
0.972,-766.5206
0.974,-836.07306
0.976,-868.55255
0.978,-865.4294
0.98,-833.8313
0.982,-782.71075
0.984,-721.459
0.986,-657.83636
0.988,-598.7618
0.99,-548.01
0.992,-506.82242
0.994,-473.87637
0.996,-447.839
0.998,-426.43118
1.0,-407.7594
1.002,-390.24683
1.004,-374.42535
1.006,-360.7605
1.008,-349.72247
1.01,-340.8898
1.012,-334.55344
1.014,-330.07312
1.016,-326.70782
1.018,-323.4243
1.02,-320.5852
1.022,-318.30798
1.024,-316.70148
1.026,-315.2926
1.028,-314.17105
1.03,-313.05618
1.032,-311.6983
1.034,-309.65823
1.036,-307.36145
1.038,-305.24457
1.04,-303.6932
1.042,-302.44232
1.044,-301.64142
1.046,-301.00006
1.048,-300.19098
1.05,-298.3866
1.052,-296.50616
1.054,-294.71826
1.056,-293.18652
1.058,-291.19455
1.06,-289.9852
1.062,-289.1635
1.064,-288.18332
1.066,-286.00803
1.068,-283.83643
1.07,-281.9593
1.072,-280.67856
1.074,-279.6356
1.076,-279.73193
1.078,-280.74326
1.08,-282.1795
1.082,-282.9846
1.084,-283.49887
1.086,-283.5656
1.088,-283.18015
1.09,-281.98462
1.092,-280.78873
1.094,-279.70605
1.096,-278.67728
1.098,-277.08643
1.1,-275.3909
1.102,-273.56046
1.104,-271.67282
1.106,-269.49606
1.108,-267.90933
1.11,-267.1432
1.112,-267.16995
1.114,-267.2624
1.116,-267.5156
1.118,-267.44025
1.12,-266.66965
1.122,-264.71265
1.124,-262.41437
1.126,-260.26404
1.128,-258.66455
1.13,-257.33676
1.132,-256.67352
1.134,-256.27945
1.136,-255.66264
1.138,-254.06554
1.14,-252.01393
1.142,-249.76997
1.144,-247.65755
1.146,-245.48119
1.148,-243.8444
1.15,-242.64372
1.152,-241.65373
1.154,-240.25835
1.156,-238.94333
1.158,-237.75325
1.16,-236.65054
1.162,-235.0311
1.164,-233.18022
1.166,-230.89877
1.168,-228.14514
1.17,-224.73227
1.172,-221.70197
1.174,-219.59442
1.176,-218.63908
1.178,-218.15836
1.18,-218.066
1.182,-217.59674
1.184,-216.1375
1.186,-213.1047
1.188,-209.50478
1.19,-206.22748
1.192,-204.12985
1.194,-203.21695
1.196,-203.93579
1.198,-205.70116
1.2,-207.63208
1.202,-208.47267
1.204,-208.41255
1.206,-207.63184
1.208,-206.63145
1.21,-205.51178
1.212,-205.25566
1.214,-206.02904
1.216,-207.63208
1.218,-209.15825
1.22,-210.76491
1.222,-212.26605
1.224,-213.63591
1.226,-214.48251
1.228,-215.48503
1.23,-216.74081
1.232,-218.13878
1.234,-218.90329
1.236,-219.28564
1.238,-219.17424
1.24,-218.63908
1.242,-217.47263
1.244,-216.67809
1.246,-216.79346
1.248,-218.13878
1.25,-220.20667
1.252,-223.21246
1.254,-226.7012
1.256,-230.14641
1.258,-232.65166
1.26,-234.6302
1.262,-236.33528
1.264,-238.1515
1.266,-239.91998
1.268,-242.32785
1.27,-245.3452
1.272,-248.65819
1.274,-251.32103
1.276,-253.4961
1.278,-255.18346
1.28,-256.66327
1.282,-257.90414
1.284,-259.91678
1.286,-263.0431
1.288,-267.16995
1.29,-271.21518
1.292,-274.87085
1.294,-277.46588
1.296,-278.67728
1.298,-278.19473
1.3,-277.24503
1.302,-276.82114
1.304,-277.67664
1.306,-279.4825
1.308,-282.3559
1.31,-285.53952
1.312,-288.18332
1.314,-289.18954
1.316,-289.1096
1.318,-288.52576
1.32,-288.18332
1.322,-288.09705
1.324,-288.97662
1.326,-290.654
1.328,-292.6862
1.33,-294.0935
1.332,-295.21048
1.334,-296.17096
1.336,-297.18906
1.338,-297.84763
1.34,-298.6432
1.342,-299.46774
1.344,-300.19098
1.346,-300.3033
1.348,-300.55737
1.35,-301.2983
1.352,-302.69257
1.354,-304.07565
1.356,-305.56915
1.358,-306.71298
1.36,-307.19543
1.362,-306.5431
1.364,-305.80884
1.366,-305.7012
1.368,-306.6951
1.37,-308.22552
1.372,-310.40262
1.374,-312.57318
1.376,-314.1999
1.378,-314.65213
1.38,-315.0218
1.382,-316.15448
1.384,-318.70276
1.386,-322.1942
1.388,-326.6373
1.39,-331.0115
1.392,-334.21262
1.394,-334.9879
1.396,-333.98184
1.398,-331.9089
1.4,-329.70975
1.402,-327.57007
1.404,-326.384
1.406,-325.9543
1.408,-325.7072
1.41,-324.4729
1.412,-322.5238
1.414,-319.87686
1.416,-316.70148
1.418,-312.60916
1.42,-308.33167
1.422,-303.97705
1.424,-299.69064
1.426,-295.26175
1.428,-291.91837
1.43,-290.39508
1.432,-291.18524
1.434,-293.7889
1.436,-298.2982
1.438,-303.80084
1.44,-309.1967
1.442,-313.1361
1.444,-315.6699
1.446,-316.76532
1.448,-316.70148
1.45,-315.66388
1.452,-314.46786
1.454,-313.29523
1.456,-312.1986
1.458,-311.06693
1.46,-310.48178
1.462,-310.5414
1.464,-311.19797
1.466,-311.8892
1.468,-312.8406
1.47,-313.7063
1.472,-314.1999
1.474,-313.28784
1.476,-312.30313
1.478,-311.97195
1.48,-312.6989
1.482,-312.95645
1.484,-313.21652
1.486,-313.01794
1.488,-312.1986
1.49,-310.0498
1.492,-308.32745
1.494,-307.96692
1.496,-309.1967
1.498,-310.43726
1.5,-310.96277
1.502,-309.4042
1.504,-305.19415
1.506,-298.282
1.508,-290.76724
1.51,-283.83844
1.512,-277.17633
1.514,-267.92172
1.516,-253.21101
1.518,-230.03719
1.52,-197.62572
1.522,-157.89812
1.524,-116.727234
1.526,-80.16689
1.528,-52.53342
1.53,-34.260643
1.532,-23.864124
1.534,-18.208149
1.536,-16.010185
1.538,-19.601353
1.54,-36.874264
1.542,-77.218414
1.544,-148.09421
1.546,-250.59477
1.548,-379.06265
1.55,-520.0071
1.552,-655.9173
1.554,-769.33716
1.556,-848.6983
1.558,-888.8515
1.56,-891.5672
1.562,-863.17065
1.564,-813.5841
1.566,-752.20087
1.568,-686.937
1.57,-623.2213
1.572,-565.7082
1.574,-516.792
1.576,-477.30365
1.578,-446.17328
1.58,-422.36368
1.582,-403.64133
1.584,-387.74667
1.586,-372.5184
1.588,-357.87192
1.59,-344.03964
1.592,-331.71103
1.594,-321.0859
1.596,-313.0569
1.598,-307.4686
1.6,-303.6932
1.602,-300.4832
1.604,-297.6254
1.606,-294.83887
1.608,-292.18588
1.61,-289.63864
1.612,-287.87375
1.614,-287.23505
1.616,-287.683
1.618,-288.40106
1.62,-288.83487
1.622,-288.35455
1.624,-286.68237
1.626,-283.66006
1.628,-280.3503
1.63,-277.65073
1.632,-276.1757
1.634,-275.27448
1.636,-275.34332
1.638,-275.3091
1.64,-274.1744
1.642,-270.8112
1.644,-267.0241
1.646,-263.69565
1.648,-261.66647
1.65,-260.77124
1.652,-261.98218
1.654,-264.51486
1.656,-267.16995
1.658,-268.36435
1.66,-268.385
1.662,-267.32874
1.664,-265.669
1.666,-263.5261
1.668,-261.99533
1.67,-261.14493
1.672,-260.66583
1.674,-259.68274
1.676,-258.46112
1.678,-256.9188
1.68,-255.16232
1.682,-253.01813
1.684,-251.26717
1.686,-250.01814
1.688,-249.15851
1.69,-248.048
1.692,-246.95015
1.694,-245.68222
1.696,-244.15532
1.698,-242.04495
1.7,-240.04675
1.702,-238.37715
1.704,-237.15086
1.706,-235.98276
1.708,-235.25374
1.71,-234.73994
1.712,-234.14896
1.714,-232.87381
1.716,-231.32103
1.718,-229.54382
1.72,-227.64482
1.722,-225.36935
1.724,-223.29205
1.726,-221.4177
1.728,-219.63972
1.73,-217.45845
1.732,-215.29128
1.734,-213.16519
1.736,-211.13431
1.738,-208.89479
1.74,-206.99507
1.742,-205.44164
1.744,-204.12985
1.746,-202.51976
1.748,-200.96248
1.75,-199.3611
1.752,-197.62572
1.754,-195.32329
1.756,-192.98262
1.758,-190.7136
1.76,-188.62
1.762,-186.39612
1.764,-184.59995
1.766,-183.22707
1.768,-182.11586
1.77,-180.59662
1.772,-178.93964
1.774,-177.07854
1.776,-175.1114
1.778,-172.88916
1.78,-171.30293
1.782,-170.69499
1.784,-171.10886
1.786,-171.80492
1.788,-172.75911
1.79,-173.46863
1.792,-173.61044
1.794,-172.76556
1.796,-171.8479
1.798,-171.47897
1.8,-172.10948
1.802,-173.33723
1.804,-175.30765
1.806,-177.43808
1.808,-179.11395
1.81,-179.52878
1.812,-179.29008
1.814,-178.9412
1.816,-179.11395
1.818,-179.78319
1.82,-181.53006
1.822,-184.13446
1.824,-187.11903
1.826,-189.52983
1.828,-191.58623
1.83,-193.3692
1.832,-195.12413
1.834,-196.64723
1.836,-198.60524
1.838,-201.1118
1.84,-204.12985
1.842,-207.08894
1.844,-210.39102
1.846,-214.07729
1.848,-218.13878
1.85,-221.99548
1.852,-225.9049
1.854,-229.68413
1.856,-233.14832
1.858,-235.74066
1.86,-237.9938
1.862,-240.19958
1.864,-242.65437
1.866,-245.07623
1.868,-247.95332
1.87,-251.22414
1.872,-254.662
1.874,-257.4864
1.876,-259.9254
1.878,-261.95724
1.88,-263.66772
1.882,-264.7215
1.884,-265.7767
1.886,-267.06396
1.888,-268.67093
1.89,-270.02432
1.892,-271.4481
1.894,-272.85477
1.896,-274.1744
1.898,-274.88425
1.9,-275.5663
1.902,-276.4474
1.904,-277.67664
1.906,-278.7429
1.908,-280.01715
1.91,-281.38077
1.912,-282.67984
1.914,-283.28775
1.916,-283.71674
1.918,-284.1372
1.92,-284.6811
1.922,-284.8718
1.924,-285.13455
1.926,-285.41888
1.928,-285.68173
1.93,-285.4705
1.932,-285.4815
1.934,-286.00146
1.936,-287.1827
1.938,-288.44504
1.94,-290.09183
1.942,-291.89474
1.944,-293.68683
1.946,-294.95905
1.948,-296.4735
1.95,-298.52768
1.952,-301.19162
1.954,-303.67816
1.956,-306.07394
1.958,-307.96747
1.96,-309.1967
1.962,-309.48633
1.964,-310.07013
1.966,-311.69864
1.968,-314.7002
1.97,-318.1857
1.972,-321.83646
1.974,-324.60095
1.976,-325.7072
1.978,-324.5286
1.98,-322.38208
1.982,-320.45566
1.984,-319.70337
1.986,-319.78937
1.988,-320.68002
1.99,-321.21454
1.992,-320.2037
1.994,-316.50015
1.996,-311.08563
1.998,-305.17386
2.0,-300.19098
2.002,-296.62283
2.004,-295.37628
2.006,-296.03094
2.008,-297.6894
2.01,-298.94476
2.012,-299.9502
2.014,-300.77505
2.016,-301.69193
2.018,-302.39856
2.02,-303.3635
2.022,-304.25903
2.024,-304.69385
2.026,-304.18674
2.028,-303.4466
2.03,-302.9578
2.032,-303.19287
2.034,-304.12225
2.036,-306.05493
2.038,-308.4695
2.04,-310.69766
2.042,-311.9148
2.044,-312.55273
2.046,-312.8626
2.048,-313.19925
2.05,-313.0286
2.052,-313.36844
2.054,-314.331
2.056,-315.70084
2.058,-315.73404
2.06,-315.2595
2.062,-314.57056
2.064,-314.1999
2.066,-313.5594
2.068,-313.98026
2.07,-315.5423
2.072,-317.70212
2.074,-318.61514
2.076,-318.07217
2.078,-315.6579
2.08,-311.6983
2.082,-306.5054
2.084,-301.9889
2.086,-298.88605
2.088,-296.68875
2.09,-292.89218
2.092,-285.41666
2.094,-271.75812
2.096,-250.65945
2.098,-222.28343
2.1,-190.03036
2.102,-157.87173
2.104,-129.58243
2.106,-107.00311
2.108,-91.33442
2.11,-81.73212
2.112,-77.04902
2.114,-76.79188
2.116,-84.0019
2.118,-103.55856
2.12,-141.59007
2.122,-202.85397
2.124,-290.11804
2.126,-400.4839
2.128,-525.33417
2.13,-650.879
2.132,-762.50476
2.134,-846.35345
2.136,-893.0681
2.138,-899.3334
2.14,-869.93207
2.142,-814.4354
2.144,-744.97394
2.146,-672.6344
2.148,-606.7464
2.15,-551.9223
2.152,-508.8237
2.154,-474.92285
2.156,-447.89087
2.158,-425.1792
2.16,-405.2578
2.162,-387.11475
2.164,-371.52338
2.166,-358.74683
2.168,-348.72183
2.17,-340.51804
2.172,-334.16818
2.174,-329.18607
2.176,-325.20688
2.178,-321.53592
2.18,-318.61343
2.182,-316.38763
2.184,-314.7002
2.186,-312.90182
2.188,-311.16415
2.19,-309.42862
2.192,-307.69574
2.194,-305.63077
2.196,-303.64432
2.198,-301.9474
2.2,-300.69128
2.202,-299.48236
2.204,-298.60257
2.206,-297.90878
2.208,-297.18906
2.21,-295.63034
2.212,-294.0104
2.214,-292.33533
2.216,-290.68494
2.218,-288.41333
2.22,-287.02643
2.222,-286.40714
2.224,-286.18207
2.226,-285.25034
2.228,-284.5434
2.23,-283.89648
2.232,-283.18015
2.234,-281.80972
2.236,-280.74716
2.238,-280.06805
2.24,-279.67792
2.242,-278.8563
2.244,-278.09396
2.246,-277.22757
2.248,-276.1757
2.25,-274.5451
2.252,-273.20795
2.254,-272.40662
2.256,-272.17316
2.258,-271.83487
2.26,-271.62036
2.262,-271.15164
2.264,-270.17188
2.266,-268.26822
2.268,-266.35452
2.27,-264.89328
2.272,-264.16806
2.274,-263.6949
2.276,-263.66217
2.278,-263.5034
2.28,-262.66708
2.282,-260.47726
2.284,-257.69556
2.286,-254.88564
2.288,-252.66074
2.29,-251.00809
2.292,-250.54216
2.294,-250.95538
2.296,-251.6601
2.298,-251.62982
2.3,-251.04355
2.302,-249.84291
2.304,-248.15787
2.306,-245.77649
2.308,-243.43242
2.31,-241.23299
2.312,-239.15215
2.314,-236.7164
2.316,-234.48665
2.318,-232.59027
2.32,-231.14705
2.322,-229.79794
2.324,-229.04959
2.326,-228.76212
2.328,-228.64546
2.33,-227.93767
2.332,-226.91748
2.334,-225.48404
2.336,-223.64227
2.338,-221.07802
2.34,-218.55199
2.342,-216.3424
2.344,-214.63654
2.346,-213.06136
2.348,-212.12546
2.35,-211.72366
2.352,-211.63463
2.354,-211.15154
2.356,-210.6501
2.358,-210.12126
2.36,-209.63336
2.362,-208.85065
2.364,-208.4973
2.366,-208.75024
2.368,-209.63336
2.37,-210.53215
2.372,-211.75497
2.374,-213.05396
2.376,-214.13623
2.378,-214.26024
2.38,-213.8732
2.382,-213.09212
2.384,-212.13495
2.386,-210.7773
2.388,-209.85667
2.39,-209.62625
2.392,-210.13368
2.394,-210.72876
2.396,-211.70892
2.398,-212.88985
2.4,-214.13623
2.402,-214.92168
2.404,-215.89276
2.406,-217.26555
2.408,-219.1394
2.41,-220.93425
2.412,-222.97876
2.414,-225.0953
2.416,-227.1445
2.418,-228.61613
2.42,-230.23178
2.422,-232.33467
2.424,-235.1496
2.426,-238.1494
2.428,-241.61385
2.43,-245.22928
2.432,-248.65819
2.434,-251.18362
2.436,-253.39096
2.438,-255.61038
2.44,-258.16425
2.442,-260.68515
2.444,-263.64243
2.446,-266.88535
2.448,-270.17188
2.45,-272.782
2.452,-275.217
2.454,-277.64432
2.456,-280.17825
2.458,-282.2343
2.46,-284.17038
2.462,-285.8457
2.464,-287.1827
2.466,-287.7351
2.468,-288.34103
2.47,-289.4241
2.472,-291.18524
2.474,-292.90417
2.476,-294.6713
2.478,-296.0337
2.48,-296.68875
2.482,-296.13004
2.484,-295.38333
2.486,-295.21002
2.488,-296.18842
2.49,-297.87045
2.492,-300.43063
2.494,-303.25305
2.496,-305.69446
2.498,-306.8528
2.5,-307.43054
2.502,-308.01324
2.504,-309.1967
2.506,-310.7325
2.508,-313.00458
2.51,-315.5355
2.512,-317.70212
2.514,-318.54684
2.516,-318.64893
2.518,-318.49567
2.52,-318.70276
2.522,-319.1647
2.524,-320.58328
2.526,-322.7571
2.528,-325.20688
2.53,-326.86777
2.532,-328.08096
2.534,-328.94055
2.536,-329.70975
2.538,-330.1077
2.54,-330.99347
2.542,-332.5319
2.544,-334.71292
2.546,-336.8445
2.548,-339.4126
2.55,-342.28934
2.552,-345.2196
2.554,-347.2616
2.556,-348.6996
2.558,-349.35553
2.56,-349.22217
2.562,-347.93872
2.564,-346.56882
2.566,-345.59326
2.568,-345.2196
2.57,-344.66647
2.572,-344.02713
2.574,-342.6043
2.576,-339.71613
2.578,-334.42062
2.58,-327.59982
2.582,-320.12134
2.584,-313.19925
2.586,-307.5017
2.588,-304.63657
2.59,-304.99832
2.592,-308.19608
2.594,-312.63177
2.596,-317.64157
2.598,-322.07532
2.6,-325.20688
2.602,-326.43976
2.604,-326.81937
2.606,-327.05692
2.608,-327.70847
2.61,-328.6149
2.612,-329.99487
2.614,-331.23157
2.616,-331.71103
2.618,-330.8822
2.62,-329.5434
2.622,-328.29587
2.624,-327.70847
2.626,-327.57355
2.628,-328.36658
2.63,-329.6151
2.632,-330.7104
2.634,-330.22702
2.636,-329.3855
2.638,-328.9951
2.64,-329.70975
2.642,-330.20352
2.644,-331.17038
2.646,-332.12976
2.648,-332.71167
2.65,-331.86017
2.652,-331.03497
2.654,-330.9338
2.656,-331.71103
2.658,-331.88815
2.66,-331.0907
2.662,-328.39346
2.664,-323.70593
2.666,-317.35944
2.668,-311.6864
2.67,-307.83414
2.672,-305.19415
2.674,-300.4246
2.676,-290.1939
2.678,-271.09222
2.68,-242.15405
2.682,-205.37584
2.684,-167.07408
2.686,-133.95966
2.688,-111.070656
2.69,-99.31795
2.692,-97.20571
2.694,-100.76516
2.696,-107.068115
2.698,-116.30204
2.7,-134.47957
2.702,-170.06458
2.704,-231.14705
2.706,-321.00793
2.708,-437.17566
2.71,-569.1243
2.712,-700.9459
2.714,-814.72314
2.716,-896.6355
2.718,-938.38196
2.72,-939.0974
2.722,-904.1115
2.724,-844.4682
2.726,-772.1487
2.728,-697.94403
2.73,-629.1425
2.732,-570.6401
2.734,-523.45624
2.736,-486.30936
2.738,-456.3377
2.74,-431.9021
2.742,-411.3609
2.744,-393.7505
2.746,-378.07303
2.748,-364.7015
2.75,-353.37393
2.752,-343.71866
2.754,-334.90717
2.756,-327.4514
2.758,-321.50113
2.76,-317.20178
2.762,-314.02023
2.764,-312.11743
2.766,-310.9033
2.768,-309.69702
2.77,-307.64633
2.772,-305.1111
2.774,-302.5901
2.776,-300.69128
2.778,-299.39346
2.78,-298.98724
2.782,-299.1049
2.784,-299.19034
2.786,-298.34332
2.788,-296.9423
2.79,-295.256
2.792,-293.68683
2.794,-291.82846
2.796,-290.80847
2.798,-290.27737
2.8,-289.6843
2.802,-287.80548
2.804,-285.96997
2.806,-284.23068
2.808,-282.67984
2.81,-280.79422
2.812,-279.7993
2.814,-279.5706
2.816,-279.67792
2.818,-279.04163
2.82,-278.08087
2.822,-276.61298
2.824,-274.67474
2.826,-272.05032
2.828,-269.8771
2.83,-268.54688
2.832,-268.1706
2.834,-268.08737
2.836,-268.5273
2.838,-269.0273
2.84,-269.17123
2.842,-268.3172
2.844,-267.12692
2.846,-265.84778
2.848,-264.66837
2.85,-263.18158
2.852,-261.8277
2.854,-260.39142
2.856,-258.66455
2.858,-256.19687
2.86,-253.7833
2.862,-251.82927
2.864,-250.65945
2.866,-249.94379
2.868,-250.03143
2.87,-250.46834
2.872,-250.65945
2.874,-249.70688
2.876,-247.9852
2.878,-245.67618
2.88,-243.15468
2.882,-240.4285
2.884,-238.34517
2.886,-236.98805
2.888,-236.15022
2.89,-235.06407
2.892,-233.93587
2.894,-232.61995
2.896,-231.14705
2.898,-229.31342
2.9,-227.93105
2.902,-227.21938
2.904,-227.1445
2.906,-227.00931
2.908,-226.89621
2.91,-226.37741
2.912,-225.14323
2.914,-222.74712
2.916,-219.96928
2.918,-217.28687
2.92,-215.13686
2.922,-213.35405
2.924,-212.44792
2.926,-212.18039
2.928,-212.13495
2.93,-211.48886
2.932,-210.55356
2.934,-209.37567
2.936,-208.1324
2.938,-206.61781
2.94,-205.51642
2.942,-204.89314
2.944,-204.63017
2.946,-204.08485
2.948,-203.59154
2.95,-203.10114
2.952,-202.6289
2.954,-201.7981
2.956,-201.22707
2.958,-201.0124
2.96,-201.12794
2.962,-201.00194
2.964,-201.00621
2.966,-201.0659
2.968,-201.12794
2.97,-200.74019
2.972,-200.50905
2.974,-200.60733
2.976,-201.12794
2.978,-201.58275
2.98,-202.35252
2.982,-203.27597
2.984,-204.12985
2.986,-204.26173
2.988,-204.15572
2.99,-204.01466
2.992,-204.12985
2.994,-204.325
2.996,-205.34698
2.998,-207.32433
3.0,-210.13368
3.002,-212.9626
3.004,-215.88066
3.006,-218.5322
3.008,-220.64037
3.01,-221.61911
3.012,-222.09341
3.014,-222.4508
3.016,-223.14195
3.018,-224.0802
3.02,-226.0001
3.022,-228.94804
3.024,-232.648
3.026,-236.10425
3.028,-239.2652
3.03,-241.80566
3.032,-243.655
3.034,-244.54611
3.036,-245.43246
3.038,-246.86604
3.04,-249.15851
3.042,-251.75575
3.044,-254.76971
3.046,-257.7225
3.048,-260.1655
3.05,-261.38397
3.052,-262.03784
3.054,-262.62756
3.056,-263.66772
3.058,-264.94296
3.06,-266.96283
3.062,-269.5098
3.064,-272.17316
3.066,-274.02676
3.068,-275.3853
3.07,-276.3605
3.072,-277.17633
3.074,-277.52643
3.076,-278.0344
3.078,-278.7675
3.08,-279.67792
3.082,-280.1763
3.084,-280.77356
3.086,-281.58804
3.088,-282.67984
3.09,-283.5033
3.092,-284.42172
3.094,-285.3309
3.096,-286.18207
3.098,-286.58542
3.1,-287.30115
3.102,-288.63974
3.104,-290.68494
3.106,-292.68475
3.108,-294.7021
3.11,-296.2913
3.112,-297.18906
3.114,-296.9773
3.116,-296.7131
3.118,-297.1165
3.12,-298.69
3.122,-300.9501
3.124,-304.07654
3.126,-307.5034
3.128,-310.69766
3.13,-312.89066
3.132,-314.81787
3.134,-316.863
3.136,-319.20306
3.138,-321.0508
3.14,-322.37637
3.142,-322.54413
3.144,-321.20435
3.146,-318.06448
3.148,-314.61127
3.15,-312.04443
3.152,-311.19797
3.154,-311.5354
3.156,-312.76816
3.158,-313.46854
3.16,-312.1986
3.162,-307.6386
3.164,-300.71454
3.166,-292.7932
3.168,-285.68173
3.17,-280.4258
3.172,-278.49817
3.174,-279.86945
3.176,-283.68048
3.178,-288.16666
3.18,-292.79382
3.182,-296.88516
3.184,-300.19098
3.186,-302.34628
3.188,-304.11337
3.19,-305.70004
3.192,-307.19543
3.194,-308.35052
3.196,-309.5789
3.198,-310.7587
3.2,-311.6983
3.202,-311.97733
3.204,-311.92596
3.206,-311.48853
3.208,-310.69766
3.21,-309.3221
3.212,-308.24887
3.214,-307.82083
3.216,-308.19608
3.218,-308.32285
3.22,-309.05948
3.222,-310.4254
3.224,-312.1986
3.226,-312.6198
3.228,-312.32202
3.23,-311.36978
3.232,-310.19733
3.234,-308.55035
3.236,-308.0725
3.238,-309.2487
3.24,-311.6983
3.242,-313.4247
3.244,-313.5882
3.246,-311.15784
3.248,-306.1948
3.25,-299.3425
3.252,-293.07178
3.254,-288.57947
3.256,-285.18143
3.258,-279.46518
3.26,-267.975
3.262,-247.32117
3.264,-216.63782
3.266,-178.06387
3.268,-137.89638
3.27,-102.76212
3.272,-77.54933
3.274,-63.097973
3.276,-57.954765
3.278,-58.52466
3.28,-62.539783
3.282,-70.998215
3.284,-90.47776
3.286,-129.53584
3.288,-195.62445
3.29,-290.69513
3.292,-410.44666
3.294,-542.6598
3.296,-670.4265
3.298,-775.98267
3.3,-846.7565
3.302,-876.59985
3.304,-867.0516
3.306,-825.4426
3.308,-763.8076
3.31,-694.0361
3.312,-625.8982
3.314,-565.18445
3.316,-515.193
3.318,-475.72336
3.32,-444.78296
3.322,-419.31693
3.324,-397.79196
3.326,-378.9282
3.328,-362.23044
3.33,-347.21338
3.332,-334.64838
3.334,-324.56946
3.336,-316.70148
3.338,-310.1092
3.34,-304.95984
3.342,-301.032
3.344,-298.1897
3.346,-295.85022
3.348,-294.27603
3.35,-293.17648
3.352,-292.18588
3.354,-290.67075
3.356,-288.90222
3.358,-287.1462
3.36,-285.68173
3.362,-284.241
3.364,-282.92514
3.366,-281.48053
3.368,-279.67792
3.37,-277.084
3.372,-274.44284
3.374,-272.31052
3.376,-271.17252
3.378,-270.5165
3.38,-271.12326
3.382,-272.29034
3.384,-273.17377
3.386,-272.44116
3.388,-271.31772
3.39,-269.97797
3.392,-268.67093
3.394,-267.02707
3.396,-266.19397
3.398,-266.0428
3.4,-266.1693
3.402,-265.6144
3.404,-264.8656
3.406,-263.8613
3.408,-262.66708
3.41,-260.9741
3.412,-259.61533
3.414,-258.70007
3.416,-258.16425
3.418,-257.40347
3.42,-256.82367
3.422,-256.28778
3.424,-255.66264
3.426,-254.4391
3.428,-253.16585
3.43,-251.8963
3.432,-250.65945
3.434,-249.06386
3.436,-247.6844
3.438,-246.55695
3.44,-245.65628
3.442,-244.53362
3.444,-243.68208
3.446,-243.07982
3.448,-242.65437
3.45,-241.9189
3.452,-241.30795
3.454,-240.7533
3.456,-240.15277
3.458,-239.02885
3.46,-237.835
3.462,-236.55717
3.464,-235.1496
3.466,-233.18044
3.468,-231.15033
3.47,-229.11479
3.472,-227.1445
3.474,-224.96283
3.476,-223.20024
3.478,-221.94724
3.48,-221.14069
3.482,-220.20114
3.484,-219.36325
3.486,-218.39554
3.488,-217.13814
3.49,-215.21515
3.492,-213.31061
3.494,-211.71603
3.496,-210.634
3.498,-209.71524
3.5,-209.28871
3.502,-209.05598
3.504,-208.63272
3.506,-207.3292
3.508,-205.53632
3.51,-203.38927
3.512,-201.12794
3.514,-198.61911
3.516,-196.56767
3.518,-195.08879
3.52,-194.12349
3.522,-193.09966
3.524,-192.33357
3.526,-191.70938
3.528,-191.12158
3.53,-190.08354
3.532,-189.09546
3.534,-188.247
3.536,-187.61935
3.538,-186.85307
3.54,-186.50899
3.542,-186.62794
3.544,-187.11903
3.546,-187.34856
3.548,-187.59216
3.55,-187.7085
3.552,-187.61935
3.554,-186.91824
3.556,-186.27155
3.558,-185.94768
3.56,-186.11841
3.562,-186.34189
3.564,-186.97322
3.566,-187.81725
3.568,-188.62
3.57,-188.72992
3.572,-188.61697
3.574,-188.48753
3.576,-188.62
3.578,-188.81725
3.58,-189.7604
3.582,-191.55872
3.584,-194.12349
3.586,-196.75475
3.588,-199.66345
3.59,-202.66737
3.592,-205.63081
3.594,-208.0297
3.596,-210.39278
3.598,-212.88748
3.6,-215.63718
3.602,-218.21245
3.604,-221.04228
3.606,-224.06894
3.608,-227.1445
3.61,-229.61977
3.612,-231.83788
3.614,-233.82338
3.616,-235.64992
3.618,-236.9531
3.62,-238.3479
3.622,-240.04144
3.624,-242.15405
3.626,-244.22038
3.628,-246.64293
3.63,-249.34596
3.632,-252.16042
3.634,-254.38281
3.636,-256.34097
3.638,-258.06412
3.64,-259.6652
3.642,-260.80298
3.644,-262.16504
3.646,-263.95328
3.648,-266.1693
3.65,-268.08035
3.652,-269.85287
3.654,-271.25607
3.656,-272.17316
3.658,-272.18295
3.66,-272.0653
3.662,-272.28198
3.664,-273.17377
3.666,-274.32474
3.668,-276.02637
3.67,-277.94962
3.672,-279.67792
3.674,-280.41797
3.676,-280.57028
3.678,-280.36835
3.68,-280.17825
3.682,-279.88654
3.684,-280.25568
3.686,-281.40228
3.688,-283.18015
3.69,-284.76202
3.692,-286.3148
3.694,-287.64093
3.696,-288.68365
3.698,-289.0502
3.7,-289.54083
3.702,-290.5109
3.704,-292.18588
3.706,-294.0963
3.708,-296.70926
3.71,-299.94394
3.712,-303.6932
3.714,-307.34888
3.716,-311.37994
3.718,-315.63443
3.72,-319.70337
3.722,-322.43698
3.724,-323.75916
3.726,-323.32156
3.728,-321.20435
3.73,-317.47986
3.732,-313.67755
3.734,-310.76642
3.736,-309.1967
3.738,-308.14175
3.74,-307.2483
3.742,-305.3863
3.744,-301.69193
3.746,-295.5234
3.748,-288.28235
3.75,-281.4839
3.752,-276.67603
3.754,-274.33148
3.756,-275.14417
3.758,-278.3692
3.76,-282.67984
3.762,-286.2407
3.764,-288.76123
3.766,-290.1063
3.768,-290.68494
3.77,-290.77902
3.772,-291.4288
3.774,-292.8121
3.776,-294.68747
3.778,-296.3855
3.78,-297.82574
3.782,-298.6385
3.784,-298.69
3.786,-297.9069
3.788,-297.05695
3.79,-296.44443
3.792,-296.18842
3.794,-295.66296
3.796,-295.39172
3.798,-295.28052
3.8,-295.18777
3.802,-293.86893
3.804,-292.4995
3.806,-291.62735
3.808,-291.68555
3.81,-291.59494
3.812,-292.13412
3.814,-293.08435
3.816,-294.18716
3.818,-294.47
3.82,-294.79587
3.822,-295.38293
3.824,-296.18842
3.826,-296.10684
3.828,-295.177
3.83,-292.90936
3.832,-289.18396
3.834,-283.75385
3.836,-277.70438
3.838,-271.04742
3.84,-262.66708
3.842,-249.77702
3.844,-230.37584
3.846,-202.82864
3.848,-167.60663
3.85,-127.27985
3.852,-87.577545
3.854,-54.09741
3.856,-31.019733
3.858,-19.555983
3.86,-19.91854
3.862,-31.147566
3.864,-53.534058
3.866,-89.25516
3.868,-143.51212
3.87,-220.57098
3.872,-321.20435
3.874,-439.78793
3.876,-565.5163
3.878,-682.75665
3.88,-775.49335
3.882,-831.23517
3.884,-845.8401
3.886,-822.6793
3.888,-771.4908
3.89,-704.58655
3.892,-634.8183
3.894,-571.20667
3.896,-518.3297
3.898,-476.31284
3.9,-443.8485
3.902,-418.16696
3.904,-396.7524
3.906,-377.4696
3.908,-360.18762
3.91,-344.86646
3.912,-331.71103
3.914,-320.44177
3.916,-311.67673
3.918,-305.24603
3.92,-300.69128
3.922,-296.9305
3.924,-293.90216
3.926,-291.21387
3.928,-288.68365
3.93,-285.94595
3.932,-283.58804
3.934,-281.82187
3.936,-280.67856
3.938,-279.67346
3.94,-278.8058
3.942,-277.9773
3.944,-277.17633
3.946,-276.11435
3.948,-275.1135
3.95,-274.29025
3.952,-273.6741
3.954,-272.71628
3.956,-271.88916
3.958,-271.07843
3.96,-270.17188
3.962,-268.38858
3.964,-266.88565
3.966,-265.53848
3.968,-264.16806
3.97,-262.01236
3.972,-260.32404
3.974,-259.09644
3.976,-258.16425
3.978,-256.77554
3.98,-255.63658
3.982,-254.63501
3.984,-253.66136
3.986,-252.20592
3.988,-251.02171
3.99,-250.18413
3.992,-249.65883
3.994,-248.88776
3.996,-248.3132
3.998,-247.7851
4.0,-247.15723
4.002,-245.96095
4.004,-244.81326
4.006,-243.853
4.008,-243.15468
4.01,-242.30283
4.012,-241.71936
4.014,-241.23917
4.016,-240.65309
4.018,-239.4431
4.02,-238.11964
4.022,-236.80914
4.024,-235.64992
4.026,-234.37794
4.028,-233.52446
4.03,-233.01599
4.032,-232.648
4.034,-231.81647
4.036,-230.83383
4.038,-229.61746
4.04,-228.14514
4.042,-226.11037
4.044,-224.11278
4.046,-222.27353
4.048,-220.64037
4.05,-218.85332
4.052,-217.37044
4.054,-216.15895
4.056,-215.13686
4.058,-213.8607
4.06,-212.73097
4.062,-211.68867
4.064,-210.634
4.066,-209.111
4.068,-207.52437
4.07,-205.86446
4.072,-204.12985
4.074,-202.00381
4.076,-200.01341
4.078,-198.22621
4.08,-196.62509
4.082,-194.76054
4.084,-192.97578
4.086,-191.14455
4.088,-189.12032
4.09,-186.43506
4.092,-183.58698
4.094,-180.74245
4.096,-178.11331
4.098,-175.5358
4.1,-173.66064
4.102,-172.56265
4.104,-172.10948
4.106,-171.61258
4.108,-171.23262
4.11,-170.75961
4.112,-170.10822
4.114,-168.9524
4.116,-167.99925
4.118,-167.51738
4.12,-167.60663
4.122,-167.72314
4.124,-168.08899
4.126,-168.44719
4.128,-168.60725
4.13,-168.12207
4.132,-167.67613
4.134,-167.6032
4.136,-168.10695
4.138,-168.6933
4.14,-169.55658
4.142,-170.3182
4.144,-170.60854
4.146,-169.82095
4.148,-168.65279
4.15,-167.68954
4.152,-167.60663
4.154,-168.4711
4.156,-170.95322
4.158,-174.86798
4.16,-179.61426
4.162,-183.92517
4.164,-187.57889
4.166,-190.27768
4.168,-192.12222
4.17,-193.09813
4.172,-194.31062
4.174,-196.3905
4.176,-199.627
4.178,-203.40627
4.18,-207.6982
4.182,-211.9417
4.184,-215.63718
4.186,-218.08307
4.188,-219.87679
4.19,-221.53716
4.192,-223.64227
4.194,-226.12059
4.196,-229.5266
4.198,-233.69002
4.2,-238.1515
4.202,-241.87996
4.204,-244.92848
4.206,-247.27196
4.208,-249.15851
4.21,-250.50693
4.212,-252.2078
4.214,-254.59442
4.216,-257.6639
4.218,-260.5798
4.22,-263.32852
4.222,-265.57077
4.224,-267.16995
4.226,-267.76395
4.228,-268.21747
4.23,-269.07294
4.232,-270.67218
4.234,-272.50473
4.236,-274.7103
4.238,-276.8897
4.24,-278.67728
4.242,-279.4491
4.244,-279.83533
4.246,-280.27887
4.248,-281.17886
4.25,-282.21112
4.252,-283.73676
4.254,-285.4999
4.256,-287.1827
4.258,-288.1017
4.26,-288.83984
4.262,-289.7561
4.264,-291.18524
4.266,-292.7286
4.268,-294.73697
4.27,-296.8704
4.272,-298.69
4.274,-299.37558
4.276,-299.51196
4.278,-299.57367
4.28,-300.19098
4.282,-301.37347
4.284,-303.924
4.286,-307.7226
4.288,-312.1986
4.29,-315.99408
4.292,-318.93304
4.294,-320.65503
4.296,-321.20435
4.298,-320.45673
4.3,-319.62292
4.302,-319.30502
4.304,-319.70337
4.306,-319.96445
4.308,-320.0098
4.31,-319.1094
4.312,-316.70148
4.314,-312.13016
4.316,-306.49344
4.318,-300.80844
4.32,-296.18842
4.322,-292.944
4.324,-292.05377
4.326,-293.3604
4.328,-296.18842
4.33,-299.10553
4.332,-301.90063
4.334,-304.13177
4.336,-305.69446
4.338,-306.32977
4.34,-306.88803
4.342,-307.64706
4.344,-308.69638
4.346,-309.70724
4.348,-310.89484
4.35,-311.96954
4.352,-312.6989
4.354,-312.89474
4.356,-313.06027
4.358,-313.31378
4.36,-313.69955
4.362,-313.89032
4.364,-314.29675
4.366,-314.78928
4.368,-315.20053
4.37,-314.5476
4.372,-313.9268
4.374,-313.86594
4.376,-314.7002
4.378,-315.04446
4.38,-315.67752
4.382,-316.4351
4.384,-317.20178
4.386,-316.8594
4.388,-316.62546
4.39,-316.89688
4.392,-317.70212
4.394,-317.6942
4.396,-316.9056
4.398,-314.7751
4.4,-311.19797
4.402,-305.94742
4.404,-300.50314
4.406,-295.31387
4.408,-289.6843
4.41,-280.965
4.412,-267.02576
4.414,-245.51501
4.416,-215.63718
4.418,-178.27519
4.42,-137.55208
4.422,-97.7918
4.424,-62.539783
4.426,-32.99833
4.428,-9.942529
4.43,6.886177
4.432,16.510504
4.434,15.993107
4.436,-1.2787616
4.438,-42.149994
4.44,-111.57098
4.442,-209.47568
4.444,-331.15863
4.446,-465.93634
4.448,-599.8816
4.45,-718.42914
4.452,-811.06946
4.454,-871.40295
4.456,-898.0713
4.458,-893.41614
4.46,-863.77783
4.462,-816.22876
4.464,-757.9822
4.466,-695.15424
4.468,-634.03625
4.47,-578.923
4.472,-532.3386
4.474,-494.40427
4.476,-464.76196
4.478,-441.35638
4.48,-421.7683
4.482,-403.4938
4.484,-386.1595
4.486,-369.8325
4.488,-355.22598
4.49,-342.68698
4.492,-333.3657
4.494,-327.25836
4.496,-323.70593
4.498,-321.18335
4.5,-319.10593
4.502,-316.72556
4.504,-313.69955
4.506,-309.74582
4.508,-305.5977
4.51,-301.91235
4.512,-299.19034
4.514,-297.2519
4.516,-296.08
4.518,-295.35077
4.52,-294.68747
4.522,-293.42017
4.524,-291.86896
4.526,-290.32712
4.528,-289.18396
4.53,-288.06085
4.532,-287.95105
4.534,-288.51923
4.536,-289.18396
4.538,-288.6008
4.54,-287.8275
4.542,-286.6976
4.544,-285.18143
4.546,-282.75073
4.548,-280.93005
4.55,-279.92676
4.552,-279.67792
4.554,-279.37155
4.556,-279.63342
4.558,-280.1746
4.56,-280.67856
4.562,-280.39386
4.564,-279.96777
4.566,-279.40088
4.568,-278.67728
4.57,-277.30444
4.572,-275.9339
4.574,-274.57425
4.576,-273.17377
4.578,-271.2334
4.58,-269.36432
4.582,-267.65118
4.584,-266.1693
4.586,-264.55844
4.588,-263.4537
4.59,-262.8635
4.592,-262.66708
4.594,-262.24887
4.596,-261.96228
4.598,-261.64926
4.6,-261.16614
4.602,-260.02493
4.604,-258.77438
4.606,-257.4776
4.608,-256.16296
4.61,-254.4386
4.612,-252.8515
4.614,-251.42862
4.616,-250.15913
4.618,-248.63214
4.62,-247.38701
4.622,-246.42467
4.624,-245.65628
4.626,-244.53778
4.628,-243.42435
4.63,-242.17159
4.632,-240.65309
4.634,-238.4469
4.636,-236.16934
4.638,-234.01598
4.64,-232.14769
4.642,-230.25142
4.644,-228.8204
4.646,-227.71117
4.648,-226.64418
4.65,-224.91785
4.652,-222.84856
4.654,-220.39606
4.656,-217.63846
4.658,-214.36574
4.66,-211.36983
4.662,-208.91899
4.664,-207.13177
4.666,-205.54912
4.668,-204.5217
4.67,-203.81541
4.672,-203.12923
4.674,-201.77455
4.676,-200.1646
4.678,-198.38663
4.68,-196.62509
4.682,-194.67172
4.684,-193.28833
4.686,-192.6279
4.688,-192.62254
4.69,-192.55849
4.692,-192.6251
4.694,-192.54407
4.696,-192.12222
4.698,-190.86853
4.7,-189.49306
4.702,-188.32341
4.704,-187.61935
4.706,-187.01454
4.708,-186.99046
4.71,-187.42496
4.712,-188.11967
4.714,-188.44203
4.716,-188.88779
4.718,-189.57983
4.72,-190.62126
4.722,-191.55437
4.724,-192.83673
4.726,-194.39775
4.728,-196.12477
4.73,-197.46208
4.732,-198.97067
4.734,-200.8217
4.736,-203.12923
4.738,-205.4043
4.74,-208.05768
4.742,-211.00197
4.744,-214.13623
4.746,-216.94083
4.748,-219.9698
4.75,-223.36696
4.752,-227.1445
4.754,-230.64049
4.756,-234.04015
4.758,-237.09302
4.76,-239.65245
4.762,-241.30292
4.764,-242.86664
4.766,-244.86067
4.768,-247.65755
4.77,-250.81294
4.772,-254.52129
4.774,-258.3189
4.776,-261.66647
4.778,-263.6679
4.78,-264.76318
4.782,-265.2822
4.784,-265.669
4.786,-265.77106
4.788,-266.27966
4.79,-267.2737
4.792,-268.67093
4.794,-269.839
4.796,-271.23294
4.798,-272.9801
4.8,-275.17505
4.802,-277.28076
4.804,-279.62177
4.806,-282.00388
4.808,-284.1808
4.81,-285.4769
4.812,-286.31818
4.814,-286.83777
4.816,-287.1827
4.818,-286.9759
4.82,-286.75842
4.822,-286.6297
4.824,-286.68237
4.826,-286.55737
4.828,-286.96243
4.83,-288.1452
4.832,-290.1846
4.834,-292.41672
4.836,-295.01114
4.838,-297.56628
4.84,-299.69064
4.842,-300.66858
4.844,-301.16043
4.846,-301.64008
4.848,-302.69257
4.85,-304.2969
4.852,-307.23853
4.854,-311.3981
4.856,-316.20114
4.858,-320.26144
4.86,-323.30347
4.862,-324.81522
4.864,-324.70657
4.866,-322.8257
4.868,-320.46567
4.87,-318.432
4.872,-317.20178
4.874,-316.21786
4.876,-315.5486
4.878,-314.4551
4.88,-312.1986
4.882,-307.86108
4.884,-302.20355
4.886,-295.97794
4.888,-290.1846
4.89,-285.24265
4.892,-282.3809
4.894,-281.7986
4.896,-283.18015
4.898,-285.3782
4.9,-288.23813
4.902,-291.15585
4.904,-293.68683
4.906,-295.18954
4.908,-296.13422
4.91,-296.59573
4.912,-296.68875
4.914,-296.33475
4.916,-296.10687
4.918,-296.06583
4.92,-296.18842
4.922,-296.2295
4.924,-296.57205
4.926,-297.11145
4.928,-297.6894
4.93,-297.79092
4.932,-297.90088
4.934,-298.0349
4.936,-298.1897
4.938,-297.39108
4.94,-296.7519
4.942,-296.6521
4.944,-297.18906
4.946,-296.74066
4.948,-295.9377
4.95,-294.68018
4.952,-293.18652
4.954,-291.013
4.956,-289.8195
4.958,-290.25018
4.96,-292.18588
4.962,-293.8843
4.964,-294.59146
4.966,-293.12927
4.968,-289.18396
4.97,-282.9313
4.972,-276.41217
4.974,-270.65283
4.976,-265.1687
4.978,-257.11975
4.98,-243.71356
4.982,-222.109
4.984,-191.6219
4.986,-154.15056
4.988,-115.31551
4.99,-80.99018
4.992,-55.535328
4.994,-39.77102
4.996,-32.62447
4.998,-31.221107
5.0,-34.021645
5.002,-42.529396
5.004,-63.286064
5.006,-104.48859
5.008,-173.11012
5.01,-270.85855
5.012,-393.44754
5.014,-529.0765
5.016,-661.4208
5.018,-773.1835
5.02,-851.6873
5.022,-890.0623
5.024,-888.56525
5.026,-853.05817
5.028,-794.19916
5.03,-723.1683
5.032,-649.91345
5.034,-581.3282
5.036,-522.25757
5.038,-474.15875
5.04,-436.27756
5.042,-406.12164
5.044,-381.83035
5.046,-361.32495
5.048,-343.21835
5.05,-326.49634
5.052,-311.78256
5.054,-299.43787
5.056,-289.6843
5.058,-282.00284
5.06,-276.50128
5.062,-272.60275
5.064,-269.67154
5.066,-266.80682
5.068,-264.09598
5.07,-261.4066
5.072,-258.66455
5.074,-255.53328
5.076,-252.28125
5.078,-249.08548
5.08,-246.1566
5.082,-243.40002
5.084,-241.15973
5.086,-239.56941
5.088,-238.65182
5.09,-237.95091
5.092,-237.67157
5.094,-237.63739
5.096,-237.65118
5.098,-236.91374
5.1,-236.2874
5.102,-235.5861
5.104,-234.64928
5.106,-232.74593
5.108,-231.31273
5.11,-230.33911
5.112,-229.64609
5.114,-228.45956
5.116,-227.67442
5.118,-227.14268
5.12,-226.64418
5.122,-225.52713
5.124,-224.43294
5.126,-223.32408
5.128,-222.14131
5.13,-220.43936
5.132,-218.83942
5.134,-217.39717
5.136,-216.1375
5.138,-214.71169
5.14,-213.67152
5.142,-213.01663
5.144,-212.63527
5.146,-211.98451
5.148,-211.35855
5.15,-210.60768
5.152,-209.63336
5.154,-208.11008
5.156,-206.64734
5.158,-205.44556
5.16,-204.63017
5.162,-203.8776
5.164,-203.52907
5.166,-203.37633
5.168,-203.12923
5.17,-202.2111
5.172,-200.93777
5.174,-199.35818
5.176,-197.62572
5.178,-195.64792
5.18,-194.0853
5.182,-193.08607
5.184,-192.62254
5.186,-192.21196
5.188,-192.04654
5.19,-191.90799
5.192,-191.6219
5.194,-190.80986
5.196,-189.92566
5.198,-189.03627
5.2,-188.11967
5.202,-186.7506
5.204,-185.18642
5.206,-183.31459
5.208,-181.11522
5.21,-178.42491
5.212,-175.93965
5.214,-173.96123
5.216,-172.6098
5.218,-171.44995
5.22,-170.5579
5.222,-169.54576
5.224,-168.10695
5.226,-165.87404
5.228,-163.50865
5.23,-161.4597
5.232,-160.10185
5.234,-159.23245
5.236,-159.07118
5.238,-159.1993
5.24,-159.10121
5.242,-158.06778
5.244,-156.44598
5.246,-154.49515
5.248,-152.59708
5.25,-150.73553
5.252,-149.49252
5.254,-148.8478
5.256,-148.59453
5.258,-148.12144
5.26,-147.69548
5.262,-147.33118
5.264,-147.09358
5.266,-146.66689
5.268,-146.46802
5.27,-146.47243
5.272,-146.59326
5.274,-146.37709
5.276,-146.2449
5.278,-146.29584
5.28,-146.59326
5.282,-146.73999
5.284,-147.07974
5.286,-147.5514
5.288,-148.09421
5.29,-148.33261
5.292,-148.79056
5.294,-149.67136
5.296,-151.09612
5.298,-152.65297
5.3,-154.60942
5.302,-156.81259
5.304,-159.10121
5.306,-160.99687
5.308,-162.94447
5.31,-165.11047
5.312,-167.60663
5.314,-170.02443
5.316,-172.65016
5.318,-175.37982
5.32,-178.11331
5.322,-180.428
5.324,-182.82321
5.326,-185.51239
5.328,-188.62
5.33,-191.6872
5.332,-194.88928
5.334,-197.963
5.336,-200.62762
5.338,-202.30496
5.34,-203.4556
5.342,-204.42514
5.344,-205.63081
5.346,-206.98238
5.348,-209.01727
5.35,-211.67815
5.352,-214.63654
5.354,-216.97964
5.356,-218.70686
5.358,-219.70866
5.36,-220.14005
5.362,-219.94455
5.364,-220.01773
5.366,-220.84662
5.368,-222.64163
5.37,-224.8327
5.372,-227.42458
5.374,-229.98676
5.376,-232.14769
5.378,-233.33308
5.38,-234.0527
5.382,-234.69157
5.384,-235.64992
5.386,-236.77945
5.388,-238.47705
5.39,-240.55643
5.392,-242.65437
5.394,-243.99283
5.396,-244.80696
5.398,-245.24588
5.4,-245.65628
5.402,-246.0195
5.404,-247.09875
5.406,-249.04143
5.408,-251.6601
5.41,-254.07722
5.412,-256.25656
5.414,-257.94238
5.416,-259.16486
5.418,-259.81976
5.42,-260.90952
5.422,-262.96686
5.424,-266.1693
5.426,-269.76508
5.428,-273.54364
5.43,-276.7285
5.432,-278.67728
5.434,-278.698
5.436,-277.56323
5.438,-275.98102
5.44,-274.67474
5.442,-273.60254
5.444,-273.19745
5.446,-272.97897
5.448,-272.17316
5.45,-269.60175
5.452,-265.42465
5.454,-259.88525
5.456,-253.66136
5.458,-247.21112
5.46,-241.96802
5.462,-238.67218
5.464,-237.65118
5.466,-238.36954
5.468,-240.92558
5.47,-244.75206
5.472,-249.15851
5.474,-253.06578
5.476,-256.39444
5.478,-258.80588
5.48,-260.1655
5.482,-260.3246
5.484,-259.92047
5.486,-259.26678
5.488,-258.66455
5.49,-258.25195
5.492,-258.5165
5.494,-259.40244
5.496,-260.66583
5.498,-261.7911
5.5,-262.86926
5.502,-263.68793
5.504,-264.16806
5.506,-263.72134
5.508,-263.45276
5.51,-263.8842
5.512,-265.1687
5.514,-265.76456
5.516,-266.0303
5.518,-265.6555
5.52,-264.66837
5.522,-262.53326
5.524,-260.87228
5.526,-260.5137
5.528,-261.66647
5.53,-262.99884
5.532,-264.02838
5.534,-263.72174
5.536,-261.66647
5.538,-257.7794
5.54,-253.7952
5.542,-250.76675
5.544,-248.65819
5.546,-245.3996
5.548,-238.80937
5.55,-226.10362
5.552,-205.63081
5.554,-177.30629
5.556,-144.16766
5.558,-109.93752
5.56,-78.04965
5.562,-50.00947
5.564,-26.634895
5.566,-7.314701
5.568,8.005093
5.57,17.772972
5.572,16.70255
5.574,-1.9863727
5.576,-45.028645
5.578,-116.08544
5.58,-215.01147
5.582,-335.3244
5.584,-465.296
5.586,-589.6949
5.588,-694.36414
5.59,-767.8266
5.592,-804.0115
5.594,-802.6874
5.596,-770.2682
5.598,-716.40106
5.6,-651.91473
5.602,-586.0163
5.604,-526.14325
5.606,-475.87268
5.608,-435.77722
5.61,-404.0355
5.612,-379.0605
5.614,-358.9215
5.616,-342.2177
5.618,-327.65262
5.62,-315.2616
5.622,-304.71487
5.624,-295.6881
5.626,-287.50412
5.628,-280.61215
5.63,-275.1382
5.632,-271.17252
5.634,-268.20422
5.636,-266.32324
5.638,-265.00345
5.64,-263.66772
5.642,-261.60834
5.644,-259.12125
5.646,-256.63287
5.648,-254.662
5.65,-253.25687
5.652,-252.57193
5.654,-252.35437
5.656,-252.16042
5.658,-251.25526
5.66,-249.68211
5.662,-247.66135
5.664,-245.65628
5.666,-243.63159
5.668,-242.68387
5.67,-242.80794
5.672,-243.655
5.674,-244.00203
5.676,-244.53316
5.678,-244.71468
5.68,-244.15532
5.682,-242.21056
5.684,-240.229
5.686,-238.62425
5.688,-237.65118
5.69,-236.87578
5.692,-236.87085
5.694,-237.28548
5.696,-237.65118
5.698,-237.16768
5.7,-236.3197
5.702,-235.2354
5.704,-234.14896
5.706,-232.90497
5.708,-232.20047
5.71,-232.02484
5.712,-232.14769
5.714,-231.86143
5.716,-231.36278
5.718,-230.47697
5.72,-229.14577
5.722,-227.0885
5.724,-224.99393
5.726,-223.11711
5.728,-221.641
5.73,-220.30092
5.732,-219.54723
5.734,-219.24934
5.736,-219.1394
5.738,-218.56345
5.74,-217.74214
5.742,-216.58391
5.744,-215.13686
5.746,-213.25603
5.748,-211.67416
5.75,-210.62604
5.752,-210.13368
5.754,-209.64874
5.756,-209.2461
5.758,-208.51718
5.76,-207.13177
5.762,-204.66345
5.764,-201.77931
5.766,-198.93704
5.768,-196.62509
5.77,-194.87009
5.772,-194.21967
5.774,-194.47252
5.776,-195.12413
5.778,-195.21042
5.78,-194.6327
5.782,-193.10425
5.784,-190.62126
5.786,-187.12868
5.788,-183.55661
5.79,-180.43442
5.792,-178.11331
5.794,-176.34698
5.796,-175.41464
5.798,-174.9814
5.8,-174.61108
5.802,-173.58447
5.804,-172.17421
5.806,-170.44899
5.808,-168.60725
5.81,-166.54327
5.812,-164.93893
5.814,-163.96034
5.816,-163.60408
5.818,-163.35573
5.82,-163.47656
5.822,-163.79228
5.824,-164.1044
5.826,-163.84332
5.828,-163.37599
5.83,-162.75601
5.832,-162.10312
5.834,-161.18805
5.836,-160.6512
5.838,-160.63893
5.84,-161.1025
5.842,-161.39699
5.844,-161.67828
5.846,-161.75793
5.848,-161.6028
5.85,-160.97762
5.852,-160.69977
5.854,-161.18565
5.856,-162.60344
5.858,-164.33148
5.86,-166.33559
5.862,-168.07242
5.864,-169.10757
5.866,-168.89986
5.868,-168.22212
5.87,-167.74069
5.872,-168.10695
5.874,-169.26088
5.876,-171.63261
5.878,-174.91977
5.88,-178.61363
5.882,-181.80695
5.884,-184.73834
5.886,-187.57199
5.888,-190.62126
5.89,-193.72005
5.892,-197.41237
5.894,-201.6422
5.896,-206.13113
5.898,-210.0556
5.9,-213.55833
5.902,-216.57214
5.904,-219.1394
5.906,-220.89424
5.908,-222.41766
5.91,-223.93571
5.912,-225.64354
5.914,-227.22758
5.916,-229.27567
5.918,-231.92964
5.92,-235.1496
5.922,-238.19757
5.924,-241.18813
5.926,-243.88403
5.928,-246.1566
5.93,-247.56451
5.932,-248.79547
5.934,-250.23872
5.936,-252.16042
5.938,-254.10298
5.94,-256.32593
5.942,-258.59573
5.944,-260.66583
5.946,-261.9382
5.948,-262.92484
5.95,-263.91135
5.952,-265.1687
5.954,-266.37778
5.956,-267.90762
5.958,-269.5939
5.96,-271.17252
5.962,-271.9665
5.964,-272.42535
5.966,-272.8526
5.968,-273.6741
5.97,-274.80182
5.972,-276.9212
5.974,-280.00644
5.976,-283.68048
5.978,-286.85913
5.98,-289.49387
5.982,-291.3807
5.984,-292.6862
5.986,-293.42203
5.988,-294.81308
5.99,-297.50693
5.992,-301.69193
5.994,-306.45383
5.996,-311.44202
5.998,-315.64725
6.0,-318.20242
6.002,-318.20444
6.004,-316.45398
6.006,-313.79138
6.008,-311.19797
6.01,-308.89203
6.012,-307.658
6.014,-307.18863
6.016,-306.6951
6.018,-304.73935
6.02,-301.2571
6.022,-296.22678
6.024,-290.1846
6.026,-283.5579
6.028,-278.0322
6.03,-274.58188
6.032,-273.6741
6.034,-274.6614
6.036,-277.49338
6.038,-281.30875
6.04,-285.18143
6.042,-287.91837
6.044,-289.7277
6.046,-290.70074
6.048,-291.18524
6.05,-291.32166
6.052,-291.9133
6.054,-293.0794
6.056,-294.68747
6.058,-296.28442
6.06,-297.99164
6.062,-299.53314
6.064,-300.69128
6.066,-301.125
6.068,-301.3035
6.07,-301.29855
6.072,-301.19162
6.074,-300.3725
6.076,-299.90448
6.078,-300.16467
6.08,-301.19162
6.082,-301.38885
6.084,-301.25443
6.086,-300.62686
6.088,-299.69064
6.09,-297.98343
6.092,-297.16675
6.094,-297.9177
6.096,-300.19098
6.098,-302.3475
6.1,-303.78998
6.102,-303.48215
6.104,-301.19162
6.106,-297.08673
6.108,-293.2854
6.11,-291.01828
6.112,-290.1846
6.114,-288.3534
6.116,-282.97037
6.118,-270.85327
6.12,-250.15913
6.122,-220.85425
6.124,-186.4241
6.126,-151.07004
6.128,-118.57543
6.13,-90.43295
6.132,-67.224365
6.134,-47.796482
6.136,-31.520052
6.138,-19.517492
6.14,-17.14169
6.142,-31.541132
6.144,-70.04456
6.146,-136.85762
6.148,-232.33119
6.15,-350.10928
6.152,-478.3043
6.154,-601.29474
6.156,-704.67706
6.158,-776.78015
6.16,-811.51624
6.162,-808.7463
6.164,-775.2248
6.166,-720.9133
6.168,-656.9179
6.17,-592.5649
6.172,-535.3735
6.174,-488.72815
6.176,-452.78806
6.178,-425.09915
6.18,-403.55823
6.182,-385.7909
6.184,-370.23553
6.186,-355.71976
6.188,-342.816
6.19,-331.76553
6.192,-322.7053
6.194,-315.09875
6.196,-309.36948
6.198,-305.32806
6.2,-302.69257
6.202,-300.62726
6.204,-299.22946
6.206,-298.0622
6.208,-296.68875
6.21,-294.4304
6.212,-291.65787
6.214,-288.74277
6.216,-286.18207
6.218,-284.0626
6.22,-282.86414
6.222,-282.64566
6.224,-283.18015
6.226,-283.6639
6.228,-283.90106
6.23,-283.60492
6.232,-282.67984
6.234,-280.6417
6.236,-278.54245
6.238,-276.65668
6.24,-275.17505
6.242,-273.44128
6.244,-272.67105
6.246,-272.57104
6.248,-272.67346
6.25,-271.94934
6.252,-271.30786
6.254,-270.72662
6.256,-270.17188
6.258,-269.0739
6.26,-268.18634
6.262,-267.43738
6.264,-266.66965
6.266,-265.26834
6.268,-263.8912
6.27,-262.64914
6.272,-261.66647
6.274,-260.60956
6.276,-260.14212
6.278,-260.23105
6.28,-260.66583
6.282,-260.7101
6.284,-260.6506
6.286,-260.32343
6.288,-259.6652
6.29,-258.32224
6.292,-257.02234
6.294,-255.95306
6.296,-255.16232
6.298,-254.14075
6.3,-253.24509
6.302,-252.29826
6.304,-251.15977
6.306,-249.41702
6.308,-247.76259
6.31,-246.4527
6.312,-245.65628
6.314,-244.98042
6.316,-244.79083
6.318,-244.8025
6.32,-244.65564
6.322,-243.68224
6.324,-242.33044
6.326,-240.74683
6.328,-239.15215
6.33,-237.36235
6.332,-235.99234
6.334,-234.99846
6.336,-234.14896
6.338,-232.74622
6.34,-231.06389
6.342,-229.0189
6.344,-226.64418
6.346,-223.69817
6.348,-220.91173
6.35,-218.51913
6.352,-216.63782
6.354,-214.87804
6.356,-213.6507
6.358,-212.81154
6.36,-212.13495
6.362,-210.99867
6.364,-209.76895
6.366,-208.4514
6.368,-207.13177
6.37,-205.55966
6.372,-204.41237
6.374,-203.79904
6.376,-203.62955
6.378,-203.23296
6.38,-202.8046
6.382,-202.12965
6.384,-201.12794
6.386,-199.49255
6.388,-198.01697
6.39,-197.02327
6.392,-196.62509
6.394,-196.22928
6.396,-195.98465
6.398,-195.52939
6.4,-194.62381
6.402,-192.87416
6.404,-191.17567
6.406,-190.11125
6.408,-190.12094
6.41,-190.84547
6.412,-192.48486
6.414,-194.46954
6.416,-196.12477
6.418,-196.5098
6.42,-196.04207
6.422,-195.07022
6.424,-194.12349
6.426,-193.2357
6.428,-193.19566
6.43,-194.06155
6.432,-195.62445
6.434,-197.10497
6.436,-198.73186
6.438,-200.41634
6.44,-202.12859
6.442,-203.38623
6.444,-204.67975
6.446,-206.07431
6.448,-207.63208
6.45,-208.97699
6.452,-210.74745
6.454,-213.12782
6.456,-216.1375
6.458,-219.11093
6.46,-222.20374
6.462,-225.1204
6.464,-227.64482
6.466,-229.28036
6.468,-230.73283
6.47,-232.41512
6.472,-234.64928
6.474,-237.03589
6.476,-239.88388
6.478,-242.88795
6.48,-245.65628
6.482,-247.39946
6.484,-248.5463
6.486,-249.35046
6.488,-250.15913
6.49,-250.77003
6.492,-251.82126
6.494,-253.34288
6.496,-255.16232
6.498,-256.50433
6.5,-257.66577
6.502,-258.6708
6.504,-259.6652
6.506,-260.36356
6.508,-261.48654
6.51,-263.24823
6.512,-265.669
6.514,-268.08063
6.516,-270.6964
6.518,-273.2937
6.52,-275.67538
6.522,-277.2508
6.524,-278.5115
6.526,-279.6096
6.528,-280.67856
6.53,-281.3121
6.532,-282.01688
6.534,-282.81836
6.536,-283.68048
6.538,-284.06335
6.54,-284.5044
6.542,-285.1614
6.544,-286.18207
6.546,-287.14853
6.548,-288.60297
6.55,-290.5089
6.552,-292.6862
6.554,-294.37018
6.556,-295.91144
6.558,-297.31342
6.56,-298.69
6.562,-299.7089
6.564,-301.14563
6.566,-303.1684
6.568,-305.69446
6.57,-307.86523
6.572,-309.80017
6.574,-311.14777
6.576,-311.6983
6.578,-310.9518
6.58,-309.76608
6.582,-308.58405
6.584,-307.69574
6.586,-306.56262
6.588,-305.4679
6.59,-303.99103
6.592,-301.69193
6.594,-297.81845
6.596,-293.15396
6.598,-288.33905
6.6,-284.1808
6.602,-280.8771
6.604,-279.50897
6.606,-280.2138
6.608,-282.67984
6.61,-285.77292
6.612,-289.35522
6.614,-292.81577
6.616,-295.6881
6.618,-297.33383
6.62,-298.24954
6.622,-298.61002
6.624,-298.69
6.626,-298.6092
6.628,-299.06262
6.63,-300.13632
6.632,-301.69193
6.634,-303.21957
6.636,-304.842
6.638,-306.24738
6.64,-307.19543
6.642,-307.0782
6.644,-306.7228
6.646,-306.5045
6.648,-306.6951
6.65,-306.23843
6.652,-306.17282
6.654,-306.67374
6.656,-307.69574
6.658,-307.74203
6.66,-307.4674
6.662,-306.87106
6.664,-306.1948
6.666,-305.0312
6.668,-304.78018
6.67,-305.89587
6.672,-308.19608
6.674,-310.08453
6.676,-311.0107
6.678,-309.98798
6.68,-306.6951
6.682,-301.00006
6.684,-294.43286
6.686,-287.45398
6.688,-279.1776
6.69,-266.662
6.692,-247.53925
6.694,-219.75912
6.696,-183.6168
6.698,-141.85567
6.7,-100.77126
6.702,-66.529526
6.704,-43.52769
6.706,-32.56821
6.708,-33.020924
6.71,-42.94287
6.712,-62.039467
6.714,-92.65251
6.716,-141.04463
6.718,-213.00319
6.72,-310.69766
6.722,-429.18832
6.724,-557.552
6.726,-679.33154
6.728,-777.4946
6.73,-838.7878
6.732,-858.90027
6.734,-841.3612
6.736,-796.0064
6.738,-734.7532
6.74,-669.62494
6.742,-608.5538
6.744,-555.3533
6.746,-510.1529
6.748,-472.73062
6.75,-442.03366
6.752,-417.26544
6.754,-397.26715
6.756,-381.91324
6.758,-370.15833
6.76,-360.7295
6.762,-352.00555
6.764,-344.07043
6.766,-337.01398
6.768,-331.2107
6.77,-326.45654
6.772,-323.32022
6.774,-321.4447
6.776,-320.2037
6.778,-318.5412
6.78,-316.58868
6.782,-314.40082
6.784,-312.1986
6.786,-309.84525
6.788,-307.7921
6.79,-306.22076
6.792,-305.19415
6.794,-304.2745
6.796,-303.6193
6.798,-303.13803
6.8,-302.69257
6.802,-301.60864
6.804,-300.3794
6.806,-299.03085
6.808,-297.6894
6.81,-295.81323
6.812,-294.82086
6.814,-294.70044
6.816,-295.18777
6.818,-295.17783
6.82,-295.59152
6.822,-296.05792
6.824,-296.18842
6.826,-295.1417
6.828,-293.87112
6.83,-292.52045
6.832,-291.18524
6.834,-289.3649
6.836,-287.80185
6.838,-286.44772
6.84,-285.18143
6.842,-283.4063
6.844,-281.82346
6.846,-280.55585
6.848,-279.67792
6.85,-278.70618
6.852,-278.17242
6.854,-277.91406
6.856,-277.67664
6.858,-276.76187
6.86,-275.6717
6.862,-274.4499
6.864,-273.17377
6.866,-271.47168
6.868,-269.98923
6.87,-268.7467
6.872,-267.6703
6.874,-266.21957
6.876,-264.9146
6.878,-263.7472
6.88,-262.66708
6.882,-261.1643
6.884,-259.78256
6.886,-258.58084
6.888,-257.6639
6.89,-256.75763
6.892,-256.5775
6.894,-257.14194
6.896,-258.16425
6.898,-258.66946
6.9,-258.61847
6.902,-257.62253
6.904,-255.66264
6.906,-252.76096
6.908,-250.26576
6.91,-248.95908
6.912,-249.15851
6.914,-250.09875
6.916,-251.43571
6.918,-252.07915
6.92,-251.15977
6.922,-248.02986
6.924,-243.77379
6.926,-239.464
6.928,-236.15022
6.93,-233.98293
6.932,-233.3778
6.934,-233.60957
6.936,-233.64864
6.938,-232.23831
6.94,-229.6696
6.942,-226.36859
6.944,-223.14195
6.946,-220.3849
6.948,-219.13892
6.95,-219.40433
6.952,-220.64037
6.954,-221.60101
6.956,-222.09341
6.958,-221.76144
6.96,-220.64037
6.962,-218.65865
6.964,-216.89299
6.966,-215.83185
6.968,-215.63718
6.97,-215.66295
6.972,-216.01819
6.974,-216.27885
6.976,-216.1375
6.978,-215.08821
6.98,-213.90788
6.982,-213.00098
6.984,-212.63527
6.986,-212.3314
6.988,-212.36885
6.99,-212.40349
6.992,-212.13495
6.994,-211.04048
6.996,-209.93388
6.998,-209.32982
7.0,-209.63336
7.002,-210.45117
7.004,-212.05013
7.006,-213.95395
7.008,-215.63718
7.01,-216.32167
7.012,-216.60345
7.014,-216.89937
7.016,-217.63846
7.018,-218.55115
7.02,-220.06485
7.022,-221.8893
7.024,-223.64227
7.026,-224.61499
7.028,-225.41139
7.03,-226.44527
7.032,-228.14514
7.034,-230.23486
7.036,-233.1211
7.038,-236.44385
7.04,-239.65245
7.042,-241.75832
7.044,-243.0947
7.046,-243.90396
7.048,-244.65564
7.05,-245.35207
7.052,-246.88187
7.054,-249.39189
7.056,-252.66074
7.058,-255.68575
7.06,-258.45966
7.062,-260.65738
7.064,-262.16678
7.066,-262.59073
7.068,-262.79034
7.07,-263.2198
7.072,-264.16806
7.074,-265.1405
7.076,-266.46323
7.078,-267.89212
7.08,-269.17123
7.082,-269.65747
7.084,-269.954
7.086,-270.36847
7.088,-271.17252
7.09,-271.9776
7.092,-273.20068
7.094,-274.6722
7.096,-276.1757
7.098,-277.11285
7.1,-278.08
7.102,-279.3608
7.104,-281.17886
7.106,-283.05817
7.108,-285.35162
7.11,-287.8168
7.112,-290.1846
7.114,-291.79608
7.116,-293.25766
7.118,-294.8292
7.12,-296.68875
7.122,-298.28635
7.124,-299.99478
7.126,-301.6539
7.128,-303.19287
7.13,-304.22202
7.132,-305.66513
7.134,-307.95105
7.136,-311.19797
7.138,-314.5187
7.14,-317.76987
7.142,-320.1855
7.144,-321.20435
7.146,-320.2127
7.148,-318.31082
7.15,-316.39224
7.152,-315.20053
7.154,-314.4085
7.156,-314.2087
7.158,-313.78625
7.16,-312.1986
7.162,-308.292
7.164,-302.76837
7.166,-296.4896
7.168,-290.68494
7.17,-285.97443
7.172,-283.7231
7.174,-284.11642
7.176,-286.68237
7.178,-290.00656
7.18,-293.75656
7.182,-297.27094
7.184,-300.19098
7.186,-302.00848
7.188,-303.44986
7.19,-304.7846
7.192,-306.1948
7.194,-307.45337
7.196,-308.93445
7.198,-310.43118
7.2,-311.6983
7.202,-312.38867
7.204,-312.91766
7.206,-313.33646
7.208,-313.69955
7.21,-313.72778
7.212,-313.9898
7.214,-314.5018
7.216,-315.20053
7.218,-315.1382
7.22,-315.33026
7.222,-316.14197
7.224,-317.70212
7.226,-318.51544
7.228,-319.19308
7.23,-319.56845
7.232,-319.70337
7.234,-318.938
7.236,-318.74576
7.238,-319.68634
7.24,-321.70465
7.242,-323.21808
7.244,-323.78546
7.246,-322.50168
7.248,-319.20306
7.25,-313.9938
7.252,-308.85422
7.254,-304.7407
7.256,-301.19162
7.258,-295.39307
7.26,-284.6935
7.262,-266.15955
7.264,-238.65182
7.266,-203.14091
7.268,-164.27689
7.27,-127.07876
7.272,-95.56079
7.274,-70.820496
7.276,-52.871468
7.278,-40.213314
7.28,-32.520687
7.282,-31.820364
7.284,-44.593525
7.286,-78.32327
7.288,-139.08849
7.29,-227.93324
7.292,-340.83243
7.294,-467.03738
7.296,-591.8765
7.298,-699.7098
7.3,-779.2596
7.302,-824.1336
7.304,-834.0306
7.306,-813.2571
7.308,-770.60614
7.31,-715.3368
7.312,-655.9173
7.314,-598.3554
7.316,-547.5538
7.318,-505.5197
7.32,-472.30045
7.322,-446.0385
7.324,-425.4548
7.326,-408.66904
7.328,-394.2508
7.33,-380.9264
7.332,-369.287
7.334,-359.65134
7.336,-352.22406
7.338,-346.31616
7.34,-342.03674
7.342,-338.71854
7.344,-335.71356
7.346,-332.14914
7.348,-328.57236
7.35,-325.3144
7.352,-322.7053
7.354,-320.48444
7.356,-318.93454
7.358,-317.91412
7.36,-317.20178
7.362,-316.232
7.364,-315.21283
7.366,-314.3131
7.368,-313.69955
7.37,-312.9799
7.372,-312.42203
7.374,-311.88007
7.376,-311.19797
7.378,-309.63138
7.38,-308.218
7.382,-307.05972
7.384,-306.1948
7.386,-304.80823
7.388,-304.07907
7.39,-303.68414
7.392,-303.19287
7.394,-301.66995
7.396,-300.2257
7.398,-299.0364
7.4,-298.1897
7.402,-297.06506
7.404,-296.33853
7.406,-295.79153
7.408,-295.18777
7.41,-293.9087
7.412,-292.7897
7.414,-292.03387
7.416,-291.68555
7.418,-291.0642
7.42,-290.4843
7.422,-289.59842
7.424,-288.18332
7.426,-285.83585
7.428,-283.58182
7.43,-281.93658
7.432,-281.17886
7.434,-280.71927
7.436,-280.65936
7.438,-280.3343
7.44,-279.1776
7.442,-276.58765
7.444,-273.5552
7.446,-270.84634
7.448,-269.17123
7.45,-268.4205
7.452,-268.9752
7.454,-270.18335
7.456,-271.17252
7.458,-270.81842
7.46,-269.4745
7.462,-267.4172
7.464,-265.1687
7.466,-262.81815
7.468,-261.23883
7.47,-260.44354
7.472,-260.1655
7.474,-259.64102
7.476,-259.1885
7.478,-258.7156
7.48,-258.16425
7.482,-257.04483
7.484,-255.80989
7.486,-254.36871
7.488,-252.66074
7.49,-250.3461
7.492,-248.18732
7.494,-246.43442
7.496,-245.15596
7.498,-243.76517
7.5,-242.44926
7.502,-240.83026
7.504,-238.65182
7.506,-235.54521
7.508,-232.42722
7.51,-229.83601
7.512,-228.14514
7.514,-226.96016
7.516,-226.46538
7.518,-226.07146
7.52,-225.14323
7.522,-222.87317
7.524,-219.86057
7.526,-216.57884
7.528,-213.63591
7.53,-211.09877
7.532,-209.71864
7.534,-209.37816
7.536,-209.63336
7.538,-209.4837
7.54,-209.06136
7.542,-208.24521
7.544,-207.13177
7.546,-205.5071
7.548,-204.1938
7.55,-203.40456
7.552,-203.12923
7.554,-202.7115
7.556,-202.43358
7.558,-202.11107
7.56,-201.62827
7.562,-200.51965
7.564,-199.487
7.566,-198.79443
7.568,-198.62636
7.57,-198.55167
7.572,-199.04045
7.574,-199.96751
7.576,-201.12794
7.578,-201.85388
7.58,-202.61324
7.582,-203.50151
7.584,-204.63017
7.586,-205.58371
7.588,-206.91751
7.59,-208.63348
7.592,-210.634
7.594,-212.30101
7.596,-214.07559
7.598,-216.00423
7.6,-218.13878
7.602,-220.01927
7.604,-222.20016
7.606,-224.74684
7.608,-227.64482
7.61,-230.31914
7.612,-233.17998
7.614,-236.16756
7.616,-239.15215
7.618,-241.45671
7.62,-243.4557
7.622,-245.16223
7.624,-246.6569
7.626,-247.58337
7.628,-248.69861
7.63,-250.32605
7.632,-252.66074
7.634,-255.17592
7.636,-258.2071
7.638,-261.49664
7.64,-264.66837
7.642,-266.82858
7.644,-268.27673
7.646,-269.12082
7.648,-269.67154
7.65,-269.84595
7.652,-270.58008
7.654,-272.19934
7.656,-274.67474
7.658,-277.11517
7.66,-279.4455
7.662,-281.2074
7.664,-282.1795
7.666,-282.01486
7.668,-281.70447
7.67,-281.93384
7.672,-283.18015
7.674,-285.00284
7.676,-287.5562
7.678,-290.30154
7.68,-292.6862
7.682,-293.89926
7.684,-294.56757
7.686,-295.16608
7.688,-296.18842
7.69,-297.38336
7.692,-299.26678
7.694,-301.6376
7.696,-304.1935
7.698,-306.21524
7.7,-308.30524
7.702,-310.73718
7.704,-313.69955
7.706,-316.5769
7.708,-319.5537
7.71,-322.1097
7.712,-323.70593
7.714,-323.50677
7.716,-322.21814
7.718,-320.39902
7.72,-318.70276
7.722,-317.0572
7.724,-316.19556
7.726,-315.91907
7.728,-315.70084
7.73,-314.38882
7.732,-312.20038
7.734,-309.18042
7.736,-305.69446
7.738,-301.7648
7.74,-298.60382
7.742,-296.70148
7.744,-296.18842
7.746,-296.32294
7.748,-297.28204
7.75,-298.67038
7.752,-300.19098
7.754,-301.33337
7.756,-302.71942
7.758,-304.50308
7.76,-306.6951
7.762,-308.8729
7.764,-311.03214
7.766,-312.61926
7.768,-313.19925
7.77,-312.5948
7.772,-311.49222
7.774,-310.37753
7.776,-309.69702
7.778,-309.44067
7.78,-310.06915
7.782,-311.2985
7.784,-312.6989
7.786,-313.04984
7.788,-313.33832
7.79,-314.09665
7.792,-315.70084
7.794,-316.71002
7.796,-317.82275
7.798,-318.7272
7.8,-319.20306
7.802,-318.12033
7.804,-316.92242
7.806,-316.33505
7.808,-316.70148
7.81,-316.817
7.812,-316.66684
7.814,-315.4423
7.816,-312.6989
7.818,-307.878
7.82,-302.28046
7.822,-296.27942
7.824,-289.18396
7.826,-278.37335
7.828,-261.79132
7.83,-237.22473
7.832,-204.12985
7.834,-163.74016
7.836,-120.55973
7.838,-79.15669
7.84,-43.02737
7.842,-12.981426
7.844,10.796937
7.846,29.081804
7.848,41.0261
7.85,43.264664
7.852,28.228502
7.854,-12.084578
7.856,-83.553154
7.858,-186.43263
7.86,-315.62137
7.862,-459.47168
7.864,-602.88354
7.866,-730.28253
7.868,-830.5644
7.87,-897.1243
7.872,-928.59076
7.874,-927.2448
7.876,-899.24646
7.878,-851.44196
7.88,-791.00323
7.882,-724.3754
7.884,-658.6171
7.886,-598.99115
7.888,-548.8492
7.89,-508.67422
7.892,-477.92822
7.894,-453.97766
7.896,-433.77594
7.898,-414.47495
7.9,-395.8231
7.902,-378.34222
7.904,-363.23108
7.906,-351.02322
7.908,-342.6244
7.91,-337.44705
7.912,-334.21262
7.914,-331.06393
7.916,-327.55545
7.918,-323.49142
7.92,-319.20306
7.922,-314.86697
7.924,-311.2562
7.926,-308.70163
7.928,-307.19543
7.93,-306.1313
7.932,-305.3085
7.934,-304.5324
7.936,-303.6932
7.938,-302.33133
7.94,-300.7568
7.942,-299.1315
7.944,-297.6894
7.946,-296.01007
7.948,-295.2622
7.95,-295.41882
7.952,-296.18842
7.954,-296.3029
7.956,-296.69556
7.958,-296.8123
7.96,-296.18842
7.962,-293.98355
7.964,-291.74615
7.966,-289.89456
7.968,-288.68365
7.97,-287.55533
7.972,-287.26715
7.974,-287.4655
7.976,-287.683
7.978,-287.0371
7.98,-286.21634
7.982,-285.37018
7.984,-284.6811
7.986,-283.77872
7.988,-283.3377
7.99,-283.22977
7.992,-283.18015
7.994,-282.4444
7.996,-281.5097
7.998,-280.39944
8.0,-279.1776
8.002,-277.45
8.004,-275.86765
8.006,-274.45657
8.008,-273.17377
8.01,-271.53275
8.012,-270.13345
8.014,-269.02722
8.016,-268.1706
8.018,-266.98178
8.02,-265.84628
8.022,-264.60928
8.024,-263.16742
8.026,-261.12253
8.028,-259.223
8.03,-257.70737
8.032,-256.66327
8.034,-255.54753
8.036,-254.63173
8.038,-253.59126
8.04,-252.16042
8.042,-249.86774
8.044,-247.51013
8.046,-245.49902
8.048,-244.15532
8.05,-243.13448
8.052,-242.80502
8.054,-242.79659
8.056,-242.65437
8.058,-241.63199
8.06,-240.2276
8.062,-238.64758
8.064,-237.15086
8.066,-235.49658
8.068,-234.27003
8.07,-233.38524
8.072,-232.648
8.074,-231.46292
8.076,-230.351
8.078,-229.40007
8.08,-228.64546
8.082,-227.57329
8.084,-226.56567
8.086,-225.46051
8.088,-224.1426
8.09,-222.21404
8.092,-220.46391
8.094,-219.22224
8.096,-218.63908
8.098,-218.12238
8.1,-217.82532
8.102,-217.28845
8.104,-216.1375
8.106,-213.85376
8.108,-211.32776
8.11,-209.2164
8.112,-208.1324
8.114,-207.93085
8.116,-209.08124
8.118,-211.1903
8.12,-213.63591
8.122,-215.34053
8.124,-216.49527
8.126,-217.0634
8.128,-217.13814
8.13,-216.35234
8.132,-215.33235
8.134,-214.21022
8.136,-213.13559
8.138,-211.8703
8.14,-211.31335
8.142,-211.85674
8.144,-213.63591
8.146,-215.92885
8.148,-218.73929
8.15,-221.4747
8.152,-223.64227
8.154,-224.58994
8.156,-225.10721
8.158,-225.78218
8.16,-227.1445
8.162,-228.91788
8.164,-231.46585
8.166,-234.38397
8.168,-237.15086
8.17,-238.89307
8.172,-240.09006
8.174,-241.05125
8.176,-242.15405
8.178,-243.15118
8.18,-244.61604
8.182,-246.49664
8.184,-248.65819
8.186,-250.5304
8.188,-252.7471
8.19,-255.57928
8.192,-259.16486
8.194,-262.83658
8.196,-266.67224
8.198,-270.12955
8.2,-272.67346
8.202,-273.48807
8.204,-273.25266
8.206,-272.57104
8.208,-272.17316
8.21,-272.11508
8.212,-273.19608
8.214,-275.35678
8.216,-278.17697
8.218,-280.5437
8.22,-282.50104
8.222,-283.869
8.224,-284.6811
8.226,-284.61093
8.228,-284.459
8.23,-284.57083
8.232,-285.18143
8.234,-285.89014
8.236,-287.20596
8.238,-289.0513
8.24,-291.18524
8.242,-292.75604
8.244,-293.98462
8.246,-294.76932
8.248,-295.18777
8.25,-294.98825
8.252,-295.1117
8.254,-295.96454
8.256,-297.6894
8.258,-299.57825
8.26,-301.81793
8.262,-304.08493
8.264,-306.1948
8.266,-307.68387
8.268,-309.44562
8.27,-311.90158
8.272,-315.20053
8.274,-318.5184
8.276,-321.81415
8.278,-324.3933
8.28,-325.7072
8.282,-325.07794
8.284,-323.54617
8.286,-321.97797
8.288,-321.20435
8.29,-321.10474
8.292,-322.14468
8.294,-323.67966
8.296,-324.70657
8.298,-323.71094
8.3,-320.81726
8.302,-316.234
8.304,-310.69766
8.306,-304.66595
8.308,-299.76447
8.31,-296.71655
8.312,-295.6881
8.314,-295.79166
8.316,-296.9845
8.318,-298.62042
8.32,-300.19098
8.322,-301.0045
8.324,-301.7372
8.326,-302.70728
8.328,-304.1935
8.33,-305.99066
8.332,-308.3934
8.334,-310.97083
8.336,-313.19925
8.338,-314.4877
8.34,-315.20703
8.342,-315.52197
8.344,-315.70084
8.346,-315.67758
8.348,-316.11758
8.35,-317.01248
8.352,-318.20242
8.354,-318.63147
8.356,-319.27145
8.358,-320.44833
8.36,-322.205
8.362,-322.8159
8.364,-322.79877
8.366,-321.99448
8.368,-320.704
8.37,-318.6525
8.372,-317.88153
8.374,-319.28595
8.376,-322.7053
8.378,-325.91995
8.38,-327.63025
8.382,-326.17786
8.384,-321.20435
8.386,-313.35568
8.388,-305.7828
8.39,-300.65256
8.392,-298.1897
8.394,-295.37515
8.396,-288.5225
8.398,-273.32736
8.4,-247.65755
8.402,-212.41415
8.404,-173.12181
8.406,-136.15555
8.408,-106.567795
8.41,-85.49246
8.412,-71.74474
8.414,-61.834145
8.416,-53.534058
8.418,-48.00158
8.42,-52.419212
8.422,-76.44209
8.424,-129.08212
8.426,-214.08215
8.428,-328.99063
8.43,-463.09985
8.432,-600.38196
8.434,-722.993
8.436,-817.2474
8.438,-874.6863
8.44,-893.5685
8.442,-877.45404
8.444,-835.002
8.446,-775.8817
8.448,-709.45135
8.45,-642.9959
8.452,-582.84845
8.454,-532.31915
8.456,-492.3132
8.458,-461.19736
8.46,-437.2758
8.462,-417.87225
8.464,-400.75494
8.466,-384.1997
8.468,-368.821
8.47,-355.38538
8.472,-344.7193
8.474,-336.65298
8.476,-331.4703
8.478,-328.33633
8.48,-326.20752
8.482,-323.78424
8.484,-321.31473
8.486,-319.00537
8.488,-317.20178
8.49,-315.7009
8.492,-314.79514
8.494,-314.24985
8.496,-313.69955
8.498,-312.469
8.5,-310.7748
8.502,-308.8939
8.504,-307.19543
8.506,-305.5271
8.508,-304.31036
8.51,-303.4471
8.512,-302.69257
8.514,-301.125
8.516,-299.59348
8.518,-298.08884
8.52,-296.68875
8.522,-294.73718
8.524,-293.73672
8.526,-293.53354
8.528,-293.68683
8.53,-293.02988
8.532,-292.3634
8.534,-291.46573
8.536,-290.1846
8.538,-287.95422
8.54,-285.8056
8.542,-283.9924
8.544,-282.67984
8.546,-281.4252
8.548,-280.93726
8.55,-281.1072
8.552,-281.6792
8.554,-281.86484
8.556,-282.04672
8.558,-282.04272
8.56,-281.6792
8.562,-280.36496
8.564,-278.68704
8.566,-276.74112
8.568,-274.67474
8.57,-272.24222
8.572,-270.27353
8.574,-268.93494
8.576,-268.1706
8.578,-267.2782
8.58,-266.5257
8.582,-265.6802
8.584,-264.66837
8.586,-263.2104
8.588,-262.23343
8.59,-262.0558
8.592,-262.66708
8.594,-263.2083
8.596,-263.5586
8.598,-263.0231
8.6,-261.16614
8.602,-257.62848
8.604,-253.60806
8.606,-250.0337
8.608,-247.65755
8.61,-246.2982
8.612,-246.1923
8.614,-246.60014
8.616,-246.6569
8.618,-245.35341
8.62,-243.22644
8.622,-240.77208
8.624,-238.65182
8.626,-236.93068
8.628,-236.27335
8.63,-236.38365
8.632,-236.65054
8.634,-236.02821
8.636,-234.73476
8.638,-232.83751
8.64,-230.64673
8.642,-228.12247
8.644,-226.13155
8.646,-224.83014
8.648,-224.1426
8.65,-223.4422
8.652,-223.09715
8.654,-223.0241
8.656,-223.14195
8.658,-222.91904
8.66,-222.80223
8.662,-222.73315
8.664,-222.64163
8.666,-222.0628
8.668,-221.61028
8.67,-221.44182
8.672,-221.641
8.674,-221.72226
8.676,-222.1061
8.678,-222.64456
8.68,-223.14195
8.682,-222.98131
8.684,-222.67947
8.686,-222.35698
8.688,-222.14131
8.69,-221.66035
8.692,-221.49626
8.694,-221.68076
8.696,-222.14131
8.698,-222.27518
8.7,-222.50737
8.702,-222.81029
8.704,-223.14195
8.706,-222.97748
8.708,-222.81789
8.71,-222.70297
8.712,-222.64163
8.714,-222.15836
8.716,-221.82687
8.718,-221.78506
8.72,-222.14131
8.722,-222.47375
8.724,-223.33746
8.726,-224.75858
8.728,-226.64418
8.73,-228.32521
8.732,-230.11974
8.734,-231.92055
8.736,-233.64864
8.738,-234.80223
8.74,-235.9794
8.742,-237.3792
8.744,-239.15215
8.746,-240.8581
8.748,-242.98676
8.75,-245.47704
8.752,-248.15787
8.754,-250.30438
8.756,-252.27397
8.758,-254.04985
8.76,-255.66264
8.762,-256.66327
8.764,-257.71088
8.766,-259.00598
8.768,-260.66583
8.77,-262.16318
8.772,-263.9762
8.774,-266.03622
8.776,-268.1706
8.778,-269.612
8.78,-270.73483
8.782,-271.55273
8.784,-272.17316
8.786,-272.24863
8.788,-272.59326
8.79,-273.522
8.792,-275.17505
8.794,-276.9301
8.796,-279.05826
8.798,-281.25513
8.8,-283.18015
8.802,-284.0703
8.804,-284.3892
8.806,-284.33234
8.808,-284.1808
8.81,-283.70676
8.812,-283.68787
8.814,-284.3325
8.816,-285.68173
8.818,-287.1049
8.82,-288.99557
8.822,-291.24048
8.824,-293.68683
8.826,-295.63965
8.828,-297.57626
8.83,-299.5614
8.832,-301.69193
8.834,-303.53592
8.836,-305.8141
8.838,-308.69632
8.84,-312.1986
8.842,-315.60202
8.844,-319.20068
8.846,-322.68637
8.848,-325.7072
8.85,-327.42322
8.852,-328.34598
8.854,-328.6719
8.856,-328.7091
8.858,-328.21716
8.86,-328.04123
8.862,-328.278
8.864,-328.7091
8.866,-328.29828
8.868,-327.11313
8.87,-324.79025
8.872,-321.20435
8.874,-316.0171
8.876,-310.44882
8.878,-305.39398
8.88,-301.69193
8.882,-299.36328
8.884,-299.198
8.886,-301.00082
8.888,-304.1935
8.89,-307.5252
8.892,-310.88553
8.894,-313.84106
8.896,-316.20114
8.898,-317.64304
8.9,-318.84784
8.902,-320.006
8.904,-321.20435
8.906,-322.21323
8.908,-323.35596
8.91,-324.42883
8.912,-325.20688
8.914,-325.29456
8.916,-325.22183
8.918,-325.1429
8.92,-325.20688
8.922,-324.86743
8.924,-324.97028
8.926,-325.6273
8.928,-326.70782
8.93,-326.62668
8.932,-326.26657
8.934,-325.8592
8.936,-325.7072
8.938,-324.7894
8.94,-324.29166
8.942,-324.426
8.944,-325.20688
8.946,-325.55618
8.948,-326.05078
8.95,-326.4205
8.952,-326.20752
8.954,-324.0961
8.956,-320.33533
8.958,-314.79565
8.96,-307.69574
8.962,-298.8742
8.964,-289.3796
8.966,-279.03674
8.968,-266.66965
8.97,-249.70596
8.972,-226.82477
8.974,-197.22519
8.976,-162.10312
8.978,-124.294
8.98,-89.34856
8.982,-62.164577
8.984,-46.02928
8.986,-41.380848
8.988,-48.211437
8.99,-65.80994
8.992,-95.06047
8.994,-138.68954
8.996,-202.15692
8.998,-289.29092
9.0,-399.7543
9.002,-526.3562
9.004,-656.8442
9.006,-774.6116
9.008,-863.5494
9.01,-912.00275
9.012,-917.49255
9.014,-885.2429
9.016,-826.5258
9.018,-754.3946
9.02,-681.6891
9.022,-616.66644
9.024,-562.8581
9.026,-519.4703
9.028,-484.87625
9.03,-456.47525
9.032,-432.275
9.034,-410.66125
9.036,-391.90573
9.038,-375.96167
9.04,-362.73074
9.042,-351.47958
9.044,-342.5703
9.046,-335.75815
9.048,-330.7104
9.05,-326.52307
9.052,-323.30078
9.054,-320.64435
9.056,-318.20242
9.058,-315.33084
9.06,-312.43076
9.062,-309.66922
9.064,-307.19543
9.066,-304.70764
9.068,-302.4552
9.07,-300.46075
9.072,-298.69
9.074,-296.65887
9.076,-294.60764
9.078,-292.57898
9.08,-290.68494
9.082,-288.55487
9.084,-287.14554
9.086,-286.67285
9.088,-287.1827
9.09,-287.70535
9.092,-289.1455
9.094,-290.7608
9.096,-291.68555
9.098,-290.5575
9.1,-288.55365
9.102,-285.93594
9.104,-283.18015
9.106,-280.27698
9.108,-278.70743
9.11,-278.64023
9.112,-279.67792
9.114,-280.46814
9.116,-280.86115
9.118,-280.1749
9.12,-278.17697
9.122,-274.73428
9.124,-271.36313
9.126,-269.0022
9.128,-268.1706
9.13,-268.25528
9.132,-269.16068
9.134,-269.912
9.136,-269.67154
9.138,-267.69193
9.14,-265.01093
9.142,-262.54642
9.144,-261.16614
9.146,-260.80225
9.148,-261.80478
9.15,-263.4167
9.152,-264.66837
9.154,-264.39325
9.156,-263.044
9.158,-261.07516
9.16,-259.16486
9.162,-257.40656
9.164,-256.57373
9.166,-256.4839
9.168,-256.66327
9.17,-256.1911
9.172,-255.43275
9.174,-254.51097
9.176,-253.66136
9.178,-252.599
9.18,-251.88739
9.182,-251.34532
9.184,-250.65945
9.186,-249.14159
9.188,-247.35724
9.19,-245.58151
9.192,-244.15532
9.194,-242.883
9.196,-242.36726
9.198,-242.42879
9.2,-242.65437
9.202,-242.14447
9.204,-241.16437
9.206,-239.74303
9.208,-238.1515
9.21,-236.38809
9.212,-235.42822
9.214,-235.54813
9.216,-236.65054
9.218,-237.85701
9.22,-239.08224
9.222,-239.78465
9.224,-239.65245
9.226,-238.32748
9.228,-236.79518
9.23,-235.72815
9.232,-235.64992
9.234,-236.28012
9.236,-237.88875
9.238,-239.9143
9.24,-241.65373
9.242,-242.11871
9.244,-241.66171
9.246,-240.52663
9.248,-239.15215
9.25,-237.53185
9.252,-236.4795
9.254,-236.07568
9.256,-236.15022
9.258,-235.97626
9.26,-235.86302
9.262,-235.75296
9.264,-235.64992
9.266,-235.11731
9.268,-234.69823
9.27,-234.40079
9.272,-234.14896
9.274,-233.38159
9.276,-232.58298
9.278,-231.81972
9.28,-231.14705
9.282,-230.12216
9.284,-229.27292
9.286,-228.6233
9.288,-228.14514
9.29,-227.33643
9.292,-226.74359
9.294,-226.48512
9.296,-226.64418
9.298,-226.77144
9.3,-227.3594
9.302,-228.36436
9.304,-229.64609
9.306,-230.53836
9.308,-231.42828
9.31,-232.29466
9.312,-233.14832
9.314,-233.54378
9.316,-234.09966
9.318,-234.9539
9.32,-236.15022
9.322,-237.13763
9.324,-238.3496
9.326,-239.7175
9.328,-241.15341
9.33,-242.10403
9.332,-243.15128
9.334,-244.45973
9.336,-246.1566
9.338,-247.77272
9.34,-249.80647
9.342,-252.17256
9.344,-254.662
9.346,-256.4961
9.348,-258.02396
9.35,-259.2261
9.352,-260.1655
9.354,-260.4519
9.356,-260.82556
9.358,-261.5274
9.36,-262.66708
9.362,-263.6638
9.364,-264.9267
9.366,-266.32236
9.368,-267.6703
9.37,-268.2868
9.372,-268.69214
9.374,-269.07083
9.376,-269.67154
9.378,-270.21912
9.38,-271.45065
9.382,-273.48135
9.384,-276.1757
9.386,-278.6574
9.388,-281.01657
9.39,-282.9212
9.392,-284.1808
9.394,-284.33453
9.396,-284.18295
9.398,-284.17523
9.4,-284.6811
9.402,-285.38034
9.404,-286.79236
9.406,-288.8018
9.408,-291.18524
9.41,-293.2055
9.412,-295.29343
9.414,-297.46344
9.416,-299.69064
9.418,-301.3464
9.42,-302.84598
9.422,-304.1277
9.424,-305.19415
9.426,-305.65524
9.428,-306.39554
9.43,-307.8306
9.432,-310.19733
9.434,-312.88577
9.436,-316.0875
9.438,-319.2421
9.44,-321.70465
9.442,-322.45667
9.444,-321.958
9.446,-320.5288
9.448,-318.70276
9.45,-316.49774
9.452,-314.8975
9.454,-314.0455
9.456,-313.69955
9.458,-312.80307
9.46,-311.38596
9.462,-309.0695
9.464,-305.69446
9.466,-300.86127
9.468,-295.65274
9.47,-290.83322
9.472,-287.1827
9.474,-284.77933
9.476,-284.5728
9.478,-286.54178
9.48,-290.1846
9.482,-294.1342
9.484,-298.04553
9.486,-301.19363
9.488,-303.19287
9.49,-303.69278
9.492,-303.657
9.494,-303.6746
9.496,-304.1935
9.498,-305.15558
9.5,-306.75928
9.502,-308.46878
9.504,-309.69702
9.506,-309.93735
9.508,-309.61533
9.51,-308.95166
9.512,-308.19608
9.514,-307.07297
9.516,-306.22314
9.518,-305.62625
9.52,-305.19415
9.522,-303.86176
9.524,-302.94223
9.526,-303.0977
9.528,-304.69385
9.53,-306.28613
9.532,-308.20776
9.534,-309.81845
9.536,-310.69766
9.538,-310.0079
9.54,-309.20407
9.542,-309.14474
9.544,-310.19733
9.546,-311.17493
9.548,-311.7077
9.55,-310.7194
9.552,-307.69574
9.554,-302.3885
9.556,-296.40347
9.558,-290.40573
9.56,-283.68048
9.562,-273.2279
9.564,-256.2888
9.566,-230.10316
9.568,-194.12349
9.57,-150.37262
9.572,-104.72952
9.574,-63.35393
9.576,-31.019733
9.578,-9.16439
9.58,2.1580229
9.582,4.282226
9.584,-3.0019097
9.586,-22.53228
9.588,-61.22456
9.59,-125.79796
9.592,-219.63972
9.594,-339.1115
9.596,-474.2359
9.598,-608.69495
9.6,-724.4609
9.602,-806.1733
9.604,-846.6785
9.606,-846.6868
9.608,-814.0178
9.61,-759.9288
9.612,-697.1359
9.614,-635.22406
9.616,-579.8689
9.618,-532.5755
9.62,-493.5828
9.622,-461.48584
9.624,-434.77658
9.626,-411.78632
9.628,-392.46265
9.63,-376.40704
9.632,-363.23108
9.634,-351.96466
9.636,-342.7608
9.638,-335.16983
9.64,-328.7091
9.642,-322.44913
9.644,-316.73367
9.646,-311.5874
9.648,-307.19543
9.65,-303.3766
9.652,-300.83636
9.654,-299.67883
9.656,-299.69064
9.658,-300.02893
9.66,-300.4201
9.662,-300.53235
9.664,-300.19098
9.666,-299.00696
9.668,-297.26797
9.67,-295.23334
9.672,-293.18652
9.674,-290.8951
9.676,-289.02032
9.678,-287.653
9.68,-286.68237
9.682,-285.0771
9.684,-283.62512
9.686,-282.01105
9.688,-280.17825
9.69,-277.75476
9.692,-276.7548
9.694,-277.74158
9.696,-280.67856
9.698,-284.23434
9.7,-288.2294
9.702,-291.38055
9.704,-292.6862
9.706,-291.30063
9.708,-288.5258
9.71,-285.35928
9.712,-282.67984
9.714,-280.3514
9.716,-278.8531
9.718,-277.63864
9.72,-276.1757
9.722,-273.87564
9.724,-271.8659
9.726,-270.9542
9.728,-271.67282
9.73,-273.3977
9.732,-275.86224
9.734,-277.82303
9.736,-278.17697
9.738,-276.06705
9.74,-272.66925
9.742,-269.274
9.744,-267.16995
9.746,-266.54968
9.748,-267.78214
9.75,-269.90817
9.752,-271.67282
9.754,-271.69382
9.756,-270.41205
9.758,-268.44147
9.76,-266.66965
9.762,-265.30386
9.764,-265.06366
9.766,-265.5799
9.768,-266.1693
9.77,-265.8001
9.772,-264.87872
9.774,-263.69647
9.776,-262.66708
9.778,-261.58362
9.78,-260.9443
9.782,-260.44012
9.784,-259.6652
9.786,-257.95523
9.788,-256.05814
9.79,-254.46783
9.792,-253.66136
9.794,-253.39534
9.796,-254.02156
9.798,-255.00908
9.8,-255.66264
9.802,-255.02147
9.804,-253.52574
9.806,-251.54121
9.808,-249.65883
9.81,-248.0303
9.812,-247.5348
9.814,-248.1928
9.816,-249.65883
9.818,-250.98094
9.82,-252.19019
9.822,-252.96693
9.824,-253.16106
9.826,-252.39186
9.828,-251.33177
9.83,-250.20279
9.832,-249.15851
9.834,-247.86151
9.836,-246.86559
9.838,-246.16368
9.84,-245.65628
9.842,-244.78078
9.844,-243.97525
9.846,-243.2507
9.848,-242.65437
9.85,-241.83395
9.852,-241.40544
9.854,-241.39867
9.856,-241.65373
9.858,-241.42023
9.86,-240.88078
9.862,-239.81256
9.864,-238.1515
9.866,-235.61092
9.868,-233.08673
9.87,-231.01663
9.872,-229.64609
9.874,-228.4812
9.876,-227.75906
9.878,-227.10152
9.88,-226.14386
9.882,-224.26279
9.884,-222.09125
9.886,-219.95448
9.888,-218.13878
9.89,-216.29373
9.892,-214.83478
9.894,-213.53769
9.896,-212.13495
9.898,-210.04468
9.9,-207.96365
9.902,-206.33577
9.904,-205.63081
9.906,-205.6864
9.908,-207.11214
9.91,-209.7358
9.912,-213.13559
9.914,-216.32301
9.916,-219.42609
9.918,-222.23639
9.92,-224.64291
9.922,-226.1164
9.924,-227.20444
9.926,-228.00943
9.928,-228.64546
9.93,-228.78896
9.932,-229.2278
9.934,-230.28334
9.936,-232.14769
9.938,-234.31726
9.94,-237.11392
9.942,-240.20763
9.944,-243.15468
9.946,-245.03682
9.948,-246.1793
9.95,-246.64975
9.952,-246.6569
9.954,-245.9716
9.956,-245.41153
9.958,-245.25957
9.96,-245.65628
9.962,-246.09488
9.964,-247.08702
9.966,-248.63518
9.968,-250.65945
9.97,-252.49644
9.972,-254.53317
9.974,-256.7493
9.976,-259.16486
9.978,-261.32425
9.98,-263.81644
9.982,-266.67166
9.984,-269.67154
9.986,-271.87534
9.988,-273.2852
9.99,-273.6709
9.992,-273.17377
9.994,-271.88107
9.996,-271.11816
9.998,-271.64697
10.0,-273.6741
10.002,-276.20023
10.004,-278.7536
10.006,-280.39478
10.008,-280.67856
10.01,-279.4821
10.012,-278.44003
10.014,-278.90793
10.016,-281.6792
10.018,-286.00897
10.02,-291.2105
10.022,-295.6901
10.024,-298.1897
10.026,-297.95068
10.028,-296.483
10.03,-295.53772
10.032,-296.68875
10.034,-300.02103
10.036,-305.4077
10.038,-311.24686
10.04,-315.70084
10.042,-317.07544
10.044,-315.93628
10.046,-313.45102
10.048,-311.19797
10.05,-309.83932
10.052,-310.16486
10.054,-311.4213
10.056,-312.1986
10.058,-310.633
10.06,-306.6886
10.062,-300.8072
10.064,-294.18716
10.066,-287.77472
10.068,-283.36304
10.07,-281.5602
10.072,-282.1795
10.074,-283.9379
10.076,-286.43588
10.078,-288.86133
10.08,-290.68494
10.082,-291.27136
10.084,-291.31937
10.086,-291.18005
10.088,-291.18524
10.09,-291.25058
10.092,-291.8795
10.094,-292.93845
10.096,-294.18716
10.098,-295.23886
10.1,-296.35236
10.102,-297.3929
10.104,-298.1897
10.106,-298.37506
10.108,-298.18103
10.11,-297.453
10.112,-296.18842
10.114,-294.0058
10.116,-292.3063
10.118,-291.91296
10.12,-293.18652
10.122,-294.59207
10.124,-296.30652
10.126,-297.62976
10.128,-298.1897
10.13,-297.17776
10.132,-296.18896
10.134,-296.10226
10.136,-297.18906
10.138,-298.085
10.14,-298.33148
10.142,-296.92764
10.144,-293.68683
10.146,-288.92908
10.148,-284.99655
10.15,-283.293
10.152,-283.68048
10.154,-283.40912
10.156,-279.40625
10.158,-267.99832
10.16,-247.15723
10.162,-217.1183
10.164,-181.95792
10.166,-146.45935
10.168,-114.57288
10.17,-87.297295
10.172,-64.06678
10.174,-42.353184
10.176,-20.51305
10.178,0.4373375
10.18,14.145571
10.182,11.53547
10.184,-17.010822
10.186,-77.654076
10.188,-171.75595
10.19,-292.81146
10.192,-427.77213
10.194,-559.3146
10.196,-671.2929
10.198,-750.75464
10.2,-791.00323
10.202,-791.9469
10.204,-760.7837
10.206,-708.0726
10.208,-645.4106
10.21,-582.38293
10.212,-526.49774
10.214,-480.97437
10.216,-445.7836
10.218,-418.39017
10.22,-396.737
10.222,-378.62982
10.224,-362.73074
10.226,-348.0439
10.228,-335.16574
10.23,-324.23505
10.232,-315.20053
10.234,-307.3489
10.236,-300.99542
10.238,-295.98434
10.24,-292.18588
10.242,-288.98764
10.244,-286.69458
10.246,-285.03717
10.248,-283.68048
10.25,-281.98917
10.252,-280.27173
10.254,-278.75165
10.256,-277.67664
10.258,-276.8192
10.26,-276.31833
10.262,-276.01602
10.264,-275.67538
10.266,-274.76422
10.268,-273.45642
10.27,-271.98584
10.272,-270.67218
10.274,-269.21365
10.276,-268.42688
10.278,-268.1805
10.28,-268.1706
10.282,-267.35114
10.284,-266.70798
10.286,-266.02997
10.288,-265.1687
10.29,-263.54044
10.292,-262.41794
10.294,-261.98294
10.296,-262.16678
10.298,-262.17035
10.3,-262.3944
10.302,-262.4824
10.304,-262.16678
10.306,-260.93686
10.308,-259.6681
10.31,-258.6857
10.312,-258.16425
10.314,-257.58755
10.316,-257.28058
10.318,-256.90344
10.32,-256.16296
10.322,-254.56801
10.324,-252.92691
10.326,-251.679
10.328,-251.15977
10.33,-251.00665
10.332,-251.5163
10.334,-252.23856
10.336,-252.66074
10.338,-252.03094
10.34,-250.88225
10.342,-249.4911
10.344,-248.15787
10.346,-246.61781
10.348,-245.3402
10.35,-244.11015
10.352,-242.65437
10.354,-240.4335
10.356,-238.12126
10.358,-236.08386
10.36,-234.64928
10.362,-233.52312
10.364,-233.07167
10.366,-232.93376
10.368,-232.648
10.37,-231.46985
10.372,-229.88808
10.374,-228.16606
10.376,-226.64418
10.378,-225.16577
10.38,-224.33385
10.382,-224.06926
10.384,-224.1426
10.386,-223.90343
10.388,-223.7484
10.39,-223.67389
10.392,-223.64227
10.394,-223.11919
10.396,-222.43774
10.398,-221.46155
10.4,-220.14005
10.402,-218.2053
10.404,-216.49347
10.406,-215.40352
10.408,-215.13686
10.41,-215.17784
10.412,-215.65622
10.414,-216.10934
10.416,-216.1375
10.418,-215.20003
10.42,-214.01628
10.422,-213.03622
10.424,-212.63527
10.426,-212.51184
10.428,-212.9775
10.43,-213.6591
10.432,-214.13623
10.434,-213.75494
10.436,-213.11742
10.438,-212.61307
10.44,-212.63527
10.442,-212.95123
10.444,-213.95984
10.446,-215.3417
10.448,-216.63782
10.45,-217.05627
10.452,-217.00932
10.454,-216.7475
10.456,-216.63782
10.458,-216.5471
10.46,-217.06534
10.462,-218.06041
10.464,-219.1394
10.466,-219.3939
10.468,-218.96143
10.47,-217.80365
10.472,-216.1375
10.474,-213.94083
10.476,-212.20317
10.478,-211.37671
10.48,-211.63463
10.482,-212.39227
10.484,-213.76064
10.486,-215.31158
10.488,-216.63782
10.49,-217.06546
10.492,-217.09653
10.494,-217.0118
10.496,-217.13814
10.498,-217.28513
10.5,-218.07301
10.502,-219.55272
10.504,-221.641
10.506,-223.74478
10.508,-226.20377
10.51,-228.9084
10.512,-231.64737
10.514,-233.66556
10.516,-235.14192
10.518,-235.94649
10.52,-236.15022
10.522,-235.61826
10.524,-235.3678
10.526,-235.96263
10.528,-237.65118
10.53,-239.7532
10.532,-242.16002
10.534,-244.15776
10.536,-245.15596
10.538,-244.50262
10.54,-243.07243
10.542,-241.68166
10.544,-241.15341
10.546,-241.50089
10.548,-243.20909
10.55,-245.83763
10.552,-248.65819
10.554,-250.50407
10.556,-251.52097
10.558,-251.79929
10.56,-251.6601
10.562,-250.98091
10.564,-250.55157
10.566,-250.58582
10.568,-251.15977
10.57,-251.79158
10.572,-253.0215
10.574,-254.87451
10.576,-257.1636
10.578,-258.9488
10.58,-260.22186
10.582,-260.63815
10.584,-260.1655
10.586,-258.68115
10.588,-257.49603
10.59,-257.4963
10.592,-259.16486
10.594,-261.80212
10.596,-265.19757
10.598,-268.4093
10.6,-270.67218
10.602,-271.259
10.604,-271.19482
10.606,-271.40823
10.608,-272.67346
10.61,-274.66888
10.612,-277.43808
10.614,-280.08087
10.616,-281.6792
10.618,-281.29965
10.62,-279.78613
10.622,-278.07205
10.624,-277.17633
10.626,-277.22928
10.628,-278.78745
10.63,-281.35904
10.632,-284.1808
10.634,-286.13193
10.636,-287.6219
10.638,-288.9888
10.64,-290.68494
10.642,-292.44983
10.644,-294.76294
10.646,-297.3109
10.648,-299.69064
10.65,-301.18637
10.652,-302.5353
10.654,-304.2324
10.656,-306.6951
10.658,-309.45038
10.66,-312.67468
10.662,-315.68268
10.664,-317.70212
10.666,-317.71222
10.668,-316.3468
10.67,-314.2323
10.672,-312.1986
10.674,-310.40195
10.676,-309.68967
10.678,-309.8522
10.68,-310.19733
10.682,-309.31952
10.684,-307.13358
10.686,-303.47754
10.688,-298.69
10.69,-292.99893
10.692,-287.96967
10.694,-284.5277
10.696,-283.18015
10.698,-283.37796
10.7,-285.24896
10.702,-288.10376
10.704,-291.18524
10.706,-293.43958
10.708,-295.14874
10.71,-296.34918
10.712,-297.18906
10.714,-297.49765
10.716,-297.7552
10.718,-297.85858
10.72,-297.6894
10.722,-297.07925
10.724,-296.6926
10.726,-296.83163
10.728,-297.6894
10.73,-298.96982
10.732,-300.88245
10.734,-302.9609
10.736,-304.69385
10.738,-304.96103
10.74,-304.76846
10.742,-304.70877
10.744,-305.19415
10.746,-304.89923
10.748,-304.4939
10.75,-303.75787
10.752,-302.69257
10.754,-300.624
10.756,-299.19238
10.758,-299.17575
10.76,-300.69128
10.762,-302.18918
10.764,-303.1449
10.766,-302.5391
10.768,-300.19098
10.77,-296.35706
10.772,-293.29788
10.774,-292.21432
10.776,-292.6862
10.778,-291.65515
10.78,-285.92657
10.782,-271.95578
10.784,-248.15787
10.786,-215.42946
10.788,-178.61911
10.79,-143.10162
10.792,-113.07193
10.794,-89.37917
10.796,-71.21129
10.798,-55.90359
10.8,-42.026737
10.802,-31.095291
10.804,-30.040728
10.806,-47.97654
10.808,-93.55952
10.81,-170.82803
10.812,-278.3462
10.814,-406.90872
10.816,-541.8447
10.818,-665.9217
10.82,-765.00385
10.822,-829.3341
10.824,-855.54425
10.826,-845.8682
10.828,-808.32776
10.83,-752.7167
10.832,-688.9383
10.834,-624.7925
10.836,-566.7867
10.838,-518.0792
10.84,-479.3049
10.842,-448.73508
10.844,-424.90286
10.846,-405.65125
10.848,-389.24762
10.85,-374.12656
10.852,-360.5794
10.854,-348.72464
10.856,-338.71548
10.858,-330.01736
10.86,-323.12155
10.862,-317.89435
10.864,-314.1999
10.866,-311.4468
10.868,-310.14328
10.87,-310.1857
10.872,-311.19797
10.874,-312.11917
10.876,-312.6559
10.878,-312.3878
10.88,-311.19797
10.882,-308.9214
10.884,-306.37567
10.886,-304.28894
10.888,-303.19287
10.89,-302.77863
10.892,-303.11163
10.894,-303.74448
10.896,-304.1935
10.898,-303.4798
10.9,-302.54007
10.902,-301.6548
10.904,-301.19162
10.906,-300.62265
10.908,-301.35385
10.91,-302.9776
10.912,-304.69385
10.914,-304.97043
10.916,-304.46945
10.918,-303.12326
10.92,-301.19162
10.922,-298.5988
10.924,-296.84045
10.926,-296.37234
10.928,-297.18906
10.93,-298.2833
10.932,-299.7202
10.934,-300.84787
10.936,-301.19162
10.938,-300.1068
10.94,-298.56253
10.942,-297.10843
10.944,-296.18842
10.946,-295.43073
10.948,-295.3245
10.95,-295.5433
10.952,-295.6881
10.954,-294.98987
10.956,-294.13367
10.958,-293.43405
10.96,-293.18652
10.962,-292.97525
10.964,-293.29108
10.966,-293.82825
10.968,-294.18716
10.97,-293.58234
10.972,-292.65973
10.974,-291.74176
10.976,-291.18524
10.978,-290.68124
10.98,-290.80862
10.982,-291.29877
10.984,-291.68555
10.986,-291.0116
10.988,-289.7164
10.99,-287.9807
10.992,-286.18207
10.994,-284.2327
10.996,-283.10846
10.998,-282.97604
11.0,-283.68048
11.002,-284.31113
11.004,-285.0482
11.006,-285.5714
11.008,-285.68173
11.01,-284.8458
11.012,-283.85654
11.014,-283.0438
11.016,-282.67984
11.018,-282.386
11.02,-282.7576
11.022,-283.63712
11.024,-284.6811
11.026,-284.97458
11.028,-284.82993
11.03,-284.1913
11.032,-283.18015
11.034,-281.56195
11.036,-280.2854
11.038,-279.64584
11.04,-279.67792
11.042,-279.6504
11.044,-279.81274
11.046,-279.87628
11.048,-279.67792
11.05,-278.76874
11.052,-278.0571
11.054,-277.95267
11.056,-278.67728
11.058,-279.62863
11.06,-281.06943
11.062,-282.56128
11.064,-283.68048
11.066,-283.69357
11.068,-283.346
11.07,-283.04834
11.072,-283.18015
11.074,-283.36243
11.076,-284.08038
11.078,-285.00797
11.08,-285.68173
11.082,-285.19403
11.084,-284.0782
11.086,-282.60803
11.088,-281.17886
11.09,-279.59344
11.092,-278.6682
11.094,-278.4325
11.096,-278.67728
11.098,-278.53412
11.1,-278.36282
11.102,-278.0827
11.104,-277.67664
11.106,-276.61105
11.108,-275.5796
11.11,-274.73044
11.112,-274.1744
11.114,-273.4474
11.116,-273.29193
11.118,-273.86227
11.12,-275.17505
11.122,-276.5248
11.124,-278.29453
11.126,-280.26035
11.128,-282.1795
11.13,-283.31894
11.132,-284.30527
11.134,-285.3502
11.136,-286.68237
11.138,-287.89557
11.14,-289.67993
11.142,-292.01608
11.144,-294.68747
11.146,-296.7819
11.148,-298.62674
11.15,-300.09863
11.152,-301.19162
11.154,-301.44946
11.156,-301.7577
11.158,-302.446
11.16,-303.6932
11.162,-304.88892
11.164,-306.50455
11.166,-308.35156
11.168,-310.19733
11.17,-311.27634
11.172,-312.20312
11.174,-313.1341
11.176,-314.1999
11.178,-314.848
11.18,-315.67596
11.182,-316.65524
11.184,-317.70212
11.186,-318.16122
11.188,-318.7109
11.19,-319.5252
11.192,-320.704
11.194,-321.61636
11.196,-322.761
11.198,-324.01175
11.2,-325.20688
11.202,-325.64157
11.204,-325.99115
11.206,-326.46237
11.208,-327.20816
11.21,-327.65036
11.212,-328.35437
11.214,-329.24487
11.216,-330.21005
11.218,-330.58252
11.22,-331.08893
11.222,-331.93304
11.224,-333.21198
11.226,-334.22803
11.228,-335.43857
11.23,-336.65607
11.232,-337.71484
11.234,-337.96228
11.236,-338.25534
11.238,-338.93695
11.24,-340.21643
11.242,-341.4141
11.244,-342.94843
11.246,-344.49545
11.248,-345.71994
11.25,-345.8114
11.252,-345.58722
11.254,-345.43927
11.256,-345.71994
11.258,-345.92563
11.26,-346.70438
11.262,-347.89178
11.264,-349.22217
11.266,-349.8265
11.268,-350.4087
11.27,-351.16385
11.272,-352.22406
11.274,-352.88986
11.276,-353.67462
11.278,-354.35913
11.28,-354.72568
11.282,-354.06863
11.284,-353.31525
11.286,-352.9123
11.288,-353.2247
11.29,-353.75797
11.292,-355.02783
11.294,-356.6753
11.296,-358.2279
11.298,-358.718
11.3,-358.82462
11.302,-358.86716
11.304,-359.22852
11.306,-359.53964
11.308,-360.57712
11.31,-362.23746
11.312,-364.23172
11.314,-365.62216
11.316,-366.97464
11.318,-368.33228
11.32,-369.7352
11.322,-370.52573
11.324,-371.39816
11.326,-372.42435
11.328,-373.73776
11.33,-374.9239
11.332,-376.98102
11.334,-380.0338
11.336,-383.7441
11.338,-386.6734
11.34,-388.5865
11.342,-388.81128
11.344,-387.24634
11.346,-383.8898
11.348,-380.6701
11.35,-378.79965
11.352,-378.74094
11.354,-379.2171
11.356,-379.441
11.358,-377.6791
11.36,-372.73712
11.362,-364.0163
11.364,-353.74323
11.366,-344.36307
11.368,-338.21515
11.37,-335.98
11.372,-338.23813
11.374,-343.54147
11.376,-349.72247
11.378,-354.1915
11.38,-356.64862
11.382,-357.21356
11.384,-356.72693
11.386,-355.6538
11.388,-355.31686
11.39,-355.8056
11.392,-356.72693
11.394,-357.23303
11.396,-357.62607
11.398,-357.9068
11.4,-358.2279
11.402,-358.38895
11.404,-358.96704
11.406,-359.71313
11.408,-360.22916
11.41,-359.67957
11.412,-358.78992
11.414,-357.86426
11.416,-357.22726
11.418,-355.96704
11.42,-355.3489
11.422,-355.62027
11.424,-356.72693
11.426,-357.02686
11.428,-357.23172
11.43,-357.2561
11.432,-357.22726
11.434,-356.4915
11.436,-356.41006
11.438,-357.26285
11.44,-358.7282
11.442,-359.10126
11.444,-358.16888
11.446,-355.42133
11.448,-351.22342
11.45,-346.10474
11.452,-342.2197
11.454,-340.07724
11.456,-338.21515
11.458,-332.51953
11.46,-319.46338
11.462,-296.0162
11.464,-262.16678
11.466,-221.06339
11.468,-180.07652
11.47,-146.2419
11.472,-124.07893
11.474,-113.335915
11.476,-111.52654
11.478,-114.4257
11.48,-120.076385
11.482,-130.60843
11.484,-154.19351
11.486,-200.1757
11.488,-275.17505
11.49,-378.3379
11.492,-501.5402
11.494,-628.8467
11.496,-741.4717
11.498,-822.643
11.5,-863.9952
11.502,-865.33014
11.504,-834.0306
11.506,-781.1596
11.508,-719.54474
11.51,-658.7522
11.512,-604.38446
11.514,-557.8227
11.516,-519.45905
11.518,-488.0592
11.52,-462.2941
11.522,-440.5081
11.524,-422.61273
11.526,-407.92953
11.528,-395.75177
11.53,-384.86914
11.532,-375.60748
11.534,-367.88547
11.536,-361.73013
11.538,-356.5862
11.54,-353.05685
11.542,-350.9213
11.544,-349.72247
11.546,-348.33987
11.548,-346.81198
11.55,-344.80966
11.552,-342.2177
11.554,-338.75763
11.556,-335.31677
11.558,-332.61417
11.56,-331.2107
11.562,-330.80518
11.564,-331.44305
11.566,-332.49612
11.568,-333.21198
11.57,-332.5042
11.572,-330.8619
11.574,-328.71027
11.576,-326.70782
11.578,-324.65408
11.58,-323.9842
11.582,-324.40622
11.584,-325.20688
11.586,-324.83023
11.588,-324.1251
11.59,-322.90216
11.592,-321.20435
11.594,-318.644
11.596,-316.65805
11.598,-315.5311
11.6,-315.20053
11.602,-314.72662
11.604,-314.48984
11.606,-314.0802
11.608,-313.19925
11.61,-311.24478
11.612,-309.22263
11.614,-307.5842
11.616,-306.6951
11.618,-306.16907
11.62,-306.58868
11.622,-307.61343
11.624,-308.69638
11.626,-308.75708
11.628,-308.11954
11.63,-306.72305
11.632,-304.69385
11.634,-301.77722
11.636,-298.99207
11.638,-296.71262
11.64,-295.18777
11.642,-294.03497
11.644,-293.91992
11.646,-294.74585
11.648,-296.18842
11.65,-297.23895
11.652,-298.0097
11.654,-298.07928
11.656,-297.18906
11.658,-294.85074
11.66,-292.00665
11.662,-289.14713
11.664,-286.68237
11.666,-284.32516
11.668,-282.72174
11.67,-281.74927
11.672,-281.17886
11.674,-280.3188
11.676,-279.7481
11.678,-279.5346
11.68,-279.67792
11.682,-279.5524
11.684,-279.53012
11.686,-279.33066
11.688,-278.67728
11.69,-276.96967
11.692,-274.9681
11.694,-273.06467
11.696,-271.67282
11.698,-270.60822
11.7,-270.52457
11.702,-271.21173
11.704,-272.17316
11.706,-272.34583
11.708,-271.8695
11.71,-270.5973
11.712,-268.67093
11.714,-266.03082
11.716,-263.7981
11.718,-262.45193
11.72,-262.16678
11.722,-262.31808
11.724,-263.04648
11.726,-263.82883
11.728,-264.16806
11.73,-263.32904
11.732,-261.95425
11.734,-260.41577
11.736,-259.16486
11.738,-258.10858
11.74,-258.00854
11.742,-258.8065
11.744,-260.1655
11.746,-261.15515
11.748,-261.941
11.75,-262.3052
11.752,-262.16678
11.754,-261.10614
11.756,-259.8236
11.758,-258.4879
11.76,-257.1636
11.762,-255.34917
11.764,-253.57578
11.766,-251.8497
11.768,-250.15913
11.77,-248.02185
11.772,-246.06892
11.774,-244.42365
11.776,-243.15468
11.778,-241.78612
11.78,-240.82896
11.782,-240.18976
11.784,-239.65245
11.786,-238.4708
11.788,-237.03172
11.79,-235.36273
11.792,-233.64864
11.794,-231.72638
11.796,-230.56856
11.798,-230.52512
11.8,-231.64737
11.802,-233.16049
11.804,-235.1348
11.806,-237.08803
11.808,-238.65182
11.81,-239.22556
11.812,-239.57932
11.814,-240.12204
11.816,-241.15341
11.818,-242.2083
11.82,-243.61992
11.822,-245.05011
11.824,-246.1566
11.826,-246.30547
11.828,-246.26816
11.83,-246.55322
11.832,-247.65755
11.834,-249.34015
11.836,-252.09831
11.838,-255.57346
11.84,-259.16486
11.842,-261.7584
11.844,-263.53247
11.846,-264.44907
11.848,-264.66837
11.85,-263.9481
11.852,-263.12003
11.854,-262.46707
11.856,-262.16678
11.858,-261.8357
11.86,-262.14343
11.862,-263.24673
11.864,-265.1687
11.866,-267.2532
11.868,-269.7502
11.87,-272.3398
11.872,-274.67474
11.874,-276.00543
11.876,-276.8136
11.878,-277.28912
11.88,-277.67664
11.882,-277.68237
11.884,-277.97845
11.886,-278.65808
11.888,-279.67792
11.89,-280.40466
11.892,-281.2611
11.894,-282.20764
11.896,-283.18015
11.898,-283.58804
11.9,-283.9347
11.902,-284.2781
11.904,-284.6811
11.906,-284.7032
11.908,-284.9919
11.91,-285.66022
11.912,-286.68237
11.914,-287.36578
11.916,-288.0383
11.918,-288.5248
11.92,-288.68365
11.922,-287.94736
11.924,-287.05383
11.926,-286.35312
11.928,-286.18207
11.93,-286.20844
11.932,-287.0807
11.934,-288.69147
11.936,-290.68494
11.938,-292.03128
11.94,-292.88824
11.942,-293.08585
11.944,-292.6862
11.946,-291.45563
11.948,-290.43298
11.95,-290.10086
11.952,-290.68494
11.954,-291.57736
11.956,-292.98642
11.958,-294.48282
11.96,-295.6881
11.962,-295.9486
11.964,-295.98987
11.966,-296.1565
11.968,-296.68875
11.97,-297.0597
11.972,-297.62195
11.974,-298.0781
11.976,-298.1897
11.978,-297.45047
11.98,-296.79514
11.982,-296.75458
11.984,-297.6894
11.986,-299.07764
11.988,-301.17755
11.99,-303.52023
11.992,-305.69446
11.994,-307.0723
11.996,-308.517
11.998,-310.48532
12.0,-313.19925
12.002,-315.89618
12.004,-318.5272
12.006,-320.32413
12.008,-320.704
12.01,-319.08063
12.012,-316.58292
12.014,-314.0777
12.016,-312.1986
12.018,-310.44592
12.02,-308.80972
12.022,-306.34235
12.024,-302.19223
12.026,-295.59888
12.028,-287.8468
12.03,-280.35516
12.032,-274.67474
12.034,-271.3793
12.036,-271.35245
12.038,-274.02362
12.04,-278.17697
12.042,-281.9587
12.044,-285.0126
12.046,-287.02435
12.048,-288.18332
12.05,-288.50314
12.052,-288.96222
12.054,-289.74048
12.056,-290.68494
12.058,-291.20584
12.06,-291.40897
12.062,-291.0702
12.064,-290.1846
12.066,-288.8081
12.068,-287.7669
12.07,-287.3706
12.072,-287.683
12.074,-288.15747
12.076,-288.98132
12.078,-289.76736
12.08,-290.1846
12.082,-289.21664
12.084,-288.1034
12.086,-287.5844
12.088,-288.18332
12.09,-288.7705
12.092,-289.89365
12.094,-291.12845
12.096,-292.18588
12.098,-292.28012
12.1,-292.6525
12.102,-293.8083
12.104,-295.6881
12.106,-296.79993
12.108,-296.64087
12.11,-294.39227
12.112,-290.1846
12.114,-284.69504
12.116,-280.34753
12.118,-278.2862
12.12,-277.67664
12.122,-274.8241
12.124,-265.81805
12.126,-246.81451
12.128,-216.63782
12.13,-177.36943
12.132,-135.43472
12.134,-97.665596
12.136,-69.04392
12.138,-50.353783
12.14,-40.02408
12.142,-34.62243
12.144,-32.520687
12.146,-35.807014
12.148,-52.145256
12.15,-90.627625
12.152,-158.10057
12.154,-254.64421
12.156,-373.2678
12.158,-499.33374
12.16,-614.8912
12.162,-703.2329
12.164,-754.8513
12.166,-767.79285
12.168,-747.4755
12.17,-703.4756
12.172,-647.725
12.174,-589.98737
12.176,-536.8415
12.178,-491.06296
12.18,-454.00464
12.182,-424.91797
12.184,-402.2559
12.186,-383.7026
12.188,-368.1373
12.19,-354.23465
12.192,-341.21707
12.194,-328.50674
12.196,-317.24454
12.198,-308.27844
12.2,-302.19223
12.202,-298.47888
12.204,-297.04373
12.206,-296.82642
12.208,-296.68875
12.21,-295.38382
12.212,-293.1768
12.214,-290.41653
12.216,-287.683
12.218,-285.14804
12.22,-283.43314
12.222,-282.66376
12.224,-282.67984
12.226,-282.7832
12.228,-282.8365
12.23,-282.65155
12.232,-282.1795
12.234,-281.07468
12.236,-279.89572
12.238,-278.87997
12.24,-278.17697
12.242,-277.12885
12.244,-276.5732
12.246,-276.20383
12.248,-275.67538
12.25,-274.0966
12.252,-272.68967
12.254,-271.54565
12.256,-270.67218
12.258,-269.45895
12.26,-268.7854
12.262,-268.57962
12.264,-268.67093
12.266,-268.38388
12.268,-268.34216
12.27,-268.4857
12.272,-268.67093
12.274,-268.22406
12.276,-267.57233
12.278,-266.57706
12.28,-265.1687
12.282,-262.9863
12.284,-260.8762
12.286,-259.1943
12.288,-258.16425
12.29,-257.35028
12.292,-257.12393
12.294,-257.17712
12.296,-257.1636
12.298,-256.4368
12.3,-255.56277
12.302,-254.74258
12.304,-254.16168
12.306,-253.45724
12.308,-253.09767
12.31,-252.91013
12.312,-252.66074
12.314,-251.76065
12.316,-250.7773
12.318,-249.87091
12.32,-249.15851
12.322,-248.20474
12.324,-247.42348
12.326,-246.63647
12.328,-245.65628
12.33,-243.99185
12.332,-242.29587
12.334,-240.80292
12.336,-239.65245
12.338,-238.37784
12.34,-237.29427
12.342,-236.13086
12.344,-234.64928
12.346,-232.39264
12.348,-230.12103
12.35,-228.2567
12.352,-227.1445
12.354,-226.46815
12.356,-226.59
12.358,-227.14195
12.36,-227.64482
12.362,-227.29686
12.364,-226.49352
12.366,-225.36998
12.368,-224.1426
12.37,-222.5779
12.372,-221.29381
12.374,-220.32736
12.376,-219.63972
12.378,-218.80809
12.38,-218.43347
12.382,-218.68571
12.384,-219.63972
12.386,-220.78899
12.388,-222.36072
12.39,-223.96384
12.392,-225.14323
12.394,-225.14627
12.396,-224.39096
12.398,-223.09756
12.4,-221.641
12.402,-220.01405
12.404,-219.02762
12.406,-218.79753
12.408,-219.1394
12.41,-219.24336
12.412,-219.21616
12.414,-218.84604
12.416,-218.13878
12.418,-216.91922
12.42,-216.10533
12.422,-216.12451
12.424,-217.13814
12.426,-218.52242
12.428,-220.32234
12.43,-222.01517
12.432,-223.14195
12.434,-223.06236
12.436,-222.41417
12.438,-221.63034
12.44,-221.14069
12.442,-220.7379
12.444,-220.8788
12.446,-221.31488
12.448,-221.641
12.45,-221.06496
12.452,-219.96164
12.454,-218.53593
12.456,-217.13814
12.458,-215.67928
12.46,-214.86928
12.462,-214.75725
12.464,-215.13686
12.466,-215.22777
12.468,-215.24461
12.47,-215.15807
12.472,-215.13686
12.474,-215.04597
12.476,-215.73695
12.478,-217.46083
12.48,-220.14005
12.482,-222.9123
12.484,-225.70192
12.486,-228.03294
12.488,-229.64609
12.49,-230.17462
12.492,-230.5451
12.494,-231.38441
12.496,-233.14832
12.498,-235.4658
12.5,-238.51816
12.502,-241.77829
12.504,-244.65564
12.506,-246.29358
12.508,-247.1744
12.51,-247.65393
12.512,-248.15787
12.514,-248.48611
12.516,-249.1552
12.518,-249.98431
12.52,-250.65945
12.522,-250.47807
12.524,-249.95963
12.526,-249.4055
12.528,-249.15851
12.53,-248.96504
12.532,-249.33885
12.534,-250.15163
12.536,-251.15977
12.538,-251.70242
12.54,-252.26215
12.542,-253.02577
12.544,-254.16168
12.546,-255.23314
12.548,-256.61905
12.55,-258.1581
12.552,-259.6652
12.554,-260.57715
12.556,-261.4532
12.558,-262.46866
12.56,-263.66772
12.562,-264.41003
12.564,-264.87784
12.566,-264.82056
12.568,-264.16806
12.57,-262.70557
12.572,-261.5272
12.574,-261.36053
12.576,-262.66708
12.578,-264.93805
12.58,-268.15176
12.582,-271.50504
12.584,-274.1744
12.586,-275.18274
12.588,-275.08133
12.59,-274.37204
12.592,-273.6741
12.594,-272.947
12.596,-272.84802
12.598,-273.21323
12.6,-273.6741
12.602,-273.41882
12.604,-272.92136
12.606,-272.4091
12.608,-272.17316
12.61,-271.89932
12.612,-272.15332
12.614,-272.8226
12.616,-273.6741
12.618,-274.01367
12.62,-274.35873
12.622,-274.8669
12.624,-275.67538
12.626,-276.2953
12.628,-277.1087
12.63,-277.85
12.632,-278.17697
12.634,-277.36038
12.636,-275.94882
12.638,-274.24475
12.64,-272.67346
12.642,-271.18622
12.644,-270.56955
12.646,-270.83502
12.648,-271.67282
12.65,-272.11404
12.652,-272.26352
12.654,-271.92868
12.656,-271.17252
12.658,-269.83444
12.66,-268.90735
12.662,-268.80954
12.664,-269.67154
12.666,-270.81265
12.668,-272.3806
12.67,-273.94522
12.672,-275.17505
12.674,-275.52078
12.676,-275.81104
12.678,-276.55032
12.68,-278.17697
12.682,-280.3755
12.684,-283.4774
12.686,-286.8803
12.688,-289.6843
12.69,-290.5308
12.692,-289.50787
12.694,-286.80197
12.696,-283.18015
12.698,-279.2756
12.7,-276.69693
12.702,-275.96252
12.704,-276.67603
12.706,-277.1323
12.708,-276.33566
12.71,-273.10367
12.712,-267.16995
12.714,-258.99023
12.716,-251.06326
12.718,-245.60922
12.72,-244.15532
12.722,-246.42213
12.724,-251.72237
12.726,-257.89505
12.728,-262.66708
12.73,-264.15125
12.732,-262.76508
12.734,-259.6789
12.736,-256.66327
12.738,-255.02045
12.74,-255.83395
12.742,-258.63977
12.744,-262.16678
12.746,-264.94827
12.748,-266.30853
12.75,-265.9279
12.752,-264.16806
12.754,-261.77414
12.756,-259.89822
12.758,-259.0129
12.76,-259.16486
12.762,-259.64008
12.764,-260.78363
12.766,-262.40182
12.768,-264.16806
12.77,-264.51495
12.772,-264.06976
12.774,-262.98187
12.776,-261.66647
12.778,-259.52563
12.78,-258.21634
12.782,-258.40363
12.784,-260.1655
12.786,-261.94824
12.788,-263.5352
12.79,-264.07913
12.792,-263.16742
12.794,-260.32153
12.796,-256.97314
12.798,-254.00179
12.8,-251.6601
12.802,-248.58151
12.804,-243.5204
12.806,-234.12425
12.808,-218.13878
12.81,-193.67511
12.812,-161.31789
12.814,-122.59005
12.816,-80.05093
12.818,-36.225338
12.82,5.4440093
12.822,42.424984
12.824,72.54615
12.826,94.01304
12.828,103.38669
12.83,96.8489
12.832,70.04456
12.834,19.467165
12.836,-57.59475
12.838,-160.08124
12.84,-282.67984
12.842,-415.48624
12.844,-546.7648
12.846,-663.7115
12.848,-755.4806
12.85,-814.88403
12.852,-840.8802
12.854,-836.7382
12.856,-809.01465
12.858,-765.1269
12.86,-712.9683
12.862,-658.2951
12.864,-604.8848
12.866,-554.4713
12.868,-508.76877
12.87,-468.45502
12.872,-433.77594
12.874,-404.08316
12.876,-379.2093
12.878,-358.12686
12.88,-339.71613
12.882,-322.75043
12.884,-307.50735
12.886,-294.31613
12.888,-283.68048
12.89,-275.50464
12.892,-270.08655
12.894,-266.79623
12.896,-264.66837
12.898,-262.45084
12.9,-259.84354
12.902,-256.8113
12.904,-253.66136
12.906,-250.58473
12.908,-248.00282
12.91,-246.17897
12.912,-245.15596
12.914,-244.54453
12.916,-244.17259
12.918,-243.90613
12.92,-243.655
12.922,-242.91145
12.924,-242.10794
12.926,-241.19194
12.928,-240.15277
12.93,-238.40277
12.932,-237.19502
12.934,-236.50261
12.936,-236.15022
12.938,-235.28038
12.94,-234.9449
12.942,-234.8611
12.944,-234.64928
12.946,-233.47908
12.948,-232.18817
12.95,-230.7504
12.952,-229.14577
12.954,-226.96169
12.956,-225.023
12.958,-223.41998
12.96,-222.14131
12.962,-220.72006
12.964,-219.66063
12.966,-218.85493
12.968,-218.13878
12.97,-217.00383
12.972,-215.87776
12.974,-214.75331
12.976,-213.63591
12.978,-212.22015
12.98,-211.04793
12.982,-210.18687
12.984,-209.63336
12.986,-209.00447
12.988,-208.65277
12.99,-208.43336
12.992,-208.1324
12.994,-207.22397
12.996,-206.01013
12.998,-204.46248
13.0,-202.6289
13.002,-200.32661
13.004,-198.16277
13.006,-196.26744
13.008,-194.62381
13.01,-192.779
13.012,-190.94786
13.014,-188.93475
13.016,-186.61871
13.018,-183.74957
13.02,-180.98875
13.022,-178.68214
13.024,-177.11267
13.026,-176.10507
13.028,-175.99364
13.03,-176.48357
13.032,-177.11267
13.034,-177.11324
13.036,-176.5731
13.038,-175.38318
13.04,-173.61044
13.042,-171.1693
13.044,-168.73103
13.046,-166.51982
13.048,-164.60472
13.05,-162.62079
13.052,-160.81508
13.054,-159.02414
13.056,-157.09995
13.058,-154.69193
13.06,-152.26971
13.062,-150.0114
13.064,-148.09421
13.066,-146.35008
13.068,-145.23367
13.07,-144.7069
13.072,-144.59198
13.074,-144.33092
13.076,-144.08319
13.078,-143.69661
13.08,-143.09103
13.082,-141.96837
13.084,-140.83508
13.086,-139.84676
13.088,-139.08849
13.09,-138.24536
13.092,-137.65846
13.094,-137.2873
13.096,-137.0872
13.098,-136.72647
13.1,-136.65022
13.102,-136.94386
13.104,-137.58752
13.106,-138.09814
13.108,-138.634
13.11,-139.00612
13.112,-139.08849
13.114,-138.55301
13.116,-137.95724
13.118,-137.57538
13.12,-137.58752
13.122,-137.65201
13.124,-138.01976
13.126,-138.53755
13.128,-139.08849
13.13,-139.33824
13.132,-139.85095
13.134,-140.89708
13.136,-142.59071
13.138,-144.43123
13.14,-146.43567
13.142,-148.23845
13.144,-149.59517
13.146,-150.18282
13.148,-150.71591
13.15,-151.73041
13.152,-153.59772
13.154,-155.95119
13.156,-158.7641
13.158,-161.48354
13.16,-163.60408
13.162,-164.57661
13.164,-165.04166
13.166,-165.66267
13.168,-167.10631
13.17,-169.35936
13.172,-172.69019
13.174,-176.65767
13.176,-180.6149
13.178,-183.6273
13.18,-185.82005
13.182,-187.3666
13.184,-188.62
13.186,-189.52281
13.188,-190.62747
13.19,-192.0091
13.192,-193.62317
13.194,-195.03491
13.196,-196.66214
13.198,-198.66856
13.2,-201.12794
13.202,-203.5311
13.204,-205.94875
13.206,-208.06714
13.208,-209.63336
13.21,-210.20827
13.212,-210.41171
13.214,-210.73799
13.216,-211.63463
13.218,-212.89948
13.22,-214.80147
13.222,-217.0279
13.224,-219.1394
13.226,-220.36586
13.228,-221.00436
13.23,-221.30142
13.232,-221.641
13.234,-221.95065
13.236,-222.82507
13.238,-224.29112
13.24,-226.14386
13.242,-227.61694
13.244,-228.86949
13.246,-229.85086
13.248,-230.64673
13.25,-231.00053
13.252,-231.5596
13.254,-232.57103
13.256,-234.14896
13.258,-235.8105
13.26,-237.84254
13.262,-240.05264
13.264,-242.15405
13.266,-243.40904
13.268,-244.0386
13.27,-244.05334
13.272,-243.655
13.274,-242.80782
13.276,-242.39935
13.278,-242.82016
13.28,-244.15532
13.282,-245.71977
13.284,-247.49652
13.286,-249.05865
13.288,-250.15913
13.29,-250.42728
13.292,-250.67351
13.294,-251.34761
13.296,-252.66074
13.298,-254.01793
13.3,-255.45715
13.302,-256.56464
13.304,-257.1636
13.306,-257.0751
13.308,-257.43054
13.31,-259.0005
13.312,-262.16678
13.314,-266.19855
13.316,-270.6525
13.318,-274.32712
13.32,-276.1757
13.322,-275.343
13.324,-272.77295
13.326,-269.62262
13.328,-267.16995
13.33,-265.8146
13.332,-266.1079
13.334,-267.31906
13.336,-268.1706
13.338,-266.94925
13.34,-263.45618
13.342,-257.87946
13.344,-251.15977
13.346,-244.21806
13.348,-238.9138
13.35,-236.169
13.352,-236.15022
13.354,-237.8737
13.356,-240.85275
13.358,-244.05246
13.36,-246.6569
13.362,-247.91753
13.364,-248.39568
13.366,-248.50154
13.368,-248.65819
13.37,-248.89287
13.372,-249.4858
13.374,-250.05696
13.376,-250.15913
13.378,-249.41951
13.38,-248.32268
13.382,-247.2551
13.384,-246.6569
13.386,-246.58688
13.388,-247.46573
13.39,-248.98886
13.392,-250.65945
13.394,-251.26869
13.396,-251.56381
13.398,-251.93982
13.4,-252.66074
13.402,-252.41096
13.404,-251.77011
13.406,-250.61484
13.408,-249.15851
13.41,-247.14325
13.412,-246.28648
13.414,-247.34879
13.416,-250.15913
13.418,-252.77983
13.42,-254.01611
13.422,-252.50092
13.424,-248.15787
13.426,-241.94585
13.428,-236.82828
13.43,-234.65794
13.432,-235.1496
13.434,-234.84067
13.436,-229.45114
13.438,-214.5069
13.44,-188.11967
13.442,-151.9363
13.444,-112.15711
13.446,-75.87277
13.448,-48.530872
13.45,-31.29587
13.452,-22.246964
13.454,-16.911816
13.456,-12.007639
13.458,-8.003935
13.46,-11.605157
13.462,-32.70294
13.464,-81.05156
13.466,-161.48761
13.468,-272.2105
13.47,-402.792
13.472,-536.8415
13.474,-655.77167
13.476,-744.77454
13.478,-794.8316
13.48,-804.5118
13.482,-778.7688
13.484,-728.0074
13.486,-663.7322
13.488,-596.3794
13.49,-533.2125
13.492,-479.06995
13.494,-435.23898
13.496,-400.75494
13.498,-373.0951
13.5,-350.53247
13.502,-331.38806
13.504,-314.7002
13.506,-299.72052
13.508,-286.9615
13.51,-276.48978
13.512,-268.1706
13.514,-261.28683
13.516,-255.97421
13.518,-251.99353
13.52,-249.15851
13.522,-246.9139
13.524,-245.44662
13.526,-244.47694
13.528,-243.655
13.53,-242.4067
13.532,-240.90428
13.534,-239.38316
13.536,-238.1515
13.538,-237.12462
13.54,-236.46698
13.542,-236.04951
13.544,-235.64992
13.546,-234.77315
13.548,-233.66457
13.55,-232.53513
13.552,-231.64737
13.554,-230.60318
13.556,-230.21529
13.558,-230.19838
13.56,-230.14641
13.562,-229.07591
13.564,-228.0954
13.566,-227.14178
13.568,-226.14386
13.57,-224.54309
13.572,-223.3642
13.574,-222.61218
13.576,-222.14131
13.578,-221.30737
13.58,-220.66017
13.582,-220.12523
13.584,-219.63972
13.586,-218.78357
13.588,-218.15942
13.59,-217.80023
13.592,-217.63846
13.594,-217.16339
13.596,-216.73251
13.598,-216.2476
13.6,-215.63718
13.602,-214.5443
13.604,-213.52783
13.606,-212.71228
13.608,-212.13495
13.61,-211.3806
13.612,-210.78886
13.614,-210.24092
13.616,-209.63336
13.618,-208.602
13.62,-207.68784
13.622,-207.0228
13.624,-206.63145
13.626,-206.0471
13.628,-205.49725
13.63,-204.7507
13.632,-203.62955
13.634,-201.77844
13.636,-199.85466
13.638,-198.20934
13.64,-197.1254
13.642,-196.3484
13.644,-196.20802
13.646,-196.4257
13.648,-196.62509
13.65,-196.14615
13.652,-195.32219
13.654,-194.25688
13.656,-193.12286
13.658,-191.71805
13.66,-190.53906
13.662,-189.55325
13.664,-188.62
13.666,-187.24069
13.668,-185.80537
13.67,-184.39597
13.672,-183.11649
13.674,-181.68982
13.676,-180.57535
13.678,-179.75114
13.68,-179.11395
13.682,-178.19615
13.684,-177.37439
13.686,-176.67458
13.688,-176.11203
13.69,-175.32346
13.692,-174.72171
13.694,-174.31767
13.696,-174.11076
13.698,-173.77335
13.7,-173.79343
13.702,-174.24867
13.704,-175.1114
13.706,-175.88737
13.708,-176.81458
13.71,-177.75247
13.712,-178.61363
13.714,-179.05104
13.716,-179.61461
13.718,-180.46451
13.72,-181.61554
13.722,-182.52374
13.724,-183.31783
13.726,-183.73463
13.728,-183.6168
13.73,-182.65645
13.732,-181.60426
13.734,-180.95752
13.736,-181.11522
13.738,-181.83391
13.74,-183.36159
13.742,-185.30121
13.744,-187.11903
13.746,-187.97786
13.748,-188.11739
13.75,-187.71022
13.752,-187.11903
13.754,-186.35559
13.756,-186.1406
13.758,-186.60783
13.76,-187.61935
13.762,-188.45801
13.764,-189.1855
13.766,-189.59503
13.768,-189.62064
13.77,-188.96136
13.772,-188.27579
13.774,-187.90915
13.776,-188.11967
13.778,-188.61308
13.78,-189.77164
13.782,-191.5024
13.784,-193.62317
13.786,-195.53223
13.788,-197.51144
13.79,-199.5466
13.792,-201.62827
13.794,-203.3096
13.796,-204.96642
13.798,-206.58766
13.8,-208.1324
13.802,-209.14629
13.804,-210.08182
13.806,-211.05199
13.808,-212.13495
13.81,-212.92566
13.812,-213.84514
13.814,-214.91559
13.816,-216.1375
13.818,-217.09357
13.82,-218.27478
13.822,-219.78857
13.824,-221.641
13.826,-223.26778
13.828,-224.9126
13.83,-226.41333
13.832,-227.64482
13.834,-228.162
13.836,-228.55936
13.838,-229.13771
13.84,-230.14641
13.842,-231.2404
13.844,-232.8116
13.846,-234.7058
13.848,-236.65054
13.85,-237.91681
13.852,-238.79192
13.854,-239.32147
13.856,-239.65245
13.858,-239.53224
13.86,-239.62827
13.862,-240.14868
13.864,-241.15341
13.866,-242.10323
13.868,-243.31519
13.87,-244.69524
13.872,-246.1566
13.874,-247.18617
13.876,-248.25996
13.878,-249.43124
13.88,-250.65945
13.882,-251.34741
13.884,-251.86465
13.886,-252.24881
13.888,-252.66074
13.89,-252.89873
13.892,-253.7924
13.894,-255.58585
13.896,-258.16425
13.898,-260.52383
13.9,-262.46756
13.902,-263.42624
13.904,-263.16742
13.906,-261.4768
13.908,-259.63312
13.91,-258.6281
13.912,-259.16486
13.914,-260.85007
13.916,-263.67822
13.918,-266.7639
13.92,-269.17123
13.922,-269.85284
13.924,-269.37393
13.926,-268.37372
13.928,-267.6703
13.93,-267.4209
13.932,-268.32156
13.934,-270.11008
13.936,-272.17316
13.938,-273.3983
13.94,-273.95642
13.942,-273.9335
13.944,-273.6741
13.946,-273.11725
13.948,-273.07773
13.95,-273.6528
13.952,-274.67474
13.954,-275.3817
13.956,-276.13202
13.958,-276.9939
13.96,-278.17697
13.962,-279.457
13.964,-281.56995
13.966,-284.56152
13.968,-288.18332
13.97,-291.47598
13.972,-294.4279
13.974,-296.59766
13.976,-297.6894
13.978,-297.15967
13.98,-295.80658
13.982,-294.13855
13.984,-292.6862
13.986,-291.34222
13.988,-290.7745
13.99,-290.7591
13.992,-290.68494
13.994,-289.28052
13.996,-286.47293
13.998,-282.13007
14.0,-276.67603
14.002,-270.55142
14.004,-265.50748
14.006,-262.58096
14.008,-262.16678
14.01,-263.38147
14.012,-265.7363
14.014,-267.99768
14.016,-269.17123
14.018,-268.49744
14.02,-266.9448
14.022,-265.503
14.024,-265.1687
14.026,-266.21786
14.028,-268.8826
14.03,-272.2699
14.032,-275.17505
14.034,-276.4618
14.036,-276.1455
14.038,-274.48566
14.04,-272.17316
14.042,-269.83868
14.044,-268.49124
14.046,-268.32675
14.048,-269.17123
14.05,-270.05145
14.052,-271.53293
14.054,-273.64203
14.056,-276.1757
14.058,-277.4451
14.06,-277.7164
14.062,-276.7162
14.064,-274.67474
14.066,-271.46365
14.068,-269.1286
14.07,-268.79303
14.072,-270.67218
14.074,-273.11838
14.076,-275.12265
14.078,-275.1633
14.08,-272.67346
14.082,-267.86627
14.084,-263.11002
14.086,-260.0114
14.088,-258.66455
14.09,-256.5414
14.092,-250.64949
14.094,-237.44647
14.096,-215.13686
14.098,-184.36826
14.1,-149.60397
14.102,-115.97842
14.104,-87.5557
14.106,-65.18118
14.108,-47.732086
14.11,-32.06353
14.112,-16.010185
14.114,-0.3151777
14.116,8.840786
14.118,2.525711
14.12,-28.518143
14.122,-89.83974
14.124,-181.94298
14.126,-297.74304
14.128,-424.2699
14.13,-545.2254
14.132,-646.1829
14.134,-716.2653
14.136,-750.4774
14.138,-749.5141
14.14,-720.0555
14.142,-671.23505
14.144,-612.8899
14.146,-553.24817
14.148,-499.12756
14.15,-453.92075
14.152,-418.26608
14.154,-390.38403
14.156,-368.56512
14.158,-350.66177
14.16,-335.21326
14.162,-321.227
14.164,-309.31384
14.166,-299.69434
14.168,-292.18588
14.17,-285.6415
14.172,-279.5649
14.174,-273.14795
14.176,-266.1693
14.178,-258.8113
14.18,-252.70334
14.182,-249.1051
14.184,-248.65819
14.186,-250.69751
14.188,-254.26315
14.19,-257.73126
14.192,-259.6652
14.194,-259.09805
14.196,-256.51907
14.198,-253.0874
14.2,-250.15913
14.202,-248.35269
14.204,-247.94139
14.206,-248.25188
14.208,-248.15787
14.21,-246.13597
14.212,-242.48749
14.214,-237.62961
14.216,-232.648
14.218,-228.2316
14.22,-226.53699
14.222,-227.65576
14.224,-230.64673
14.226,-233.37997
14.228,-235.24359
14.23,-235.11095
14.232,-232.648
14.234,-227.99985
14.236,-223.18231
14.238,-219.60605
14.24,-218.13878
14.242,-218.37355
14.244,-220.10977
14.246,-222.09927
14.248,-223.14195
14.25,-222.23155
14.252,-220.10274
14.254,-217.58965
14.256,-215.63718
14.258,-214.46033
14.26,-214.51913
14.262,-215.20746
14.264,-215.63718
14.266,-214.76895
14.268,-212.94792
14.27,-210.65053
14.272,-208.63272
14.274,-207.19366
14.276,-207.05473
14.278,-207.93587
14.28,-209.13304
14.282,-209.5139
14.284,-209.04103
14.286,-207.65175
14.288,-205.63081
14.29,-203.09474
14.292,-200.95415
14.294,-199.47165
14.296,-198.62636
14.298,-197.86124
14.3,-197.37753
14.302,-197.00317
14.304,-196.62509
14.306,-195.85448
14.308,-195.15756
14.31,-194.58443
14.312,-194.12349
14.314,-193.36613
14.316,-192.6737
14.318,-191.96393
14.32,-191.12158
14.322,-189.71617
14.324,-188.17035
14.326,-186.59169
14.328,-185.11777
14.33,-183.54527
14.332,-182.38861
14.334,-181.63719
14.336,-181.11522
14.338,-180.2258
14.34,-179.1391
14.342,-177.75117
14.344,-176.11203
14.346,-174.11662
14.348,-172.51883
14.35,-171.64328
14.352,-171.60918
14.354,-171.95471
14.356,-172.75026
14.358,-173.59076
14.36,-174.11076
14.362,-173.81859
14.364,-173.23671
14.366,-172.71037
14.368,-172.6098
14.37,-172.84323
14.372,-173.8451
14.374,-175.40877
14.376,-177.11267
14.378,-178.14993
14.38,-178.59164
14.382,-178.3658
14.384,-177.61299
14.386,-176.28741
14.388,-175.16428
14.39,-174.56755
14.392,-174.61108
14.394,-174.8317
14.396,-175.36397
14.398,-175.89514
14.4,-176.11203
14.402,-175.45357
14.404,-174.29025
14.406,-172.7733
14.408,-171.10886
14.41,-169.1413
14.412,-167.46227
14.414,-166.25171
14.416,-165.60535
14.418,-165.185
14.42,-165.3631
14.422,-166.0708
14.424,-167.10631
14.426,-167.7973
14.428,-168.25563
14.43,-168.34828
14.432,-168.10695
14.434,-167.38412
14.436,-166.9667
14.438,-167.2954
14.44,-168.60725
14.442,-170.45273
14.444,-172.87761
14.446,-175.41693
14.448,-177.61299
14.45,-178.82516
14.452,-179.53511
14.454,-180.1431
14.456,-181.11522
14.458,-182.38205
14.46,-184.40756
14.462,-186.9768
14.464,-189.62064
14.466,-191.41574
14.468,-192.44588
14.47,-192.743
14.472,-192.62254
14.474,-192.1691
14.476,-192.31181
14.478,-193.44365
14.48,-195.62445
14.482,-198.15977
14.484,-200.98051
14.486,-203.6014
14.488,-205.63081
14.49,-206.49283
14.492,-206.77724
14.494,-206.9711
14.496,-207.63208
14.498,-208.77602
14.5,-210.9826
14.502,-214.10919
14.504,-217.63846
14.506,-220.41652
14.508,-222.21056
14.51,-222.7402
14.512,-222.14131
14.514,-220.5194
14.516,-219.08206
14.518,-218.63725
14.52,-219.63972
14.522,-221.59573
14.524,-224.44633
14.526,-227.52063
14.528,-230.14641
14.53,-231.45651
14.532,-231.90306
14.534,-231.9345
14.536,-232.14769
14.538,-232.57611
14.54,-233.90472
14.542,-236.06616
14.544,-238.65182
14.546,-240.63167
14.548,-242.03397
14.55,-242.78958
14.552,-243.15468
14.554,-243.13533
14.556,-243.7619
14.558,-245.44519
14.56,-248.15787
14.562,-250.93741
14.564,-253.54123
14.566,-255.37427
14.568,-256.16296
14.57,-255.62933
14.572,-254.88577
14.574,-254.73085
14.576,-255.66264
14.578,-257.1836
14.58,-259.22296
14.582,-261.06885
14.584,-262.16678
14.586,-261.9988
14.588,-261.57132
14.59,-261.7444
14.592,-263.16742
14.594,-265.42944
14.596,-268.48633
14.598,-271.48856
14.6,-273.6741
14.602,-274.32098
14.604,-274.37967
14.606,-274.7509
14.608,-276.1757
14.61,-278.29288
14.612,-281.07956
14.614,-283.64154
14.616,-285.18143
14.618,-285.00555
14.62,-284.22757
14.622,-283.96707
14.624,-285.18143
14.626,-287.61832
14.628,-291.2121
14.63,-294.8084
14.632,-297.18906
14.634,-297.17398
14.636,-295.51505
14.638,-293.16556
14.64,-291.18524
14.642,-289.64474
14.644,-288.89807
14.646,-288.1106
14.648,-286.18207
14.65,-281.852
14.652,-275.79248
14.654,-269.05273
14.656,-263.16742
14.658,-259.06674
14.66,-258.1715
14.662,-260.49527
14.664,-265.1687
14.666,-270.30075
14.668,-275.1313
14.67,-278.83212
14.672,-281.17886
14.674,-282.05008
14.676,-282.62637
14.678,-283.56372
14.68,-285.18143
14.682,-287.0791
14.684,-289.21335
14.686,-290.92816
14.688,-291.68555
14.69,-291.1544
14.692,-290.06607
14.694,-289.0351
14.696,-288.68365
14.698,-289.08728
14.7,-290.73083
14.702,-293.18262
14.704,-295.6881
14.706,-296.6715
14.708,-296.64813
14.71,-295.96536
14.712,-295.18777
14.714,-293.67358
14.716,-292.68234
14.718,-292.49493
14.72,-293.18652
14.722,-293.80426
14.724,-295.08972
14.726,-296.9943
14.728,-299.19034
14.73,-300.36444
14.732,-300.60962
14.734,-299.7548
14.736,-298.1897
14.738,-296.1818
14.74,-295.2736
14.742,-295.6882
14.744,-296.18842
14.746,-293.48376
14.748,-284.8074
14.75,-267.56348
14.752,-241.15341
14.754,-207.02678
14.756,-169.9268
14.758,-134.611
14.76,-104.56652
14.762,-80.36844
14.764,-61.673492
14.766,-47.034565
14.768,-36.523235
14.77,-32.7322
14.772,-42.519848
14.774,-73.414505
14.776,-131.08339
14.778,-215.82974
14.78,-322.73163
14.782,-440.4604
14.784,-554.35266
14.786,-649.5297
14.788,-716.05945
14.79,-749.2658
14.792,-750.4774
14.794,-725.15314
14.796,-682.4327
14.798,-631.1782
14.8,-578.8682
14.802,-530.25745
14.804,-488.96115
14.806,-455.998
14.808,-430.77405
14.81,-411.12814
14.812,-395.6683
14.814,-382.60757
14.816,-370.73584
14.818,-359.1078
14.82,-348.6492
14.822,-340.03085
14.824,-333.71228
14.826,-329.1003
14.828,-326.21307
14.83,-324.1932
14.832,-322.205
14.834,-319.29297
14.836,-316.06595
14.838,-313.0266
14.84,-310.69766
14.842,-308.9245
14.844,-307.97482
14.846,-307.54553
14.848,-307.19543
14.85,-306.18613
14.852,-304.70135
14.854,-303.0535
14.856,-301.69193
14.858,-300.54816
14.86,-300.1514
14.862,-300.45706
14.864,-301.19162
14.866,-301.31555
14.868,-301.41354
14.87,-301.24445
14.872,-300.69128
14.874,-299.06125
14.876,-297.7372
14.878,-296.81097
14.88,-296.18842
14.882,-295.06918
14.884,-294.3359
14.886,-293.9161
14.888,-293.68683
14.89,-292.9753
14.892,-292.51865
14.894,-292.29382
14.896,-292.18588
14.898,-291.49512
14.9,-290.79486
14.902,-290.03433
14.904,-289.18396
14.906,-287.7639
14.908,-286.5449
14.91,-285.67828
14.912,-285.18143
14.914,-284.42548
14.916,-283.854
14.918,-283.31125
14.92,-282.67984
14.922,-281.46494
14.924,-280.43765
14.926,-279.81943
14.928,-279.67792
14.93,-279.37033
14.932,-279.21213
14.934,-278.8953
14.936,-278.17697
14.938,-276.54648
14.94,-274.87408
14.942,-273.62546
14.944,-273.17377
14.946,-273.14157
14.948,-273.93884
14.95,-275.14172
14.952,-276.1757
14.954,-276.05942
14.956,-275.2079
14.958,-273.79376
14.96,-272.17316
14.962,-270.25293
14.964,-268.95667
14.966,-268.45758
14.968,-268.67093
14.97,-268.84738
14.972,-269.29382
14.974,-269.79767
14.976,-270.17188
14.978,-269.79663
14.98,-269.21777
14.982,-268.49036
14.984,-267.6703
14.986,-266.34982
14.988,-265.2333
14.99,-264.48196
14.992,-264.16806
14.994,-263.79193
14.996,-263.83807
14.998,-264.19287
15.0,-264.66837
15.002,-264.6002
15.004,-264.4272
15.006,-264.12177
15.008,-263.66772
15.01,-262.60324
15.012,-261.56784
15.014,-260.71292
15.016,-260.1655
15.018,-259.55603
15.02,-259.52094
15.022,-260.09503
15.024,-261.16614
15.026,-262.03683
15.028,-263.02222
15.03,-263.94604
15.032,-264.66837
15.034,-264.65292
15.036,-264.5403
15.038,-264.50577
15.04,-264.66837
15.042,-264.56387
15.044,-264.69818
15.046,-264.96585
15.048,-265.1687
15.05,-264.6152
15.052,-263.7784
15.054,-262.74445
15.056,-261.66647
15.058,-260.22296
15.06,-259.13812
15.062,-258.49377
15.064,-258.16425
15.066,-257.37207
15.068,-256.40524
15.07,-255.15012
15.072,-253.66136
15.074,-251.69861
15.076,-250.2284
15.078,-249.66614
15.08,-250.15913
15.082,-251.00256
15.084,-252.29393
15.086,-253.5019
15.088,-254.16168
15.09,-253.57494
15.092,-252.51326
15.094,-251.51831
15.096,-251.15977
15.098,-251.30833
15.1,-252.61394
15.102,-254.8847
15.104,-257.6639
15.106,-259.91467
15.108,-261.85104
15.11,-263.40472
15.112,-264.66837
15.114,-265.2866
15.116,-266.00845
15.118,-266.97342
15.12,-268.1706
15.122,-268.97308
15.124,-269.88425
15.126,-270.93832
15.128,-272.17316
15.13,-273.07767
15.132,-274.23776
15.134,-275.6472
15.136,-277.17633
15.138,-278.0834
15.14,-278.75833
15.142,-279.13028
15.144,-279.1776
15.146,-278.43204
15.148,-277.64816
15.15,-277.13834
15.152,-277.17633
15.154,-277.40845
15.156,-278.46786
15.158,-280.31064
15.16,-282.67984
15.162,-284.6488
15.164,-286.40698
15.166,-287.76328
15.168,-288.68365
15.17,-288.78226
15.172,-288.92957
15.174,-289.498
15.176,-290.68494
15.178,-291.90222
15.18,-293.49188
15.182,-295.18372
15.184,-296.68875
15.186,-297.27716
15.188,-297.5597
15.19,-297.78156
15.192,-298.1897
15.194,-298.37775
15.196,-298.97662
15.198,-299.96127
15.2,-301.19162
15.202,-301.94968
15.204,-302.75467
15.206,-303.66028
15.208,-304.69385
15.21,-305.25757
15.212,-305.85068
15.214,-306.3767
15.216,-306.6951
15.218,-306.1826
15.22,-305.49768
15.222,-304.90225
15.224,-304.69385
15.226,-304.5896
15.228,-305.30414
15.23,-306.78525
15.232,-308.69638
15.234,-309.98975
15.236,-310.77844
15.238,-310.8328
15.24,-310.19733
15.242,-308.67877
15.244,-307.46588
15.246,-307.19098
15.248,-308.19608
15.25,-309.8608
15.252,-312.37726
15.254,-315.17978
15.256,-317.70212
15.258,-319.05292
15.26,-319.874
15.262,-320.48703
15.264,-321.20435
15.266,-321.60028
15.268,-322.20792
15.27,-322.82407
15.272,-323.2056
15.274,-322.70523
15.276,-322.10095
15.278,-321.71094
15.28,-321.70465
15.282,-321.3841
15.284,-320.95398
15.286,-319.88232
15.288,-317.70212
15.29,-313.72638
15.292,-308.9622
15.294,-304.18472
15.296,-300.19098
15.298,-296.96466
15.3,-295.2985
15.302,-295.01538
15.304,-295.6881
15.306,-296.34503
15.308,-297.39746
15.31,-298.84818
15.312,-300.69128
15.314,-302.27518
15.316,-303.9249
15.318,-305.31665
15.32,-306.1948
15.322,-306.1916
15.324,-306.10834
15.326,-306.34824
15.328,-307.19543
15.33,-308.438
15.332,-310.1919
15.334,-311.83344
15.336,-312.6989
15.338,-312.16534
15.34,-310.77002
15.342,-308.9279
15.344,-307.19543
15.346,-305.39197
15.348,-304.70337
15.35,-305.37134
15.352,-307.19543
15.354,-308.4752
15.356,-309.6377
15.358,-310.5182
15.36,-311.19797
15.362,-310.88907
15.364,-310.8374
15.366,-311.32678
15.368,-312.1986
15.37,-312.08264
15.372,-311.09726
15.374,-309.01416
15.376,-306.1948
15.378,-302.91113
15.38,-300.9584
15.382,-300.9428
15.384,-302.19223
15.386,-302.01617
15.388,-298.1086
15.39,-287.78586
15.392,-269.67154
15.394,-243.81058
15.396,-213.2712
15.398,-181.3174
15.4,-150.59581
15.402,-121.66004
15.404,-94.795296
15.406,-69.278175
15.408,-45.528965
15.41,-25.91941
15.412,-16.80985
15.414,-25.606855
15.416,-59.037556
15.418,-120.100105
15.42,-208.02028
15.422,-316.06827
15.424,-433.27563
15.426,-546.2347
15.428,-643.5024
15.43,-716.03754
15.432,-758.98285
15.434,-771.3547
15.436,-757.1328
15.438,-722.37103
15.44,-674.429
15.442,-620.2229
15.444,-566.89264
15.446,-519.2352
15.448,-479.80524
15.45,-448.4336
15.452,-424.42722
15.454,-405.61096
15.456,-389.74796
15.458,-374.74197
15.46,-360.63354
15.462,-347.7343
15.464,-336.7142
15.466,-327.61423
15.468,-321.18884
15.47,-317.1197
15.472,-314.7002
15.474,-312.64636
15.476,-310.936
15.478,-309.31012
15.48,-307.69574
15.482,-305.67624
15.484,-303.70514
15.486,-301.86792
15.488,-300.19098
15.49,-298.3093
15.492,-296.55783
15.494,-295.13528
15.496,-294.18716
15.498,-293.33444
15.5,-292.72415
15.502,-292.22446
15.504,-291.68555
15.506,-290.4221
15.508,-289.1923
15.51,-288.08154
15.512,-287.1827
15.514,-285.82965
15.516,-285.22272
15.518,-285.14377
15.52,-285.18143
15.522,-284.2729
15.524,-283.3288
15.526,-282.29852
15.528,-281.17886
15.53,-279.47568
15.532,-278.18793
15.534,-277.4394
15.536,-277.17633
15.538,-276.68857
15.54,-276.4768
15.542,-276.3597
15.544,-276.1757
15.546,-275.37167
15.548,-274.6703
15.55,-274.24152
15.552,-274.1744
15.554,-273.95898
15.556,-274.08932
15.558,-274.40308
15.56,-274.67474
15.562,-274.23737
15.564,-273.62766
15.566,-272.91522
15.568,-272.17316
15.57,-270.9708
15.572,-269.9171
15.574,-269.01056
15.576,-268.1706
15.578,-266.83594
15.58,-265.57913
15.582,-264.49402
15.584,-263.66772
15.586,-262.68735
15.588,-262.15048
15.59,-262.0287
15.592,-262.16678
15.594,-261.88327
15.596,-261.5735
15.598,-261.17273
15.6,-260.66583
15.602,-259.63013
15.604,-258.73367
15.606,-258.08463
15.608,-257.6639
15.61,-256.86942
15.612,-256.09363
15.614,-255.21712
15.616,-254.16168
15.618,-252.49658
15.62,-250.94774
15.622,-249.77705
15.624,-249.15851
15.626,-248.66493
15.628,-248.73248
15.63,-249.15881
15.632,-249.65883
15.634,-249.54279
15.636,-249.26617
15.638,-248.92223
15.64,-248.65819
15.642,-248.17616
15.644,-248.11154
15.646,-248.48236
15.648,-249.15851
15.65,-249.4911
15.652,-249.83356
15.654,-250.083
15.656,-250.15913
15.658,-249.58182
15.66,-248.91374
15.662,-248.24907
15.664,-247.65755
15.666,-246.7579
15.668,-246.15884
15.67,-245.95549
15.672,-246.1566
15.674,-246.25235
15.676,-246.6768
15.678,-247.35062
15.68,-248.15787
15.682,-248.5414
15.684,-248.95535
15.686,-249.36273
15.688,-249.65883
15.69,-249.24416
15.692,-248.52403
15.694,-247.47978
15.696,-246.1566
15.698,-244.23964
15.7,-242.47093
15.702,-241.08453
15.704,-240.15277
15.706,-239.10583
15.708,-238.23204
15.71,-237.3067
15.712,-236.15022
15.714,-234.2815
15.716,-232.42082
15.718,-230.93648
15.72,-230.14641
15.722,-229.73978
15.724,-230.18839
15.726,-231.27986
15.728,-232.648
15.73,-233.45464
15.732,-234.0207
15.734,-234.37334
15.736,-234.64928
15.738,-234.54886
15.74,-234.7442
15.742,-235.30925
15.744,-236.15022
15.746,-236.59846
15.748,-237.01503
15.75,-237.358
15.752,-237.65118
15.754,-237.5097
15.756,-237.61319
15.758,-238.14078
15.76,-239.15215
15.762,-240.09425
15.764,-241.35457
15.766,-242.77682
15.768,-244.15532
15.77,-244.8248
15.772,-245.27657
15.774,-245.65045
15.776,-246.1566
15.778,-246.53148
15.78,-247.48933
15.782,-249.09631
15.784,-251.15977
15.786,-252.7906
15.788,-254.10927
15.79,-254.89662
15.792,-255.16232
15.794,-254.68025
15.796,-254.47159
15.798,-255.05792
15.8,-256.66327
15.802,-258.59042
15.804,-260.85605
15.806,-262.87677
15.808,-264.16806
15.81,-264.0664
15.812,-263.3775
15.814,-262.7162
15.816,-262.66708
15.818,-263.03137
15.82,-264.2571
15.822,-265.9817
15.824,-267.6703
15.826,-268.41122
15.828,-268.61383
15.83,-268.5557
15.832,-268.67093
15.834,-268.87305
15.836,-269.86426
15.838,-271.5813
15.84,-273.6741
15.842,-275.19193
15.844,-276.3064
15.846,-276.9317
15.848,-277.17633
15.85,-276.7988
15.852,-276.65405
15.854,-277.0621
15.856,-278.17697
15.858,-279.48865
15.86,-281.4338
15.862,-283.89523
15.864,-286.68237
15.866,-289.07376
15.868,-291.43427
15.87,-293.67032
15.872,-295.6881
15.874,-296.9087
15.876,-297.86618
15.878,-298.62
15.88,-299.19034
15.882,-299.0514
15.884,-298.74878
15.886,-298.30832
15.888,-297.6894
15.89,-296.2801
15.892,-294.53656
15.894,-292.37695
15.896,-289.6843
15.898,-285.87466
15.9,-281.60303
15.902,-277.20856
15.904,-273.17377
15.906,-269.549
15.908,-267.4271
15.91,-267.15448
15.912,-268.67093
15.914,-271.02
15.916,-274.02542
15.918,-276.9425
15.92,-279.1776
15.922,-280.08475
15.924,-280.33267
15.926,-280.3711
15.928,-280.67856
15.93,-281.35843
15.932,-282.78925
15.934,-284.5856
15.936,-286.18207
15.938,-287.0277
15.94,-287.25983
15.942,-286.9053
15.944,-286.18207
15.946,-285.2095
15.948,-284.7336
15.95,-284.90973
15.952,-285.68173
15.954,-286.07727
15.956,-286.88123
15.958,-288.26163
15.96,-290.1846
15.962,-291.06036
15.964,-291.4659
15.966,-291.29266
15.968,-290.68494
15.97,-288.9852
15.972,-287.75327
15.974,-287.63837
15.976,-288.68365
15.978,-289.37448
15.98,-289.32285
15.982,-287.65485
15.984,-284.1808
15.986,-278.92874
15.988,-273.70947
15.99,-269.32153
15.992,-265.1687
15.994,-258.40033
15.996,-246.28143
15.998,-225.88742
16.0,-196.12477
16.002,-158.07445
16.004,-116.30352
16.006,-75.69222
16.008,-40.025463
16.01,-10.241446
16.012,13.790737
16.014,33.33057
16.016,48.030556
16.018,54.75012
16.02,45.921425
16.022,13.149663
16.024,-50.03183
16.026,-144.51495
16.028,-265.54596
16.03,-401.66528
16.032,-537.84216
16.034,-658.6569
16.036,-753.197
16.038,-815.27856
16.04,-844.0369
16.042,-842.228
16.044,-816.1078
16.046,-772.3104
16.048,-717.4564
16.05,-657.28406
16.052,-597.9533
16.054,-544.0051
16.056,-498.31702
16.058,-461.2579
16.06,-432.3326
16.062,-409.21057
16.064,-389.24762
16.066,-370.04095
16.068,-351.5432
16.07,-334.378
16.072,-319.70337
16.074,-307.98984
16.076,-299.95114
16.078,-294.92896
16.08,-291.68555
16.082,-288.55392
16.084,-285.2277
16.086,-281.6434
16.088,-278.17697
16.09,-274.98798
16.092,-272.65466
16.094,-271.28427
16.096,-270.67218
16.098,-270.1638
16.1,-269.5656
16.102,-268.85223
16.104,-268.1706
16.106,-267.36984
16.108,-266.82504
16.11,-266.61688
16.112,-266.66965
16.114,-266.16888
16.116,-265.69635
16.118,-264.9393
16.12,-263.66772
16.122,-261.13092
16.124,-258.83517
16.126,-256.98438
16.128,-255.66264
16.13,-254.23476
16.132,-253.79016
16.134,-254.08696
16.136,-254.662
16.138,-254.49585
16.14,-254.0985
16.142,-253.32585
16.144,-252.16042
16.146,-250.25603
16.148,-248.55199
16.15,-247.31065
16.152,-246.6569
16.154,-246.14102
16.156,-246.2261
16.158,-246.68378
16.16,-247.15723
16.162,-246.85349
16.164,-246.07536
16.166,-244.79187
16.168,-243.15468
16.17,-241.08032
16.172,-239.48486
16.174,-238.67148
16.176,-238.65182
16.178,-238.73688
16.18,-238.96964
16.182,-238.8838
16.184,-238.1515
16.186,-236.34236
16.188,-234.26122
16.19,-232.39587
16.192,-231.14705
16.194,-230.26208
16.196,-230.09169
16.198,-230.23296
16.2,-230.14641
16.202,-228.99881
16.204,-227.17345
16.206,-224.90817
16.208,-222.64163
16.21,-220.44823
16.212,-219.15941
16.214,-218.8293
16.216,-219.1394
16.218,-219.13297
16.22,-218.77245
16.222,-217.76704
16.224,-216.1375
16.226,-213.82907
16.228,-211.87251
16.23,-210.75923
16.232,-210.634
16.234,-210.8229
16.236,-211.21553
16.238,-211.1525
16.24,-210.13368
16.242,-207.6694
16.244,-204.62434
16.246,-201.71303
16.248,-199.627
16.25,-198.37971
16.252,-198.4317
16.254,-199.39134
16.256,-200.62762
16.258,-201.1781
16.26,-201.24821
16.262,-200.95474
16.264,-200.62762
16.266,-200.23758
16.268,-200.48517
16.27,-201.37149
16.272,-202.6289
16.274,-203.48454
16.276,-204.11499
16.278,-204.4577
16.28,-204.63017
16.282,-204.47849
16.284,-204.75075
16.286,-205.64688
16.288,-207.13177
16.29,-208.54555
16.292,-209.98553
16.294,-211.10863
16.296,-211.63463
16.298,-211.03593
16.3,-209.87827
16.302,-208.46626
16.304,-207.13177
16.306,-205.72417
16.308,-204.85344
16.31,-204.54178
16.312,-204.63017
16.314,-204.45045
16.316,-204.25182
16.318,-203.97023
16.32,-203.62955
16.322,-202.90312
16.324,-202.40546
16.326,-202.30128
16.328,-202.6289
16.33,-202.87228
16.332,-203.3475
16.334,-203.96144
16.336,-204.63017
16.338,-204.88264
16.34,-205.22346
16.342,-205.78271
16.344,-206.63145
16.346,-207.31244
16.348,-208.22931
16.35,-209.35248
16.352,-210.634
16.354,-211.60008
16.356,-212.76787
16.358,-214.26343
16.36,-216.1375
16.362,-217.86647
16.364,-219.7866
16.366,-221.7642
16.368,-223.64227
16.37,-224.84482
16.372,-225.87938
16.374,-226.92369
16.376,-228.14514
16.378,-229.14781
16.38,-230.43619
16.382,-231.97981
16.384,-233.64864
16.386,-234.7929
16.388,-235.84828
16.39,-236.92006
16.392,-238.1515
16.394,-239.16904
16.396,-240.57004
16.398,-242.42572
16.4,-244.65564
16.402,-246.55788
16.404,-248.41737
16.406,-250.13373
16.408,-251.6601
16.41,-252.52841
16.412,-253.35326
16.414,-254.3514
16.416,-255.66264
16.418,-256.83292
16.42,-258.27856
16.422,-259.92844
16.424,-261.66647
16.426,-262.92407
16.428,-264.18408
16.43,-265.56818
16.432,-267.16995
16.434,-268.5247
16.436,-270.08887
16.438,-271.83154
16.44,-273.6741
16.442,-275.05945
16.444,-276.51505
16.446,-278.18414
16.448,-280.17825
16.45,-282.03345
16.452,-284.25122
16.454,-286.82385
16.456,-289.6843
16.458,-292.2409
16.46,-294.9594
16.462,-297.81924
16.464,-300.69128
16.466,-302.8294
16.468,-304.51907
16.47,-305.6417
16.472,-306.1948
16.474,-305.82114
16.476,-305.35233
16.478,-305.11365
16.48,-305.19415
16.482,-304.8507
16.484,-304.18216
16.486,-302.73596
16.488,-300.19098
16.49,-296.0437
16.492,-291.2968
16.494,-286.74506
16.496,-283.18015
16.498,-280.6229
16.5,-279.78915
16.502,-280.48026
16.504,-282.1795
16.506,-283.7821
16.508,-285.39514
16.51,-286.85645
16.512,-288.18332
16.514,-289.05927
16.516,-290.1035
16.518,-291.34604
16.52,-292.6862
16.522,-293.72208
16.524,-294.72345
16.526,-295.56604
16.528,-296.18842
16.53,-296.4726
16.532,-296.90353
16.534,-297.5055
16.536,-298.1897
16.538,-298.56454
16.54,-298.92807
16.542,-299.15704
16.544,-299.19034
16.546,-298.30145
16.548,-297.68796
16.55,-297.9143
16.552,-299.19034
16.554,-299.9384
16.556,-300.55838
16.558,-300.66632
16.56,-300.19098
16.562,-298.46573
16.564,-297.13177
16.566,-296.99112
16.568,-298.1897
16.57,-299.2318
16.572,-299.6077
16.574,-298.32196
16.576,-295.18777
16.578,-290.4286
16.58,-286.12897
16.582,-283.26895
16.584,-281.17886
16.586,-276.6376
16.588,-266.42322
16.59,-247.2581
16.592,-218.13878
16.594,-180.78151
16.596,-140.79076
16.598,-104.00072
16.6,-74.547424
16.602,-52.726322
16.604,-36.80443
16.606,-23.311056
16.608,-10.506684
16.61,-0.32299274
16.612,-0.55078346
16.614,-21.248728
16.616,-71.54552
16.618,-155.15245
16.62,-269.412
16.622,-403.49457
16.624,-541.34436
16.626,-665.2219
16.628,-761.4624
16.63,-821.6496
16.632,-844.0369
16.634,-832.1653
16.636,-794.4531
16.638,-740.2422
16.64,-678.4316
16.642,-615.8339
16.644,-558.2526
16.646,-508.7387
16.648,-468.2979
16.65,-435.8302
16.652,-410.29303
16.654,-389.69992
16.656,-372.23682
16.658,-356.22726
16.66,-341.82355
16.662,-329.2002
16.664,-318.70276
16.666,-310.0629
16.668,-303.73776
16.67,-299.327
16.672,-296.18842
16.674,-293.22842
16.676,-290.4306
16.678,-287.5874
16.68,-284.6811
16.682,-281.50064
16.684,-278.57532
16.686,-276.2336
16.688,-274.67474
16.69,-273.57712
16.692,-272.9392
16.694,-272.54733
16.696,-272.17316
16.698,-271.30783
16.7,-270.1776
16.702,-268.91678
16.704,-267.6703
16.706,-265.90085
16.708,-264.4232
16.71,-263.06665
16.712,-261.66647
16.714,-259.49353
16.716,-258.00592
16.718,-257.2796
16.72,-257.1636
16.722,-256.7269
16.724,-256.69156
16.726,-256.63818
16.728,-256.16296
16.73,-254.5751
16.732,-252.82645
16.734,-251.26085
16.736,-250.15913
16.738,-249.16196
16.74,-248.80966
16.742,-248.78699
16.744,-248.65819
16.746,-247.65623
16.748,-246.28122
16.75,-244.6997
16.752,-243.15468
16.754,-241.43044
16.756,-240.16994
16.758,-239.31543
16.76,-238.65182
16.762,-237.53339
16.764,-236.37695
16.766,-235.21825
16.768,-234.14896
16.77,-232.86304
16.772,-231.95528
16.774,-231.4276
16.776,-231.14705
16.778,-230.50407
16.78,-229.84784
16.782,-229.08316
16.784,-228.14514
16.786,-226.61234
16.788,-225.08546
16.79,-223.71936
16.792,-222.64163
16.794,-221.52689
16.796,-220.93835
16.798,-220.86404
16.8,-221.14069
16.802,-221.07365
16.804,-220.872
16.806,-220.29109
16.808,-219.1394
16.81,-216.93085
16.812,-214.30879
16.814,-211.58954
16.816,-209.13304
16.818,-206.84714
16.82,-205.48091
16.822,-205.12914
16.824,-205.63081
16.826,-206.1995
16.828,-206.92311
16.83,-207.47118
16.832,-207.63208
16.834,-206.96251
16.836,-206.13586
16.838,-205.4513
16.84,-205.1305
16.842,-204.82785
16.844,-204.97678
16.846,-205.46332
16.848,-206.13113
16.85,-206.46295
16.852,-206.98213
16.854,-207.84004
16.856,-209.13304
16.858,-210.40382
16.86,-211.98448
16.862,-213.65433
16.864,-215.13686
16.866,-215.79924
16.868,-216.11357
16.87,-216.29587
16.872,-216.63782
16.874,-216.97433
16.876,-217.9481
16.878,-219.57568
16.88,-221.641
16.882,-223.34982
16.884,-224.84073
16.886,-225.94353
16.888,-226.64418
16.89,-226.65302
16.892,-226.72935
16.894,-227.1836
16.896,-228.14514
16.898,-229.07053
16.9,-230.15775
16.902,-231.10875
16.904,-231.64737
16.906,-231.20605
16.908,-230.34898
16.91,-229.38922
16.912,-228.64546
16.914,-227.87949
16.916,-227.6447
16.918,-227.93726
16.92,-228.64546
16.922,-229.19301
16.924,-230.00623
16.926,-231.15059
16.928,-232.648
16.93,-233.96518
16.932,-235.42424
16.934,-236.87459
16.936,-238.1515
16.938,-238.69798
16.94,-239.06302
16.942,-239.4775
16.944,-240.15277
16.946,-240.7182
16.948,-241.64864
16.95,-242.85596
16.952,-244.15532
16.954,-244.88881
16.956,-245.52025
16.958,-246.20917
16.96,-247.15723
16.962,-248.01747
16.964,-249.36755
16.966,-251.16373
16.968,-253.16106
16.97,-254.4844
16.972,-255.36272
16.974,-255.72008
16.976,-255.66264
16.978,-254.93896
16.98,-254.51218
16.982,-254.84271
16.984,-256.16296
16.986,-257.8594
16.988,-260.1346
16.99,-262.55692
16.992,-264.66837
16.994,-265.63724
16.996,-265.98828
16.998,-266.03223
17.0,-266.1693
17.002,-266.22595
17.004,-266.91663
17.006,-268.28522
17.008,-270.17188
17.01,-271.8229
17.012,-273.5307
17.014,-275.18088
17.016,-276.67603
17.018,-277.43112
17.02,-277.9842
17.022,-278.48987
17.024,-279.1776
17.026,-279.82404
17.028,-281.27924
17.03,-283.76376
17.032,-287.1827
17.034,-290.59726
17.036,-293.98837
17.038,-296.91388
17.04,-299.19034
17.042,-300.49933
17.044,-301.95087
17.046,-304.2272
17.048,-307.69574
17.05,-311.6559
17.052,-315.99225
17.054,-319.7956
17.056,-322.205
17.058,-322.25528
17.06,-320.71854
17.062,-318.38565
17.064,-316.20114
17.066,-314.3488
17.068,-313.606
17.07,-313.65167
17.072,-313.69955
17.074,-312.3255
17.076,-309.52405
17.078,-305.30322
17.08,-300.19098
17.082,-294.54346
17.084,-289.94006
17.086,-287.20908
17.088,-286.68237
17.09,-287.623
17.092,-290.01196
17.094,-293.11084
17.096,-296.18842
17.098,-298.2214
17.1,-299.61255
17.102,-300.51562
17.104,-301.19162
17.106,-301.47272
17.108,-301.96188
17.11,-302.59637
17.112,-303.19287
17.114,-303.383
17.116,-303.51935
17.118,-303.60654
17.12,-303.6932
17.122,-303.6832
17.124,-304.02557
17.126,-304.60797
17.128,-305.19415
17.13,-305.11786
17.132,-304.88004
17.134,-304.54953
17.136,-304.1935
17.138,-302.8229
17.14,-301.5944
17.142,-300.95322
17.144,-301.19162
17.146,-301.20358
17.148,-301.73438
17.15,-302.62802
17.152,-303.6932
17.154,-303.9769
17.156,-304.27853
17.158,-304.71634
17.16,-305.19415
17.162,-304.67572
17.164,-303.40524
17.166,-301.19055
17.168,-298.1897
17.17,-294.28674
17.172,-290.4903
17.174,-286.4862
17.176,-280.67856
17.178,-269.77625
17.18,-251.47116
17.182,-224.04694
17.184,-188.11967
17.186,-146.45767
17.188,-104.861115
17.19,-68.589005
17.192,-41.0261
17.194,-22.297457
17.196,-11.717013
17.198,-8.082021
17.2,-12.507957
17.202,-29.097237
17.204,-65.74424
17.206,-129.38734
17.208,-222.64163
17.21,-340.3074
17.212,-470.59085
17.214,-595.867
17.216,-697.94403
17.218,-762.73083
17.22,-785.54175
17.222,-770.11304
17.224,-726.96246
17.226,-668.93286
17.228,-608.7642
17.23,-554.61615
17.232,-509.82434
17.234,-473.42413
17.236,-443.70822
17.238,-418.30942
17.24,-395.75177
17.242,-375.1278
17.244,-357.3428
17.246,-342.83618
17.248,-331.71103
17.25,-323.15048
17.252,-317.16974
17.254,-313.0929
17.256,-310.19733
17.258,-307.34683
17.26,-304.65326
17.262,-301.9289
17.264,-299.19034
17.266,-296.20703
17.268,-293.7239
17.27,-292.0301
17.272,-291.18524
17.274,-290.6675
17.276,-290.43893
17.278,-290.3157
17.28,-290.1846
17.282,-289.66318
17.284,-288.94717
17.286,-288.11203
17.288,-287.1827
17.29,-285.6843
17.292,-284.05624
17.294,-282.35568
17.296,-280.67856
17.298,-278.4398
17.3,-276.7953
17.302,-275.62732
17.304,-274.67474
17.306,-273.02667
17.308,-271.75854
17.31,-270.83087
17.312,-270.17188
17.314,-269.1942
17.316,-268.80746
17.318,-269.01965
17.32,-269.67154
17.322,-269.98453
17.324,-270.3571
17.326,-270.50452
17.328,-270.17188
17.33,-268.77243
17.332,-266.9992
17.334,-265.06723
17.336,-263.16742
17.338,-260.96655
17.34,-259.091
17.342,-257.52243
17.344,-256.16296
17.346,-254.48547
17.348,-253.05626
17.35,-251.94362
17.352,-251.15977
17.354,-250.1948
17.356,-249.48062
17.358,-248.86403
17.36,-248.15787
17.362,-246.80273
17.364,-245.3906
17.366,-244.10732
17.368,-243.15468
17.37,-242.23978
17.372,-241.99677
17.374,-242.38084
17.376,-243.15468
17.378,-243.51949
17.38,-243.69127
17.382,-243.44579
17.384,-242.65437
17.386,-240.87854
17.388,-238.84622
17.39,-236.85362
17.392,-235.1496
17.394,-233.434
17.396,-232.30872
17.398,-231.75908
17.4,-231.64737
17.402,-231.32321
17.404,-231.14748
17.406,-230.9807
17.408,-230.64673
17.41,-229.52345
17.412,-228.06953
17.414,-226.37163
17.416,-224.64291
17.418,-222.76677
17.42,-221.66814
17.422,-221.63983
17.424,-222.64163
17.426,-223.82965
17.428,-225.12862
17.43,-225.99907
17.432,-226.14386
17.434,-225.23988
17.436,-224.33513
17.438,-224.14389
17.44,-225.14323
17.442,-226.88979
17.444,-229.4354
17.446,-232.07947
17.448,-234.14896
17.45,-234.88214
17.452,-234.98634
17.454,-235.05087
17.456,-235.64992
17.458,-236.58931
17.46,-238.2202
17.462,-240.09103
17.464,-241.65373
17.466,-242.12257
17.468,-242.08342
17.47,-241.9545
17.472,-242.15405
17.474,-242.39287
17.476,-242.99477
17.478,-243.56279
17.48,-243.655
17.482,-242.62788
17.484,-241.21587
17.486,-240.02148
17.488,-239.65245
17.49,-239.97174
17.492,-241.35982
17.494,-243.32718
17.496,-245.15596
17.498,-245.7709
17.5,-245.43332
17.502,-244.39157
17.504,-243.15468
17.506,-241.80688
17.508,-241.22926
17.51,-241.56851
17.512,-242.65437
17.514,-243.6677
17.516,-244.77234
17.518,-245.79271
17.52,-246.6569
17.522,-246.91103
17.524,-247.15083
17.526,-247.53418
17.528,-248.15787
17.53,-248.57555
17.532,-249.31256
17.534,-250.37451
17.536,-251.6601
17.538,-252.49904
17.54,-253.2367
17.542,-253.7977
17.544,-254.16168
17.546,-253.89403
17.548,-253.68507
17.55,-253.74568
17.552,-254.16168
17.554,-254.3607
17.556,-254.74025
17.558,-255.1984
17.56,-255.66264
17.562,-255.63434
17.564,-255.82004
17.566,-256.46152
17.568,-257.6639
17.57,-258.80096
17.572,-260.17728
17.574,-261.542
17.576,-262.66708
17.578,-262.92874
17.58,-263.0419
17.582,-263.35812
17.584,-264.16806
17.586,-265.02625
17.588,-266.38586
17.59,-268.03333
17.592,-269.67154
17.594,-270.54187
17.596,-271.18546
17.598,-271.81927
17.6,-272.67346
17.602,-273.35193
17.604,-274.3965
17.606,-275.7255
17.608,-277.17633
17.61,-278.12057
17.612,-279.10568
17.614,-280.2663
17.616,-281.6792
17.618,-282.7854
17.62,-284.0278
17.622,-285.33493
17.624,-286.68237
17.626,-287.64655
17.628,-289.04608
17.63,-291.19363
17.632,-294.18716
17.634,-297.28357
17.636,-300.61124
17.638,-303.70535
17.64,-306.1948
17.642,-307.45456
17.644,-308.34415
17.646,-309.42947
17.648,-311.19797
17.65,-313.2898
17.652,-316.0821
17.654,-319.10217
17.656,-321.70465
17.658,-322.80502
17.66,-322.80057
17.662,-321.94608
17.664,-320.704
17.666,-318.9819
17.668,-317.63754
17.67,-316.66696
17.672,-315.70084
17.674,-313.6299
17.676,-310.59775
17.678,-306.52133
17.68,-301.69193
17.682,-296.19897
17.684,-291.51157
17.686,-288.50266
17.688,-287.683
17.69,-288.503
17.692,-291.11545
17.694,-294.7972
17.696,-298.69
17.698,-301.53043
17.7,-303.55524
17.702,-304.8375
17.704,-305.69446
17.706,-306.08026
17.708,-306.84625
17.71,-308.10126
17.712,-309.69702
17.714,-311.09076
17.716,-312.39584
17.718,-313.3205
17.72,-313.69955
17.722,-313.37875
17.724,-312.9857
17.726,-312.72046
17.728,-312.6989
17.73,-312.5306
17.732,-312.82648
17.734,-313.5892
17.736,-314.7002
17.738,-314.97
17.74,-315.32495
17.742,-316.0236
17.744,-317.20178
17.746,-317.61752
17.748,-317.9721
17.75,-318.1652
17.752,-318.20242
17.754,-317.43048
17.756,-317.03992
17.758,-317.45746
17.76,-318.70276
17.762,-319.58127
17.764,-320.02158
17.766,-319.43945
17.768,-317.70212
17.77,-314.59448
17.772,-311.3669
17.774,-308.12338
17.776,-303.6932
17.778,-294.96732
17.78,-279.52386
17.782,-255.13419
17.784,-221.641
17.786,-180.98625
17.788,-138.48053
17.79,-99.36598
17.792,-67.54297
17.794,-43.972977
17.796,-28.911484
17.798,-21.72991
17.8,-23.51496
17.802,-37.698727
17.804,-71.26919
17.806,-130.4119
17.808,-217.63846
17.81,-328.49194
17.812,-452.72964
17.814,-574.49554
17.816,-676.93066
17.818,-746.2339
17.82,-776.89264
17.822,-770.84344
17.824,-736.4685
17.826,-684.8101
17.828,-627.8405
17.83,-574.0184
17.832,-527.8358
17.834,-489.77612
17.836,-459.44177
17.838,-435.1217
17.84,-415.26416
17.842,-398.27658
17.844,-384.20038
17.846,-372.6567
17.848,-363.23108
17.85,-354.94333
17.852,-348.0651
17.854,-342.37814
17.856,-337.71484
17.858,-333.42184
17.86,-330.0292
17.862,-327.49307
17.864,-325.7072
17.866,-324.047
17.868,-322.85062
17.87,-321.97214
17.872,-321.20435
17.874,-319.9655
17.876,-318.49973
17.878,-316.99435
17.88,-315.70084
17.882,-314.44507
17.884,-313.53064
17.886,-312.97894
17.888,-312.6989
17.89,-312.08484
17.892,-311.52875
17.894,-311.0576
17.896,-310.69766
17.898,-309.696
17.9,-308.9856
17.902,-308.26483
17.904,-307.19543
17.906,-304.91245
17.908,-302.7135
17.91,-300.78638
17.912,-299.19034
17.914,-297.2649
17.916,-295.7676
17.918,-294.49066
17.92,-293.18652
17.922,-291.19656
17.924,-289.33917
17.926,-287.8024
17.928,-286.68237
17.93,-285.41843
17.932,-284.4981
17.934,-283.67255
17.936,-282.67984
17.938,-280.92084
17.94,-279.14853
17.942,-277.65335
17.944,-276.67603
17.946,-275.81906
17.948,-275.57898
17.95,-275.6688
17.952,-275.67538
17.954,-274.77524
17.956,-273.45032
17.958,-271.83264
17.96,-270.17188
17.962,-268.27408
17.964,-266.95743
17.966,-266.30307
17.968,-266.1693
17.97,-265.8008
17.972,-265.53284
17.974,-265.19345
17.976,-264.66837
17.978,-263.44058
17.98,-262.159
17.982,-260.90338
17.984,-259.6652
17.986,-257.88803
17.988,-256.11432
17.99,-254.35855
17.992,-252.66074
17.994,-250.63272
17.996,-249.03224
17.998,-248.03383
18.0,-247.65755
18.002,-247.26492
18.004,-247.1692
18.006,-247.0693
18.008,-246.6569
18.01,-245.2718
18.012,-243.53168
18.014,-241.71329
18.016,-240.15277
18.018,-238.66664
18.02,-237.98164
18.022,-238.07207
18.024,-238.65182
18.026,-238.8242
18.028,-238.77794
18.03,-238.36353
18.032,-237.65118
18.034,-236.45938
18.036,-235.80551
18.038,-236.14133
18.04,-237.65118
18.042,-239.69437
18.044,-242.40027
18.046,-245.23285
18.048,-247.65755
18.05,-248.85046
18.052,-249.36403
18.054,-249.50572
18.056,-249.65883
18.058,-249.64047
18.06,-250.16113
18.062,-251.22575
18.064,-252.66074
18.066,-253.74742
18.068,-254.88356
18.07,-256.03766
18.072,-257.1636
18.074,-257.66638
18.076,-257.9684
18.078,-257.9888
18.08,-257.6639
18.082,-256.5224
18.084,-255.29128
18.086,-254.26982
18.088,-253.66136
18.09,-252.98871
18.092,-252.68837
18.094,-252.6253
18.096,-252.66074
18.098,-252.26028
18.1,-252.1177
18.102,-252.52437
18.104,-253.66136
18.106,-254.98126
18.108,-256.7891
18.11,-258.78674
18.112,-260.66583
18.114,-261.74796
18.116,-262.66183
18.118,-263.7151
18.12,-265.1687
18.122,-266.56653
18.124,-268.30493
18.126,-270.12006
18.128,-271.67282
18.13,-272.1922
18.132,-272.2491
18.134,-272.1302
18.136,-272.17316
18.138,-272.09235
18.14,-272.57492
18.142,-273.64243
18.144,-275.17505
18.146,-276.4797
18.148,-278.05576
18.15,-279.9546
18.152,-282.1795
18.154,-284.0834
18.156,-286.07413
18.158,-287.99606
18.16,-289.6843
18.162,-290.50223
18.164,-291.11945
18.166,-291.78305
18.168,-292.6862
18.17,-293.32285
18.172,-294.20306
18.174,-295.2155
18.176,-296.18842
18.178,-296.43695
18.18,-296.6001
18.182,-296.93384
18.184,-297.6894
18.186,-298.435
18.188,-299.7706
18.19,-301.6075
18.192,-303.6932
18.194,-305.12634
18.196,-306.32074
18.198,-307.30402
18.2,-308.19608
18.202,-308.56476
18.204,-309.19135
18.206,-310.23718
18.208,-311.6983
18.21,-312.83218
18.212,-314.05884
18.214,-315.23428
18.216,-316.20114
18.218,-316.2758
18.22,-316.0748
18.222,-315.79672
18.224,-315.70084
18.226,-315.5069
18.228,-316.06314
18.23,-317.51053
18.232,-319.70337
18.234,-321.67642
18.236,-323.58243
18.238,-325.1203
18.24,-326.20752
18.242,-326.4748
18.244,-326.97717
18.246,-328.175
18.248,-330.21005
18.25,-332.24078
18.252,-334.36627
18.254,-336.10257
18.256,-337.2145
18.258,-337.3363
18.26,-337.74594
18.262,-339.2342
18.264,-342.2177
18.266,-345.8901
18.268,-350.06085
18.27,-353.65427
18.272,-355.7263
18.274,-355.33438
18.276,-353.53366
18.278,-351.32736
18.28,-349.72247
18.282,-348.66687
18.284,-348.63266
18.286,-348.84586
18.288,-348.22153
18.29,-345.32132
18.292,-340.61368
18.294,-334.71442
18.296,-328.7091
18.298,-323.17493
18.3,-319.62866
18.302,-318.40607
18.304,-319.20306
18.306,-320.72916
18.308,-322.8046
18.31,-324.77673
18.312,-326.20752
18.314,-326.41754
18.316,-326.08307
18.318,-325.43042
18.32,-324.70657
18.322,-323.82693
18.324,-323.46356
18.326,-323.63153
18.328,-324.20624
18.33,-324.82715
18.332,-325.72964
18.334,-326.6256
18.336,-327.20816
18.338,-327.04282
18.34,-326.537
18.342,-325.71692
18.344,-324.70657
18.346,-323.00128
18.348,-321.90634
18.35,-321.9483
18.352,-323.2056
18.354,-323.90558
18.356,-324.42398
18.358,-324.36142
18.36,-323.70593
18.362,-321.7785
18.364,-320.43372
18.366,-320.53677
18.368,-322.205
18.37,-323.7254
18.372,-324.52417
18.374,-323.44608
18.376,-320.2037
18.378,-314.97403
18.38,-310.1482
18.382,-307.11118
18.384,-305.69446
18.386,-303.05164
18.388,-296.15378
18.39,-281.34265
18.392,-256.66327
18.394,-222.43472
18.396,-182.95694
18.398,-143.15152
18.4,-107.068115
18.402,-75.792656
18.404,-49.112045
18.406,-25.092627
18.408,-3.0019097
18.41,15.136085
18.412,22.151432
18.414,8.953995
18.416,-33.021008
18.418,-107.87963
18.42,-214.58359
18.422,-344.64154
18.424,-484.3081
18.426,-617.20776
18.428,-729.5605
18.43,-811.1144
18.432,-857.0452
18.434,-867.3773
18.436,-847.59424
18.438,-805.2631
18.44,-748.97644
18.442,-686.4967
18.444,-625.4221
18.446,-570.6986
18.448,-524.83386
18.45,-487.5266
18.452,-457.92795
18.454,-433.75397
18.456,-412.76257
18.458,-392.9731
18.46,-374.60425
18.462,-358.11258
18.464,-344.21896
18.466,-332.90845
18.468,-324.73666
18.47,-319.13986
18.472,-315.20053
18.474,-311.55118
18.476,-308.15262
18.478,-304.84586
18.48,-301.69193
18.482,-298.43088
18.484,-295.48468
18.486,-292.91483
18.488,-290.68494
18.49,-288.4068
18.492,-286.28467
18.494,-284.49155
18.496,-283.18015
18.498,-282.03278
18.5,-281.1566
18.502,-280.4207
18.504,-279.67792
18.506,-278.24878
18.508,-276.92578
18.51,-275.73297
18.512,-274.67474
18.514,-272.98334
18.516,-271.91785
18.518,-271.25397
18.52,-270.67218
18.522,-269.30585
18.524,-268.35822
18.526,-267.8597
18.528,-267.6703
18.53,-266.96722
18.532,-266.3234
18.534,-265.45575
18.536,-264.16806
18.538,-262.01428
18.54,-260.03943
18.542,-258.67108
18.544,-258.16425
18.546,-258.03186
18.548,-258.58194
18.55,-259.31107
18.552,-259.6652
18.554,-258.8517
18.556,-257.44736
18.558,-255.75638
18.56,-254.16168
18.562,-252.52585
18.564,-251.51189
18.566,-250.99721
18.568,-250.65945
18.57,-249.73128
18.572,-248.57019
18.574,-247.1813
18.576,-245.65628
18.578,-243.68901
18.58,-241.92438
18.582,-240.42346
18.584,-239.15215
18.586,-237.62422
18.588,-236.36179
18.59,-235.3869
18.592,-234.64928
18.594,-233.59003
18.596,-232.57825
18.598,-231.4708
18.6,-230.14641
18.602,-228.15814
18.604,-226.17569
18.606,-224.44426
18.608,-223.14195
18.61,-221.87656
18.612,-221.08913
18.614,-220.59886
18.616,-220.14005
18.618,-219.05211
18.62,-217.78069
18.622,-216.42374
18.624,-215.13686
18.626,-213.65341
18.628,-212.62637
18.63,-212.1382
18.632,-212.13495
18.634,-212.04631
18.636,-212.24632
18.638,-212.64162
18.64,-213.13559
18.642,-213.22977
18.644,-213.41296
18.646,-213.71686
18.648,-214.13623
18.65,-214.22223
18.652,-214.47824
18.654,-214.94675
18.656,-215.63718
18.658,-216.11508
18.66,-216.87274
18.662,-217.90831
18.664,-219.1394
18.666,-220.00989
18.668,-220.9007
18.67,-221.77933
18.672,-222.64163
18.674,-223.10786
18.676,-223.77528
18.678,-224.78014
18.68,-226.14386
18.682,-227.31657
18.684,-228.59312
18.686,-229.77394
18.688,-230.64673
18.69,-230.63376
18.692,-230.24164
18.694,-229.66933
18.696,-229.14577
18.698,-228.41524
18.7,-228.08392
18.702,-228.19836
18.704,-228.64546
18.706,-228.77602
18.708,-228.86359
18.71,-228.82451
18.712,-228.64546
18.714,-227.94261
18.716,-227.3475
18.718,-227.05685
18.72,-227.1445
18.722,-227.07669
18.724,-227.19475
18.726,-227.40271
18.728,-227.64482
18.73,-227.49265
18.732,-227.58545
18.734,-228.12375
18.736,-229.14577
18.738,-230.00307
18.74,-230.90652
18.742,-231.64513
18.744,-232.14769
18.746,-232.09927
18.748,-232.39462
18.75,-233.50565
18.752,-235.64992
18.754,-238.16492
18.756,-241.08319
18.758,-243.87804
18.76,-246.1566
18.762,-247.372
18.764,-248.3741
18.766,-249.69914
18.768,-251.6601
18.77,-253.60948
18.772,-255.51735
18.774,-256.7053
18.776,-256.66327
18.778,-254.88132
18.78,-252.54547
18.782,-250.78673
18.784,-250.65945
18.786,-252.17694
18.788,-255.68413
18.79,-260.39465
18.792,-265.1687
18.794,-268.45892
18.796,-270.33032
18.798,-271.01508
18.8,-271.17252
18.802,-271.01224
18.804,-271.64078
18.806,-273.27603
18.808,-275.67538
18.81,-277.7551
18.812,-279.56244
18.814,-280.86755
18.816,-281.6792
18.818,-281.6559
18.82,-281.68112
18.822,-282.12677
18.824,-283.18015
18.826,-284.25986
18.828,-285.7515
18.83,-287.47076
18.832,-289.18396
18.834,-290.16574
18.836,-290.89066
18.838,-291.49396
18.84,-292.18588
18.842,-292.67792
18.844,-293.72147
18.846,-295.4332
18.848,-297.6894
18.85,-299.63525
18.852,-301.4752
18.854,-303.00565
18.856,-304.1935
18.858,-304.68237
18.86,-305.3855
18.862,-306.67896
18.864,-308.69638
18.866,-310.73532
18.868,-313.0473
18.87,-315.3944
18.872,-317.70212
18.874,-319.59964
18.876,-322.053
18.878,-325.43054
18.88,-329.70975
18.882,-333.80487
18.884,-337.4355
18.886,-339.7489
18.888,-340.21643
18.89,-338.37708
18.892,-335.60153
18.894,-333.05865
18.896,-331.71103
18.898,-331.31967
18.9,-332.0197
18.902,-332.74866
18.904,-332.21133
18.906,-328.90662
18.908,-323.31848
18.91,-316.2761
18.912,-309.1967
18.914,-303.0423
18.916,-299.55176
18.918,-299.11096
18.92,-301.19162
18.922,-304.0741
18.924,-307.02136
18.926,-309.03394
18.928,-309.69702
18.93,-308.8027
18.932,-307.69852
18.934,-307.2986
18.936,-308.19608
18.938,-310.1181
18.94,-313.0244
18.942,-316.0164
18.944,-318.20242
18.946,-318.8128
18.948,-318.46582
18.95,-317.7185
18.952,-317.20178
18.954,-316.93222
18.956,-317.4547
18.958,-318.39307
18.96,-319.20306
18.962,-318.64374
18.964,-317.79456
18.966,-317.32428
18.968,-317.70212
18.97,-317.54324
18.972,-317.38922
18.974,-316.8141
18.976,-315.70084
18.978,-313.46512
18.98,-311.9611
18.982,-312.1625
18.984,-314.1999
18.986,-316.27432
18.988,-317.42236
18.99,-316.18048
18.992,-312.1986
18.994,-305.98645
18.996,-300.3402
18.998,-296.9839
19.0,-295.6881
19.002,-293.11548
19.004,-285.49844
19.006,-268.8235
19.008,-241.65373
19.01,-205.91115
19.012,-168.21597
19.014,-135.80862
19.016,-114.07257
19.018,-103.72588
19.02,-102.32468
19.022,-104.435196
19.024,-105.567154
19.026,-104.836685
19.028,-108.12426
19.03,-124.974335
19.032,-165.60535
19.034,-236.01581
19.036,-336.37396
19.038,-458.1508
19.04,-586.37305
19.042,-702.897
19.044,-792.67957
19.046,-845.64343
19.048,-859.0465
19.05,-836.6427
19.052,-788.3913
19.054,-725.75385
19.056,-659.4195
19.058,-596.7964
19.06,-542.9301
19.062,-498.98163
19.064,-463.79504
19.066,-434.69345
19.068,-410.32086
19.07,-389.483
19.072,-371.73648
19.074,-356.54926
19.076,-344.55118
19.078,-335.48224
19.08,-328.7091
19.082,-322.96625
19.084,-318.30338
19.086,-314.54007
19.088,-311.6983
19.09,-309.32544
19.092,-307.79572
19.094,-306.75635
19.096,-305.69446
19.098,-303.80988
19.1,-301.43887
19.102,-299.03
19.104,-297.18906
19.106,-295.9666
19.108,-295.78305
19.11,-296.37628
19.112,-297.18906
19.114,-297.19882
19.116,-296.46014
19.118,-295.01883
19.12,-293.18652
19.122,-290.73108
19.124,-288.95428
19.126,-287.9774
19.128,-287.683
19.13,-287.083
19.132,-287.25214
19.134,-287.79266
19.136,-288.18332
19.138,-287.3435
19.14,-286.14114
19.142,-284.55774
19.144,-282.67984
19.146,-280.20197
19.148,-278.24976
19.15,-277.07736
19.152,-276.67603
19.154,-276.31033
19.156,-276.26834
19.158,-276.16165
19.16,-275.67538
19.162,-274.25058
19.164,-272.66107
19.166,-271.22278
19.168,-270.17188
19.17,-269.12128
19.172,-268.5269
19.174,-268.1429
19.176,-267.6703
19.178,-266.47742
19.18,-265.18463
19.182,-264.01456
19.184,-263.16742
19.186,-262.26376
19.188,-261.74854
19.19,-261.34464
19.192,-260.66583
19.194,-258.96152
19.196,-256.73523
19.198,-254.19398
19.2,-251.6601
19.202,-249.0048
19.204,-247.0285
19.206,-245.80148
19.208,-245.15596
19.21,-244.3234
19.212,-243.54
19.214,-242.55272
19.216,-241.15341
19.218,-238.76686
19.22,-236.03311
19.222,-233.21295
19.224,-230.64673
19.226,-228.23637
19.228,-226.83679
19.23,-226.55421
19.232,-227.1445
19.234,-227.61273
19.236,-227.8774
19.238,-227.45508
19.24,-226.14386
19.242,-223.69496
19.244,-221.23915
19.246,-219.53346
19.248,-219.1394
19.25,-219.75291
19.252,-221.60208
19.254,-224.01839
19.256,-226.14386
19.258,-226.80861
19.26,-226.27629
19.262,-224.83061
19.264,-223.14195
19.266,-221.58432
19.268,-221.38168
19.27,-222.83232
19.272,-225.64354
19.274,-228.60437
19.276,-231.35532
19.278,-233.26164
19.28,-234.14896
19.282,-233.94672
19.284,-233.97113
19.286,-235.07039
19.288,-237.65118
19.29,-241.0008
19.292,-244.79738
19.294,-247.98311
19.296,-249.65883
19.298,-249.03117
19.3,-247.01045
19.302,-244.55237
19.304,-242.65437
19.306,-241.47714
19.308,-241.53688
19.31,-242.34888
19.312,-243.15468
19.314,-242.88652
19.316,-241.90717
19.318,-240.62027
19.32,-239.65245
19.322,-239.0679
19.324,-239.55188
19.326,-240.91818
19.328,-242.65437
19.33,-243.73633
19.332,-244.30974
19.334,-244.38289
19.336,-244.15532
19.338,-243.4086
19.34,-242.83916
19.342,-242.58076
19.344,-242.65437
19.346,-242.59578
19.348,-242.94862
19.35,-243.81146
19.352,-245.15596
19.354,-246.31358
19.356,-247.49644
19.358,-248.4798
19.36,-249.15851
19.362,-249.16565
19.364,-249.34601
19.366,-250.11362
19.368,-251.6601
19.37,-253.3452
19.372,-255.24184
19.374,-256.82596
19.376,-257.6639
19.378,-257.15543
19.38,-256.14816
19.382,-255.28032
19.384,-255.16232
19.386,-255.63797
19.388,-257.17728
19.39,-259.39346
19.392,-261.66647
19.394,-262.9297
19.396,-263.45215
19.398,-263.39584
19.4,-263.16742
19.402,-262.73706
19.404,-262.98892
19.406,-264.04474
19.408,-265.669
19.41,-266.89255
19.412,-267.7654
19.414,-268.0278
19.416,-267.6703
19.418,-266.45807
19.42,-265.40262
19.422,-265.03784
19.424,-265.669
19.426,-266.77313
19.428,-268.58795
19.43,-270.7016
19.432,-272.67346
19.434,-273.70398
19.436,-274.31085
19.438,-274.7212
19.44,-275.17505
19.442,-275.27554
19.444,-275.55154
19.446,-275.90546
19.448,-276.1757
19.45,-275.74103
19.452,-275.25894
19.454,-274.9987
19.456,-275.17505
19.458,-275.31302
19.46,-275.87662
19.462,-276.71744
19.464,-277.67664
19.466,-278.20187
19.468,-278.99283
19.47,-280.29492
19.472,-282.1795
19.474,-283.93854
19.476,-285.6644
19.478,-286.86508
19.48,-287.1827
19.482,-286.13672
19.484,-284.69177
19.486,-283.52542
19.488,-283.18015
19.49,-283.33112
19.492,-284.28986
19.494,-285.57797
19.496,-286.68237
19.498,-286.8449
19.5,-286.77652
19.502,-286.92715
19.504,-287.683
19.506,-288.6368
19.508,-290.11716
19.51,-291.74594
19.512,-293.18652
19.514,-293.89667
19.516,-294.799
19.518,-296.45364
19.52,-299.19034
19.522,-302.33618
19.524,-305.8021
19.526,-308.69174
19.528,-310.19733
19.53,-309.48526
19.532,-307.46115
19.534,-304.93713
19.536,-302.69257
19.538,-300.5645
19.54,-298.8963
19.542,-297.0327
19.544,-294.18716
19.546,-289.38586
19.548,-283.38297
19.55,-276.9734
19.552,-271.17252
19.554,-266.32175
19.556,-263.44565
19.558,-262.5293
19.56,-263.16742
19.562,-264.34164
19.564,-266.2594
19.566,-268.75137
19.568,-271.67282
19.57,-274.32587
19.572,-276.89603
19.574,-278.96643
19.576,-280.17825
19.578,-280.1343
19.58,-279.50455
19.582,-278.70627
19.584,-278.17697
19.586,-278.02118
19.588,-278.69775
19.59,-279.91852
19.592,-281.17886
19.594,-281.79462
19.596,-281.90112
19.598,-281.45975
19.6,-280.67856
19.602,-279.3312
19.604,-278.7126
19.606,-279.33514
19.608,-281.17886
19.61,-282.50925
19.612,-283.47815
19.614,-283.67197
19.616,-283.18015
19.618,-281.67288
19.62,-280.9523
19.622,-281.81693
19.624,-284.1808
19.626,-286.22156
19.628,-287.05182
19.63,-285.53488
19.632,-281.6792
19.634,-276.2795
19.636,-272.1425
19.638,-270.99622
19.64,-272.67346
19.642,-274.0323
19.644,-271.3212
19.646,-260.27725
19.648,-238.65182
19.65,-207.03433
19.652,-170.34973
19.654,-134.53694
19.656,-104.56652
19.658,-81.909836
19.66,-65.64637
19.662,-52.115574
19.664,-38.02419
19.666,-22.670914
19.668,-11.036776
19.67,-11.55589
19.672,-34.021645
19.674,-85.49241
19.676,-168.64502
19.678,-278.46277
19.68,-403.25653
19.682,-526.7484
19.684,-633.3891
19.686,-710.42267
19.688,-750.9777
19.69,-754.50507
19.692,-727.52875
19.694,-679.8677
19.696,-622.39594
19.698,-564.08746
19.7,-511.9804
19.702,-469.05817
19.704,-435.27692
19.706,-408.29263
19.708,-386.34937
19.71,-367.6449
19.712,-351.22342
19.714,-336.40085
19.716,-323.9098
19.718,-313.89642
19.72,-306.1948
19.722,-299.9256
19.724,-295.18994
19.726,-291.68076
19.728,-289.18396
19.73,-287.08017
19.732,-285.6562
19.734,-284.64044
19.736,-283.68048
19.738,-282.1316
19.74,-280.26807
19.742,-278.33914
19.744,-276.67603
19.746,-275.19208
19.748,-274.17706
19.75,-273.57162
19.752,-273.17377
19.754,-272.4263
19.756,-271.42188
19.758,-270.2671
19.76,-269.17123
19.762,-267.8104
19.764,-266.9907
19.766,-266.6742
19.768,-266.66965
19.77,-266.039
19.772,-265.69968
19.774,-265.3453
19.776,-264.66837
19.778,-262.93698
19.78,-261.26114
19.782,-259.81488
19.784,-258.66455
19.786,-257.2755
19.788,-256.2811
19.79,-255.49443
19.792,-254.662
19.794,-253.15004
19.796,-251.56831
19.798,-250.032
19.8,-248.65819
19.802,-247.10222
19.804,-245.95805
19.806,-245.18837
19.808,-244.65564
19.81,-243.78627
19.812,-243.02728
19.814,-242.34029
19.816,-241.65373
19.818,-240.45457
19.82,-239.21199
19.822,-237.92761
19.824,-236.65054
19.826,-235.10422
19.828,-234.01521
19.83,-233.54686
19.832,-233.64864
19.834,-233.6272
19.836,-233.59857
19.838,-233.18549
19.84,-232.14769
19.842,-230.09718
19.844,-227.87944
19.846,-225.9573
19.848,-224.64291
19.85,-223.53163
19.852,-222.86682
19.854,-222.21548
19.856,-221.14069
19.858,-219.0113
19.86,-216.50279
19.862,-214.05972
19.864,-212.13495
19.866,-210.56628
19.868,-209.8365
19.87,-209.66956
19.872,-209.63336
19.874,-208.95885
19.876,-208.07072
19.878,-207.18698
19.88,-206.63145
19.882,-206.26004
19.884,-206.6655
19.886,-207.73474
19.888,-209.13304
19.89,-210.05083
19.892,-210.6696
19.894,-210.8668
19.896,-210.634
19.898,-209.6495
19.9,-208.57314
19.902,-207.65463
19.904,-207.13177
19.906,-206.82526
19.908,-207.38625
19.91,-208.88177
19.912,-211.13431
19.914,-213.34436
19.916,-215.49266
19.918,-217.16966
19.92,-218.13878
19.922,-218.03972
19.924,-217.69003
19.926,-217.59473
19.928,-218.13878
19.93,-219.02347
19.932,-220.52176
19.934,-222.2312
19.936,-223.64227
19.938,-223.95142
19.94,-223.52745
19.942,-222.6198
19.944,-221.641
19.946,-220.59534
19.948,-220.19577
19.95,-220.47005
19.952,-221.14069
19.954,-221.3474
19.956,-221.1438
19.958,-220.37576
19.96,-219.1394
19.962,-217.34877
19.964,-215.92096
19.966,-215.29634
19.968,-215.63718
19.97,-216.3397
19.972,-217.41475
19.974,-218.33957
19.976,-218.63908
19.978,-217.64992
19.98,-215.97348
19.982,-214.10178
19.984,-212.63527
19.986,-211.6499
19.988,-211.88434
19.99,-213.32936
19.992,-215.63718
19.994,-217.83078
19.996,-219.8782
19.998,-221.5035
20.0,-222.64163
20.002,-222.97438
20.004,-223.24876
20.006,-223.76176
20.008,-224.64291
20.01,-225.36952
20.012,-226.2344
20.014,-227.0489
20.016,-227.64482
20.018,-227.5066
20.02,-227.26042
20.022,-227.21057
20.024,-227.64482
20.026,-228.27443
20.028,-229.60326
20.03,-231.49971
20.032,-233.64864
20.034,-235.21027
20.036,-236.40173
20.038,-237.17715
20.04,-237.65118
20.042,-237.59468
20.044,-237.81667
20.046,-238.62868
20.048,-240.15277
20.05,-241.827
20.052,-243.90276
20.054,-246.11159
20.056,-248.15787
20.058,-249.34618
20.06,-250.12268
20.062,-250.6509
20.064,-251.15977
20.066,-251.40099
20.068,-252.03061
20.07,-253.14563
20.072,-254.662
20.074,-255.88635
20.076,-257.09763
20.078,-258.19852
20.08,-259.16486
20.082,-259.5714
20.084,-260.08136
20.086,-260.91174
20.088,-262.16678
20.09,-263.2963
20.092,-264.65442
20.094,-266.03812
20.096,-267.16995
20.098,-267.29034
20.1,-266.84348
20.102,-266.0197
20.104,-265.1687
20.106,-264.2112
20.108,-264.0938
20.11,-265.1025
20.112,-267.16995
20.114,-269.37585
20.116,-271.6616
20.118,-273.5269
20.12,-274.67474
20.122,-274.63782
20.124,-274.30487
20.126,-274.20227
20.128,-274.67474
20.13,-275.24753
20.132,-276.12296
20.134,-276.8809
20.136,-277.17633
20.138,-276.5013
20.14,-275.73413
20.142,-275.47266
20.144,-276.1757
20.146,-277.4377
20.148,-279.4728
20.15,-281.73795
20.152,-283.68048
20.154,-284.54092
20.156,-285.05847
20.158,-285.77338
20.16,-287.1827
20.162,-288.95602
20.164,-291.44214
20.166,-294.19022
20.168,-296.68875
20.17,-298.14767
20.172,-299.22568
20.174,-300.30734
20.176,-301.69193
20.178,-302.8468
20.18,-303.97656
20.182,-304.57187
20.184,-304.1935
20.186,-302.25815
20.188,-299.73785
20.19,-297.35587
20.192,-295.6881
20.194,-294.336
20.196,-293.42072
20.198,-292.1505
20.2,-289.6843
20.202,-285.0637
20.204,-279.11395
20.206,-272.75626
20.208,-267.16995
20.21,-262.8624
20.212,-260.9585
20.214,-261.42468
20.216,-263.66772
20.218,-266.33762
20.22,-269.27493
20.222,-272.08768
20.224,-274.67474
20.226,-276.6798
20.228,-278.81552
20.23,-281.18182
20.232,-283.68048
20.234,-285.7547
20.236,-287.54877
20.238,-288.75757
20.24,-289.18396
20.242,-288.6673
20.244,-287.8161
20.246,-286.90387
20.248,-286.18207
20.25,-285.6304
20.252,-285.74222
20.254,-286.36972
20.256,-287.1827
20.258,-287.13522
20.26,-286.8441
20.262,-286.4776
20.264,-286.18207
20.266,-284.78906
20.268,-283.34644
20.27,-282.1867
20.272,-281.6792
20.274,-281.1106
20.276,-281.60416
20.278,-283.2569
20.28,-285.68173
20.282,-287.30112
20.284,-287.9481
20.286,-287.17902
20.288,-285.18143
20.29,-282.16064
20.292,-279.81378
20.294,-278.8153
20.296,-278.67728
20.298,-277.02142
20.3,-271.72684
20.302,-260.24304
20.304,-241.15341
20.306,-214.35973
20.308,-182.65727
20.31,-149.2579
20.312,-117.07448
20.314,-87.27576
20.316,-60.727055
20.318,-37.06106
20.32,-16.510504
20.322,-0.7452213
20.324,4.9220614
20.326,-6.2176037
20.328,-41.0261
20.33,-103.67876
20.332,-195.10573
20.334,-310.14124
20.336,-438.2788
20.338,-564.95557
20.34,-675.9605
20.342,-758.86426
20.344,-806.01276
20.346,-815.3504
20.348,-791.80237
20.35,-744.10596
20.352,-682.93445
20.354,-617.9624
20.356,-557.5289
20.358,-506.08783
20.36,-464.7957
20.362,-431.9482
20.364,-405.80902
20.366,-384.11096
20.368,-365.23236
20.37,-347.92227
20.372,-332.6626
20.374,-319.69775
20.376,-309.1967
20.378,-300.63037
20.38,-294.30133
20.382,-289.82416
20.384,-286.68237
20.386,-283.87454
20.388,-281.43982
20.39,-279.08572
20.392,-276.67603
20.394,-273.90128
20.396,-271.38348
20.398,-269.5434
20.4,-268.67093
20.402,-268.46115
20.404,-268.87723
20.406,-269.57944
20.408,-270.17188
20.41,-269.99493
20.412,-269.14648
20.414,-267.77817
20.416,-266.1693
20.418,-264.05765
20.42,-262.39838
20.422,-261.27823
20.424,-260.66583
20.426,-259.77307
20.428,-259.7543
20.43,-260.357
20.432,-261.16614
20.434,-261.14444
20.436,-261.10556
20.438,-260.83917
20.44,-260.1655
20.442,-258.53522
20.444,-256.9093
20.446,-255.55386
20.448,-254.662
20.45,-253.85378
20.452,-253.73712
20.454,-254.123
20.456,-254.662
20.458,-254.55614
20.46,-254.1268
20.462,-253.30827
20.464,-252.16042
20.466,-250.44426
20.468,-248.93094
20.47,-247.82336
20.472,-247.15723
20.474,-246.40727
20.476,-245.88634
20.478,-245.37354
20.48,-244.65564
20.482,-243.222
20.484,-241.62874
20.486,-240.05003
20.488,-238.65182
20.49,-237.13835
20.492,-236.04048
20.494,-235.27965
20.496,-234.64928
20.498,-233.5068
20.5,-232.20804
20.502,-230.73509
20.504,-229.14577
20.506,-227.15948
20.508,-225.43475
20.51,-224.09935
20.512,-223.14195
20.514,-222.01953
20.516,-221.07462
20.518,-220.16173
20.52,-219.1394
20.522,-217.50908
20.524,-215.8059
20.526,-214.1476
20.528,-212.63527
20.53,-210.9192
20.532,-209.53574
20.534,-208.4775
20.536,-207.63208
20.538,-206.4283
20.54,-205.26045
20.542,-204.13582
20.544,-203.12923
20.546,-201.96059
20.548,-201.29298
20.55,-201.22127
20.552,-201.62827
20.554,-201.79802
20.556,-201.88164
20.558,-201.6643
20.56,-201.12794
20.562,-200.0928
20.564,-199.4997
20.566,-199.79674
20.568,-201.12794
20.57,-202.80556
20.572,-204.74855
20.574,-206.33679
20.576,-207.13177
20.578,-206.69582
20.58,-205.9845
20.582,-205.75616
20.584,-206.63145
20.586,-208.37411
20.588,-211.158
20.59,-214.33263
20.592,-217.13814
20.594,-218.61295
20.596,-219.17557
20.598,-219.19383
20.6,-219.1394
20.602,-218.88094
20.604,-218.92844
20.606,-219.10532
20.608,-219.1394
20.61,-218.45467
20.612,-217.70103
20.614,-217.3066
20.616,-217.63846
20.618,-218.33092
20.62,-219.60979
20.622,-221.03738
20.624,-222.14131
20.626,-222.22409
20.628,-221.91383
20.63,-221.71634
20.632,-222.14131
20.634,-222.981
20.636,-224.6048
20.638,-226.6569
20.64,-228.64546
20.642,-229.73215
20.644,-230.32747
20.646,-230.69284
20.648,-231.14705
20.65,-231.40729
20.652,-231.96375
20.654,-232.74565
20.656,-233.64864
20.658,-234.20076
20.66,-235.10234
20.662,-236.69516
20.664,-239.15215
20.666,-241.83388
20.668,-244.80203
20.67,-247.55164
20.672,-249.65883
20.674,-250.50377
20.676,-250.8921
20.678,-251.43198
20.68,-252.66074
20.682,-254.27759
20.684,-256.61896
20.686,-259.25864
20.688,-261.66647
20.69,-262.97083
20.692,-263.7106
20.694,-264.2868
20.696,-265.1687
20.698,-266.13184
20.7,-267.71085
20.702,-269.6913
20.704,-271.67282
20.706,-272.76093
20.708,-273.3721
20.71,-273.7285
20.712,-274.1744
20.714,-274.47928
20.716,-275.34482
20.718,-276.80188
20.72,-278.67728
20.722,-280.16812
20.724,-281.64487
20.726,-283.124
20.728,-284.6811
20.73,-285.83142
20.732,-287.19373
20.734,-288.83
20.736,-290.68494
20.738,-292.0554
20.74,-293.41193
20.742,-294.78
20.744,-296.18842
20.746,-297.08768
20.748,-298.08636
20.75,-299.27945
20.752,-300.69128
20.754,-301.71393
20.756,-302.88892
20.758,-304.23038
20.76,-305.69446
20.762,-306.65366
20.764,-307.61795
20.766,-308.6202
20.768,-309.69702
20.77,-310.35657
20.772,-311.27118
20.774,-312.55798
20.776,-314.1999
20.778,-315.48938
20.78,-316.82092
20.782,-318.07898
20.784,-319.20306
20.786,-319.68243
20.788,-320.2909
20.79,-321.26923
20.792,-322.7053
20.794,-323.93967
20.796,-325.3941
20.798,-326.97668
20.8,-328.7091
20.802,-330.22064
20.804,-332.44336
20.806,-335.64688
20.808,-339.71613
20.81,-343.5102
20.812,-346.80478
20.814,-348.84503
20.816,-349.22217
20.818,-347.5428
20.82,-345.18716
20.822,-343.1776
20.824,-342.2177
20.826,-341.7656
20.828,-341.79498
20.83,-341.27615
20.832,-339.2158
20.834,-334.60614
20.836,-328.5018
20.838,-322.0746
20.84,-316.70148
20.842,-312.8788
20.844,-311.65265
20.846,-312.72104
20.848,-315.20053
20.85,-317.5013
20.852,-319.4872
20.854,-320.8692
20.856,-321.70465
20.858,-321.7513
20.86,-321.8177
20.862,-321.99387
20.864,-322.205
20.866,-322.0584
20.868,-321.99896
20.87,-322.0353
20.872,-322.205
20.874,-322.32977
20.876,-322.89728
20.878,-323.77805
20.88,-324.70657
20.882,-324.99783
20.884,-325.08487
20.886,-324.96588
20.888,-324.70657
20.89,-323.40668
20.892,-322.4177
20.894,-322.28763
20.896,-323.2056
20.898,-323.52036
20.9,-323.72858
20.902,-323.47263
20.904,-322.7053
20.906,-320.80057
20.908,-319.3971
20.91,-319.19897
20.912,-320.2037
20.914,-320.7564
20.916,-320.32083
20.918,-317.95773
20.92,-313.69955
20.922,-308.0825
20.924,-303.561
20.926,-301.22864
20.928,-300.19098
20.93,-296.65057
20.932,-286.77014
20.934,-266.78174
20.936,-235.64992
20.938,-195.58879
20.94,-153.22012
20.942,-115.41473
20.944,-87.05538
20.946,-68.685486
20.948,-58.568592
20.95,-53.17551
20.952,-51.032463
20.954,-54.678776
20.956,-72.615974
20.958,-114.86952
20.96,-189.12032
20.962,-295.8796
20.964,-428.07983
20.966,-570.2443
20.968,-702.9472
20.97,-807.58673
20.972,-872.81635
20.974,-895.13525
20.976,-879.0592
20.978,-834.0181
20.98,-772.6236
20.982,-705.7777
20.984,-641.408
20.986,-583.5409
20.988,-534.60565
20.99,-494.5629
20.992,-462.2941
20.994,-435.68713
20.996,-413.75125
20.998,-395.1062
21.0,-378.74094
21.002,-363.6352
21.004,-350.4133
21.006,-339.37073
21.008,-330.7104
21.01,-323.83148
21.012,-318.93546
21.014,-315.44025
21.016,-312.6989
21.018,-309.743
21.02,-306.86874
21.022,-304.1375
21.024,-301.69193
21.026,-299.28326
21.028,-297.33926
21.03,-295.9784
21.032,-295.18777
21.034,-294.44226
21.036,-293.77405
21.038,-293.04376
21.04,-292.18588
21.042,-290.80698
21.044,-289.52014
21.046,-288.5924
21.048,-288.18332
21.05,-287.5293
21.052,-287.46646
21.054,-287.51407
21.056,-287.1827
21.058,-285.46835
21.06,-283.85788
21.062,-282.56403
21.064,-281.6792
21.066,-280.52844
21.068,-280.02335
21.07,-279.8746
21.072,-279.67792
21.074,-278.59122
21.076,-277.37207
21.078,-276.1763
21.08,-275.17505
21.082,-273.9793
21.084,-273.27396
21.086,-272.92807
21.088,-272.67346
21.09,-271.7897
21.092,-270.78506
21.094,-269.71472
21.096,-268.67093
21.098,-267.28094
21.1,-266.17612
21.102,-265.3427
21.104,-264.66837
21.106,-263.58725
21.108,-262.6223
21.11,-261.80945
21.112,-261.16614
21.114,-260.2394
21.116,-259.55704
21.118,-259.06903
21.12,-258.66455
21.122,-257.79953
21.124,-256.9947
21.126,-256.28198
21.128,-255.66264
21.13,-254.66383
21.132,-253.79253
21.134,-252.99522
21.136,-252.16042
21.138,-250.73166
21.14,-249.22597
21.142,-247.6879
21.144,-246.1566
21.146,-244.21909
21.148,-242.47131
21.15,-240.95992
21.152,-239.65245
21.154,-238.02368
21.156,-236.57037
21.158,-235.28761
21.16,-234.14896
21.162,-232.67676
21.164,-231.42345
21.166,-230.42346
21.168,-229.64609
21.17,-228.5626
21.172,-227.646
21.174,-226.86034
21.176,-226.14386
21.178,-224.99353
21.18,-223.96939
21.182,-223.16449
21.184,-222.64163
21.186,-221.96805
21.188,-221.68552
21.19,-221.77989
21.192,-222.14131
21.194,-222.15286
21.196,-222.23897
21.198,-222.39172
21.2,-222.64163
21.202,-222.59988
21.204,-222.93071
21.206,-223.77484
21.208,-225.14323
21.21,-226.43619
21.212,-227.99576
21.214,-229.63348
21.216,-231.14705
21.218,-231.91238
21.22,-232.47595
21.222,-232.99934
21.224,-233.64864
21.226,-234.04921
21.228,-234.7894
21.23,-235.86815
21.232,-237.15086
21.234,-237.94917
21.236,-238.63564
21.238,-239.19078
21.24,-239.65245
21.242,-239.62187
21.244,-239.76518
21.246,-240.25687
21.248,-241.15341
21.25,-241.89555
21.252,-242.87634
21.254,-244.00024
21.256,-245.15596
21.258,-245.77284
21.26,-246.39204
21.262,-247.15282
21.264,-248.15787
21.266,-248.93797
21.268,-249.97859
21.27,-251.25092
21.272,-252.66074
21.274,-253.61372
21.276,-254.60379
21.278,-255.74652
21.28,-257.1636
21.282,-258.4503
21.284,-260.1902
21.286,-262.4469
21.288,-265.1687
21.29,-267.70758
21.292,-270.40686
21.294,-273.126
21.296,-275.67538
21.298,-277.3422
21.3,-278.53094
21.302,-279.27405
21.304,-279.67792
21.306,-279.4009
21.308,-279.2287
21.31,-279.44403
21.312,-280.17825
21.314,-280.85455
21.316,-281.8536
21.318,-283.01733
21.32,-284.1808
21.322,-284.72708
21.324,-285.27255
21.326,-286.03488
21.328,-287.1827
21.33,-288.221
21.332,-289.60925
21.334,-291.18594
21.336,-292.6862
21.338,-293.31784
21.34,-293.52643
21.342,-293.41968
21.344,-293.18652
21.346,-292.4935
21.348,-292.09897
21.35,-292.16425
21.352,-292.6862
21.354,-292.98254
21.356,-293.46765
21.358,-294.05988
21.36,-294.68747
21.362,-294.7662
21.364,-294.93732
21.366,-295.36932
21.368,-296.18842
21.37,-296.87576
21.372,-298.04642
21.374,-299.6969
21.376,-301.69193
21.378,-303.22366
21.38,-304.69855
21.382,-306.0317
21.384,-307.19543
21.386,-307.6679
21.388,-308.21188
21.39,-309.03177
21.392,-310.19733
21.394,-311.05884
21.396,-312.03735
21.398,-312.9681
21.4,-313.69955
21.402,-313.64752
21.404,-313.50467
21.406,-313.479
21.408,-313.69955
21.41,-313.62793
21.412,-313.80453
21.414,-314.17963
21.416,-314.7002
21.418,-314.83032
21.42,-315.29846
21.422,-316.25873
21.424,-317.70212
21.426,-318.8751
21.428,-320.08517
21.43,-321.07663
21.432,-321.70465
21.434,-321.51993
21.436,-321.52316
21.438,-322.2786
21.44,-324.20624
21.442,-326.84286
21.444,-330.50348
21.446,-334.57248
21.448,-338.21515
21.45,-340.1235
21.452,-340.5274
21.454,-339.55847
21.456,-337.71484
21.458,-335.1171
21.46,-332.98895
21.462,-331.60895
21.464,-330.7104
21.466,-329.03592
21.468,-326.4068
21.47,-322.3011
21.472,-316.70148
21.474,-309.6755
21.476,-303.01736
21.478,-298.04855
21.48,-295.6881
21.482,-295.5798
21.484,-297.79227
21.486,-301.2472
21.488,-304.69385
21.49,-306.66782
21.492,-307.43787
21.494,-307.26566
21.496,-306.6951
21.498,-305.85776
21.5,-305.52423
21.502,-305.5802
21.504,-305.69446
21.506,-305.36252
21.508,-305.00394
21.51,-304.7343
21.512,-304.69385
21.514,-304.65732
21.516,-305.01093
21.518,-305.4689
21.52,-305.69446
21.522,-304.87424
21.524,-303.9586
21.526,-303.45096
21.528,-303.6932
21.53,-303.44473
21.532,-303.526
21.534,-303.81644
21.536,-304.1935
21.538,-303.48303
21.54,-302.8377
21.542,-302.66217
21.544,-303.19287
21.546,-303.5265
21.548,-304.14304
21.55,-304.6658
21.552,-304.69385
21.554,-303.29434
21.556,-301.1814
21.558,-298.5952
21.56,-295.6881
21.562,-291.70377
21.564,-286.5949
21.566,-279.14212
21.568,-267.6703
21.57,-249.98982
21.572,-225.83882
21.574,-195.70168
21.576,-161.6028
21.578,-126.2985
21.58,-94.24613
21.582,-68.804855
21.584,-52.0331
21.586,-44.148315
21.588,-46.05958
21.59,-58.81442
21.592,-85.05411
21.594,-128.42026
21.596,-193.83751
21.598,-283.35583
21.6,-394.2508
21.602,-517.2989
21.604,-639.3075
21.606,-744.27594
21.608,-818.0204
21.61,-851.52155
21.612,-844.775
21.614,-804.77106
21.616,-743.47296
21.618,-673.59827
21.62,-606.7807
21.622,-549.7077
21.624,-504.32083
21.626,-468.53818
21.628,-439.8483
21.63,-415.3473
21.632,-393.25018
21.634,-372.5391
21.636,-354.1842
21.638,-338.80142
21.64,-326.70782
21.642,-317.28647
21.644,-310.69058
21.646,-306.36166
21.648,-303.6932
21.65,-301.66397
21.652,-300.41888
21.654,-299.6829
21.656,-299.19034
21.658,-298.2641
21.66,-297.09955
21.662,-295.59244
21.664,-293.68683
21.666,-291.07376
21.668,-288.2418
21.67,-285.63452
21.672,-283.68048
21.674,-282.24826
21.676,-281.60663
21.678,-281.54077
21.68,-281.6792
21.682,-281.11987
21.684,-280.34637
21.686,-279.33783
21.688,-278.17697
21.69,-276.2362
21.692,-274.84747
21.694,-273.89725
21.696,-273.17377
21.698,-271.9117
21.7,-271.40454
21.702,-271.72403
21.704,-272.67346
21.706,-273.25278
21.708,-273.76605
21.71,-273.6885
21.712,-272.67346
21.714,-270.26398
21.716,-267.63113
21.718,-265.4386
21.72,-264.16806
21.722,-263.45267
21.724,-263.59982
21.726,-264.04523
21.728,-264.16806
21.73,-263.1451
21.732,-261.6113
21.734,-259.97128
21.736,-258.66455
21.738,-257.47916
21.74,-256.91693
21.742,-256.63977
21.744,-256.16296
21.746,-254.67279
21.748,-252.70946
21.75,-250.5737
21.752,-248.65819
21.754,-246.80626
21.756,-245.65303
21.758,-245.05037
21.76,-244.65564
21.762,-243.67651
21.764,-242.52394
21.766,-241.29063
21.768,-240.15277
21.77,-238.80481
21.772,-237.88312
21.774,-237.37735
21.776,-237.15086
21.778,-236.58055
21.78,-236.1365
21.782,-235.83304
21.784,-235.64992
21.786,-235.03918
21.788,-234.45297
21.79,-233.83333
21.792,-233.14832
21.794,-231.98372
21.796,-231.06374
21.798,-230.59926
21.8,-230.64673
21.802,-230.59833
21.804,-230.73451
21.806,-230.80743
21.808,-230.64673
21.81,-229.81265
21.812,-229.11908
21.814,-228.97314
21.816,-229.64609
21.818,-230.66907
21.82,-232.30582
21.822,-234.1269
21.824,-235.64992
21.826,-236.09012
21.828,-235.99313
21.83,-235.69995
21.832,-235.64992
21.834,-235.73784
21.836,-236.66699
21.838,-238.40036
21.84,-240.65309
21.842,-242.5612
21.844,-244.3433
21.846,-245.88083
21.848,-247.15723
21.85,-247.74426
21.852,-248.27112
21.854,-248.88383
21.856,-249.65883
21.858,-250.13629
21.86,-250.86409
21.862,-251.88913
21.864,-253.16106
21.866,-254.04439
21.868,-254.89911
21.87,-255.6281
21.872,-256.16296
21.874,-256.01428
21.876,-255.8331
21.878,-255.83919
21.88,-256.16296
21.882,-256.29572
21.884,-256.66052
21.886,-257.15695
21.888,-257.6639
21.89,-257.61148
21.892,-257.5782
21.894,-257.73007
21.896,-258.16425
21.898,-258.34802
21.9,-258.70905
21.902,-259.1712
21.904,-259.6652
21.906,-259.68744
21.908,-259.94
21.91,-260.70563
21.912,-262.16678
21.914,-263.78906
21.916,-265.93152
21.918,-268.33472
21.92,-270.67218
21.922,-272.15662
21.924,-273.2779
21.926,-274.21048
21.928,-275.17505
21.93,-275.80414
21.932,-276.7544
21.934,-278.0706
21.936,-279.67792
21.938,-280.91968
21.94,-282.3042
21.942,-283.8848
21.944,-285.68173
21.946,-287.10486
21.948,-288.63678
21.95,-290.2044
21.952,-291.68555
21.954,-292.42944
21.956,-293.00714
21.958,-293.55237
21.96,-294.18716
21.962,-294.43613
21.964,-294.918
21.966,-295.6804
21.968,-296.68875
21.97,-297.32343
21.972,-298.14957
21.974,-299.25348
21.976,-300.69128
21.978,-301.90585
21.98,-303.44598
21.982,-305.2638
21.984,-307.19543
21.986,-308.45312
21.988,-309.45206
21.99,-310.17862
21.992,-310.69766
21.994,-310.58902
21.996,-310.6634
21.998,-311.1714
22.0,-312.1986
22.002,-313.06778
22.004,-314.16284
22.006,-315.27548
22.008,-316.20114
22.01,-316.26276
22.012,-316.13684
22.014,-316.054
22.016,-316.20114
22.018,-316.0702
22.02,-316.24857
22.022,-316.67206
22.024,-317.20178
22.026,-317.1364
22.028,-317.10495
22.03,-317.25458
22.032,-317.70212
22.034,-317.88443
22.036,-318.4086
22.038,-319.225
22.04,-320.2037
22.042,-320.6146
22.044,-321.08606
22.046,-321.74637
22.048,-322.7053
22.05,-323.3985
22.052,-324.44815
22.054,-325.78384
22.056,-327.20816
22.058,-327.8841
22.06,-328.319
22.062,-328.55447
22.064,-328.7091
22.066,-328.3629
22.068,-328.35043
22.07,-328.81723
22.072,-329.70975
22.074,-330.24597
22.076,-330.78827
22.078,-331.1439
22.08,-331.2107
22.082,-330.49246
22.084,-329.88324
22.086,-329.72653
22.088,-330.21005
22.09,-330.71512
22.092,-331.66183
22.094,-332.7584
22.096,-333.71228
22.098,-333.8215
22.1,-333.88095
22.102,-334.24463
22.104,-335.21326
22.106,-336.3195
22.108,-338.11993
22.11,-340.37164
22.112,-342.71802
22.114,-344.2764
22.116,-345.59094
22.118,-346.72687
22.12,-347.7212
22.122,-347.92764
22.124,-347.88193
22.126,-347.49362
22.128,-346.72058
22.13,-345.07776
22.132,-343.4848
22.134,-342.2062
22.136,-341.21707
22.138,-339.5414
22.14,-337.22812
22.142,-333.71103
22.144,-328.7091
22.146,-321.90057
22.148,-314.8335
22.15,-308.74323
22.152,-304.69385
22.154,-302.62134
22.156,-303.04044
22.158,-305.24112
22.16,-308.19608
22.162,-310.4238
22.164,-312.10938
22.166,-313.2785
22.168,-314.1999
22.17,-314.63458
22.172,-315.34744
22.174,-316.27686
22.176,-317.20178
22.178,-317.57602
22.18,-317.9005
22.182,-318.2468
22.184,-318.70276
22.186,-319.08484
22.188,-319.79828
22.19,-320.60352
22.192,-321.20435
22.194,-321.17764
22.196,-321.07074
22.198,-321.034
22.2,-321.20435
22.202,-320.9095
22.204,-321.0565
22.206,-321.722
22.208,-322.7053
22.21,-322.34485
22.212,-321.43063
22.214,-320.20306
22.216,-319.20306
22.218,-318.01315
22.22,-318.17206
22.222,-319.92
22.224,-322.7053
22.226,-324.472
22.228,-324.60062
22.23,-322.28314
22.232,-317.70212
22.234,-311.43967
22.236,-305.98602
22.238,-302.7565
22.24,-301.69193
22.242,-300.28778
22.244,-295.9279
22.246,-285.25467
22.248,-266.1693
22.25,-238.29245
22.252,-204.78072
22.254,-169.51189
22.256,-136.08658
22.258,-106.00502
22.26,-80.070045
22.262,-57.38426
22.264,-37.523872
22.266,-21.683073
22.268,-15.241635
22.27,-25.356691
22.272,-59.537876
22.274,-122.446396
22.276,-215.21613
22.278,-332.3752
22.28,-462.7944
22.282,-591.2079
22.284,-702.9903
22.286,-785.584
22.288,-831.529
22.29,-839.1257
22.292,-813.7912
22.294,-764.60693
22.296,-702.44684
22.298,-637.0216
22.3,-576.6948
22.302,-525.80237
22.304,-485.30875
22.306,-453.2424
22.308,-427.66037
22.31,-406.0744
22.312,-386.74603
22.314,-368.43634
22.316,-351.84775
22.318,-337.47095
22.32,-325.7072
22.322,-316.16324
22.324,-309.2155
22.326,-304.42645
22.328,-301.19162
22.33,-298.43387
22.332,-296.23245
22.334,-294.34573
22.336,-292.6862
22.338,-290.9211
22.34,-289.57758
22.342,-288.83795
22.344,-288.68365
22.346,-288.5163
22.348,-288.15137
22.35,-287.26263
22.352,-285.68173
22.354,-283.14752
22.356,-280.26398
22.358,-277.60272
22.36,-275.67538
22.362,-274.18048
22.364,-273.80963
22.366,-274.1636
22.368,-274.67474
22.37,-274.11905
22.372,-273.47244
22.374,-272.5343
22.376,-271.17252
22.378,-268.77637
22.38,-266.60315
22.382,-264.7508
22.384,-263.16742
22.386,-261.25076
22.388,-259.78796
22.39,-258.77875
22.392,-258.16425
22.394,-257.3996
22.396,-257.06943
22.398,-257.0548
22.4,-257.1636
22.402,-256.78995
22.404,-256.3922
22.406,-255.88902
22.408,-255.16232
22.41,-253.67944
22.412,-251.9182
22.414,-249.88872
22.416,-247.65755
22.418,-244.9872
22.42,-242.64528
22.422,-240.84865
22.424,-239.65245
22.426,-238.53583
22.428,-237.82057
22.43,-237.2686
22.432,-236.65054
22.434,-235.42917
22.436,-234.14726
22.438,-232.88596
22.44,-231.64737
22.442,-229.91719
22.444,-228.03856
22.446,-225.82906
22.448,-223.14195
22.45,-219.57985
22.452,-215.92186
22.454,-212.62155
22.456,-210.13368
22.458,-208.34949
22.46,-207.83932
22.462,-208.31517
22.464,-209.13304
22.466,-209.08011
22.468,-208.04085
22.47,-205.80295
22.472,-202.6289
22.474,-198.79405
22.476,-195.69997
22.478,-194.08179
22.48,-194.12349
22.482,-194.94193
22.484,-196.1374
22.486,-196.74687
22.488,-196.12477
22.49,-193.84566
22.492,-191.11618
22.494,-189.04922
22.496,-188.62
22.498,-189.8202
22.5,-192.85294
22.502,-196.83931
22.504,-200.62762
22.506,-202.85106
22.508,-203.65044
22.51,-203.34325
22.512,-202.6289
22.514,-201.81691
22.516,-201.887
22.518,-202.93288
22.52,-204.63017
22.522,-206.042
22.524,-207.26965
22.526,-208.24117
22.528,-209.13304
22.53,-209.82362
22.532,-211.09679
22.534,-213.09485
22.536,-215.63718
22.538,-217.8462
22.54,-219.68991
22.542,-220.82826
22.544,-221.14069
22.546,-220.34184
22.548,-219.31937
22.55,-218.62022
22.552,-218.63908
22.554,-219.044
22.556,-220.1397
22.558,-221.62688
22.56,-223.14195
22.562,-223.99133
22.564,-224.61533
22.566,-225.24759
22.568,-226.14386
22.57,-226.99088
22.572,-228.21477
22.574,-229.6772
22.576,-231.14705
22.578,-231.98529
22.58,-232.63751
22.582,-233.29524
22.584,-234.14896
22.586,-234.80817
22.588,-235.68855
22.59,-236.68396
22.592,-237.65118
22.594,-238.06035
22.596,-238.51216
22.598,-239.29874
22.6,-240.65309
22.602,-242.14441
22.604,-244.12854
22.606,-246.39078
22.608,-248.65819
22.61,-250.2514
22.612,-251.65833
22.614,-253.07076
22.616,-254.662
22.618,-255.9779
22.62,-257.43573
22.622,-258.8957
22.624,-260.1655
22.626,-260.61176
22.628,-260.78537
22.63,-260.90277
22.632,-261.16614
22.634,-261.16797
22.636,-261.43347
22.638,-261.953
22.64,-262.66708
22.642,-263.0388
22.644,-263.68906
22.646,-264.84656
22.648,-266.66965
22.65,-268.63528
22.652,-271.0887
22.654,-273.73868
22.656,-276.1757
22.658,-277.49814
22.66,-278.10217
22.662,-278.19183
22.664,-278.17697
22.666,-278.01672
22.668,-278.69397
22.67,-280.4614
22.672,-283.18015
22.674,-285.81674
22.676,-288.30722
22.678,-290.17627
22.68,-291.18524
22.682,-290.88535
22.684,-290.29013
22.686,-290.0563
22.688,-290.68494
22.69,-291.75427
22.692,-293.6535
22.694,-295.9766
22.696,-298.1897
22.698,-299.2937
22.7,-299.77264
22.702,-299.91904
22.704,-300.19098
22.706,-300.44662
22.708,-301.52548
22.71,-303.4068
22.712,-305.69446
22.714,-307.23138
22.716,-308.05557
22.718,-307.97864
22.72,-307.19543
22.722,-305.7245
22.724,-304.8843
22.726,-305.32077
22.728,-307.19543
22.73,-309.55734
22.732,-312.21722
22.734,-314.4186
22.736,-315.70084
22.738,-315.5872
22.74,-315.28757
22.742,-315.6471
22.744,-317.20178
22.746,-319.3329
22.748,-322.03665
22.75,-324.52524
22.752,-326.20752
22.754,-326.52206
22.756,-326.74423
22.758,-327.89984
22.76,-330.7104
22.762,-334.5857
22.764,-339.30618
22.766,-343.58975
22.768,-346.22025
22.77,-346.08676
22.772,-344.19974
22.774,-341.68655
22.776,-339.71613
22.778,-338.3341
22.78,-337.93887
22.782,-337.6234
22.784,-336.2139
22.786,-332.34708
22.788,-326.7068
22.79,-320.22034
22.792,-314.1999
22.794,-309.2325
22.796,-306.55902
22.798,-306.10358
22.8,-307.19543
22.802,-308.41592
22.804,-309.7563
22.806,-310.9981
22.808,-312.1986
22.81,-313.0041
22.812,-314.10437
22.814,-315.42532
22.816,-316.70148
22.818,-317.28217
22.82,-317.48892
22.822,-317.26935
22.824,-316.70148
22.826,-315.76016
22.828,-315.09695
22.83,-314.7748
22.832,-314.7002
22.834,-314.47424
22.836,-314.41354
22.838,-314.36047
22.84,-314.1999
22.842,-313.20792
22.844,-312.46393
22.846,-312.40842
22.848,-313.19925
22.85,-313.343
22.852,-313.51068
22.854,-313.58942
22.856,-313.69955
22.858,-313.13513
22.86,-313.40808
22.862,-314.9927
22.864,-317.70212
22.866,-319.78876
22.868,-320.77554
22.87,-319.76498
22.872,-316.70148
22.874,-311.89236
22.876,-307.64575
22.878,-305.27695
22.88,-304.69385
22.882,-303.37717
22.884,-298.73083
22.886,-287.4714
22.888,-267.6703
22.89,-239.19528
22.892,-205.45982
22.894,-170.44739
22.896,-137.58752
22.898,-107.91785
22.9,-81.66199
22.902,-57.499996
22.904,-35.02228
22.906,-15.992786
22.908,-6.7767572
22.91,-15.571564
22.912,-50.532146
22.914,-116.25514
22.916,-213.04988
22.918,-334.17984
22.92,-467.29727
22.922,-596.44037
22.924,-707.061
22.926,-787.3777
22.928,-831.0287
22.93,-837.2579
22.932,-811.9078
22.934,-763.88495
22.936,-703.4475
22.938,-639.5764
22.94,-580.11926
22.942,-529.2931
22.944,-488.31064
22.946,-455.6298
22.948,-429.72208
22.95,-408.3367
22.952,-389.74796
22.954,-372.5418
22.956,-357.2003
22.958,-344.0066
22.96,-333.21198
22.962,-324.3221
22.964,-317.67267
22.966,-312.81927
22.968,-309.1967
22.97,-305.8055
22.972,-302.84164
22.974,-300.1561
22.976,-297.6894
22.978,-295.04593
22.98,-292.6732
22.982,-290.70447
22.984,-289.18396
22.986,-287.7005
22.988,-286.3831
22.99,-285.21008
22.992,-284.1808
22.994,-282.96457
22.996,-281.87686
22.998,-281.07736
23.0,-280.67856
23.002,-280.10764
23.004,-280.02026
23.006,-280.15512
23.008,-280.17825
23.01,-279.08313
23.012,-278.02087
23.014,-276.90045
23.016,-275.67538
23.018,-273.8026
23.02,-272.6471
23.022,-272.33292
23.024,-272.67346
23.026,-272.70633
23.028,-272.75168
23.03,-272.3454
23.032,-271.17252
23.034,-268.75403
23.036,-266.12463
23.038,-263.79828
23.04,-262.16678
23.042,-260.9117
23.044,-260.49762
23.046,-260.56915
23.048,-260.66583
23.05,-260.00778
23.052,-259.09055
23.054,-258.0741
23.056,-257.1636
23.058,-256.0657
23.06,-255.32048
23.062,-254.77403
23.064,-254.16168
23.066,-252.84393
23.068,-251.323
23.07,-249.71883
23.072,-248.15787
23.074,-246.26654
23.076,-244.54745
23.078,-242.89386
23.08,-241.15341
23.082,-238.82716
23.084,-236.56302
23.086,-234.6048
23.088,-233.14832
23.09,-231.81097
23.092,-231.0312
23.094,-230.58221
23.096,-230.14641
23.098,-229.02527
23.1,-227.67003
23.102,-226.16925
23.104,-224.64291
23.106,-222.7434
23.108,-221.07556
23.11,-219.70027
23.112,-218.63908
23.114,-217.47917
23.116,-216.83792
23.118,-216.76918
23.12,-217.13814
23.122,-217.16023
23.124,-216.94753
23.126,-216.161
23.128,-214.63654
23.13,-212.05931
23.132,-209.44218
23.134,-207.45482
23.136,-206.63145
23.138,-206.7155
23.14,-208.06892
23.142,-210.24478
23.144,-212.63527
23.146,-214.25578
23.148,-215.42978
23.15,-216.29579
23.152,-217.13814
23.154,-217.75053
23.156,-218.8169
23.158,-220.3436
23.16,-222.14131
23.162,-223.46826
23.164,-224.66644
23.166,-225.71501
23.168,-226.64418
23.17,-227.01909
23.172,-227.41626
23.174,-227.93718
23.176,-228.64546
23.178,-229.11913
23.18,-229.96625
23.182,-231.31052
23.184,-233.14832
23.186,-234.84769
23.188,-236.69104
23.19,-238.50171
23.192,-240.15277
23.194,-241.16028
23.196,-242.1788
23.198,-243.46594
23.2,-245.15596
23.202,-246.6909
23.204,-248.35233
23.206,-249.90797
23.208,-251.15977
23.21,-251.58208
23.212,-251.87987
23.214,-252.45773
23.216,-253.66136
23.218,-255.14302
23.22,-257.3109
23.222,-259.93668
23.224,-262.66708
23.226,-264.6785
23.228,-266.34247
23.23,-267.77673
23.232,-269.17123
23.234,-270.17654
23.236,-271.36917
23.238,-272.74655
23.24,-274.1744
23.242,-274.9694
23.244,-275.57745
23.246,-276.09955
23.248,-276.67603
23.25,-276.9078
23.252,-277.39633
23.254,-278.18195
23.256,-279.1776
23.258,-279.70267
23.26,-280.1865
23.262,-280.65842
23.264,-281.17886
23.266,-281.29663
23.268,-281.6614
23.27,-282.43118
23.272,-283.68048
23.274,-284.85782
23.276,-286.4311
23.278,-288.28693
23.28,-290.1846
23.282,-291.28595
23.284,-291.93735
23.286,-292.16556
23.288,-292.18588
23.29,-291.8328
23.292,-292.1235
23.294,-293.4152
23.296,-295.6881
23.298,-297.9655
23.3,-300.156
23.302,-301.6743
23.304,-302.19223
23.306,-301.2739
23.308,-300.059
23.31,-299.33963
23.312,-299.69064
23.314,-300.66266
23.316,-302.48157
23.318,-304.53522
23.32,-306.1948
23.322,-306.5878
23.324,-306.49194
23.326,-306.49747
23.328,-307.19543
23.33,-308.30945
23.332,-310.29266
23.334,-312.6524
23.336,-314.7002
23.338,-315.32343
23.34,-315.0083
23.342,-314.11414
23.344,-313.19925
23.346,-312.18954
23.348,-311.9826
23.35,-312.58542
23.352,-313.69955
23.354,-314.33115
23.356,-314.8447
23.358,-315.2527
23.36,-315.70084
23.362,-315.77914
23.364,-316.24237
23.366,-317.11273
23.368,-318.20242
23.37,-318.6339
23.372,-318.79483
23.374,-318.6302
23.376,-318.20242
23.378,-317.12595
23.38,-316.27695
23.382,-315.92972
23.384,-316.20114
23.386,-316.49194
23.388,-317.24722
23.39,-318.24576
23.392,-319.20306
23.394,-319.33398
23.396,-319.1906
23.398,-318.9111
23.4,-318.70276
23.402,-318.22324
23.404,-318.28607
23.406,-318.98373
23.408,-320.2037
23.41,-321.1451
23.412,-322.22867
23.414,-323.39645
23.416,-324.70657
23.418,-325.769
23.42,-327.4707
23.422,-329.98907
23.424,-333.21198
23.426,-336.15958
23.428,-338.89883
23.43,-340.88623
23.432,-341.71738
23.434,-340.73355
23.436,-338.8671
23.438,-336.685
23.44,-334.71292
23.442,-332.67365
23.444,-331.17215
23.446,-329.87466
23.448,-328.2088
23.45,-325.06485
23.452,-320.83655
23.454,-315.71045
23.456,-310.19733
23.458,-304.45026
23.46,-299.8705
23.462,-297.0522
23.464,-296.18842
23.466,-296.5188
23.468,-298.19327
23.47,-300.6215
23.472,-303.19287
23.474,-304.9203
23.476,-306.21426
23.478,-307.10226
23.48,-307.69574
23.482,-307.7231
23.484,-307.81842
23.486,-307.99203
23.488,-308.19608
23.49,-308.1467
23.492,-308.38498
23.494,-308.9301
23.496,-309.69702
23.498,-310.22018
23.5,-310.78906
23.502,-311.17123
23.504,-311.19797
23.506,-310.25067
23.508,-309.36078
23.51,-308.95892
23.512,-309.1967
23.514,-308.66293
23.516,-308.0223
23.518,-307.17206
23.52,-306.1948
23.522,-304.32825
23.524,-302.99393
23.526,-302.7368
23.528,-303.6932
23.53,-304.69104
23.532,-305.78198
23.534,-306.27246
23.536,-305.69446
23.538,-303.383
23.54,-300.45963
23.542,-297.59845
23.544,-295.18777
23.546,-292.41296
23.548,-288.88107
23.55,-282.94876
23.552,-272.67346
23.554,-255.9399
23.556,-232.89442
23.558,-204.61595
23.56,-173.61044
23.562,-142.71312
23.564,-115.8344
23.566,-95.22584
23.568,-81.55188
23.57,-73.8046
23.572,-72.2617
23.574,-78.2436
23.576,-95.56079
23.578,-129.57538
23.58,-186.88823
23.582,-270.54428
23.584,-377.7403
23.586,-498.13855
23.588,-616.8821
23.59,-716.54193
23.592,-782.4978
23.594,-806.6505
23.596,-791.04346
23.598,-745.0626
23.6,-682.43414
23.602,-616.24554
23.604,-556.9041
23.606,-508.76898
23.608,-471.29984
23.61,-440.76105
23.612,-414.3616
23.614,-390.22046
23.616,-368.23425
23.618,-348.8769
23.62,-333.72006
23.622,-322.93954
23.624,-315.70084
23.626,-310.14642
23.628,-305.6357
23.63,-301.5224
23.632,-297.6894
23.634,-293.83798
23.636,-290.71414
23.638,-288.37338
23.64,-286.68237
23.642,-285.0711
23.644,-283.91785
23.646,-283.2999
23.648,-283.18015
23.65,-282.94333
23.652,-282.50784
23.654,-281.60556
23.656,-280.17825
23.658,-278.09872
23.66,-276.15784
23.662,-274.92026
23.664,-274.67474
23.666,-274.7532
23.668,-275.29395
23.67,-275.61758
23.672,-275.17505
23.674,-273.09512
23.676,-270.873
23.678,-268.94983
23.68,-267.6703
23.682,-266.53635
23.684,-266.5193
23.686,-267.14255
23.688,-267.6703
23.69,-266.92984
23.692,-265.4516
23.694,-263.3885
23.696,-261.16614
23.698,-258.86197
23.7,-257.582
23.702,-257.45746
23.704,-258.16425
23.706,-258.6277
23.708,-258.76706
23.71,-258.14392
23.712,-256.66327
23.714,-254.20709
23.716,-251.9379
23.718,-250.48558
23.72,-250.15913
23.722,-250.39044
23.724,-251.18796
23.726,-251.83447
23.728,-251.6601
23.73,-249.91226
23.732,-247.28104
23.734,-244.3161
23.736,-241.65373
23.738,-239.33981
23.74,-238.06888
23.742,-237.6589
23.744,-237.65118
23.746,-237.12737
23.748,-236.33553
23.75,-235.28468
23.752,-234.14896
23.754,-232.70815
23.756,-231.62793
23.758,-230.86548
23.76,-230.14641
23.762,-228.67209
23.764,-226.72195
23.766,-224.30272
23.768,-221.641
23.77,-218.69525
23.772,-216.45453
23.774,-215.26254
23.776,-215.13686
23.778,-215.32166
23.78,-215.84715
23.782,-216.2339
23.784,-216.1375
23.786,-215.04904
23.788,-213.74077
23.79,-212.65366
23.792,-212.13495
23.794,-211.84142
23.796,-212.1334
23.798,-212.69026
23.8,-213.13559
23.802,-212.79955
23.804,-212.27937
23.806,-211.93045
23.808,-212.13495
23.81,-212.66673
23.812,-214.03369
23.814,-215.99866
23.816,-218.13878
23.818,-219.59134
23.82,-220.66777
23.822,-221.44864
23.824,-222.14131
23.826,-222.5076
23.828,-223.20683
23.83,-224.29037
23.832,-225.64354
23.834,-226.61609
23.836,-227.59167
23.838,-228.58406
23.84,-229.64609
23.842,-230.37796
23.844,-231.34335
23.846,-232.6082
23.848,-234.14896
23.85,-235.42368
23.852,-236.82628
23.854,-238.28377
23.856,-239.65245
23.858,-240.28911
23.86,-240.54947
23.862,-240.45941
23.864,-240.15277
23.866,-239.40787
23.868,-239.05182
23.87,-239.42493
23.872,-240.65309
23.874,-242.12582
23.876,-244.0062
23.878,-245.95087
23.88,-247.65755
23.882,-248.52083
23.884,-249.12662
23.886,-249.76123
23.888,-250.65945
23.89,-251.41328
23.892,-252.42679
23.894,-253.56285
23.896,-254.662
23.898,-255.18538
23.9,-255.76265
23.902,-256.68457
23.904,-258.16425
23.906,-259.72083
23.908,-261.64853
23.91,-263.60623
23.912,-265.1687
23.914,-265.51324
23.916,-265.09415
23.918,-264.17758
23.92,-263.16742
23.922,-261.96832
23.924,-261.40887
23.926,-261.66168
23.928,-262.66708
23.93,-263.7132
23.932,-265.1192
23.934,-266.79068
23.936,-268.67093
23.938,-270.2142
23.94,-271.93472
23.942,-273.8058
23.944,-275.67538
23.946,-276.79407
23.948,-277.50525
23.95,-277.77286
23.952,-277.67664
23.954,-276.91104
23.956,-276.3489
23.958,-276.36954
23.96,-277.17633
23.962,-278.20532
23.964,-279.77045
23.966,-281.55237
23.968,-283.18015
23.97,-283.85934
23.972,-284.09512
23.974,-284.10278
23.976,-284.1808
23.978,-284.0843
23.98,-284.55057
23.982,-285.6366
23.984,-287.1827
23.986,-288.37808
23.988,-289.51367
23.99,-290.46194
23.992,-291.18524
23.994,-291.21555
23.996,-291.2781
23.998,-291.5735
24.0,-292.18588
24.002,-292.54562
24.004,-293.12823
24.006,-293.8682
24.008,-294.68747
24.01,-295.02005
24.012,-295.4829
24.014,-296.1953
24.016,-297.18906
24.018,-297.85883
24.02,-298.64902
24.022,-299.45828
24.024,-300.19098
24.026,-300.29495
24.028,-300.46527
24.03,-300.90024
24.032,-301.69193
24.034,-302.2273
24.036,-302.89914
24.038,-303.4731
24.04,-303.6932
24.042,-302.86206
24.044,-301.6467
24.046,-300.328
24.048,-299.19034
24.05,-297.86154
24.052,-297.02496
24.054,-296.67505
24.056,-296.68875
24.058,-296.3743
24.06,-296.3027
24.062,-296.5585
24.064,-297.18906
24.066,-297.60797
24.068,-298.32684
24.07,-299.23914
24.072,-300.19098
24.074,-300.53284
24.076,-300.8511
24.078,-301.2286
24.08,-301.69193
24.082,-301.6698
24.084,-301.64478
24.086,-301.5183
24.088,-301.19162
24.09,-300.14688
24.092,-299.12823
24.094,-298.40625
24.096,-298.1897
24.098,-298.03064
24.1,-298.49518
24.102,-299.4579
24.104,-300.69128
24.106,-301.45392
24.108,-302.29248
24.11,-303.3208
24.112,-304.69385
24.114,-306.00314
24.116,-307.93146
24.118,-310.4236
24.12,-313.19925
24.122,-315.28976
24.124,-316.93185
24.126,-317.9163
24.128,-318.20242
24.13,-317.40643
24.132,-316.45532
24.134,-315.68344
24.136,-315.20053
24.138,-314.3001
24.14,-313.2411
24.142,-311.64572
24.144,-309.1967
24.146,-305.2618
24.148,-300.65854
24.15,-295.82645
24.152,-291.18524
24.154,-286.47638
24.156,-282.4544
24.158,-279.18405
24.16,-276.67603
24.162,-274.47177
24.164,-273.41187
24.166,-273.7823
24.168,-275.67538
24.17,-278.3469
24.172,-281.88065
24.174,-285.5743
24.176,-288.68365
24.178,-290.21683
24.18,-290.68057
24.182,-290.4614
24.184,-290.1846
24.186,-290.13828
24.188,-291.21497
24.19,-293.3836
24.192,-296.18842
24.194,-298.77023
24.196,-300.8583
24.198,-301.90878
24.2,-301.69193
24.202,-300.1791
24.204,-298.3231
24.206,-296.6908
24.208,-295.6881
24.21,-294.86334
24.212,-294.89523
24.214,-295.6315
24.216,-296.68875
24.218,-296.43057
24.22,-295.67313
24.222,-294.75845
24.224,-294.18716
24.226,-293.2374
24.228,-293.13977
24.23,-294.036
24.232,-295.6881
24.234,-296.73193
24.236,-297.36197
24.238,-297.2376
24.24,-296.18842
24.242,-293.57184
24.244,-290.21094
24.246,-286.379
24.248,-282.1795
24.25,-276.83798
24.252,-270.32925
24.254,-261.5957
24.256,-249.15851
24.258,-230.95146
24.26,-206.53114
24.262,-175.94643
24.264,-140.58943
24.266,-102.646194
24.268,-66.21588
24.27,-34.873196
24.272,-11.50732
24.274,2.3398306
24.276,4.465598
24.278,-7.07342
24.28,-35.02228
24.282,-82.294075
24.284,-152.43022
24.286,-246.08517
24.288,-359.72885
24.29,-484.36136
24.292,-607.8788
24.294,-715.8733
24.296,-795.50604
24.298,-838.23206
24.3,-843.17725
24.302,-815.40546
24.304,-764.4863
24.306,-701.12714
24.308,-635.87915
24.31,-575.6754
24.312,-523.83325
24.314,-480.2916
24.316,-444.39838
24.318,-414.51373
24.32,-389.24762
24.322,-367.2476
24.324,-348.5631
24.326,-332.84317
24.328,-319.70337
24.33,-308.31937
24.332,-298.95935
24.334,-291.46878
24.336,-285.68173
24.338,-280.9293
24.34,-277.3692
24.342,-274.5977
24.344,-272.17316
24.346,-269.40216
24.348,-266.52975
24.35,-263.70566
24.352,-261.16614
24.354,-258.84088
24.356,-257.04434
24.358,-255.85187
24.36,-255.16232
24.362,-254.4102
24.364,-253.4534
24.366,-252.06302
24.368,-250.15913
24.37,-247.39816
24.372,-244.71526
24.374,-242.51994
24.376,-241.15341
24.378,-240.08888
24.38,-240.39717
24.382,-241.52507
24.384,-242.65437
24.386,-242.40453
24.388,-241.54375
24.39,-239.93547
24.392,-237.65118
24.394,-234.48074
24.396,-231.71796
24.398,-229.73221
24.4,-228.64546
24.402,-227.92194
24.404,-227.99489
24.406,-228.53511
24.408,-229.14577
24.41,-229.08727
24.412,-228.74638
24.414,-228.08891
24.416,-227.1445
24.418,-225.61913
24.42,-224.14684
24.422,-222.82314
24.424,-221.641
24.426,-220.1574
24.428,-218.78831
24.43,-217.472
24.432,-216.1375
24.434,-214.38107
24.436,-212.69601
24.438,-211.11815
24.44,-209.63336
24.442,-207.83777
24.444,-206.20554
24.446,-204.78552
24.448,-203.62955
24.45,-202.43497
24.452,-201.73117
24.454,-201.51588
24.456,-201.62827
24.458,-201.418
24.46,-201.01439
24.462,-200.14307
24.464,-198.62636
24.466,-196.11475
24.468,-193.32231
24.47,-190.68024
24.472,-188.62
24.474,-187.09119
24.476,-186.65266
24.478,-187.14479
24.48,-188.11967
24.482,-188.63345
24.484,-188.60847
24.486,-187.76836
24.488,-186.11841
24.49,-183.60011
24.492,-181.14046
24.494,-179.22784
24.496,-178.11331
24.498,-177.39243
24.5,-177.21548
24.502,-177.2214
24.504,-177.11267
24.506,-176.4721
24.508,-175.94046
24.51,-175.89307
24.512,-176.61235
24.514,-177.7829
24.516,-179.57317
24.518,-181.5269
24.52,-183.11649
24.522,-183.62317
24.524,-183.41919
24.526,-182.78229
24.528,-182.11586
24.53,-181.43065
24.532,-181.32692
24.534,-181.79301
24.536,-182.61618
24.538,-183.18425
24.54,-183.7193
24.542,-184.18793
24.544,-184.61745
24.546,-184.69159
24.548,-184.82661
24.55,-184.99968
24.552,-185.11777
24.554,-184.74185
24.556,-184.23785
24.558,-183.67302
24.56,-183.11649
24.562,-182.26616
24.564,-181.54936
24.566,-181.0019
24.568,-180.6149
24.57,-180.01755
24.572,-179.61978
24.574,-179.48096
24.576,-179.61426
24.578,-179.6248
24.58,-179.83553
24.582,-180.19353
24.584,-180.6149
24.586,-180.67433
24.588,-180.772
24.59,-181.03629
24.592,-181.61554
24.594,-182.26552
24.596,-183.41252
24.598,-184.96657
24.6,-186.61871
24.602,-187.54907
24.604,-187.7469
24.606,-187.05217
24.608,-185.61809
24.61,-183.55824
24.612,-181.97897
24.614,-181.56242
24.616,-182.61618
24.618,-184.55424
24.62,-187.13246
24.622,-189.54974
24.624,-191.12158
24.626,-191.1952
24.628,-190.4357
24.63,-189.51237
24.632,-189.12032
24.634,-189.29321
24.636,-190.44037
24.638,-192.2249
24.64,-194.12349
24.642,-195.32849
24.644,-196.1412
24.646,-196.79602
24.648,-197.62572
24.65,-198.46725
24.652,-199.72609
24.654,-201.2163
24.656,-202.6289
24.658,-203.34204
24.66,-203.75093
24.662,-204.09021
24.664,-204.63017
24.666,-205.13898
24.668,-205.99963
24.67,-207.06955
24.672,-208.1324
24.674,-208.66397
24.676,-209.11763
24.678,-209.71236
24.68,-210.634
24.682,-211.5238
24.684,-212.64786
24.686,-213.77135
24.688,-214.63654
24.69,-214.72849
24.692,-214.56023
24.694,-214.43407
24.696,-214.63654
24.698,-214.92122
24.7,-215.64217
24.702,-216.62874
24.704,-217.63846
24.706,-218.11154
24.708,-218.4786
24.71,-218.92796
24.712,-219.63972
24.714,-220.28337
24.716,-221.1989
24.718,-222.22472
24.72,-223.14195
24.722,-223.40074
24.724,-223.44647
24.726,-223.46622
24.728,-223.64227
24.73,-223.64503
24.732,-223.88322
24.734,-224.26604
24.736,-224.64291
24.738,-224.4914
24.74,-224.26884
24.742,-224.11522
24.744,-224.1426
24.746,-223.97087
24.748,-223.97493
24.75,-224.06757
24.752,-224.1426
24.754,-223.7736
24.756,-223.47165
24.758,-223.39886
24.76,-223.64227
24.762,-223.78725
24.764,-224.07544
24.766,-224.27112
24.768,-224.1426
24.77,-223.23369
24.772,-222.11726
24.774,-221.13509
24.776,-220.64037
24.778,-220.4936
24.78,-221.1681
24.782,-222.50203
24.784,-224.1426
24.786,-225.31831
24.788,-226.21053
24.79,-226.78046
24.792,-227.1445
24.794,-227.14555
24.796,-227.50525
24.798,-228.47417
24.8,-230.14641
24.802,-232.05779
24.804,-234.43968
24.806,-236.95895
24.808,-239.15215
24.81,-240.14821
24.812,-240.06172
24.814,-238.82909
24.816,-236.65054
24.818,-233.57214
24.82,-230.57834
24.822,-228.08691
24.824,-226.14386
24.826,-223.99971
24.828,-221.5144
24.83,-218.14543
24.832,-213.63591
24.834,-207.82793
24.836,-201.91348
24.838,-196.89801
24.84,-193.62317
24.842,-192.0796
24.844,-192.52754
24.846,-194.32927
24.848,-196.62509
24.85,-198.32213
24.852,-199.53061
24.854,-200.35649
24.856,-201.12794
24.858,-201.90141
24.86,-203.15298
24.862,-204.69295
24.864,-206.13113
24.866,-207.03697
24.868,-207.47903
24.87,-207.44695
24.872,-207.13177
24.874,-206.8517
24.876,-207.12486
24.878,-207.96637
24.88,-209.13304
24.882,-210.00061
24.884,-210.6423
24.886,-210.87257
24.888,-210.634
24.89,-209.17331
24.892,-207.67365
24.894,-206.83107
24.896,-207.13177
24.898,-207.57307
24.9,-208.68811
24.902,-210.15425
24.904,-211.63463
24.906,-212.16104
24.908,-212.45107
24.91,-212.7549
24.912,-213.13559
24.914,-212.76439
24.916,-211.74675
24.918,-209.83348
24.92,-207.13177
24.922,-203.65778
24.924,-200.36534
24.926,-197.1415
24.928,-192.62254
24.93,-183.78996
24.932,-168.01682
24.934,-143.13525
24.936,-109.06939
24.938,-67.99816
24.94,-25.011518
24.942,14.657562
24.944,47.02992
24.946,70.77756
24.948,85.679344
24.95,92.280556
24.952,89.55698
24.954,74.07996
24.956,39.301685
24.958,-20.942255
24.96,-109.5697
24.962,-223.19029
24.964,-352.46216
24.966,-482.50726
24.968,-596.8797
24.97,-681.46655
24.972,-729.0214
24.974,-739.20886
24.976,-717.9567
24.978,-674.5031
24.98,-619.5533
24.982,-561.73047
24.984,-506.82242
24.986,-457.50388
24.988,-415.26733
24.99,-380.06042
24.992,-351.22342
24.994,-327.40833
24.996,-307.88074
24.998,-291.4701
25.0,-277.17633
25.002,-264.0654
25.004,-252.49069
25.006,-242.75578
25.008,-235.1496
25.01,-229.33142
25.012,-225.30885
25.014,-222.46034
25.016,-220.14005
25.018,-217.65819
25.02,-215.26147
25.022,-213.18802
25.024,-211.63463
25.026,-210.35841
25.028,-209.17168
25.03,-207.80937
25.032,-206.13113
25.034,-204.06802
25.036,-202.01634
25.038,-200.55711
25.04,-200.12732
25.042,-200.48454
25.044,-201.5117
25.046,-202.5948
25.048,-203.12923
25.05,-202.2324
25.052,-200.83905
25.054,-199.197
25.056,-197.62572
25.058,-195.82573
25.06,-194.996
25.062,-194.9172
25.064,-195.12413
25.066,-194.73802
25.068,-194.37729
25.07,-194.01376
25.072,-193.62317
25.074,-192.75185
25.076,-191.84811
25.078,-190.70535
25.08,-189.12032
25.082,-186.72931
25.084,-184.2478
25.086,-182.08337
25.088,-180.6149
25.09,-179.7408
25.092,-179.84532
25.094,-180.63243
25.096,-181.61554
25.098,-182.00748
25.1,-181.90393
25.102,-181.23772
25.104,-180.11458
25.106,-178.45572
25.108,-176.88966
25.11,-175.59473
25.112,-174.61108
25.114,-173.58537
25.116,-172.80753
25.118,-172.18593
25.12,-171.60918
25.122,-170.68147
25.124,-169.7205
25.126,-168.70474
25.128,-167.60663
25.13,-166.11131
25.132,-164.64565
25.134,-163.29083
25.136,-162.10312
25.138,-160.80304
25.14,-159.79625
25.142,-159.086
25.144,-158.60089
25.146,-157.90277
25.148,-157.24539
25.15,-156.51746
25.152,-155.59898
25.154,-154.08977
25.156,-152.39803
25.158,-150.66882
25.16,-149.09485
25.162,-147.5559
25.164,-146.60852
25.166,-146.32904
25.168,-146.59326
25.17,-146.77542
25.172,-146.9081
25.174,-146.72641
25.176,-146.09294
25.178,-144.72697
25.18,-143.27502
25.182,-142.12515
25.184,-141.59007
25.186,-141.45741
25.188,-142.0574
25.19,-143.19986
25.192,-144.59198
25.194,-145.61388
25.196,-146.54424
25.198,-147.47943
25.2,-148.59453
25.202,-149.69348
25.204,-151.25719
25.206,-153.28268
25.208,-155.59898
25.21,-157.5705
25.212,-159.34924
25.214,-160.85172
25.216,-162.10312
25.218,-162.8533
25.22,-163.66402
25.222,-164.72867
25.224,-166.10567
25.226,-167.33313
25.228,-168.63553
25.23,-169.91077
25.232,-171.10886
25.234,-171.89749
25.236,-172.83333
25.238,-174.18272
25.24,-176.11203
25.242,-178.22339
25.244,-180.69829
25.246,-183.26933
25.248,-185.61809
25.25,-187.125
25.252,-188.1232
25.254,-188.84178
25.256,-189.62064
25.258,-190.41122
25.26,-191.81369
25.262,-193.92749
25.264,-196.62509
25.266,-199.22797
25.268,-201.78978
25.27,-204.12137
25.272,-206.13113
25.274,-207.44225
25.276,-208.56245
25.278,-209.73065
25.28,-211.13431
25.282,-212.45334
25.284,-214.04584
25.286,-215.83553
25.288,-217.63846
25.29,-218.8215
25.292,-219.64523
25.294,-220.18192
25.296,-220.64037
25.298,-220.90617
25.3,-221.70238
25.302,-223.28331
25.304,-225.64354
25.306,-228.08028
25.308,-230.56044
25.31,-232.68063
25.312,-234.14896
25.314,-234.46533
25.316,-234.23685
25.318,-233.85204
25.32,-233.64864
25.322,-233.34447
25.324,-233.33348
25.326,-233.49283
25.328,-233.64864
25.33,-233.27394
25.332,-232.92764
25.334,-232.9414
25.336,-233.64864
25.338,-234.79012
25.34,-236.78162
25.342,-239.38695
25.344,-242.15405
25.346,-244.12202
25.348,-245.41374
25.35,-246.01456
25.352,-246.1566
25.354,-245.76114
25.356,-245.76355
25.358,-246.53789
25.36,-248.15787
25.362,-249.89095
25.364,-251.80682
25.366,-253.50139
25.368,-254.662
25.37,-254.6891
25.372,-254.26788
25.374,-253.8014
25.376,-253.66136
25.378,-253.55031
25.38,-254.00342
25.382,-254.93669
25.384,-256.16296
25.386,-257.0183
25.388,-257.9835
25.39,-259.17352
25.392,-260.66583
25.394,-261.91812
25.396,-263.29855
25.398,-264.6195
25.4,-265.669
25.402,-265.85638
25.404,-265.7563
25.406,-265.61435
25.408,-265.669
25.41,-265.59314
25.412,-265.93036
25.414,-266.65622
25.416,-267.6703
25.418,-268.42316
25.42,-269.47424
25.422,-271.00754
25.424,-273.17377
25.426,-275.52747
25.428,-278.48416
25.43,-281.82205
25.432,-285.18143
25.434,-287.712
25.436,-289.7411
25.438,-291.3274
25.44,-292.6862
25.442,-293.62064
25.444,-294.9173
25.446,-296.67816
25.448,-298.69
25.45,-300.0006
25.452,-300.65793
25.454,-300.3821
25.456,-299.19034
25.458,-296.96365
25.46,-294.86325
25.462,-293.51907
25.464,-293.18652
25.466,-293.1018
25.468,-293.11182
25.47,-292.37488
25.472,-290.1846
25.474,-285.81277
25.476,-280.24606
25.478,-274.4846
25.48,-269.67154
25.482,-266.20917
25.484,-265.03848
25.486,-265.9473
25.488,-268.1706
25.49,-270.24298
25.492,-271.8746
25.494,-272.67053
25.496,-272.67346
25.498,-271.91205
25.5,-271.3736
25.502,-271.4383
25.504,-272.17316
25.506,-273.18527
25.508,-274.41367
25.51,-275.35706
25.512,-275.67538
25.514,-275.2664
25.516,-274.76587
25.518,-274.50293
25.52,-274.67474
25.522,-274.94797
25.524,-275.61005
25.526,-276.31488
25.528,-276.67603
25.53,-275.51553
25.532,-274.02695
25.534,-273.01215
25.536,-273.17377
25.538,-273.52286
25.54,-274.8242
25.542,-276.70273
25.544,-278.67728
25.546,-279.46033
25.548,-279.92816
25.55,-280.4411
25.552,-281.17886
25.554,-281.1753
25.556,-280.5864
25.558,-278.95697
25.56,-276.1757
25.562,-271.999
25.564,-267.55896
25.566,-262.8653
25.568,-256.66327
25.57,-245.86281
25.572,-227.999
25.574,-201.01357
25.576,-165.10503
25.578,-122.76703
25.58,-79.6032
25.582,-40.8798
25.584,-10.006366
25.586,12.941977
25.588,28.996098
25.59,39.693325
25.592,44.028008
25.594,37.41694
25.596,10.897529
25.598,-44.302307
25.6,-133.08466
25.602,-252.60109
25.604,-392.7395
25.606,-536.60657
25.608,-665.42334
25.61,-763.1645
25.612,-821.8587
25.614,-841.2054
25.616,-827.5264
25.618,-790.13617
25.62,-739.4829
25.622,-683.3904
25.624,-626.8988
25.626,-572.4587
25.628,-522.4612
25.63,-478.38123
25.632,-441.28073
25.634,-410.98682
25.636,-387.2608
25.638,-368.37796
25.64,-352.22406
25.642,-336.684
25.644,-321.6832
25.646,-307.68845
25.648,-295.6881
25.65,-286.0859
25.652,-279.59116
25.654,-275.65036
25.656,-273.17377
25.658,-270.66803
25.66,-267.8306
25.662,-264.56808
25.664,-261.16614
25.666,-257.7369
25.668,-254.79912
25.67,-252.5895
25.672,-251.15977
25.674,-250.17197
25.676,-249.62001
25.678,-249.47372
25.68,-249.65883
25.682,-249.6429
25.684,-249.50694
25.686,-249.05174
25.688,-248.15787
25.69,-246.20439
25.692,-244.33336
25.694,-242.6356
25.696,-241.15341
25.698,-239.25658
25.7,-238.25519
25.702,-238.00502
25.704,-238.1515
25.706,-237.75655
25.708,-237.56425
25.71,-237.40614
25.712,-237.15086
25.714,-236.30978
25.716,-235.69002
25.718,-235.3378
25.72,-235.1496
25.722,-234.50827
25.724,-233.80318
25.726,-232.87291
25.728,-231.64737
25.73,-229.84831
25.732,-228.26317
25.734,-227.16603
25.736,-226.64418
25.738,-226.182
25.74,-225.94118
25.742,-225.5331
25.744,-224.64291
25.746,-222.84
25.748,-220.82634
25.75,-218.99184
25.752,-217.63846
25.754,-216.47726
25.756,-215.77109
25.758,-215.134
25.76,-214.13623
25.762,-212.17488
25.764,-209.78734
25.766,-207.31256
25.768,-205.1305
25.77,-203.12042
25.772,-201.77623
25.774,-200.8992
25.776,-200.12732
25.778,-198.74893
25.78,-197.07642
25.782,-195.16113
25.784,-193.12286
25.786,-190.68329
25.788,-188.36479
25.79,-186.18425
25.792,-184.11713
25.794,-181.79784
25.796,-179.8296
25.798,-178.40642
25.8,-177.61299
25.802,-176.95372
25.804,-176.67274
25.806,-176.48479
25.808,-176.11203
25.81,-175.01149
25.812,-173.77174
25.814,-172.70415
25.816,-172.10948
25.818,-171.72102
25.82,-171.99237
25.822,-172.73557
25.824,-173.61044
25.826,-173.83661
25.828,-173.73729
25.83,-173.41217
25.832,-173.11012
25.834,-172.70058
25.836,-172.96379
25.838,-174.10883
25.84,-176.11203
25.842,-178.29836
25.844,-180.84552
25.846,-183.51366
25.848,-186.11841
25.85,-188.12926
25.852,-190.05641
25.854,-192.03484
25.856,-194.12349
25.858,-195.82481
25.86,-197.4998
25.862,-199.10217
25.864,-200.62762
25.866,-201.7258
25.868,-203.07469
25.87,-204.98364
25.872,-207.63208
25.874,-210.53317
25.876,-213.89159
25.878,-217.38339
25.88,-220.64037
25.882,-222.95625
25.884,-224.76346
25.886,-226.35844
25.888,-228.14514
25.89,-230.03253
25.892,-232.6795
25.894,-236.12903
25.896,-240.15277
25.898,-243.88829
25.9,-247.35533
25.902,-250.31111
25.904,-252.66074
25.906,-254.01071
25.908,-255.01161
25.91,-255.98477
25.912,-257.1636
25.914,-258.17334
25.916,-259.4088
25.918,-260.79044
25.92,-262.16678
25.922,-262.91708
25.924,-263.43387
25.926,-263.814
25.928,-264.16806
25.93,-264.09613
25.932,-264.11234
25.934,-264.2948
25.936,-264.66837
25.938,-264.75247
25.94,-265.06042
25.942,-265.6932
25.944,-266.66965
25.946,-267.40912
25.948,-268.2739
25.95,-269.2049
25.952,-270.17188
25.954,-270.71152
25.956,-271.45718
25.958,-272.59903
25.96,-274.1744
25.962,-275.50595
25.964,-276.83322
25.966,-277.93283
25.968,-278.67728
25.97,-278.59567
25.972,-278.50662
25.974,-278.80185
25.976,-279.67792
25.978,-280.4704
25.98,-281.37747
25.982,-282.02866
25.984,-282.1795
25.986,-281.34128
25.988,-280.55173
25.99,-280.49945
25.992,-281.6792
25.994,-283.56372
25.996,-286.32257
25.998,-289.27472
26.0,-291.68555
26.002,-292.5135
26.004,-292.4177
26.006,-291.932
26.008,-291.68555
26.01,-291.51245
26.012,-292.14774
26.014,-293.47308
26.016,-295.18777
26.018,-296.43976
26.02,-297.77872
26.022,-299.34436
26.024,-301.19162
26.026,-302.57782
26.028,-303.7818
26.03,-304.5229
26.032,-304.69385
26.034,-303.9819
26.036,-303.60608
26.038,-304.35068
26.04,-306.6951
26.042,-309.98907
26.044,-314.19537
26.046,-318.39774
26.048,-321.70465
26.05,-323.0848
26.052,-323.3444
26.054,-323.25592
26.056,-323.70593
26.058,-324.7287
26.06,-327.0462
26.062,-330.28595
26.064,-333.71228
26.066,-336.0269
26.068,-337.5091
26.07,-338.38043
26.072,-339.2158
26.074,-340.10977
26.076,-342.17645
26.078,-345.52884
26.08,-349.72247
26.082,-353.33624
26.084,-356.10785
26.086,-357.45587
26.088,-357.22726
26.09,-355.1757
26.092,-352.6203
26.094,-350.33032
26.096,-348.72183
26.098,-347.1177
26.1,-345.64264
26.102,-343.6727
26.104,-340.71674
26.106,-336.14008
26.108,-331.0911
26.11,-326.48956
26.112,-323.2056
26.114,-321.1469
26.116,-320.9133
26.118,-322.02136
26.12,-323.70593
26.122,-324.7104
26.124,-325.3542
26.126,-325.75403
26.128,-326.20752
26.13,-326.48502
26.132,-327.23248
26.134,-328.25723
26.136,-329.20944
26.138,-329.5236
26.14,-329.63034
26.142,-329.63477
26.144,-329.70975
26.146,-329.74646
26.148,-330.25677
26.15,-331.03403
26.152,-331.71103
26.154,-331.5283
26.156,-330.96725
26.158,-330.12982
26.16,-329.20944
26.162,-327.43277
26.164,-326.15378
26.166,-325.8654
26.168,-326.70782
26.17,-327.1394
26.172,-327.6499
26.174,-327.8796
26.176,-327.70847
26.178,-326.43555
26.18,-325.47858
26.182,-325.3972
26.184,-326.20752
26.186,-326.51254
26.188,-326.13297
26.19,-324.47452
26.192,-321.70465
26.194,-318.16183
26.196,-315.78415
26.198,-314.96902
26.2,-314.1999
26.202,-309.35565
26.204,-296.77106
26.206,-273.26688
26.208,-238.65182
26.21,-195.95401
26.212,-152.40092
26.214,-115.05059
26.216,-88.556335
26.218,-72.90744
26.22,-65.7721
26.222,-63.09247
26.224,-63.040104
26.226,-67.90462
26.228,-86.009995
26.23,-127.04168
26.232,-198.12604
26.234,-299.05768
26.236,-422.2412
26.238,-552.1184
26.24,-669.9262
26.242,-758.5113
26.244,-808.6382
26.246,-819.0374
26.248,-796.0064
26.25,-749.78235
26.252,-692.70105
26.254,-634.37335
26.256,-580.8695
26.258,-534.30664
26.26,-495.7411
26.262,-464.44614
26.264,-439.27945
26.266,-418.48587
26.268,-401.6057
26.27,-387.6422
26.272,-375.73904
26.274,-364.79648
26.276,-355.34995
26.278,-347.6002
26.28,-341.71738
26.282,-337.07758
26.284,-333.96924
26.286,-331.87244
26.288,-330.21005
26.29,-328.0648
26.292,-325.8802
26.294,-323.85056
26.296,-322.205
26.298,-320.65805
26.3,-319.57684
26.302,-318.96274
26.304,-318.70276
26.306,-318.1908
26.308,-317.53848
26.31,-316.70148
26.312,-315.70084
26.314,-314.14624
26.316,-312.69064
26.318,-311.62717
26.32,-311.19797
26.322,-310.7714
26.324,-311.3302
26.326,-312.4966
26.328,-313.69955
26.33,-313.64398
26.332,-313.28912
26.334,-312.4848
26.336,-311.19797
26.338,-308.9457
26.34,-307.0421
26.342,-305.7794
26.344,-305.19415
26.346,-304.52017
26.348,-304.24127
26.35,-304.0498
26.352,-303.6932
26.354,-302.573
26.356,-301.55154
26.358,-300.88782
26.36,-300.69128
26.362,-300.3294
26.364,-300.1748
26.366,-299.89417
26.368,-299.19034
26.37,-297.46155
26.372,-295.54996
26.374,-293.85223
26.376,-292.6862
26.378,-291.63336
26.38,-291.1756
26.382,-290.99487
26.384,-290.68494
26.386,-289.44574
26.388,-287.91855
26.39,-286.38864
26.392,-285.18143
26.394,-283.978
26.396,-283.41284
26.398,-283.28204
26.4,-283.18015
26.402,-282.16373
26.404,-280.65494
26.406,-278.74222
26.408,-276.67603
26.41,-274.22464
26.412,-272.32562
26.414,-271.16367
26.416,-270.67218
26.418,-270.04062
26.42,-269.61877
26.422,-269.20624
26.424,-268.67093
26.426,-267.44077
26.428,-266.29514
26.43,-265.48343
26.432,-265.1687
26.434,-264.80692
26.436,-264.95862
26.438,-265.48947
26.44,-266.1693
26.442,-266.20023
26.444,-266.1339
26.446,-266.07187
26.448,-266.1693
26.45,-266.0114
26.452,-266.3997
26.454,-267.46497
26.456,-269.17123
26.458,-270.7632
26.46,-272.66238
26.462,-274.69827
26.464,-276.67603
26.466,-277.84705
26.468,-278.80682
26.47,-279.6898
26.472,-280.67856
26.474,-281.38898
26.476,-282.68378
26.478,-284.77722
26.48,-287.683
26.482,-290.61172
26.484,-293.87744
26.486,-297.17328
26.488,-300.19098
26.49,-302.1403
26.492,-303.63995
26.494,-304.9096
26.496,-306.1948
26.498,-307.1048
26.5,-308.37888
26.502,-310.0984
26.504,-312.1986
26.506,-313.93814
26.508,-315.79764
26.51,-317.73938
26.512,-319.70337
26.514,-321.02365
26.516,-322.26587
26.518,-323.48114
26.52,-324.70657
26.522,-325.3895
26.524,-326.2187
26.526,-327.3213
26.528,-328.7091
26.53,-329.67847
26.532,-330.70105
26.534,-331.71957
26.536,-332.71167
26.538,-333.13834
26.54,-333.7986
26.542,-334.95398
26.544,-336.7142
26.546,-338.36316
26.548,-340.27048
26.55,-342.1542
26.552,-343.71866
26.554,-344.1664
26.556,-344.1612
26.558,-343.9397
26.56,-343.71866
26.562,-342.98618
26.564,-342.408
26.566,-341.9954
26.568,-341.71738
26.57,-340.96725
26.572,-340.56204
26.574,-340.76547
26.576,-341.71738
26.578,-342.71542
26.58,-344.1873
26.582,-345.81464
26.584,-347.2209
26.586,-347.49615
26.588,-347.3108
26.59,-346.93936
26.592,-346.72058
26.594,-346.28247
26.596,-346.4848
26.598,-347.36063
26.6,-348.72183
26.602,-349.61768
26.604,-350.52087
26.606,-351.3807
26.608,-352.22406
26.61,-352.48035
26.612,-352.99698
26.614,-353.91898
26.616,-355.22598
26.618,-356.09024
26.62,-357.03384
26.622,-357.9425
26.624,-358.7282
26.626,-358.714
26.628,-358.74802
26.63,-359.0502
26.632,-359.72885
26.634,-360.06845
26.636,-360.6815
26.638,-361.4516
26.64,-362.23044
26.642,-362.2551
26.644,-362.3198
26.646,-362.6111
26.648,-363.23108
26.65,-363.4643
26.652,-363.94116
26.654,-364.5684
26.656,-365.23236
26.658,-365.2088
26.66,-365.37274
26.662,-365.99435
26.664,-367.2336
26.666,-368.35577
26.668,-369.9173
26.67,-371.65628
26.672,-373.23743
26.674,-373.7174
26.676,-373.81018
26.678,-373.73325
26.68,-373.73776
26.682,-373.3388
26.684,-373.38086
26.686,-373.89047
26.688,-374.7384
26.69,-375.08932
26.692,-375.58484
26.694,-376.28003
26.696,-377.24
26.698,-377.86383
26.7,-378.8855
26.702,-380.25128
26.704,-381.74286
26.706,-382.4118
26.708,-382.79138
26.71,-382.8676
26.712,-382.7435
26.714,-381.9797
26.716,-381.63602
26.718,-382.02628
26.72,-383.2438
26.722,-384.4856
26.724,-386.23865
26.726,-388.24387
26.728,-390.24826
26.73,-391.44788
26.732,-392.65076
26.734,-394.053
26.736,-395.75177
26.738,-396.99722
26.74,-398.3062
26.742,-399.35794
26.744,-399.7543
26.746,-398.52808
26.748,-396.40958
26.75,-393.68494
26.752,-390.74857
26.754,-387.3055
26.756,-384.36157
26.758,-381.94247
26.76,-379.74158
26.762,-376.60825
26.764,-372.90286
26.766,-368.53464
26.768,-363.73138
26.77,-358.39175
26.772,-354.07065
26.774,-351.5503
26.776,-351.22342
26.778,-352.3052
26.78,-354.98184
26.782,-358.42603
26.784,-361.73013
26.786,-363.57788
26.788,-364.49896
26.79,-364.73343
26.792,-364.73203
26.794,-364.41763
26.796,-364.7749
26.798,-365.8108
26.8,-367.2336
26.802,-368.28412
26.804,-369.193
26.806,-369.70828
26.808,-369.7352
26.81,-369.05585
26.812,-368.49207
26.814,-368.21637
26.816,-368.23425
26.818,-367.91345
26.82,-367.81897
26.822,-367.81372
26.824,-367.73395
26.826,-366.43793
26.828,-365.14948
26.83,-364.32764
26.832,-364.23172
26.834,-363.52924
26.836,-362.98413
26.838,-362.40347
26.84,-361.73013
26.842,-360.2129
26.844,-359.22943
26.846,-359.2494
26.848,-360.22916
26.85,-360.71872
26.852,-360.52252
26.854,-358.89624
26.856,-355.7263
26.858,-350.9753
26.86,-346.36362
26.862,-342.3076
26.864,-337.71484
26.866,-329.215
26.868,-314.0966
26.87,-289.80145
26.872,-256.16296
26.874,-215.53444
26.876,-174.13857
26.878,-138.05524
26.88,-111.57098
26.882,-95.158745
26.884,-87.75743
26.886,-86.61637
26.888,-90.55761
26.89,-101.31555
26.892,-125.55901
26.894,-170.63963
26.896,-241.65373
26.898,-337.51315
26.9,-451.38974
26.902,-569.7573
26.904,-676.4303
26.906,-756.42053
26.908,-801.6694
26.91,-810.777
26.912,-789.00195
26.914,-745.2404
26.916,-690.8307
26.918,-634.8695
26.92,-583.3711
26.922,-538.5674
26.924,-501.604
26.926,-471.62265
26.928,-447.28455
26.93,-426.75897
26.932,-409.8132
26.934,-395.81314
26.936,-384.24445
26.938,-374.1091
26.94,-365.7503
26.942,-358.89
26.944,-353.2247
26.946,-347.93265
26.948,-343.51703
26.95,-339.95117
26.952,-337.2145
26.954,-334.7559
26.956,-333.00174
26.958,-331.75864
26.96,-330.7104
26.962,-329.14417
26.964,-327.3064
26.966,-325.39105
26.968,-323.70593
26.97,-322.11267
26.972,-321.04077
26.974,-320.47055
26.976,-320.2037
26.978,-319.49857
26.98,-318.6778
26.982,-317.7249
26.984,-316.70148
26.986,-314.98456
26.988,-313.67474
26.99,-312.64996
26.992,-311.6983
26.994,-309.96622
26.996,-308.69788
26.998,-307.84634
27.0,-307.19543
27.002,-305.85147
27.004,-304.52847
27.006,-303.0234
27.008,-301.19162
27.01,-298.53992
27.012,-296.0766
27.014,-294.0861
27.016,-292.6862
27.018,-291.29364
27.02,-290.3231
27.022,-289.41037
27.024,-288.18332
27.026,-285.98328
27.028,-283.5423
27.03,-281.16956
27.032,-279.1776
27.034,-277.30432
27.036,-276.1719
27.038,-275.58612
27.04,-275.17505
27.042,-274.11777
27.044,-272.82025
27.046,-271.29678
27.048,-269.67154
27.05,-267.66
27.052,-266.00403
27.054,-264.73102
27.056,-263.66772
27.058,-262.06863
27.06,-260.275
27.062,-258.14966
27.064,-255.66264
27.066,-252.46222
27.068,-249.39137
27.07,-246.73654
27.072,-244.65564
27.074,-242.67686
27.076,-241.26128
27.078,-240.18822
27.08,-239.15215
27.082,-237.4134
27.084,-235.4454
27.086,-233.311
27.088,-231.14705
27.09,-228.65279
27.092,-226.59515
27.094,-225.10289
27.096,-224.1426
27.098,-223.087
27.1,-222.32846
27.102,-221.72412
27.104,-221.14069
27.106,-220.02936
27.108,-218.99913
27.11,-218.17351
27.112,-217.63846
27.114,-216.95639
27.116,-216.71625
27.118,-216.95222
27.12,-217.63846
27.122,-218.24461
27.124,-219.30293
27.126,-220.80302
27.128,-222.64163
27.13,-224.15639
27.132,-225.72449
27.134,-227.24184
27.136,-228.64546
27.138,-229.47931
27.14,-230.41393
27.142,-231.62144
27.144,-233.14832
27.146,-234.41232
27.148,-235.76363
27.15,-237.04593
27.152,-238.1515
27.154,-238.6337
27.156,-239.21051
27.158,-240.16818
27.16,-241.65373
27.162,-243.11627
27.164,-244.80997
27.166,-246.4211
27.168,-247.65755
27.17,-247.93849
27.172,-247.93724
27.174,-248.05295
27.176,-248.65819
27.178,-249.46956
27.18,-250.92703
27.182,-252.78777
27.184,-254.662
27.186,-255.7325
27.188,-256.3698
27.19,-256.74625
27.192,-257.1636
27.194,-257.45493
27.196,-258.30978
27.198,-259.77768
27.2,-261.66647
27.202,-263.16553
27.204,-264.43317
27.206,-265.28903
27.208,-265.669
27.21,-265.1658
27.212,-264.476
27.214,-263.8984
27.216,-263.66772
27.218,-263.43436
27.22,-263.7346
27.222,-264.53436
27.224,-265.669
27.226,-266.42465
27.228,-267.12668
27.23,-267.7115
27.232,-268.1706
27.234,-268.0616
27.236,-268.02216
27.238,-268.20718
27.24,-268.67093
27.242,-268.86267
27.244,-269.22137
27.246,-269.68494
27.248,-270.17188
27.25,-270.1177
27.252,-270.10217
27.254,-270.25766
27.256,-270.67218
27.258,-270.849
27.26,-271.2938
27.262,-271.94904
27.264,-272.67346
27.266,-272.78897
27.268,-272.7773
27.27,-272.70538
27.272,-272.67346
27.274,-272.2672
27.276,-272.1653
27.278,-272.47598
27.28,-273.17377
27.282,-273.58798
27.284,-274.13092
27.286,-274.6968
27.288,-275.17505
27.29,-274.95364
27.292,-274.66653
27.294,-274.50775
27.296,-274.67474
27.298,-274.78125
27.3,-275.50543
27.302,-276.86505
27.304,-278.67728
27.306,-280.0575
27.308,-281.31143
27.31,-282.33624
27.312,-283.18015
27.314,-283.47552
27.316,-284.14865
27.318,-285.52737
27.32,-287.683
27.322,-289.81345
27.324,-292.06708
27.326,-293.98492
27.328,-295.18777
27.33,-294.99902
27.332,-294.24277
27.334,-293.4564
27.336,-293.18652
27.338,-293.262
27.34,-294.31903
27.342,-296.1274
27.344,-298.1897
27.346,-299.4417
27.348,-300.16873
27.35,-300.4635
27.352,-300.69128
27.354,-300.81104
27.356,-301.86285
27.358,-304.06616
27.36,-307.19543
27.362,-310.10526
27.364,-312.64948
27.366,-314.26416
27.368,-314.7002
27.37,-313.6256
27.372,-312.3112
27.374,-311.72272
27.376,-312.6989
27.378,-315.12073
27.38,-319.44745
27.382,-325.01425
27.384,-330.7104
27.386,-334.78378
27.388,-336.95544
27.39,-336.9795
27.392,-335.21326
27.394,-331.93353
27.396,-328.7358
27.398,-326.4224
27.4,-325.20688
27.402,-324.11157
27.404,-322.91602
27.406,-320.7888
27.408,-317.20178
27.41,-311.6688
27.412,-305.54324
27.414,-300.00876
27.416,-296.18842
27.418,-294.21783
27.42,-294.75278
27.422,-297.2425
27.424,-300.69128
27.426,-303.53464
27.428,-305.6412
27.43,-306.79733
27.432,-307.19543
27.434,-306.86148
27.436,-306.74863
27.438,-307.06085
27.44,-307.69574
27.442,-308.1507
27.444,-308.52908
27.446,-308.56622
27.448,-308.19608
27.45,-307.42535
27.452,-307.04755
27.454,-307.3121
27.456,-308.19608
27.458,-308.97147
27.46,-309.8051
27.462,-310.30704
27.464,-310.19733
27.466,-308.38763
27.468,-306.37277
27.47,-305.08414
27.472,-305.19415
27.474,-305.47357
27.476,-306.50888
27.478,-307.7448
27.48,-308.69638
27.482,-308.27298
27.484,-307.70718
27.486,-307.61234
27.488,-308.19608
27.49,-308.22363
27.492,-307.4573
27.494,-305.0346
27.496,-300.69128
27.498,-294.38547
27.5,-287.81094
27.502,-281.5498
27.504,-274.67474
27.506,-263.9653
27.508,-246.54866
27.51,-219.80064
27.512,-183.6168
27.514,-140.68977
27.516,-97.51022
27.518,-60.486214
27.52,-34.021645
27.522,-18.541052
27.524,-12.6245365
27.526,-13.500445
27.528,-20.51305
27.53,-36.61614
27.532,-69.79819
27.534,-128.54695
27.536,-218.13878
27.538,-336.3846
27.54,-473.86072
27.542,-613.9017
27.544,-737.4692
27.546,-827.9452
27.548,-876.9659
27.55,-884.28827
27.552,-857.0452
27.554,-806.02747
27.556,-743.6094
27.558,-679.262
27.56,-618.89374
27.562,-564.6909
27.564,-517.874
27.566,-478.12445
27.568,-444.78296
27.57,-416.5819
27.572,-393.23254
27.574,-373.76462
27.576,-357.22726
27.578,-342.48285
27.58,-329.90488
27.582,-319.616
27.584,-311.6983
27.586,-305.47675
27.588,-300.95267
27.59,-297.41025
27.592,-294.18716
27.594,-290.55182
27.596,-287.05792
27.598,-284.14575
27.6,-282.1795
27.602,-280.8897
27.604,-280.22397
27.606,-279.78497
27.608,-279.1776
27.61,-277.87128
27.612,-276.12573
27.614,-274.27814
27.616,-272.67346
27.618,-271.06454
27.62,-269.83365
27.622,-268.77994
27.624,-267.6703
27.626,-265.71396
27.628,-264.10175
27.63,-262.91336
27.632,-262.16678
27.634,-261.11224
27.636,-260.90494
27.638,-261.1266
27.64,-261.16614
27.642,-259.96146
27.644,-258.31927
27.646,-256.3201
27.648,-254.16168
27.65,-251.63945
27.652,-249.7523
27.654,-248.62114
27.656,-248.15787
27.658,-247.7438
27.66,-247.77089
27.662,-248.00307
27.664,-248.15787
27.666,-247.58278
27.668,-246.65984
27.67,-245.33705
27.672,-243.655
27.674,-241.3947
27.676,-239.34178
27.678,-237.73764
27.68,-236.65054
27.682,-235.57707
27.684,-234.76459
27.686,-233.89104
27.688,-232.648
27.69,-230.495
27.692,-228.0215
27.694,-225.48256
27.696,-223.14195
27.698,-220.78474
27.7,-218.95003
27.702,-217.5022
27.704,-216.1375
27.706,-214.12518
27.708,-211.76855
27.71,-209.061
27.712,-206.13113
27.714,-202.8018
27.716,-199.83951
27.718,-197.44423
27.72,-195.62445
27.722,-193.80952
27.724,-192.26631
27.726,-190.76817
27.728,-189.12032
27.73,-186.82991
27.732,-184.49327
27.734,-182.34584
27.736,-180.6149
27.738,-179.03427
27.74,-178.15643
27.742,-177.92258
27.744,-178.11331
27.746,-178.01155
27.748,-177.90791
27.75,-177.7529
27.752,-177.61299
27.754,-177.2201
27.756,-177.31244
27.758,-178.10225
27.76,-179.61426
27.762,-181.23656
27.764,-183.19334
27.766,-185.22646
27.768,-187.11903
27.77,-188.34389
27.772,-189.50221
27.774,-190.85422
27.776,-192.62254
27.778,-194.46254
27.78,-196.79831
27.782,-199.45535
27.784,-202.12859
27.786,-204.0712
27.788,-205.58214
27.79,-206.71124
27.792,-207.63208
27.794,-208.15088
27.796,-208.97408
27.798,-210.29826
27.8,-212.13495
27.802,-213.90413
27.804,-215.83952
27.806,-217.7878
27.808,-219.63972
27.81,-220.95172
27.812,-222.26158
27.814,-223.77525
27.816,-225.64354
27.818,-227.49011
27.82,-229.68446
27.822,-232.12968
27.824,-234.64928
27.826,-236.646
27.828,-238.44006
27.83,-240.07939
27.832,-241.65373
27.834,-242.84015
27.836,-244.13364
27.838,-245.59256
27.84,-247.15723
27.842,-248.2584
27.844,-249.16475
27.846,-249.80846
27.848,-250.15913
27.85,-249.81625
27.852,-249.32663
27.854,-248.88904
27.856,-248.65819
27.858,-248.28194
27.86,-248.23816
27.862,-248.54977
27.864,-249.15851
27.866,-249.5125
27.868,-249.98372
27.87,-250.54837
27.872,-251.15977
27.874,-251.3049
27.876,-251.41808
27.878,-251.53136
27.88,-251.6601
27.882,-251.35902
27.884,-251.14026
27.886,-251.07596
27.888,-251.15977
27.89,-250.84357
27.892,-250.51668
27.894,-250.13385
27.896,-249.65883
27.898,-248.63506
27.9,-247.67157
27.902,-246.96634
27.904,-246.6569
27.906,-246.30452
27.908,-246.39479
27.91,-246.88222
27.912,-247.65755
27.914,-248.12236
27.916,-248.75636
27.918,-249.6012
27.92,-250.65945
27.922,-251.3831
27.924,-252.23718
27.926,-253.18369
27.928,-254.16168
27.93,-254.63461
27.932,-255.20326
27.934,-256.01633
27.936,-257.1636
27.938,-258.1276
27.94,-259.37094
27.942,-260.78116
27.944,-262.16678
27.946,-262.8171
27.948,-263.21222
27.95,-263.44876
27.952,-263.66772
27.954,-263.49054
27.956,-263.61526
27.958,-264.17313
27.96,-265.1687
27.962,-265.98666
27.964,-267.0649
27.966,-268.32956
27.968,-269.67154
27.97,-270.46558
27.972,-271.20325
27.974,-271.92535
27.976,-272.67346
27.978,-273.0042
27.98,-273.50595
27.982,-274.24197
27.984,-275.17505
27.986,-275.71118
27.988,-276.29333
27.99,-276.93213
27.992,-277.67664
27.994,-278.1328
27.996,-278.9727
27.998,-280.3304
28.0,-282.1795
28.002,-283.84323
28.004,-285.60358
28.006,-287.26105
28.008,-288.68365
28.01,-289.3962
28.012,-290.1596
28.014,-291.3324
28.016,-293.18652
28.018,-295.29248
28.02,-298.02493
28.022,-301.01047
28.024,-303.6932
28.026,-305.03528
28.028,-305.2908
28.03,-304.549
28.032,-303.19287
28.034,-301.28882
28.036,-299.93732
28.038,-299.45645
28.04,-299.69064
28.042,-299.55057
28.044,-298.79816
28.046,-296.77747
28.048,-293.18652
28.05,-287.7741
28.052,-281.90543
28.054,-276.70865
28.056,-273.17377
28.058,-271.33328
28.06,-271.67865
28.062,-273.61212
28.064,-276.1757
28.066,-277.94308
28.068,-278.86603
28.07,-278.8489
28.072,-278.17697
28.074,-276.95667
28.076,-276.1678
28.078,-276.0836
28.08,-276.67603
28.082,-277.49997
28.084,-278.60165
28.086,-279.59238
28.088,-280.17825
28.09,-280.0854
28.092,-279.81494
28.094,-279.49347
28.096,-279.1776
28.098,-278.5223
28.1,-277.94943
28.102,-277.36386
28.104,-276.67603
28.106,-275.01947
28.108,-273.61273
28.11,-273.0634
28.112,-273.6741
28.114,-274.0734
28.116,-274.6178
28.118,-274.86157
28.12,-274.67474
28.122,-273.5773
28.124,-273.11465
28.126,-274.0031
28.128,-276.1757
28.13,-277.92407
28.132,-278.33777
28.134,-276.25467
28.136,-271.67282
28.138,-265.43362
28.14,-260.19427
28.142,-257.25632
28.144,-255.66264
28.146,-251.33182
28.148,-239.84854
28.15,-217.18282
28.152,-182.61618
28.154,-139.43933
28.156,-95.58393
28.158,-59.162937
28.16,-35.5226
28.162,-24.573368
28.164,-22.655457
28.166,-23.839714
28.168,-24.515596
28.17,-26.162628
28.172,-37.38026
28.174,-69.510445
28.176,-132.08403
28.178,-227.34778
28.18,-349.062
28.182,-481.84814
28.184,-605.88544
28.186,-702.2971
28.188,-759.73804
28.19,-775.42
28.192,-754.9803
28.194,-709.0052
28.196,-650.5029
28.198,-590.0234
28.2,-534.3399
28.202,-485.94827
28.204,-445.59378
28.206,-412.15903
28.208,-384.24445
28.21,-360.3269
28.212,-340.3087
28.214,-323.86176
28.216,-310.69766
28.218,-300.02707
28.22,-291.92682
28.222,-285.8582
28.224,-281.17886
28.226,-276.85812
28.228,-272.97638
28.23,-269.39398
28.232,-266.1693
28.234,-263.0937
28.236,-260.6993
28.238,-258.97345
28.24,-257.6639
28.242,-256.1231
28.244,-254.2984
28.246,-252.23103
28.248,-250.15913
28.25,-248.08978
28.252,-246.3983
28.254,-245.13959
28.256,-244.15532
28.258,-242.8328
28.26,-241.2763
28.262,-239.48775
28.264,-237.65118
28.266,-235.46303
28.268,-234.10333
28.27,-233.57858
28.272,-233.64864
28.274,-233.3288
28.276,-233.41412
28.278,-233.48888
28.28,-233.14832
28.282,-231.69147
28.284,-230.06488
28.286,-228.49121
28.288,-227.1445
28.29,-225.68225
28.292,-224.73167
28.294,-224.14017
28.296,-223.64227
28.298,-222.62196
28.3,-221.52022
28.302,-220.34998
28.304,-219.1394
28.306,-217.5366
28.308,-216.03844
28.31,-214.60165
28.312,-213.13559
28.314,-211.23032
28.316,-209.42314
28.318,-207.85123
28.32,-206.63145
28.322,-205.46863
28.324,-204.82838
28.326,-204.61658
28.328,-204.63017
28.33,-204.28288
28.332,-203.87766
28.334,-203.3407
28.336,-202.6289
28.338,-201.36414
28.34,-200.02519
28.342,-198.62833
28.344,-197.1254
28.346,-195.07233
28.348,-192.91689
28.35,-190.73187
28.352,-188.62
28.354,-186.32452
28.356,-184.44434
28.358,-183.06636
28.36,-182.11586
28.362,-180.99054
28.364,-179.8962
28.366,-178.63763
28.368,-177.11267
28.37,-174.98753
28.372,-172.97708
28.374,-171.43486
28.376,-170.60854
28.378,-170.14034
28.38,-170.34445
28.382,-170.94919
28.384,-171.60918
28.386,-171.65007
28.388,-171.46646
28.39,-171.21355
28.392,-171.10886
28.394,-170.9196
28.396,-171.20384
28.398,-171.9743
28.4,-173.11012
28.402,-174.02231
28.404,-175.05983
28.406,-176.24127
28.408,-177.61299
28.41,-178.80096
28.412,-180.3178
28.414,-182.24818
28.416,-184.61745
28.418,-186.97572
28.42,-189.73672
28.422,-192.84633
28.424,-196.12477
28.426,-198.85847
28.428,-201.1978
28.43,-202.96857
28.432,-204.12985
28.434,-204.4161
28.436,-204.62085
28.438,-205.23384
28.44,-206.63145
28.442,-208.52766
28.444,-211.22385
28.446,-214.41243
28.448,-217.63846
28.45,-220.052
28.452,-221.81108
28.454,-222.94067
28.456,-223.64227
28.458,-223.80638
28.46,-224.18134
28.462,-225.08119
28.464,-226.64418
28.466,-228.41273
28.468,-230.63046
28.47,-233.11522
28.472,-235.64992
28.474,-237.62578
28.476,-239.3533
28.478,-240.85341
28.48,-242.15405
28.482,-242.85265
28.484,-243.41148
28.486,-243.96411
28.488,-244.65564
28.49,-245.20677
28.492,-246.15292
28.494,-247.53223
28.496,-249.15851
28.498,-250.22281
28.5,-250.74985
28.502,-250.53607
28.504,-249.65883
28.506,-248.0778
28.508,-246.87602
28.51,-246.66605
28.512,-247.65755
28.514,-249.06892
28.516,-250.61374
28.518,-251.4896
28.52,-251.15977
28.522,-249.20213
28.524,-246.73721
28.526,-244.78012
28.528,-244.15532
28.53,-244.64462
28.532,-246.30554
28.534,-248.28448
28.536,-249.65883
28.538,-249.43965
28.54,-248.26605
28.542,-246.8805
28.544,-246.1566
28.546,-246.19966
28.548,-247.55861
28.55,-249.79454
28.552,-252.16042
28.554,-253.50285
28.556,-254.04964
28.558,-253.97629
28.56,-253.66136
28.562,-252.96054
28.564,-252.57166
28.566,-252.508
28.568,-252.66074
28.57,-252.48953
28.572,-252.67145
28.574,-253.50412
28.576,-255.16232
28.578,-257.03607
28.58,-259.26764
28.582,-261.32022
28.584,-262.66708
28.586,-262.5465
28.588,-261.68924
28.59,-260.67886
28.592,-260.1655
28.594,-260.0872
28.596,-261.10013
28.598,-262.973
28.6,-265.1687
28.602,-266.5565
28.604,-267.31735
28.606,-267.44235
28.608,-267.16995
28.61,-266.3465
28.612,-265.9095
28.614,-266.16507
28.616,-267.16995
28.618,-268.24207
28.62,-269.67078
28.622,-271.22293
28.624,-272.67346
28.626,-273.3703
28.628,-273.8352
28.63,-274.21228
28.632,-274.67474
28.634,-274.90308
28.636,-275.55365
28.638,-276.6836
28.64,-278.17697
28.642,-279.312
28.644,-280.40274
28.646,-281.35556
28.648,-282.1795
28.65,-282.50754
28.652,-283.09387
28.654,-284.14813
28.656,-285.68173
28.658,-287.00034
28.66,-288.37457
28.662,-289.61813
28.664,-290.68494
28.666,-291.24664
28.668,-292.25165
28.67,-294.15912
28.672,-297.18906
28.674,-300.68225
28.676,-304.67023
28.678,-308.43182
28.68,-311.19797
28.682,-311.92514
28.684,-311.09952
28.686,-309.13794
28.688,-306.6951
28.69,-303.9067
28.692,-301.7585
28.694,-300.31348
28.696,-299.19034
28.698,-297.24335
28.7,-294.4498
28.702,-290.55295
28.704,-285.68173
28.706,-279.85156
28.708,-274.45276
28.71,-270.3639
28.712,-268.1706
28.714,-267.498
28.716,-268.61972
28.718,-270.93613
28.72,-273.6741
28.722,-275.66245
28.724,-277.0976
28.726,-278.0102
28.728,-278.67728
28.73,-279.0576
28.732,-279.95822
28.734,-281.42435
28.736,-283.18015
28.738,-284.52277
28.74,-285.35095
28.742,-285.26724
28.744,-284.1808
28.746,-282.24673
28.748,-280.48816
28.75,-279.51825
28.752,-279.67792
28.754,-280.6474
28.756,-282.48355
28.758,-284.54205
28.76,-286.18207
28.762,-286.22687
28.764,-285.73764
28.766,-285.393
28.768,-285.68173
28.77,-285.45834
28.772,-285.22324
28.774,-284.63712
28.776,-283.68048
28.778,-282.0331
28.78,-281.41144
28.782,-282.65607
28.784,-285.68173
28.786,-288.57004
28.788,-290.0297
28.79,-288.49158
28.792,-283.68048
28.794,-276.4412
28.796,-269.7753
28.798,-265.60413
28.8,-263.66772
28.802,-260.398
28.804,-251.47601
28.806,-232.43288
28.808,-201.62827
28.81,-161.1722
28.812,-117.938675
28.814,-79.42925
28.816,-51.032463
28.818,-33.307198
28.82,-23.628794
28.822,-17.043196
28.824,-10.506684
28.826,-5.491949
28.828,-10.209285
28.83,-35.566956
28.832,-91.05793
28.834,-179.52979
28.836,-295.95428
28.838,-426.3386
28.84,-551.8511
28.842,-653.6949
28.844,-719.6214
28.846,-745.13763
28.848,-733.9669
28.85,-695.1885
28.852,-641.23956
28.854,-583.0277
28.856,-528.3361
28.858,-480.78656
28.86,-441.94354
28.862,-410.8675
28.864,-385.7454
28.866,-364.30103
28.868,-345.8064
28.87,-329.64362
28.872,-315.70084
28.874,-303.70786
28.876,-294.43832
28.878,-287.89804
28.88,-283.68048
28.882,-280.61636
28.884,-278.44193
28.886,-276.56537
28.888,-274.67474
28.89,-272.35434
28.892,-270.22638
28.894,-268.495
28.896,-267.16995
28.898,-265.7648
28.9,-264.30844
28.902,-262.7512
28.904,-261.16614
28.906,-259.41833
28.908,-257.87634
28.91,-256.7584
28.912,-256.16296
28.914,-255.70601
28.916,-255.50441
28.918,-255.3904
28.92,-255.16232
28.922,-254.04494
28.924,-252.77824
28.926,-251.29492
28.928,-249.65883
28.93,-247.47632
28.932,-246.22757
28.934,-246.03882
28.936,-246.6569
28.938,-247.03357
28.94,-247.4245
28.942,-247.26326
28.944,-246.1566
28.946,-243.63087
28.948,-240.7301
28.95,-238.05902
28.952,-236.15022
28.954,-234.87868
28.956,-234.75629
28.958,-235.3929
28.96,-236.15022
28.962,-236.01215
28.964,-235.11287
28.966,-233.4144
28.968,-231.14705
28.97,-228.3313
28.972,-225.90633
28.974,-224.1698
28.976,-223.14195
28.978,-222.22781
28.98,-221.60695
28.982,-220.98387
28.984,-220.14005
28.986,-218.6335
28.988,-217.07991
28.99,-215.69827
28.992,-214.63654
28.994,-213.52492
28.996,-212.76704
28.998,-212.20691
29.0,-211.63463
29.002,-210.48479
29.004,-209.21991
29.006,-207.91638
29.008,-206.63145
29.01,-204.95374
29.012,-203.33945
29.014,-201.74815
29.016,-200.12732
29.018,-198.07527
29.02,-196.20184
29.022,-194.68924
29.024,-193.62317
29.026,-192.5255
29.028,-191.7155
29.03,-190.98297
29.032,-190.12094
29.034,-188.6284
29.036,-187.11206
29.038,-185.85753
29.04,-185.11777
29.042,-184.58405
29.044,-184.6985
29.046,-185.29762
29.048,-186.11841
29.05,-186.50777
29.052,-186.88405
29.054,-187.36797
29.056,-188.11967
29.058,-188.82971
29.06,-190.01993
29.062,-191.66484
29.064,-193.62317
29.066,-195.28969
29.068,-197.05573
29.07,-198.9744
29.072,-201.12794
29.074,-203.1477
29.076,-205.52827
29.078,-208.2442
29.08,-211.13431
29.082,-213.51668
29.084,-215.63232
29.086,-217.36092
29.088,-218.63908
29.09,-219.04799
29.092,-219.18439
29.094,-219.3016
29.096,-219.63972
29.098,-219.94914
29.1,-220.80063
29.102,-222.23973
29.104,-224.1426
29.106,-225.83394
29.108,-227.48863
29.11,-228.94836
29.112,-230.14641
29.114,-230.70885
29.116,-231.25337
29.118,-232.0251
29.12,-233.14832
29.122,-234.1552
29.124,-235.32399
29.126,-236.52008
29.128,-237.65118
29.13,-238.32082
29.132,-239.14212
29.134,-240.3796
29.136,-242.15405
29.138,-243.92369
29.14,-245.81717
29.142,-247.49146
29.144,-248.65819
29.146,-248.8029
29.148,-248.57796
29.15,-248.40771
29.152,-248.65819
29.154,-249.03468
29.156,-249.8983
29.158,-251.02846
29.16,-252.16042
29.162,-252.70271
29.164,-253.18497
29.166,-253.80904
29.168,-254.662
29.17,-255.14224
29.172,-255.40518
29.174,-255.1329
29.176,-254.16168
29.178,-252.20235
29.18,-250.27617
29.182,-249.09885
29.184,-249.15851
29.186,-250.00821
29.188,-251.68166
29.19,-253.46771
29.192,-254.662
29.194,-254.43872
29.196,-253.46178
29.198,-252.3255
29.2,-251.6601
29.202,-251.34837
29.204,-251.84863
29.206,-252.79459
29.208,-253.66136
29.21,-253.59744
29.212,-253.12886
29.214,-252.65381
29.216,-252.66074
29.218,-252.98582
29.22,-254.16264
29.222,-255.89862
29.224,-257.6639
29.226,-258.46002
29.228,-258.5901
29.23,-258.20392
29.232,-257.6639
29.234,-256.8917
29.236,-256.7485
29.238,-257.38266
29.24,-258.66455
29.242,-259.79443
29.244,-261.01184
29.246,-262.15652
29.248,-263.16742
29.25,-263.58154
29.252,-264.06335
29.254,-264.75558
29.256,-265.669
29.258,-266.18198
29.26,-266.67322
29.262,-267.0285
29.264,-267.16995
29.266,-266.61893
29.268,-266.09036
29.27,-265.8713
29.272,-266.1693
29.274,-266.53073
29.276,-267.4305
29.278,-268.72107
29.28,-270.17188
29.282,-271.06268
29.284,-271.88028
29.286,-272.71973
29.288,-273.6741
29.29,-274.25174
29.292,-274.98145
29.294,-275.82233
29.296,-276.67603
29.298,-276.95264
29.3,-277.2207
29.302,-277.6044
29.304,-278.17697
29.306,-278.42252
29.308,-278.80664
29.31,-279.25372
29.312,-279.67792
29.314,-279.5856
29.316,-279.6148
29.318,-279.94937
29.32,-280.67856
29.322,-281.27972
29.324,-282.1131
29.326,-282.9797
29.328,-283.68048
29.33,-283.6577
29.332,-283.56628
29.334,-283.67007
29.336,-284.1808
29.338,-284.67657
29.34,-285.62973
29.342,-286.87567
29.344,-288.18332
29.346,-288.89624
29.348,-289.5899
29.35,-290.45874
29.352,-291.68555
29.354,-292.85037
29.356,-294.4531
29.358,-296.32962
29.36,-298.1897
29.362,-299.23587
29.364,-299.84903
29.366,-300.00104
29.368,-299.69064
29.37,-298.40598
29.372,-296.71133
29.374,-294.63574
29.376,-292.18588
29.378,-288.8961
29.38,-285.45273
29.382,-282.02325
29.384,-278.67728
29.386,-274.86716
29.388,-271.09186
29.39,-267.33936
29.392,-263.66772
29.394,-259.77954
29.396,-256.62558
29.398,-254.65799
29.4,-254.16168
29.402,-254.64833
29.404,-256.44547
29.406,-259.13107
29.408,-262.16678
29.41,-264.58755
29.412,-266.7136
29.414,-268.54285
29.416,-270.17188
29.418,-271.26675
29.42,-272.42224
29.422,-273.60565
29.424,-274.67474
29.426,-275.20773
29.428,-275.5561
29.43,-275.69287
29.432,-275.67538
29.434,-275.50647
29.436,-275.7337
29.438,-276.3545
29.44,-277.17633
29.442,-277.71817
29.444,-278.10297
29.446,-278.1045
29.448,-277.67664
29.45,-276.39557
29.452,-275.52838
29.454,-275.72037
29.456,-277.17633
29.458,-278.359
29.46,-279.46906
29.462,-279.97336
29.464,-279.67792
29.466,-277.90277
29.468,-276.2303
29.47,-275.54608
29.472,-276.1757
29.474,-276.92377
29.476,-277.42288
29.478,-276.76532
29.48,-274.67474
29.482,-271.20242
29.484,-268.1689
29.486,-266.58264
29.488,-266.1693
29.49,-264.42563
29.492,-258.66965
29.494,-245.67587
29.496,-223.64227
29.498,-192.74359
29.5,-156.63725
29.502,-119.75639
29.504,-86.05474
29.506,-57.128735
29.508,-33.365364
29.51,-13.316936
29.512,4.0025463
29.514,17.733812
29.516,22.811813
29.518,12.193263
29.52,-21.513685
29.522,-82.85376
29.524,-172.61717
29.526,-285.2141
29.528,-409.76068
29.53,-531.7924
29.532,-637.7028
29.534,-716.1252
29.536,-760.48376
29.538,-769.4006
29.54,-747.682
29.542,-703.31433
29.544,-645.9109
29.546,-584.2758
29.548,-526.2667
29.55,-476.40826
29.552,-436.27756
29.554,-404.68634
29.556,-380.08
29.558,-360.07718
29.56,-342.71802
29.562,-326.451
29.564,-311.50943
29.566,-298.1401
29.568,-286.68237
29.57,-276.90155
29.572,-269.24268
29.574,-263.455
29.576,-259.16486
29.578,-255.63988
29.58,-253.08165
29.582,-251.32607
29.584,-250.15913
29.586,-248.9949
29.588,-247.80605
29.59,-246.39613
29.592,-244.65564
29.594,-242.36089
29.596,-239.84741
29.598,-237.49126
29.6,-235.64992
29.602,-234.25995
29.604,-233.48654
29.606,-233.19933
29.608,-233.14832
29.61,-232.58626
29.612,-231.96674
29.614,-231.1634
29.616,-230.14641
29.618,-228.34854
29.62,-227.00572
29.622,-226.0255
29.624,-225.14323
29.626,-223.55688
29.628,-222.15627
29.63,-220.87645
29.632,-219.63972
29.634,-217.98347
29.636,-216.63959
29.638,-215.57661
29.64,-214.63654
29.642,-213.23386
29.644,-211.79424
29.646,-210.25296
29.648,-208.63272
29.65,-206.73409
29.652,-205.27866
29.654,-204.42809
29.656,-204.12985
29.658,-203.79024
29.66,-203.48495
29.662,-202.84393
29.664,-201.62827
29.666,-199.54347
29.668,-197.33319
29.67,-195.42264
29.672,-194.12349
29.674,-193.17717
29.676,-192.81422
29.678,-192.62209
29.68,-192.12222
29.682,-190.67632
29.684,-188.71881
29.686,-186.55698
29.688,-184.61745
29.69,-182.93895
29.692,-182.11166
29.694,-181.98979
29.696,-182.11586
29.698,-181.56664
29.7,-180.29547
29.702,-178.10652
29.704,-175.1114
29.706,-171.36066
29.708,-167.83049
29.71,-165.01086
29.712,-163.10376
29.714,-161.63074
29.716,-160.65424
29.718,-159.75502
29.72,-158.60089
29.722,-156.75197
29.724,-154.82713
29.726,-153.18587
29.728,-152.09676
29.73,-151.24387
29.732,-150.8441
29.734,-150.56966
29.736,-150.09549
29.738,-148.9367
29.74,-147.69315
29.742,-146.78201
29.744,-146.59326
29.746,-146.93094
29.748,-148.11009
29.75,-149.80978
29.752,-151.59644
29.754,-152.76546
29.756,-153.66975
29.758,-154.52144
29.76,-155.59898
29.762,-156.70944
29.764,-158.27524
29.766,-160.15717
29.768,-162.10312
29.77,-163.52745
29.772,-164.80559
29.774,-166.10254
29.776,-167.60663
29.778,-169.03305
29.78,-170.76175
29.782,-172.68228
29.784,-174.61108
29.786,-176.02649
29.788,-177.32164
29.79,-178.64058
29.792,-180.11458
29.794,-181.40445
29.796,-182.82608
29.798,-184.27588
29.8,-185.61809
29.802,-186.41203
29.804,-187.10675
29.806,-187.93356
29.808,-189.12032
29.81,-190.43188
29.812,-192.25824
29.814,-194.54366
29.816,-197.1254
29.818,-199.43916
29.82,-201.7183
29.822,-203.94873
29.824,-206.13113
29.826,-207.8667
29.828,-209.47556
29.83,-210.92485
29.832,-212.13495
29.834,-212.65057
29.836,-212.8589
29.838,-212.93819
29.84,-213.13559
29.842,-213.3258
29.844,-214.10326
29.846,-215.5825
29.848,-217.63846
29.85,-219.53598
29.852,-221.25302
29.854,-222.49559
29.856,-223.14195
29.858,-222.89627
29.86,-222.48445
29.862,-222.32108
29.864,-222.64163
29.866,-222.97426
29.868,-223.45226
29.87,-223.75438
29.872,-223.64227
29.874,-222.69717
29.876,-221.65106
29.878,-221.00601
29.88,-221.14069
29.882,-221.6881
29.884,-222.82372
29.886,-224.12262
29.888,-225.14323
29.89,-225.22638
29.892,-224.95169
29.894,-224.77187
29.896,-225.14323
29.898,-225.84132
29.9,-227.23561
29.902,-228.99666
29.904,-230.64673
29.906,-231.33658
29.908,-231.45189
29.91,-231.25635
29.912,-231.14705
29.914,-230.99861
29.916,-231.48216
29.918,-232.60228
29.92,-234.14896
29.922,-235.35793
29.924,-236.55154
29.926,-237.77246
29.928,-239.15215
29.93,-240.345
29.932,-241.9334
29.934,-243.92499
29.936,-246.1566
29.938,-247.8849
29.94,-249.39857
29.942,-250.64278
29.944,-251.6601
29.946,-252.08553
29.948,-252.61838
29.95,-253.46211
29.952,-254.662
29.954,-255.60583
29.956,-256.59677
29.958,-257.4815
29.96,-258.16425
29.962,-258.19586
29.964,-258.3104
29.966,-258.87552
29.968,-260.1655
29.97,-261.75003
29.972,-263.99048
29.974,-266.59814
29.976,-269.17123
29.978,-270.85648
29.98,-272.04095
29.982,-272.88513
29.984,-273.6741
29.986,-274.19275
29.988,-275.21497
29.99,-276.89532
29.992,-279.1776
29.994,-281.3138
29.996,-283.54504
29.998,-285.60278
30.0,-287.1827
30.002,-287.48727
30.004,-286.94333
30.006,-285.71765
30.008,-284.1808
30.01,-282.34366
30.012,-281.3256
30.014,-281.58627
30.016,-283.18015
30.018,-285.20258
30.02,-287.48926
30.022,-289.32455
30.024,-290.1846
30.026,-289.4705
30.028,-288.10107
30.03,-286.78818
30.032,-286.18207
30.034,-286.12146
30.036,-287.05957
30.038,-288.60092
30.04,-290.1846
30.042,-290.8789
30.044,-291.14676
30.046,-291.27832
30.048,-291.68555
30.05,-292.18802
30.052,-293.4598
30.054,-295.3997
30.056,-297.6894
30.058,-299.46265
30.06,-301.09854
30.062,-302.6368
30.064,-304.1935
30.066,-305.34225
30.068,-306.6924
30.07,-308.20145
30.072,-309.69702
30.074,-310.44565
30.076,-310.89203
30.078,-310.99722
30.08,-310.69766
30.082,-309.36475
30.084,-307.50327
30.086,-305.10065
30.088,-302.19223
30.09,-298.39996
30.092,-294.59302
30.094,-291.11862
30.096,-288.18332
30.098,-285.27017
30.1,-282.8323
30.102,-280.6941
30.104,-278.67728
30.106,-276.21048
30.108,-274.0678
30.11,-272.61252
30.112,-272.17316
30.114,-272.41278
30.116,-273.86853
30.118,-276.28247
30.12,-279.1776
30.122,-281.54956
30.124,-283.57138
30.126,-285.09738
30.128,-286.18207
30.13,-286.70953
30.132,-287.40775
30.134,-288.41385
30.136,-289.6843
30.138,-290.91373
30.14,-292.21222
30.142,-293.231
30.144,-293.68683
30.146,-293.3958
30.148,-292.8583
30.15,-292.2417
30.152,-291.68555
30.154,-290.855
30.156,-290.42245
30.158,-290.4155
30.16,-290.68494
30.162,-289.91562
30.164,-289.05942
30.166,-288.51382
30.168,-288.68365
30.17,-288.58255
30.172,-289.1582
30.174,-290.3082
30.176,-291.68555
30.178,-291.93863
30.18,-291.52557
30.182,-290.416
30.184,-288.68365
30.186,-285.73608
30.188,-282.38022
30.19,-278.8231
30.192,-275.17505
30.194,-270.738
30.196,-265.58435
30.198,-258.5427
30.2,-247.65755
30.202,-230.03719
30.204,-204.36502
30.206,-170.18411
30.208,-129.08212
30.21,-84.150475
30.212,-40.760696
30.214,-3.4236217
30.216,25.015915
30.218,44.28903
30.22,54.22455
30.222,54.71547
30.224,43.52769
30.226,16.21649
30.228,-34.329952
30.23,-113.39671
30.232,-221.641
30.234,-352.3381
30.236,-493.0259
30.238,-626.4513
30.24,-735.4679
30.242,-807.12463
30.244,-837.2899
30.246,-829.42896
30.248,-793.00446
30.25,-739.45056
30.252,-680.2388
30.254,-622.97296
30.256,-571.36346
30.258,-525.67126
30.26,-485.81448
30.262,-450.99564
30.264,-420.76767
30.266,-394.4991
30.268,-372.57983
30.27,-354.56418
30.272,-339.71613
30.274,-326.84595
30.276,-316.07806
30.278,-307.349
30.28,-300.69128
30.282,-295.54422
30.284,-292.0442
30.286,-289.62744
30.288,-287.683
30.29,-285.44226
30.292,-283.2395
30.294,-281.3835
30.296,-280.17825
30.298,-279.40585
30.3,-279.01648
30.302,-278.71576
30.304,-278.17697
30.306,-276.90747
30.308,-275.02216
30.31,-272.818
30.312,-270.67218
30.314,-268.45966
30.316,-266.7518
30.318,-265.53223
30.32,-264.66837
30.322,-263.32306
30.324,-262.49945
30.326,-262.01593
30.328,-261.66647
30.33,-260.64627
30.332,-260.12643
30.334,-259.92377
30.336,-259.6652
30.338,-258.4187
30.34,-256.86603
30.342,-254.92719
30.344,-252.66074
30.346,-249.85378
30.348,-247.58844
30.35,-246.17369
30.352,-245.65628
30.354,-245.39984
30.356,-245.60658
30.358,-245.82445
30.36,-245.65628
30.362,-244.53912
30.364,-243.13269
30.366,-241.74565
30.368,-240.65309
30.37,-239.58649
30.372,-238.95691
30.374,-238.45575
30.376,-237.65118
30.378,-235.82095
30.38,-233.38383
30.382,-230.53812
30.384,-227.64482
30.386,-224.73065
30.388,-222.63617
30.39,-221.49167
30.392,-221.14069
30.394,-220.84038
30.396,-220.69646
30.398,-220.37735
30.4,-219.63972
30.402,-217.9779
30.404,-215.93817
30.406,-213.63724
30.408,-211.13431
30.41,-208.01393
30.412,-204.77197
30.414,-201.4487
30.416,-198.12604
30.418,-194.56232
30.42,-191.53925
30.422,-189.34859
30.424,-188.11967
30.426,-187.3423
30.428,-187.25117
30.43,-187.48016
30.432,-187.61935
30.434,-186.93745
30.436,-185.8521
30.438,-184.50797
30.44,-183.11649
30.442,-181.43143
30.444,-180.0895
30.446,-179.16165
30.448,-178.61363
30.45,-177.93825
30.452,-177.6523
30.454,-177.85661
30.456,-178.61363
30.458,-179.44952
30.46,-180.79915
30.462,-182.57039
30.464,-184.61745
30.466,-186.35562
30.468,-188.2759
30.47,-190.49844
30.472,-193.12286
30.474,-195.69348
30.476,-198.64763
30.478,-201.86949
30.48,-205.1305
30.482,-207.6916
30.484,-209.87143
30.486,-211.66098
30.488,-213.13559
30.49,-213.96953
30.492,-214.8532
30.494,-216.03148
30.496,-217.63846
30.498,-219.20793
30.5,-221.13458
30.502,-223.33139
30.504,-225.64354
30.506,-227.43686
30.508,-229.07649
30.51,-230.61469
30.512,-232.14769
30.514,-233.33583
30.516,-234.78787
30.518,-236.69542
30.52,-239.15215
30.522,-241.67578
30.524,-244.6127
30.526,-247.84242
30.528,-251.15977
30.53,-253.86214
30.532,-256.23926
30.534,-258.30582
30.536,-260.1655
30.538,-261.52936
30.54,-263.07895
30.542,-265.08377
30.544,-267.6703
30.546,-270.3034
30.548,-273.21982
30.55,-276.13486
30.552,-278.67728
30.554,-280.01855
30.556,-280.44727
30.558,-280.06818
30.56,-279.1776
30.562,-277.71503
30.564,-276.6502
30.566,-276.4165
30.568,-277.17633
30.57,-278.28625
30.572,-279.90106
30.574,-281.64838
30.576,-283.18015
30.578,-283.78146
30.58,-283.95822
30.582,-283.8816
30.584,-283.68048
30.586,-282.84775
30.588,-281.8688
30.59,-280.77527
30.592,-279.67792
30.594,-278.30817
30.596,-277.60626
30.598,-278.0081
30.6,-279.67792
30.602,-281.8526
30.604,-284.52075
30.606,-287.008
30.608,-288.68365
30.61,-288.67163
30.612,-287.67847
30.614,-286.2845
30.616,-285.18143
30.618,-284.35574
30.62,-284.61972
30.622,-285.87402
30.624,-287.683
30.626,-288.94107
30.628,-289.85394
30.63,-290.373
30.632,-290.68494
30.634,-290.54745
30.636,-290.90305
30.638,-291.97443
30.64,-293.68683
30.642,-295.15308
30.644,-296.60486
30.646,-297.807
30.648,-298.69
30.65,-298.83655
30.652,-299.2132
30.654,-300.25726
30.656,-302.19223
30.658,-304.34695
30.66,-306.97223
30.662,-309.58957
30.664,-311.6983
30.666,-312.41595
30.668,-312.38736
30.67,-311.99036
30.672,-311.6983
30.674,-311.34433
30.676,-311.756
30.678,-312.95343
30.68,-314.7002
30.682,-316.07626
30.684,-317.4143
30.686,-318.62515
30.688,-319.70337
30.69,-320.1135
30.692,-320.54755
30.694,-321.0857
30.696,-321.70465
30.698,-321.73773
30.7,-321.78427
30.702,-321.92096
30.704,-322.205
30.706,-322.06564
30.708,-322.16187
30.71,-322.54846
30.712,-323.2056
30.714,-323.48825
30.716,-323.9932
30.718,-324.7454
30.72,-325.7072
30.722,-326.22073
30.724,-326.82874
30.726,-327.50754
30.728,-328.2088
30.73,-328.3381
30.732,-328.48785
30.734,-328.64822
30.736,-328.7091
30.738,-327.96976
30.74,-326.9304
30.742,-325.62656
30.744,-324.20624
30.746,-322.40033
30.748,-321.2075
30.75,-320.95648
30.752,-321.70465
30.754,-322.64993
30.756,-323.99292
30.758,-325.2919
30.76,-326.20752
30.762,-326.11487
30.764,-325.96793
30.766,-326.33328
30.768,-327.70847
30.77,-329.73322
30.772,-332.9288
30.774,-336.83368
30.776,-340.71674
30.778,-343.25986
30.78,-344.63123
30.782,-344.72824
30.784,-343.71866
30.786,-341.3622
30.788,-338.7281
30.79,-336.15237
30.792,-333.71228
30.794,-330.67212
30.796,-327.44855
30.798,-323.8401
30.8,-319.70337
30.802,-314.46713
30.804,-309.03055
30.806,-303.80664
30.808,-299.19034
30.81,-294.9056
30.812,-291.83658
30.814,-290.1096
30.816,-289.6843
30.818,-289.83206
30.82,-291.0393
30.822,-293.10168
30.824,-295.6881
30.826,-297.83765
30.828,-299.86722
30.83,-301.6359
30.832,-303.19287
30.834,-304.2978
30.836,-305.94867
30.838,-308.43857
30.84,-311.6983
30.842,-314.9329
30.844,-317.85327
30.846,-319.61453
30.848,-319.70337
30.85,-318.04
30.852,-315.85364
30.854,-314.14822
30.856,-313.69955
30.858,-314.4707
30.86,-316.52066
30.862,-318.91998
30.864,-320.704
30.866,-320.62698
30.868,-319.8484
30.87,-319.29868
30.872,-319.70337
30.874,-319.9012
30.876,-320.32974
30.878,-320.37106
30.88,-319.70337
30.882,-317.68195
30.884,-316.16086
30.886,-316.2448
30.888,-318.20242
30.89,-320.3241
30.892,-321.5459
30.894,-320.30453
30.896,-316.20114
30.898,-309.8471
30.9,-304.26822
30.902,-301.53595
30.904,-301.69193
30.906,-301.39874
30.908,-296.46933
30.91,-282.0657
30.912,-255.66264
30.914,-218.09933
30.916,-175.19464
30.918,-133.93132
30.92,-100.06366
30.922,-75.235115
30.924,-58.256954
30.926,-44.99051
30.928,-32.02037
30.93,-19.158558
30.932,-12.58143
30.934,-21.836895
30.936,-57.036285
30.938,-124.13995
30.94,-223.4114
30.942,-346.54892
30.944,-478.8046
30.946,-602.0918
30.948,-701.1006
30.95,-765.1237
30.952,-790.50287
30.954,-779.97327
30.956,-742.5934
30.958,-689.23376
30.96,-630.40106
30.962,-573.7016
30.964,-524.61115
30.966,-484.75208
30.968,-453.28836
30.97,-427.6345
30.972,-406.30908
30.974,-387.88632
30.976,-371.73648
30.978,-357.29907
30.98,-345.36777
30.982,-335.95834
30.984,-328.7091
30.986,-322.51727
30.988,-317.4387
30.99,-313.18945
30.992,-309.69702
30.994,-306.5344
30.996,-304.25424
30.998,-302.74637
31.0,-301.69193
31.002,-300.33844
31.004,-298.8002
31.006,-297.17044
31.008,-295.6881
31.01,-294.2442
31.012,-293.19122
31.014,-292.55472
31.016,-292.18588
31.018,-291.49124
31.02,-290.54532
31.022,-289.38538
31.024,-288.18332
31.026,-286.58466
31.028,-285.56766
31.03,-285.1557
31.032,-285.18143
31.034,-284.65762
31.036,-284.49475
31.038,-284.29666
31.04,-283.68048
31.042,-281.8942
31.044,-280.12152
31.046,-278.65375
31.048,-277.67664
31.05,-276.70596
31.052,-276.3677
31.054,-276.34073
31.056,-276.1757
31.058,-275.0422
31.06,-273.43564
31.062,-271.42252
31.064,-269.17123
31.066,-266.46347
31.068,-264.09256
31.07,-262.17355
31.072,-260.66583
31.074,-259.02658
31.076,-257.70386
31.078,-256.61496
31.08,-255.66264
31.082,-254.35329
31.084,-253.19102
31.086,-252.14882
31.088,-251.15977
31.09,-249.75226
31.092,-248.44867
31.094,-247.26106
31.096,-246.1566
31.098,-244.65886
31.1,-243.23242
31.102,-241.78258
31.104,-240.15277
31.106,-237.77682
31.108,-235.15631
31.11,-232.38947
31.112,-229.64609
31.114,-226.70811
31.116,-224.35205
31.118,-222.70456
31.12,-221.641
31.122,-220.35817
31.124,-218.97382
31.126,-217.1301
31.128,-214.63654
31.13,-211.1277
31.132,-207.57707
31.134,-204.58386
31.136,-202.6289
31.138,-201.42702
31.14,-201.40181
31.142,-202.15927
31.144,-203.12923
31.146,-203.3072
31.148,-202.98048
31.15,-202.19048
31.152,-201.12794
31.154,-199.53441
31.156,-198.16962
31.158,-197.19101
31.16,-196.62509
31.162,-195.93604
31.164,-195.67374
31.166,-195.90306
31.168,-196.62509
31.17,-197.25023
31.172,-198.2304
31.174,-199.52707
31.176,-201.12794
31.178,-202.58533
31.18,-204.61908
31.182,-207.45143
31.184,-211.13431
31.186,-214.97345
31.188,-219.15955
31.19,-223.32599
31.192,-227.1445
31.194,-229.95354
31.196,-232.4084
31.198,-234.86671
31.2,-237.65118
31.202,-240.38599
31.204,-243.52533
31.206,-246.8802
31.208,-250.15913
31.21,-252.61664
31.212,-254.71744
31.214,-256.65524
31.216,-258.66455
31.218,-260.41086
31.22,-262.4388
31.222,-264.73428
31.224,-267.16995
31.226,-269.11163
31.228,-271.00687
31.23,-272.98077
31.232,-275.17505
31.234,-277.19135
31.236,-279.54742
31.238,-282.2463
31.24,-285.18143
31.242,-287.69553
31.244,-290.14175
31.246,-292.48938
31.248,-294.68747
31.25,-296.15756
31.252,-297.30548
31.254,-298.14038
31.256,-298.69
31.258,-298.54315
31.26,-298.3799
31.262,-298.51163
31.264,-299.19034
31.266,-300.02994
31.268,-301.50766
31.27,-303.49426
31.272,-305.69446
31.274,-307.22607
31.276,-308.30075
31.278,-308.79245
31.28,-308.69638
31.282,-307.61368
31.284,-306.31467
31.286,-305.10794
31.288,-304.1935
31.29,-303.09387
31.292,-302.3039
31.294,-301.72577
31.296,-301.19162
31.298,-300.016
31.3,-298.75586
31.302,-297.5774
31.304,-296.68875
31.306,-295.73862
31.308,-295.4721
31.31,-295.98672
31.312,-297.18906
31.314,-298.26962
31.316,-299.5358
31.318,-300.75073
31.32,-301.69193
31.322,-301.64853
31.324,-301.24756
31.326,-300.68362
31.328,-300.19098
31.33,-299.4209
31.332,-299.20303
31.334,-299.66068
31.336,-300.69128
31.338,-301.4208
31.34,-302.14307
31.342,-302.61374
31.344,-302.69257
31.346,-301.83594
31.348,-300.91953
31.35,-300.297
31.352,-300.19098
31.354,-300.0321
31.356,-300.33664
31.358,-300.94452
31.36,-301.69193
31.362,-301.94446
31.364,-302.4799
31.366,-303.53253
31.368,-305.19415
31.37,-306.74936
31.372,-308.54953
31.374,-310.2853
31.376,-311.6983
31.378,-312.15912
31.38,-312.54468
31.382,-313.2868
31.384,-314.7002
31.386,-316.23734
31.388,-318.2868
31.39,-320.4368
31.392,-322.205
31.394,-322.695
31.396,-322.5792
31.398,-322.25363
31.4,-322.205
31.402,-322.23132
31.404,-323.1174
31.406,-324.7459
31.408,-326.70782
31.41,-327.91647
31.412,-328.6538
31.414,-328.86606
31.416,-328.7091
31.418,-327.88773
31.42,-327.3924
31.422,-327.49814
31.424,-328.2088
31.426,-328.689
31.428,-329.25046
31.43,-329.64035
31.432,-329.70975
31.434,-328.89932
31.436,-328.09308
31.438,-327.63486
31.44,-327.70847
31.442,-327.65433
31.444,-327.88892
31.446,-328.15094
31.448,-328.2088
31.45,-327.40247
31.452,-326.61954
31.454,-326.28375
31.456,-326.70782
31.458,-327.32626
31.46,-328.56552
31.462,-330.0223
31.464,-331.2107
31.466,-331.19464
31.468,-330.59387
31.47,-329.6651
31.472,-328.7091
31.474,-327.35352
31.476,-326.32812
31.478,-325.63
31.48,-325.20688
31.482,-324.5355
31.484,-324.48352
31.486,-325.34335
31.488,-327.20816
31.49,-329.28204
31.492,-331.7535
31.494,-334.06302
31.496,-335.71356
31.498,-335.91446
31.5,-335.55923
31.502,-335.16953
31.504,-335.21326
31.506,-335.2973
31.508,-336.01163
31.51,-337.09247
31.512,-338.21515
31.514,-338.63602
31.516,-339.20087
31.518,-340.30258
31.52,-342.2177
31.522,-344.3076
31.524,-346.85052
31.526,-349.22308
31.528,-350.7231
31.53,-350.27768
31.532,-348.51837
31.534,-345.82852
31.536,-342.71802
31.538,-339.00363
31.54,-335.56143
31.542,-332.37262
31.544,-329.20944
31.546,-325.24615
31.548,-321.15018
31.55,-317.18265
31.552,-313.69955
31.554,-310.4401
31.556,-308.3214
31.558,-307.44598
31.56,-307.69574
31.562,-308.251
31.564,-309.58282
31.566,-311.5981
31.568,-314.1999
31.57,-316.70145
31.572,-319.60446
31.574,-322.7108
31.576,-325.7072
31.578,-327.77762
31.58,-329.2715
31.582,-330.07394
31.584,-330.21005
31.586,-329.58728
31.588,-328.95886
31.59,-328.4923
31.592,-328.2088
31.594,-327.79626
31.596,-327.61716
31.598,-327.48343
31.6,-327.20816
31.602,-326.337
31.604,-325.56598
31.606,-325.12268
31.608,-325.20688
31.61,-324.98605
31.612,-325.59808
31.614,-327.24408
31.616,-329.70975
31.618,-331.03073
31.62,-331.5568
31.622,-331.03397
31.624,-329.70975
31.626,-327.28604
31.628,-325.72345
31.63,-325.8839
31.632,-327.70847
31.634,-329.27463
31.636,-329.6964
31.638,-327.7299
31.64,-323.2056
31.642,-316.57205
31.644,-310.34457
31.646,-305.7798
31.648,-302.19223
31.65,-295.96512
31.652,-283.40375
31.654,-260.80362
31.656,-227.1445
31.658,-184.66656
31.66,-140.16487
31.662,-100.845695
31.664,-72.04583
31.666,-54.67532
31.668,-47.052578
31.67,-45.079926
31.672,-46.02928
31.674,-50.707623
31.676,-65.96863
31.678,-100.91305
31.68,-163.60408
31.682,-256.43317
31.684,-375.3983
31.686,-508.44556
31.688,-638.90643
31.69,-749.39276
31.692,-827.8453
31.694,-868.3475
31.696,-872.05475
31.698,-845.0675
31.7,-797.598
31.702,-739.4913
31.704,-678.9319
31.706,-621.0836
31.708,-569.85815
31.71,-526.51685
31.712,-490.81223
31.714,-461.04483
31.716,-436.3401
31.718,-415.27145
31.72,-396.7524
31.722,-379.70102
31.724,-364.73727
31.726,-352.16342
31.728,-342.2177
31.73,-334.36176
31.732,-328.8765
31.734,-325.2212
31.736,-322.7053
31.738,-320.2128
31.74,-317.8014
31.742,-315.30048
31.744,-312.6989
31.746,-309.72952
31.748,-306.90308
31.75,-304.50958
31.752,-302.69257
31.754,-301.00775
31.756,-299.4695
31.758,-297.88965
31.76,-296.18842
31.762,-294.06458
31.764,-292.2488
31.766,-291.19366
31.768,-291.18524
31.77,-291.4994
31.772,-292.7038
31.774,-294.0327
31.776,-294.68747
31.778,-293.445
31.78,-291.66882
31.782,-289.64252
31.784,-287.683
31.786,-285.417
31.788,-284.05786
31.79,-283.45178
31.792,-283.18015
31.794,-282.27676
31.796,-281.32895
31.798,-280.28802
31.8,-279.1776
31.802,-277.57178
31.804,-276.22205
31.806,-275.12396
31.808,-274.1744
31.81,-272.82516
31.812,-271.68604
31.814,-270.80682
31.816,-270.17188
31.818,-269.2438
31.82,-268.46268
31.822,-267.66153
31.824,-266.66965
31.826,-264.97913
31.828,-263.24078
31.83,-261.6109
31.832,-260.1655
31.834,-258.4274
31.836,-256.81006
31.838,-255.12047
31.84,-253.16106
31.842,-250.4269
31.844,-247.59645
31.846,-244.9321
31.848,-242.65437
31.85,-240.41971
31.852,-238.7284
31.854,-237.4009
31.856,-236.15022
31.858,-234.27722
31.86,-232.25293
31.862,-230.16263
31.864,-228.14514
31.866,-225.88348
31.868,-224.0406
31.87,-222.65631
31.872,-221.641
31.874,-220.39153
31.876,-219.34367
31.878,-218.4456
31.88,-217.63846
31.882,-216.4136
31.884,-215.3154
31.886,-214.38506
31.888,-213.63591
31.89,-212.62009
31.892,-211.92386
31.894,-211.60522
31.896,-211.63463
31.898,-211.44452
31.9,-211.45192
31.902,-211.55418
31.904,-211.63463
31.906,-211.16037
31.908,-210.72162
31.91,-210.4893
31.912,-210.634
31.914,-210.81734
31.916,-211.65698
31.918,-213.15395
31.92,-215.13686
31.922,-216.85666
31.924,-218.5785
31.926,-220.17613
31.928,-221.641
31.93,-222.63953
31.932,-223.92789
31.934,-225.75143
31.936,-228.14514
31.938,-230.42934
31.94,-232.74219
31.942,-234.73193
31.944,-236.15022
31.946,-236.52937
31.948,-236.62912
31.95,-236.89105
31.952,-237.65118
31.954,-238.53949
31.956,-239.87448
31.958,-241.3582
31.96,-242.65437
31.962,-243.12325
31.964,-243.32236
31.966,-243.56508
31.968,-244.15532
31.97,-244.78854
31.972,-245.88225
31.974,-247.25629
31.976,-248.65819
31.978,-249.48285
31.98,-250.25574
31.982,-251.23602
31.984,-252.66074
31.986,-254.15343
31.988,-256.03714
31.99,-258.0099
31.992,-259.6652
31.994,-260.2283
31.996,-260.12515
31.998,-259.63248
32.0,-259.16486
32.002,-258.6576
32.004,-258.8391
32.006,-259.75388
32.008,-261.16614
32.01,-262.21472
32.012,-263.008
32.014,-263.34225
32.016,-263.16742
32.018,-262.12613
32.02,-260.9804
32.022,-260.0771
32.024,-259.6652
32.026,-259.3619
32.028,-259.63205
32.03,-260.32724
32.032,-261.16614
32.034,-261.3528
32.036,-261.2144
32.038,-260.77
32.04,-260.1655
32.042,-259.13806
32.044,-258.46265
32.046,-258.3208
32.048,-258.66455
32.05,-258.74802
32.052,-258.79556
32.054,-258.61523
32.056,-258.16425
32.058,-257.117
32.06,-256.39676
32.062,-256.48135
32.064,-257.6639
32.066,-259.42664
32.068,-261.9769
32.07,-264.7761
32.072,-267.16995
32.074,-268.1127
32.076,-267.9716
32.078,-266.989
32.08,-265.669
32.082,-264.09866
32.084,-263.35974
32.086,-263.74924
32.088,-265.1687
32.09,-266.68433
32.092,-268.338
32.094,-269.73575
32.096,-270.67218
32.098,-270.6908
32.1,-270.67108
32.102,-271.06262
32.104,-272.17316
32.106,-273.53668
32.108,-275.5038
32.11,-277.70807
32.112,-279.67792
32.114,-280.51926
32.116,-280.68958
32.118,-280.43484
32.12,-280.17825
32.122,-279.85583
32.124,-280.3508
32.126,-281.7334
32.128,-283.68048
32.13,-285.08612
32.132,-285.89194
32.134,-285.7529
32.136,-284.6811
32.138,-282.58914
32.14,-280.7579
32.142,-279.97168
32.144,-280.67856
32.146,-282.314
32.148,-284.92435
32.15,-287.78818
32.152,-290.1846
32.154,-291.17062
32.156,-291.35565
32.158,-291.18747
32.16,-291.18524
32.162,-291.17697
32.164,-291.76837
32.166,-292.74078
32.168,-293.68683
32.17,-293.73862
32.172,-293.36206
32.174,-292.75336
32.176,-292.18588
32.178,-291.3527
32.18,-290.87607
32.182,-290.70218
32.184,-290.68494
32.186,-290.23386
32.188,-289.98132
32.19,-290.1093
32.192,-290.68494
32.194,-291.04837
32.196,-291.46515
32.198,-291.59674
32.2,-291.18524
32.202,-289.71396
32.204,-288.0786
32.206,-286.7812
32.208,-286.18207
32.21,-285.81387
32.212,-286.0191
32.214,-286.42505
32.216,-286.68237
32.218,-286.17688
32.22,-285.73312
32.222,-285.79962
32.224,-286.68237
32.226,-287.83414
32.228,-289.43866
32.23,-290.91382
32.232,-291.68555
32.234,-290.97968
32.236,-289.59
32.238,-288.11465
32.24,-287.1827
32.242,-286.64658
32.244,-287.05988
32.246,-287.9826
32.248,-288.68365
32.25,-287.94424
32.252,-286.0616
32.254,-283.26743
32.256,-280.17825
32.258,-277.06458
32.26,-275.2532
32.262,-275.16013
32.264,-276.67603
32.266,-278.71176
32.268,-281.12256
32.27,-283.2553
32.272,-284.6811
32.274,-284.80252
32.276,-284.47598
32.278,-284.15475
32.28,-284.1808
32.282,-284.15408
32.284,-284.51044
32.286,-284.9651
32.288,-285.18143
32.29,-284.48367
32.292,-283.4911
32.294,-282.47025
32.296,-281.6792
32.298,-280.75632
32.3,-280.1991
32.302,-279.78186
32.304,-279.1776
32.306,-277.68152
32.308,-275.95288
32.31,-274.42313
32.312,-273.6741
32.314,-273.74146
32.316,-275.5065
32.318,-278.85983
32.32,-283.18015
32.322,-287.01602
32.324,-290.0154
32.326,-291.59964
32.328,-291.68555
32.33,-290.23785
32.332,-288.70667
32.334,-288.01617
32.336,-288.68365
32.338,-290.10773
32.34,-292.2068
32.342,-294.04138
32.344,-294.68747
32.346,-293.11584
32.348,-289.94202
32.35,-285.72806
32.352,-281.17886
32.354,-276.34637
32.356,-272.04962
32.358,-268.23944
32.36,-264.66837
32.362,-260.65488
32.364,-256.8784
32.366,-253.73344
32.368,-251.6601
32.37,-250.44516
32.372,-250.67607
32.374,-252.08333
32.376,-254.16168
32.378,-255.91475
32.38,-257.6274
32.382,-259.32074
32.384,-261.16614
32.386,-262.88586
32.388,-265.0922
32.39,-267.64783
32.392,-270.17188
32.394,-271.85754
32.396,-272.7983
32.398,-272.85382
32.4,-272.17316
32.402,-271.0442
32.404,-270.34262
32.406,-270.38388
32.408,-271.17252
32.41,-272.36847
32.412,-273.778
32.414,-274.7277
32.416,-274.67474
32.418,-273.2131
32.42,-271.13458
32.422,-269.07718
32.424,-267.6703
32.426,-266.4848
32.428,-266.5387
32.43,-267.87848
32.432,-270.17188
32.434,-271.76886
32.436,-272.92233
32.438,-273.38208
32.44,-273.17377
32.442,-271.785
32.444,-270.3903
32.446,-269.4759
32.448,-269.17123
32.45,-268.5511
32.452,-267.678
32.454,-266.11536
32.456,-263.66772
32.458,-259.86243
32.46,-255.33792
32.462,-249.70901
32.464,-241.65373
32.466,-228.50182
32.468,-208.48593
32.47,-180.21663
32.472,-144.09166
32.474,-102.12929
32.476,-58.918457
32.478,-18.708765
32.48,15.509867
32.482,43.129494
32.484,63.859707
32.486,77.76349
32.488,83.05283
32.49,75.65616
32.492,48.443275
32.494,-4.8666887
32.496,-87.05538
32.498,-194.47777
32.5,-317.9348
32.502,-442.8603
32.504,-553.35205
32.506,-635.8398
32.508,-683.68896
32.51,-696.7902
32.512,-680.93317
32.514,-644.80396
32.516,-598.5464
32.518,-550.0289
32.52,-504.32083
32.522,-463.4302
32.524,-428.5843
32.526,-399.56723
32.528,-375.73904
32.53,-355.83405
32.532,-339.46124
32.534,-325.69208
32.536,-313.69955
32.538,-302.55466
32.54,-292.7299
32.542,-284.51285
32.544,-278.17697
32.546,-273.31848
32.548,-270.08978
32.55,-267.92017
32.552,-266.1693
32.554,-264.03207
32.556,-261.76404
32.558,-259.56717
32.56,-257.6639
32.562,-255.8542
32.564,-254.16707
32.566,-252.47073
32.568,-250.65945
32.57,-248.51268
32.572,-246.28671
32.574,-244.38622
32.576,-243.15468
32.578,-242.37157
32.58,-242.1316
32.582,-242.15369
32.584,-242.15405
32.586,-241.41266
32.588,-240.81436
32.59,-240.40306
32.592,-240.15277
32.594,-239.35269
32.596,-238.87823
32.598,-238.42058
32.6,-237.65118
32.602,-235.95404
32.604,-234.32408
32.606,-233.02414
32.608,-232.14769
32.61,-231.11389
32.612,-230.23952
32.614,-229.15868
32.616,-227.64482
32.618,-225.41849
32.62,-223.4731
32.622,-222.31439
32.624,-222.14131
32.626,-222.31418
32.628,-222.67049
32.63,-222.44742
32.632,-221.14069
32.634,-218.47006
32.636,-215.627
32.638,-213.60594
32.64,-213.13559
32.642,-213.93312
32.644,-215.80116
32.646,-217.58948
32.648,-218.13878
32.65,-216.47656
32.652,-213.28345
32.654,-209.46872
32.656,-206.13113
32.658,-203.69452
32.66,-202.7733
32.662,-202.8795
32.664,-203.12923
32.666,-202.34557
32.668,-200.63925
32.67,-198.21928
32.672,-195.62445
32.674,-193.05673
32.676,-191.33208
32.678,-190.46141
32.68,-190.12094
32.682,-189.4909
32.684,-188.6892
32.686,-187.57307
32.688,-186.11841
32.69,-183.98778
32.692,-181.70605
32.694,-179.37592
32.696,-177.11267
32.698,-174.73087
32.7,-172.95425
32.702,-172.05502
32.704,-172.10948
32.706,-172.5538
32.708,-173.43144
32.71,-174.26237
32.712,-174.61108
32.714,-173.89151
32.716,-172.68845
32.718,-171.43097
32.72,-170.60854
32.722,-170.21884
32.724,-170.85439
32.726,-172.42833
32.728,-174.61108
32.73,-176.59671
32.732,-178.49825
32.734,-180.17354
32.736,-181.61554
32.738,-182.54118
32.74,-183.52576
32.742,-184.7101
32.744,-186.11841
32.746,-187.29527
32.748,-188.5676
32.75,-189.86798
32.752,-191.12158
32.754,-191.90207
32.756,-192.62303
32.758,-193.34868
32.76,-194.12349
32.762,-194.59998
32.764,-195.19191
32.766,-195.89606
32.768,-196.62509
32.77,-196.88194
32.772,-196.99086
32.774,-197.01584
32.776,-197.1254
32.778,-197.2116
32.78,-197.92969
32.782,-199.4427
32.784,-201.62827
32.786,-203.71983
32.788,-205.5704
32.79,-206.7634
32.792,-207.13177
32.794,-206.5019
32.796,-205.75969
32.798,-205.51341
32.8,-206.13113
32.802,-207.20056
32.804,-208.67781
32.806,-209.98708
32.808,-210.634
32.81,-210.10094
32.812,-209.08485
32.814,-208.22797
32.816,-208.1324
32.818,-208.68108
32.82,-210.09187
32.822,-211.81815
32.824,-213.13559
32.826,-213.08786
32.828,-211.9478
32.83,-210.08186
32.832,-208.1324
32.834,-206.35931
32.836,-205.61478
32.838,-205.9813
32.84,-207.13177
32.842,-208.10727
32.844,-208.80933
32.846,-208.9777
32.848,-208.63272
32.85,-207.63628
32.852,-206.8376
32.854,-206.62648
32.856,-207.13177
32.858,-207.76118
32.86,-208.5993
32.862,-209.30153
32.864,-209.63336
32.866,-209.16565
32.868,-208.59846
32.87,-208.33032
32.872,-208.63272
32.874,-209.08713
32.876,-209.93166
32.878,-210.86772
32.88,-211.63463
32.882,-211.75514
32.884,-211.93536
32.886,-212.6196
32.888,-214.13623
32.89,-216.06398
32.892,-218.5534
32.894,-221.0954
32.896,-223.14195
32.898,-223.92326
32.9,-223.96814
32.902,-223.70683
32.904,-223.64227
32.906,-223.66786
32.908,-224.3229
32.91,-225.43227
32.912,-226.64418
32.914,-227.20407
32.916,-227.53142
32.918,-227.88805
32.92,-228.64546
32.922,-229.66391
32.924,-231.52809
32.926,-234.13968
32.928,-237.15086
32.93,-239.66573
32.932,-241.80647
32.934,-243.45676
32.936,-244.65564
32.938,-245.09564
32.94,-245.45227
32.942,-245.94215
32.944,-246.6569
32.946,-247.11726
32.948,-247.72264
32.95,-248.42693
32.952,-249.15851
32.954,-249.40042
32.956,-249.64748
32.958,-250.02768
32.96,-250.65945
32.962,-251.15512
32.964,-252.02185
32.966,-253.24188
32.968,-254.662
32.97,-255.58586
32.972,-256.31
32.974,-256.80756
32.976,-257.1636
32.978,-257.09805
32.98,-257.36533
32.982,-258.2096
32.984,-259.6652
32.986,-261.0556
32.988,-262.51144
32.99,-263.65744
32.992,-264.16806
32.994,-263.4426
32.996,-262.14142
32.998,-260.7114
33.0,-259.6652
33.002,-258.95297
33.004,-259.2943
33.006,-260.6526
33.008,-262.66708
33.01,-264.30673
33.012,-265.57596
33.014,-266.20297
33.016,-266.1693
33.018,-265.2306
33.02,-264.36655
33.022,-264.08203
33.024,-264.66837
33.026,-265.62372
33.028,-267.20972
33.03,-269.0372
33.032,-270.67218
33.034,-271.31757
33.036,-271.46103
33.038,-271.31897
33.04,-271.17252
33.042,-270.75604
33.044,-270.72263
33.046,-271.07767
33.048,-271.67282
33.05,-271.82388
33.052,-271.94852
33.054,-272.056
33.056,-272.17316
33.058,-271.8155
33.06,-271.53326
33.062,-271.33618
33.064,-271.17252
33.066,-270.48212
33.068,-269.84116
33.07,-269.37164
33.072,-269.17123
33.074,-268.76813
33.076,-268.77408
33.078,-269.2462
33.08,-270.17188
33.082,-270.98376
33.084,-272.19928
33.086,-273.80023
33.088,-275.67538
33.09,-277.10757
33.092,-278.44843
33.094,-279.52887
33.096,-280.17825
33.098,-279.78513
33.1,-278.97025
33.102,-277.99045
33.104,-277.17633
33.106,-276.36673
33.108,-276.36652
33.11,-277.23376
33.112,-278.67728
33.114,-279.6465
33.116,-280.08136
33.118,-279.59793
33.12,-278.17697
33.122,-275.76273
33.124,-273.67105
33.126,-272.6848
33.128,-273.17377
33.13,-274.44122
33.132,-276.39536
33.134,-278.30215
33.136,-279.67792
33.138,-280.08755
33.14,-280.72156
33.142,-282.4274
33.144,-285.68173
33.146,-289.732
33.148,-294.20746
33.15,-297.87186
33.152,-299.69064
33.154,-298.85892
33.156,-296.56583
33.158,-294.0939
33.16,-292.6862
33.162,-292.4596
33.164,-293.7293
33.166,-295.54855
33.168,-296.68875
33.17,-295.7461
33.172,-293.14267
33.174,-289.48502
33.176,-285.68173
33.178,-281.9671
33.18,-279.1866
33.182,-277.11072
33.184,-275.17505
33.186,-272.38098
33.188,-269.22644
33.19,-266.12094
33.192,-263.66772
33.194,-261.85776
33.196,-261.4402
33.198,-262.2169
33.2,-263.66772
33.202,-264.74652
33.204,-265.70212
33.206,-266.58652
33.208,-267.6703
33.21,-268.8819
33.212,-270.9008
33.214,-273.63245
33.216,-276.67603
33.218,-279.28513
33.22,-281.30402
33.222,-282.31433
33.224,-282.1795
33.226,-281.05908
33.228,-279.7528
33.23,-278.7004
33.232,-278.17697
33.234,-278.09604
33.236,-278.6809
33.238,-279.5302
33.24,-280.17825
33.242,-279.61893
33.244,-278.7525
33.246,-278.1256
33.248,-278.17697
33.25,-277.7812
33.252,-277.72327
33.254,-277.88184
33.256,-278.17697
33.258,-277.6374
33.26,-277.47748
33.262,-278.1491
33.264,-279.67792
33.266,-280.70596
33.268,-281.0578
33.27,-280.07736
33.272,-277.67664
33.274,-273.8164
33.276,-270.04416
33.278,-266.8072
33.28,-263.16742
33.282,-256.05948
33.284,-242.73502
33.286,-220.48994
33.288,-188.62
33.29,-148.64766
33.292,-105.46289
33.294,-64.05626
33.296,-28.017824
33.298,2.2095058
33.3,27.4833
33.302,49.837914
33.304,69.54424
33.306,83.70044
33.308,84.453255
33.31,62.51298
33.312,10.006366
33.314,-75.63114
33.316,-191.17174
33.318,-326.17145
33.32,-465.79633
33.322,-593.9368
33.324,-698.27155
33.326,-770.9224
33.328,-809.51495
33.33,-815.86414
33.332,-795.9569
33.334,-756.75024
33.336,-705.4488
33.338,-648.29565
33.34,-591.64374
33.342,-539.93744
33.344,-495.81543
33.346,-459.4922
33.348,-430.55426
33.35,-407.0266
33.352,-386.74603
33.354,-367.7032
33.356,-349.98734
33.358,-334.06134
33.36,-320.704
33.362,-309.95538
33.364,-302.2371
33.366,-296.8353
33.368,-292.6862
33.37,-288.42603
33.372,-284.04144
33.374,-279.6566
33.376,-275.67538
33.378,-272.1605
33.38,-269.52182
33.382,-267.76025
33.384,-266.66965
33.386,-265.70947
33.388,-264.81207
33.39,-264.07663
33.392,-263.66772
33.394,-263.35455
33.396,-263.22995
33.398,-263.20523
33.4,-263.16742
33.402,-262.48346
33.404,-261.91986
33.406,-261.48892
33.408,-261.16614
33.41,-260.18018
33.412,-259.68198
33.414,-259.4392
33.416,-259.16486
33.418,-258.09314
33.42,-257.4423
33.422,-257.32574
33.424,-257.6639
33.426,-257.6651
33.428,-257.81546
33.43,-257.7474
33.432,-257.1636
33.434,-255.54507
33.436,-253.83203
33.438,-252.4382
33.44,-251.6601
33.442,-251.11389
33.444,-251.15549
33.446,-251.34694
33.448,-251.15977
33.45,-249.8073
33.452,-247.7978
33.454,-245.43236
33.456,-243.15468
33.458,-240.97052
33.46,-239.64551
33.462,-239.1519
33.464,-239.15215
33.466,-238.75246
33.468,-238.04575
33.47,-236.83623
33.472,-235.1496
33.474,-232.80821
33.476,-230.68033
33.478,-229.09305
33.48,-228.14514
33.482,-227.26393
33.484,-226.66566
33.486,-226.03981
33.488,-225.14323
33.49,-223.49077
33.492,-221.79932
33.494,-220.42316
33.496,-219.63972
33.498,-219.07574
33.5,-219.11336
33.502,-219.44353
33.504,-219.63972
33.506,-218.87422
33.508,-217.52718
33.51,-215.70786
33.512,-213.63591
33.514,-211.08466
33.516,-208.80493
33.518,-206.96838
33.52,-205.63081
33.522,-204.32167
33.524,-203.60269
33.526,-203.54572
33.528,-204.12985
33.53,-204.73244
33.532,-205.66881
33.534,-206.71407
33.536,-207.63208
33.538,-207.79382
33.54,-207.77052
33.542,-207.79866
33.544,-208.1324
33.546,-208.4645
33.548,-209.42076
33.55,-211.0198
33.552,-213.13559
33.554,-215.07056
33.556,-217.2181
33.558,-219.56987
33.56,-222.14131
33.562,-224.4436
33.564,-227.0288
33.566,-229.94585
33.568,-233.14832
33.57,-236.0088
33.572,-238.9221
33.574,-241.82988
33.576,-244.65564
33.578,-246.82066
33.58,-248.82353
33.582,-250.74817
33.584,-252.66074
33.586,-254.09804
33.588,-255.6182
33.59,-257.30396
33.592,-259.16486
33.594,-260.65497
33.596,-262.22845
33.598,-263.90277
33.6,-265.669
33.602,-267.01306
33.604,-268.4281
33.606,-269.97797
33.608,-271.67282
33.61,-272.9902
33.612,-274.39175
33.614,-275.93552
33.616,-277.67664
33.618,-279.1919
33.62,-281.05548
33.622,-283.38455
33.624,-286.18207
33.626,-288.83496
33.628,-291.61755
33.63,-294.31754
33.632,-296.68875
33.634,-298.04117
33.636,-298.8085
33.638,-299.1245
33.64,-299.19034
33.642,-298.73807
33.644,-298.48416
33.646,-298.61966
33.648,-299.19034
33.65,-299.61697
33.652,-300.27322
33.654,-301.02484
33.656,-301.69193
33.658,-301.59427
33.66,-301.183
33.662,-300.51382
33.664,-299.69064
33.666,-298.34204
33.668,-297.2037
33.67,-296.46902
33.672,-296.18842
33.674,-295.73685
33.676,-295.51465
33.678,-295.38068
33.68,-295.18777
33.682,-294.31393
33.684,-293.35892
33.686,-292.455
33.688,-291.68555
33.69,-290.51306
33.692,-289.5192
33.694,-288.73767
33.696,-288.18332
33.698,-287.34595
33.7,-286.91675
33.702,-287.02835
33.704,-287.683
33.706,-288.16812
33.708,-288.84393
33.71,-289.44565
33.712,-289.6843
33.714,-288.80362
33.716,-287.46
33.718,-285.95108
33.72,-284.6811
33.722,-283.4968
33.724,-283.33932
33.726,-284.31763
33.728,-286.18207
33.73,-287.8568
33.732,-289.4186
33.734,-290.5396
33.736,-291.18524
33.738,-291.10367
33.74,-291.46475
33.742,-292.78708
33.744,-295.18777
33.746,-297.7241
33.748,-300.31516
33.75,-302.27148
33.752,-303.19287
33.754,-302.6595
33.756,-301.9896
33.758,-302.12488
33.76,-303.6932
33.762,-306.1151
33.764,-309.34122
33.766,-312.35767
33.768,-314.1999
33.77,-313.86688
33.772,-312.33466
33.774,-310.5916
33.776,-309.69702
33.778,-309.71976
33.78,-311.2691
33.782,-313.74615
33.784,-316.20114
33.786,-317.23642
33.788,-317.16336
33.79,-316.28558
33.792,-315.20053
33.794,-313.90085
33.796,-313.30087
33.798,-313.35687
33.8,-313.69955
33.802,-313.3331
33.804,-312.63092
33.806,-311.67487
33.808,-310.69766
33.81,-309.41638
33.812,-308.6166
33.814,-308.3936
33.816,-308.69638
33.818,-308.89633
33.82,-309.5546
33.822,-310.68597
33.824,-312.1986
33.826,-313.31705
33.828,-314.3499
33.83,-315.0366
33.832,-315.20053
33.834,-314.3277
33.836,-313.3663
33.838,-312.84036
33.84,-313.19925
33.842,-314.10544
33.844,-316.13766
33.846,-319.00763
33.848,-322.205
33.85,-324.6139
33.852,-326.4881
33.854,-327.68518
33.856,-328.2088
33.858,-327.61295
33.86,-326.7507
33.862,-325.88925
33.864,-325.20688
33.866,-324.22498
33.868,-323.61743
33.87,-323.34775
33.872,-323.2056
33.874,-322.28427
33.876,-320.878
33.878,-318.73367
33.88,-315.70084
33.882,-311.27084
33.884,-306.4134
33.886,-301.69205
33.888,-297.6894
33.89,-294.32507
33.892,-292.544
33.894,-292.41846
33.896,-293.68683
33.898,-295.299
33.9,-297.34726
33.902,-299.40808
33.904,-301.19162
33.906,-302.07428
33.908,-302.80234
33.91,-303.62094
33.912,-304.69385
33.914,-305.60364
33.916,-306.79916
33.918,-308.07297
33.92,-309.1967
33.922,-309.8114
33.924,-310.35852
33.926,-310.83496
33.928,-311.19797
33.93,-311.2082
33.932,-311.21542
33.934,-311.08087
33.936,-310.69766
33.938,-309.82913
33.94,-309.17126
33.942,-308.93274
33.944,-309.1967
33.946,-309.08408
33.948,-309.39673
33.95,-310.1645
33.952,-311.19797
33.954,-310.91504
33.956,-310.00342
33.958,-308.60797
33.96,-307.19543
33.962,-305.47037
33.964,-305.0106
33.966,-306.22287
33.968,-308.69638
33.97,-310.47305
33.972,-310.82425
33.974,-308.8567
33.976,-304.69385
33.978,-298.86716
33.98,-293.61026
33.982,-289.74295
33.984,-286.18207
33.986,-279.1928
33.988,-265.2418
33.99,-241.06734
33.992,-206.13113
33.994,-162.97827
33.996,-118.265755
33.998,-78.73159
34.0,-49.031193
34.002,-29.439865
34.004,-17.780624
34.006,-9.819204
34.008,-3.0019097
34.01,1.4423158
34.012,-3.8120525
34.014,-28.42146
34.016,-81.05156
34.018,-164.7877
34.02,-276.32773
34.022,-404.3573
34.024,-532.839
34.026,-644.7756
34.028,-728.03656
34.03,-776.19904
34.032,-789.50226
34.034,-772.9267
34.036,-735.4729
34.038,-686.0628
34.04,-632.4023
34.042,-579.7237
34.044,-532.3216
34.046,-492.0754
34.048,-459.29218
34.05,-432.59906
34.052,-411.03882
34.054,-392.89554
34.056,-376.73965
34.058,-361.3195
34.06,-347.23798
34.062,-335.02112
34.064,-325.20688
34.066,-317.5113
34.068,-312.23383
34.07,-308.73663
34.072,-306.1948
34.074,-303.47595
34.076,-300.68982
34.078,-297.86432
34.08,-295.18777
34.082,-292.51508
34.084,-290.2388
34.086,-288.4683
34.088,-287.1827
34.09,-285.93854
34.092,-284.78122
34.094,-283.6907
34.096,-282.67984
34.098,-281.40353
34.1,-280.138
34.102,-278.90906
34.104,-277.67664
34.106,-275.73654
34.108,-273.8255
34.11,-271.81848
34.112,-269.67154
34.114,-266.81445
34.116,-264.7319
34.118,-263.5582
34.12,-263.16742
34.122,-262.66766
34.124,-262.70602
34.126,-262.85144
34.128,-262.66708
34.13,-261.4055
34.132,-259.89594
34.134,-258.39374
34.136,-257.1636
34.138,-255.93774
34.14,-255.41403
34.142,-255.43831
34.144,-255.66264
34.146,-255.30016
34.148,-254.69147
34.15,-253.78734
34.152,-252.66074
34.154,-251.07059
34.156,-249.75098
34.158,-248.80537
34.16,-248.15787
34.162,-247.20853
34.164,-246.26003
34.166,-245.12071
34.168,-243.655
34.17,-241.4655
34.172,-239.23412
34.174,-237.22136
34.176,-235.64992
34.178,-234.24411
34.18,-233.51678
34.182,-233.28232
34.184,-233.14832
34.186,-232.22626
34.188,-230.65715
34.19,-228.27495
34.192,-225.14323
34.194,-221.15251
34.196,-217.33162
34.198,-214.21785
34.2,-212.13495
34.202,-210.66669
34.204,-210.07458
34.206,-209.91359
34.208,-209.63336
34.21,-208.3252
34.212,-206.30173
34.214,-203.64957
34.216,-200.62762
34.218,-197.12596
34.22,-194.03726
34.222,-191.6652
34.224,-190.12094
34.226,-188.88202
34.228,-188.33276
34.23,-188.31485
34.232,-188.62
34.234,-188.57283
34.236,-188.57387
34.238,-188.59471
34.24,-188.62
34.242,-188.17883
34.244,-187.9026
34.246,-187.98953
34.248,-188.62
34.25,-189.44197
34.252,-191.06866
34.254,-193.51685
34.256,-196.62509
34.258,-199.60678
34.26,-202.6943
34.262,-205.72392
34.264,-208.63272
34.266,-210.98024
34.268,-213.47359
34.27,-216.33986
34.272,-219.63972
34.274,-222.72183
34.276,-225.82378
34.278,-228.69324
34.28,-231.14705
34.282,-232.6962
34.284,-234.09267
34.286,-235.78688
34.288,-238.1515
34.29,-240.83232
34.292,-244.1651
34.294,-247.7837
34.296,-251.15977
34.298,-253.33904
34.3,-254.6162
34.302,-255.22475
34.304,-255.66264
34.306,-256.0522
34.308,-257.38467
34.31,-259.9632
34.312,-263.66772
34.314,-267.5194
34.316,-271.31226
34.318,-274.48163
34.32,-276.67603
34.322,-277.40195
34.324,-277.47656
34.326,-277.5339
34.328,-278.17697
34.33,-279.30362
34.332,-281.43973
34.334,-284.38486
34.336,-287.683
34.338,-290.32196
34.34,-292.39172
34.342,-293.80734
34.344,-294.68747
34.346,-294.7851
34.348,-294.86615
34.35,-295.16058
34.352,-295.6881
34.354,-295.7822
34.356,-295.72443
34.358,-295.37885
34.36,-294.68747
34.362,-293.20825
34.364,-291.67908
34.366,-290.4239
34.368,-289.6843
34.37,-289.0436
34.372,-289.00198
34.374,-289.45374
34.376,-290.1846
34.378,-290.44363
34.38,-290.66006
34.382,-290.87717
34.384,-291.18524
34.386,-291.14325
34.388,-291.3879
34.39,-291.94696
34.392,-292.6862
34.394,-292.81473
34.396,-292.70755
34.398,-292.31323
34.4,-291.68555
34.402,-290.43033
34.404,-289.4224
34.406,-288.96457
34.408,-289.18396
34.41,-289.42767
34.412,-290.08597
34.414,-290.92236
34.416,-291.68555
34.418,-291.64505
34.42,-291.46838
34.422,-291.39978
34.424,-291.68555
34.426,-291.89163
34.428,-292.7011
34.43,-294.0495
34.432,-295.6881
34.434,-296.6876
34.436,-297.45108
34.438,-297.9327
34.44,-298.1897
34.442,-297.75876
34.444,-297.4928
34.446,-297.615
34.448,-298.1897
34.45,-298.5292
34.452,-299.15936
34.454,-300.04742
34.456,-301.19162
34.458,-302.04584
34.46,-303.4041
34.462,-305.4518
34.464,-308.19608
34.466,-310.8278
34.468,-313.65845
34.47,-316.3755
34.472,-318.70276
34.474,-319.92
34.476,-320.7889
34.478,-321.62857
34.48,-322.7053
34.482,-323.54312
34.484,-324.6936
34.486,-325.99225
34.488,-327.20816
34.49,-327.63416
34.492,-327.9855
34.494,-328.57727
34.496,-329.70975
34.498,-330.95383
34.5,-332.91608
34.502,-335.43793
34.504,-338.21515
34.506,-340.35385
34.508,-342.31833
34.51,-344.10873
34.512,-345.71994
34.514,-346.501
34.516,-347.0472
34.518,-347.41318
34.52,-347.7212
34.522,-347.60385
34.524,-348.02576
34.526,-349.25488
34.528,-351.22342
34.53,-352.88925
34.532,-354.25464
34.534,-354.78256
34.536,-354.22534
34.538,-352.2075
34.54,-350.043
34.542,-348.55838
34.544,-348.22153
34.546,-348.26865
34.548,-348.60614
34.55,-348.22327
34.552,-346.22025
34.554,-341.66693
34.556,-335.73734
34.558,-329.63242
34.56,-324.70657
34.562,-321.3606
34.564,-320.64426
34.566,-322.23056
34.568,-325.20688
34.57,-327.88184
34.572,-330.14066
34.574,-331.7076
34.576,-332.71167
34.578,-332.96252
34.58,-333.51028
34.582,-334.6065
34.584,-336.2139
34.586,-337.67636
34.588,-339.2599
34.59,-340.67645
34.592,-341.71738
34.594,-342.06885
34.596,-342.2654
34.598,-342.3234
34.6,-342.2177
34.602,-341.72134
34.604,-341.3365
34.606,-341.02707
34.608,-340.71674
34.61,-339.8605
34.612,-339.2323
34.614,-339.00494
34.616,-339.2158
34.618,-338.63156
34.62,-338.24026
34.622,-338.23413
34.624,-338.71548
34.626,-338.39
34.628,-338.26022
34.63,-338.48505
34.632,-339.2158
34.634,-339.60254
34.636,-340.65283
34.638,-342.44598
34.64,-344.7193
34.642,-346.0576
34.644,-346.39377
34.646,-344.97784
34.648,-341.21707
34.65,-334.0876
34.652,-324.14975
34.654,-311.20786
34.656,-294.68747
34.658,-273.06906
34.66,-246.3039
34.662,-214.42075
34.664,-178.61363
34.666,-140.70143
34.668,-104.55785
34.67,-73.19852
34.672,-48.530872
34.674,-30.575928
34.676,-20.081884
34.678,-17.847525
34.68,-26.516869
34.682,-50.318226
34.684,-95.84637
34.686,-167.76738
34.688,-266.66965
34.69,-386.61963
34.692,-516.99316
34.694,-642.6216
34.696,-747.9758
34.698,-820.5016
34.7,-855.27094
34.702,-853.84357
34.704,-823.52386
34.706,-774.0996
34.708,-716.70624
34.71,-659.633
34.712,-607.8867
34.714,-562.8619
34.716,-525.1437
34.718,-493.7054
34.72,-467.29727
34.722,-444.29526
34.724,-424.62222
34.726,-407.75568
34.728,-393.25018
34.73,-380.19562
34.732,-369.10196
34.734,-359.95734
34.736,-352.7244
34.738,-346.723
34.74,-342.31628
34.742,-339.1488
34.744,-336.7142
34.746,-333.9967
34.748,-331.05966
34.75,-327.77603
34.752,-324.20624
34.754,-320.173
34.756,-316.35
34.758,-313.24377
34.76,-311.19797
34.762,-309.8542
34.764,-309.21384
34.766,-308.94446
34.768,-308.69638
34.77,-307.73438
34.772,-306.64417
34.774,-305.6982
34.776,-305.19415
34.778,-304.5185
34.78,-304.7292
34.782,-305.34338
34.784,-305.69446
34.786,-304.51825
34.788,-303.00153
34.79,-301.3032
34.792,-299.69064
34.794,-297.85196
34.796,-297.08585
34.798,-297.4544
34.8,-298.69
34.802,-299.78717
34.804,-301.11993
34.806,-302.34106
34.808,-303.19287
34.81,-303.07263
34.812,-302.7641
34.814,-302.43466
34.816,-302.19223
34.818,-301.60077
34.82,-301.29507
34.822,-301.21246
34.824,-301.19162
34.826,-300.5835
34.828,-299.89752
34.83,-299.10516
34.832,-298.1897
34.834,-296.7036
34.836,-295.28528
34.838,-293.966
34.84,-292.6862
34.842,-290.8819
34.844,-289.0584
34.846,-287.17737
34.848,-285.18143
34.85,-282.5552
34.852,-279.89725
34.854,-277.26303
34.856,-274.67474
34.858,-271.66486
34.86,-268.87665
34.862,-266.38058
34.864,-264.16806
34.866,-261.67157
34.868,-259.43716
34.87,-257.4482
34.872,-255.66264
34.874,-253.52011
34.876,-251.60309
34.878,-249.87375
34.88,-248.15787
34.882,-245.66493
34.884,-242.80377
34.886,-239.56973
34.888,-236.15022
34.89,-232.40314
34.892,-229.48227
34.894,-227.86086
34.896,-227.64482
34.898,-227.94797
34.9,-228.74474
34.902,-229.32974
34.904,-229.14577
34.906,-227.4747
34.908,-225.32532
34.91,-223.4643
34.912,-222.64163
34.914,-222.71904
34.916,-224.35684
34.918,-227.20781
34.92,-230.64673
34.922,-233.4715
34.924,-236.0016
34.926,-238.31001
34.928,-240.65309
34.93,-242.70944
34.932,-245.30217
34.934,-248.49884
34.936,-252.16042
34.938,-255.473
34.94,-258.90015
34.942,-262.45367
34.944,-266.1693
34.946,-269.47217
34.948,-272.94388
34.95,-276.55627
34.952,-280.17825
34.954,-283.06033
34.956,-285.67896
34.958,-288.0482
34.96,-290.1846
34.962,-291.52338
34.964,-292.70425
34.966,-293.88013
34.968,-295.18777
34.97,-296.18875
34.972,-297.6279
34.974,-299.74887
34.976,-302.69257
34.978,-305.89456
34.98,-309.78134
34.982,-314.16202
34.984,-318.70276
34.986,-322.4503
34.988,-325.6842
34.99,-328.38593
34.992,-330.7104
34.994,-332.38156
34.996,-334.2917
34.998,-336.7379
35.0,-339.71613
35.002,-342.3303
35.004,-344.62732
35.006,-346.17606
35.008,-346.72058
35.01,-345.75262
35.012,-344.25894
35.014,-342.90036
35.016,-342.2177
35.018,-341.85092
35.02,-342.2425
35.022,-343.02823
35.024,-343.71866
35.026,-343.3677
35.028,-342.56213
35.03,-341.67743
35.032,-341.21707
35.034,-340.99866
35.036,-341.8193
35.038,-343.5544
35.04,-345.71994
35.042,-347.0552
35.044,-347.66635
35.046,-347.3551
35.048,-346.22025
35.05,-344.01404
35.052,-341.93225
35.054,-340.55487
35.056,-340.21643
35.058,-340.31906
35.06,-341.28384
35.062,-342.7426
35.064,-344.21896
35.066,-344.65884
35.068,-344.55206
35.07,-343.9956
35.072,-343.21835
35.074,-341.85828
35.076,-340.8912
35.078,-340.51862
35.08,-340.71674
35.082,-340.6385
35.084,-340.7788
35.086,-341.0044
35.088,-341.21707
35.09,-340.73462
35.092,-340.3832
35.094,-340.3465
35.096,-340.71674
35.098,-340.8151
35.1,-341.31223
35.102,-342.15625
35.104,-343.21835
35.106,-343.6967
35.108,-344.28497
35.11,-345.09042
35.112,-346.22025
35.114,-347.09155
35.116,-348.45392
35.118,-350.25424
35.12,-352.22406
35.122,-353.31134
35.124,-353.8887
35.126,-353.83032
35.128,-353.2247
35.13,-351.78333
35.132,-350.73953
35.134,-350.63513
35.136,-351.72375
35.138,-353.27182
35.14,-355.56442
35.142,-358.06622
35.144,-360.22916
35.146,-361.08847
35.148,-361.37677
35.15,-361.45093
35.152,-361.73013
35.154,-361.89825
35.156,-362.79202
35.158,-364.33847
35.16,-366.23297
35.162,-367.49115
35.164,-368.6111
35.166,-369.63864
35.168,-370.73584
35.17,-371.47388
35.172,-372.69208
35.174,-374.37872
35.176,-376.23935
35.178,-377.1869
35.18,-377.50082
35.182,-376.9991
35.184,-375.73904
35.186,-373.41318
35.188,-371.21573
35.19,-369.61383
35.192,-368.7346
35.194,-367.67282
35.196,-366.55603
35.198,-364.74713
35.2,-361.73013
35.202,-356.75757
35.204,-350.94397
35.206,-345.12735
35.208,-340.21643
35.21,-336.30316
35.212,-334.44446
35.214,-334.57416
35.216,-336.2139
35.218,-338.1039
35.22,-340.36932
35.222,-342.6495
35.224,-344.7193
35.226,-345.90677
35.228,-346.83423
35.23,-347.46426
35.232,-347.7212
35.234,-347.19003
35.236,-346.4785
35.238,-345.6385
35.24,-344.7193
35.242,-343.57797
35.244,-342.7606
35.246,-342.1908
35.248,-341.71738
35.25,-341.02118
35.252,-340.57303
35.254,-340.3264
35.256,-340.21643
35.258,-339.6329
35.26,-339.40228
35.262,-339.63245
35.264,-340.21643
35.266,-339.64478
35.268,-338.81668
35.27,-337.914
35.272,-337.2145
35.274,-335.6985
35.276,-334.73206
35.278,-334.5945
35.28,-335.21326
35.282,-335.17288
35.284,-334.88824
35.286,-334.08545
35.288,-332.71167
35.29,-330.16882
35.292,-327.55154
35.294,-325.03473
35.296,-322.205
35.298,-317.25015
35.3,-309.1909
35.302,-296.18198
35.304,-276.67603
35.306,-249.39262
35.308,-215.66199
35.31,-177.44942
35.312,-137.58752
35.314,-98.55969
35.316,-63.703514
35.318,-34.766647
35.32,-12.507957
35.322,3.2736635
35.324,10.9081
35.326,7.891439
35.328,-10.006366
35.33,-47.54239
35.332,-110.20676
35.334,-200.12343
35.336,-314.7002
35.338,-445.29385
35.34,-579.87134
35.342,-703.5541
35.344,-802.5105
35.346,-866.5718
35.348,-893.0012
35.35,-884.7585
35.352,-849.54047
35.354,-796.73
35.356,-736.6045
35.358,-676.6441
35.36,-621.3953
35.362,-572.2594
35.364,-530.1332
35.366,-494.44177
35.368,-464.29538
35.37,-438.22754
35.372,-416.02332
35.374,-396.9147
35.376,-380.24188
35.378,-365.0783
35.38,-352.00174
35.382,-341.18567
35.384,-332.71167
35.386,-325.88846
35.388,-320.82513
35.39,-316.94196
35.392,-313.69955
35.394,-310.4122
35.396,-307.54865
35.398,-305.42386
35.4,-304.1935
35.402,-303.3085
35.404,-302.46957
35.406,-301.1862
35.408,-299.19034
35.41,-296.29575
35.412,-293.28842
35.414,-291.0323
35.416,-290.1846
35.418,-290.35718
35.42,-291.61838
35.422,-293.04623
35.424,-293.68683
35.426,-292.24408
35.428,-290.00687
35.43,-287.44528
35.432,-285.18143
35.434,-283.02527
35.436,-282.52496
35.438,-283.34784
35.44,-284.6811
35.442,-285.0478
35.444,-284.89917
35.446,-284.06744
35.448,-282.67984
35.45,-280.5648
35.452,-278.911
35.454,-277.96475
35.456,-277.67664
35.458,-277.3245
35.46,-277.2516
35.462,-277.13794
35.464,-276.67603
35.466,-275.22394
35.468,-273.3333
35.47,-271.09924
35.472,-268.67093
35.474,-265.81644
35.476,-263.3111
35.478,-261.28192
35.48,-259.6652
35.482,-257.81775
35.484,-256.0564
35.486,-254.19952
35.488,-252.16042
35.49,-249.57831
35.492,-247.24026
35.494,-245.40251
35.496,-244.15532
35.498,-242.93527
35.5,-242.04678
35.502,-241.20457
35.504,-240.15277
35.506,-238.33354
35.508,-236.41829
35.51,-234.63937
35.512,-233.14832
35.514,-231.4644
35.516,-229.9882
35.518,-228.47493
35.52,-226.64418
35.522,-223.85803
35.524,-220.78069
35.526,-217.74754
35.528,-215.13686
35.53,-212.73788
35.532,-211.23065
35.534,-210.49268
35.536,-210.13368
35.538,-209.16444
35.54,-207.80946
35.542,-206.04318
35.544,-204.12985
35.546,-202.05939
35.548,-200.98486
35.55,-201.33989
35.552,-203.12923
35.554,-205.40361
35.556,-208.04034
35.558,-210.4088
35.56,-212.13495
35.562,-212.77081
35.564,-213.38284
35.566,-214.68265
35.568,-217.13814
35.57,-220.20921
35.572,-223.95554
35.574,-227.65985
35.576,-230.64673
35.578,-232.11111
35.58,-232.86896
35.582,-233.64026
35.584,-235.1496
35.586,-237.27083
35.588,-240.46411
35.59,-244.29622
35.592,-248.15787
35.594,-251.09189
35.596,-253.57692
35.598,-255.96269
35.6,-258.66455
35.602,-261.391
35.604,-264.55435
35.606,-267.80734
35.608,-270.67218
35.61,-272.31885
35.612,-273.26376
35.614,-273.89304
35.616,-274.67474
35.618,-275.44208
35.62,-276.7459
35.622,-278.43118
35.624,-280.17825
35.626,-281.2358
35.628,-282.0607
35.63,-282.92593
35.632,-284.1808
35.634,-285.6001
35.636,-287.70892
35.638,-290.35852
35.64,-293.18652
35.642,-295.29794
35.644,-296.90552
35.646,-297.99207
35.648,-298.69
35.65,-298.72626
35.652,-298.81232
35.654,-299.12857
35.656,-299.69064
35.658,-299.8972
35.66,-300.10663
35.662,-300.2287
35.664,-300.19098
35.666,-299.48898
35.668,-298.72287
35.67,-298.07556
35.672,-297.6894
35.674,-297.13074
35.676,-296.92725
35.678,-297.01175
35.68,-297.18906
35.682,-296.7117
35.684,-295.95416
35.686,-294.9113
35.688,-293.68683
35.69,-291.9784
35.692,-290.61703
35.694,-289.84235
35.696,-289.6843
35.698,-289.44815
35.7,-289.39148
35.702,-289.21634
35.704,-288.68365
35.706,-287.22137
35.708,-285.58554
35.71,-284.13458
35.712,-283.18015
35.714,-282.36346
35.716,-282.23547
35.718,-282.61563
35.72,-283.18015
35.722,-283.09103
35.724,-282.77863
35.726,-282.2743
35.728,-281.6792
35.73,-280.58386
35.732,-279.73056
35.734,-279.2486
35.736,-279.1776
35.738,-278.9729
35.74,-279.2536
35.742,-280.02838
35.744,-281.17886
35.746,-281.92517
35.748,-282.62384
35.75,-283.0839
35.752,-283.18015
35.754,-282.37854
35.756,-281.5039
35.758,-280.87155
35.76,-280.67856
35.762,-280.37543
35.764,-280.42267
35.766,-280.60355
35.768,-280.67856
35.77,-279.98535
35.772,-279.23788
35.774,-278.72202
35.776,-278.67728
35.778,-278.64795
35.78,-279.13724
35.782,-279.9224
35.784,-280.67856
35.786,-280.62067
35.788,-280.29398
35.79,-279.89096
35.792,-279.67792
35.794,-279.3716
35.796,-279.74448
35.798,-280.8803
35.8,-282.67984
35.802,-284.39743
35.804,-286.4116
35.806,-288.5659
35.808,-290.68494
35.81,-292.08038
35.812,-293.2572
35.814,-294.2603
35.816,-295.18777
35.818,-295.68512
35.82,-296.5634
35.822,-298.05127
35.824,-300.19098
35.826,-302.274
35.828,-304.55945
35.83,-306.6668
35.832,-308.19608
35.834,-308.3359
35.836,-307.67618
35.838,-306.49887
35.84,-305.19415
35.842,-303.6006
35.844,-302.57715
35.846,-302.1913
35.848,-302.19223
35.85,-301.57483
35.852,-300.4767
35.854,-298.66766
35.856,-296.18842
35.858,-292.85336
35.86,-289.8915
35.862,-288.0173
35.864,-287.683
35.866,-288.3772
35.868,-290.35007
35.87,-293.01874
35.872,-295.6881
35.874,-297.2514
35.876,-298.0421
35.878,-298.12756
35.88,-297.6894
35.882,-296.4419
35.884,-295.01025
35.886,-293.41934
35.888,-291.68555
35.89,-289.7257
35.892,-288.2301
35.894,-287.4828
35.896,-287.683
35.898,-288.7928
35.9,-290.99313
35.902,-293.82104
35.904,-296.68875
35.906,-298.9541
35.908,-300.7523
35.91,-301.98782
35.912,-302.69257
35.914,-302.28336
35.916,-301.88007
35.918,-301.95074
35.92,-302.69257
35.922,-302.83685
35.924,-303.03723
35.926,-303.26263
35.928,-303.6932
35.93,-303.80933
35.932,-304.9218
35.934,-307.34106
35.936,-310.69766
35.938,-313.21576
35.94,-314.35025
35.942,-313.4112
35.944,-310.69766
35.946,-306.8845
35.948,-304.2196
35.95,-303.43045
35.952,-303.19287
35.954,-299.3898
35.956,-287.9619
35.958,-265.07565
35.96,-229.64609
35.962,-183.78102
35.964,-133.84514
35.966,-86.495255
35.968,-46.529602
35.97,-14.610403
35.972,10.806854
35.974,33.042866
35.976,53.534058
35.978,69.85229
35.98,73.59641
35.982,54.30609
35.984,3.0019097
35.986,-83.112495
35.988,-199.83987
35.99,-334.564
35.992,-469.79886
35.994,-587.2807
35.996,-674.0972
35.998,-723.72345
36.0,-736.9688
36.002,-719.8488
36.004,-682.5296
36.006,-634.849
36.008,-584.8721
36.01,-537.5161
36.012,-496.27158
36.014,-462.02484
36.016,-434.27628
36.018,-411.28778
36.02,-392.274
36.022,-376.03824
36.024,-361.73013
36.026,-348.44052
36.028,-336.7843
36.03,-326.98795
36.032,-319.20306
36.034,-312.8949
36.036,-308.47955
36.038,-305.6937
36.04,-304.1935
36.042,-303.17517
36.044,-302.80487
36.046,-302.7713
36.048,-302.69257
36.05,-301.8451
36.052,-300.2892
36.054,-298.14078
36.056,-295.6881
36.058,-292.9659
36.06,-290.39688
36.062,-288.26373
36.064,-286.68237
36.066,-285.26764
36.068,-284.06897
36.07,-283.0448
36.072,-282.1795
36.074,-280.87302
36.076,-279.88593
36.078,-279.16943
36.08,-278.67728
36.082,-277.7258
36.084,-277.49554
36.086,-277.80072
36.088,-278.17697
36.09,-277.4729
36.092,-276.22348
36.094,-274.2498
36.096,-271.67282
36.098,-268.46994
36.1,-266.09766
36.102,-265.1374
36.104,-265.669
36.106,-266.7231
36.108,-268.0275
36.11,-268.58212
36.112,-267.6703
36.114,-264.7706
36.116,-261.10855
36.118,-257.75153
36.12,-255.66264
36.122,-254.8674
36.124,-255.72723
36.126,-257.49115
36.128,-259.16486
36.13,-259.5343
36.132,-258.92334
36.134,-257.62576
36.136,-256.16296
36.138,-254.54208
36.14,-253.48447
36.142,-252.82503
36.144,-252.16042
36.146,-250.6894
36.148,-248.87483
36.15,-246.92995
36.152,-245.15596
36.154,-243.31207
36.156,-241.9504
36.158,-240.85786
36.16,-239.65245
36.162,-237.53455
36.164,-234.95016
36.166,-232.06415
36.168,-229.14577
36.17,-225.98367
36.172,-223.31383
36.174,-221.21722
36.176,-219.63972
36.178,-218.01941
36.18,-216.88164
36.182,-216.26617
36.184,-216.1375
36.186,-215.87263
36.188,-215.81943
36.19,-215.7943
36.192,-215.63718
36.194,-214.81938
36.196,-214.0376
36.198,-213.57112
36.2,-213.63591
36.202,-213.80943
36.204,-214.56729
36.206,-215.7574
36.208,-217.13814
36.21,-217.98764
36.212,-218.78728
36.214,-219.63275
36.216,-220.64037
36.218,-221.37016
36.22,-222.43433
36.222,-223.8736
36.224,-225.64354
36.226,-227.14467
36.228,-228.92798
36.23,-231.08075
36.232,-233.64864
36.234,-236.07596
36.236,-238.81856
36.238,-241.75256
36.24,-244.65564
36.242,-246.77348
36.244,-248.5069
36.246,-249.91512
36.248,-251.15977
36.25,-251.97076
36.252,-253.12735
36.254,-254.85382
36.256,-257.1636
36.258,-259.36948
36.26,-261.67432
36.262,-263.83127
36.264,-265.669
36.266,-266.6926
36.268,-267.58075
36.27,-268.6598
36.272,-270.17188
36.274,-271.70468
36.276,-273.6546
36.278,-275.87152
36.28,-278.17697
36.282,-280.0145
36.284,-281.967
36.286,-284.2907
36.288,-287.1827
36.29,-290.1944
36.292,-293.64966
36.294,-297.27032
36.296,-300.69128
36.298,-303.13004
36.3,-304.96155
36.302,-306.27567
36.304,-307.19543
36.306,-307.3098
36.308,-307.1168
36.31,-306.5956
36.312,-305.69446
36.314,-303.947
36.316,-302.02103
36.318,-300.1977
36.32,-298.69
36.322,-297.07144
36.324,-295.79483
36.326,-294.72574
36.328,-293.68683
36.33,-292.0801
36.332,-290.50525
36.334,-289.16068
36.336,-288.18332
36.338,-287.06357
36.34,-286.22156
36.342,-285.4893
36.344,-284.6811
36.346,-283.20325
36.348,-281.72165
36.35,-280.48605
36.352,-279.67792
36.354,-278.80173
36.356,-278.30374
36.358,-277.9996
36.36,-277.67664
36.362,-276.71112
36.364,-275.79318
36.366,-275.20453
36.368,-275.17505
36.37,-275.23807
36.372,-275.86438
36.374,-276.79776
36.376,-277.67664
36.378,-277.65692
36.38,-277.27823
36.382,-276.7061
36.384,-276.1757
36.386,-275.33463
36.388,-274.959
36.39,-275.10516
36.392,-275.67538
36.394,-275.94553
36.396,-276.45184
36.398,-277.19928
36.4,-278.17697
36.402,-278.77298
36.404,-279.57666
36.406,-280.57043
36.408,-281.6792
36.41,-282.25735
36.412,-282.91205
36.414,-283.7124
36.416,-284.6811
36.418,-285.2329
36.42,-285.936
36.422,-286.77438
36.424,-287.683
36.426,-288.053
36.428,-288.47467
36.43,-289.01285
36.432,-289.6843
36.434,-289.93774
36.436,-290.30112
36.438,-290.7407
36.44,-291.18524
36.442,-291.07455
36.444,-291.06393
36.446,-291.36423
36.448,-292.18588
36.45,-293.1608
36.452,-294.95438
36.454,-297.54294
36.456,-300.69128
36.458,-303.48984
36.46,-306.14862
36.462,-308.42505
36.464,-310.19733
36.466,-310.98108
36.468,-311.60272
36.47,-312.42252
36.472,-313.69955
36.474,-314.95227
36.476,-316.65707
36.478,-318.54974
36.48,-320.2037
36.482,-320.622
36.484,-320.16916
36.486,-318.9279
36.488,-317.20178
36.49,-314.84976
36.492,-312.93982
36.494,-311.7619
36.496,-311.19797
36.498,-310.15146
36.5,-308.5873
36.502,-305.99802
36.504,-302.19223
36.506,-296.86652
36.508,-291.4266
36.51,-286.9152
36.512,-284.1808
36.514,-283.00635
36.516,-283.86194
36.518,-286.1884
36.52,-289.18396
36.522,-291.55396
36.524,-293.50772
36.526,-295.01172
36.528,-296.18842
36.53,-296.6796
36.532,-297.10303
36.534,-297.44742
36.536,-297.6894
36.538,-297.622
36.54,-297.99838
36.542,-299.1273
36.544,-301.19162
36.546,-303.90353
36.548,-307.42996
36.55,-311.23077
36.552,-314.7002
36.554,-317.13678
36.556,-318.99026
36.558,-320.53433
36.56,-322.205
36.562,-323.7026
36.564,-326.2325
36.566,-330.0145
36.568,-334.71292
36.57,-338.23804
36.572,-340.779
36.574,-342.0342
36.576,-342.2177
36.578,-340.82565
36.58,-339.807
36.582,-340.06378
36.584,-341.71738
36.586,-343.04254
36.588,-343.54205
36.59,-342.18875
36.592,-338.71548
36.594,-333.07733
36.596,-327.264
36.598,-322.2686
36.6,-317.70212
36.602,-310.8041
36.604,-299.05414
36.606,-279.65756
36.608,-251.6601
36.61,-216.2844
36.612,-178.51321
36.614,-143.71085
36.616,-116.073845
36.618,-96.459946
36.62,-83.925476
36.622,-75.20161
36.624,-67.54297
36.626,-60.46751
36.628,-58.651493
36.63,-69.44418
36.632,-101.06429
36.634,-158.99577
36.636,-245.16061
36.638,-354.9281
36.64,-478.3043
36.642,-601.5724
36.644,-711.9683
36.646,-798.5467
36.648,-854.54364
36.65,-877.5015
36.652,-870.6596
36.654,-839.9384
36.656,-793.00446
36.658,-737.23883
36.66,-680.2661
36.662,-627.20496
36.664,-580.8695
36.666,-541.4008
36.668,-508.6206
36.67,-480.95862
36.672,-456.7906
36.674,-434.46542
36.676,-414.22437
36.678,-396.21814
36.68,-380.74222
36.682,-367.4408
36.684,-356.80215
36.686,-348.4293
36.688,-341.71738
36.69,-335.5994
36.692,-330.21378
36.694,-325.42462
36.696,-321.20435
36.698,-317.16525
36.7,-313.65613
36.702,-310.69174
36.704,-308.19608
36.706,-305.6716
36.708,-303.29355
36.71,-301.1045
36.712,-299.19034
36.714,-297.23776
36.716,-295.63654
36.718,-294.4617
36.72,-293.68683
36.722,-292.60953
36.724,-291.8232
36.726,-291.08646
36.728,-290.1846
36.73,-288.3333
36.732,-286.84714
36.734,-285.68033
36.736,-284.6811
36.738,-283.07172
36.74,-281.96124
36.742,-281.12436
36.744,-280.17825
36.746,-278.21014
36.748,-275.97165
36.75,-273.4327
36.752,-270.67218
36.754,-267.4119
36.756,-264.79755
36.758,-263.17236
36.76,-262.66708
36.762,-262.69443
36.764,-263.5902
36.766,-264.81302
36.768,-265.669
36.77,-265.0875
36.772,-263.35318
36.774,-260.5551
36.776,-257.1636
36.778,-253.54036
36.78,-251.14117
36.782,-250.63548
36.784,-252.16042
36.786,-254.82553
36.788,-258.1757
36.79,-260.8994
36.792,-261.66647
36.794,-259.0939
36.796,-253.36765
36.798,-244.78992
36.8,-234.14896
36.802,-222.11455
36.804,-210.38756
36.806,-199.98894
36.808,-191.6219
36.81,-185.25862
36.812,-181.6026
36.814,-180.63165
36.816,-182.11586
36.818,-185.23463
36.82,-190.02917
36.822,-195.90051
36.824,-202.12859
36.826,-207.54788
36.828,-212.1203
36.83,-215.5168
36.832,-217.63846
36.834,-218.18327
36.836,-217.99316
36.838,-217.41814
36.84,-216.63782
36.842,-215.17569
36.844,-213.38559
36.846,-211.08156
36.848,-208.1324
36.85,-204.14561
36.852,-199.97614
36.854,-196.14122
36.856,-193.12286
36.858,-190.77327
36.86,-189.69995
36.862,-189.76581
36.864,-190.62126
36.866,-191.39648
36.868,-192.34468
36.87,-193.40459
36.872,-194.62381
36.874,-195.61598
36.876,-197.02112
36.878,-198.88942
36.88,-201.12794
36.882,-203.09232
36.884,-205.16183
36.886,-207.32935
36.888,-209.63336
36.89,-211.6846
36.892,-214.02127
36.894,-216.70654
36.896,-219.63972
36.898,-222.11606
36.9,-224.28993
36.902,-225.98558
36.904,-227.1445
36.906,-227.4061
36.908,-227.55228
36.91,-228.02132
36.912,-229.14577
36.914,-230.55544
36.916,-232.63196
36.918,-235.1197
36.92,-237.65118
36.922,-239.41838
36.924,-240.807
36.926,-241.96873
36.928,-243.15468
36.93,-244.12378
36.932,-245.55707
36.934,-247.58006
36.936,-250.15913
36.938,-252.66415
36.94,-255.41437
36.942,-258.30377
36.944,-261.16614
36.946,-263.27972
36.948,-264.9605
36.95,-266.21515
36.952,-267.16995
36.954,-267.54932
36.956,-268.17563
36.958,-269.36688
36.96,-271.17252
36.962,-272.78506
36.964,-274.27496
36.966,-275.2907
36.968,-275.67538
36.97,-275.03848
36.972,-274.4118
36.974,-274.47534
36.976,-275.67538
36.978,-277.4274
36.98,-279.84863
36.982,-282.31207
36.984,-284.1808
36.986,-284.51462
36.988,-284.0265
36.99,-283.3416
36.992,-283.18015
36.994,-283.4437
36.996,-284.8299
36.998,-287.1016
37.0,-289.6843
37.002,-291.33218
37.004,-292.25824
37.006,-292.56583
37.008,-292.6862
37.01,-292.59937
37.012,-293.4683
37.014,-295.67816
37.016,-299.19034
37.018,-302.95978
37.02,-307.00714
37.022,-310.85654
37.024,-314.1999
37.026,-316.362
37.028,-318.21475
37.03,-320.21274
37.032,-322.7053
37.034,-325.16537
37.036,-328.12393
37.038,-331.393
37.04,-334.71292
37.042,-337.26083
37.044,-339.7017
37.046,-342.28256
37.048,-345.2196
37.05,-347.93582
37.052,-350.97458
37.054,-354.1599
37.056,-357.22726
37.058,-359.35406
37.06,-361.16238
37.062,-362.87668
37.064,-364.73203
37.066,-366.24777
37.068,-368.03638
37.07,-369.96158
37.072,-371.73648
37.074,-372.4785
37.076,-372.6923
37.078,-372.5225
37.08,-372.23682
37.082,-371.55246
37.084,-371.39523
37.086,-371.97015
37.088,-373.23743
37.09,-374.34808
37.092,-375.6639
37.094,-377.00055
37.096,-378.24063
37.098,-378.7721
37.1,-379.35327
37.102,-380.16156
37.104,-381.24252
37.106,-381.8831
37.108,-382.5828
37.11,-383.22858
37.112,-383.7441
37.114,-383.5531
37.116,-383.4793
37.118,-383.7119
37.12,-384.24445
37.122,-384.2106
37.124,-383.88763
37.126,-382.85083
37.128,-380.74222
37.13,-376.84735
37.132,-372.14014
37.134,-367.22052
37.136,-362.73074
37.138,-358.54034
37.14,-355.56012
37.142,-353.6324
37.144,-352.22406
37.146,-350.0665
37.148,-347.43262
37.15,-344.33212
37.152,-341.21707
37.154,-338.31384
37.156,-337.19006
37.158,-338.38113
37.16,-341.71738
37.162,-345.87683
37.164,-350.1135
37.166,-353.03455
37.168,-353.72504
37.17,-351.89398
37.172,-348.81998
37.174,-345.61362
37.176,-343.21835
37.178,-341.85843
37.18,-341.7398
37.182,-342.00336
37.184,-341.71738
37.186,-340.00574
37.188,-337.81808
37.19,-335.96683
37.192,-335.21326
37.194,-334.77692
37.196,-335.493
37.198,-336.88568
37.2,-338.21515
37.202,-337.5323
37.204,-335.8059
37.206,-333.59848
37.208,-331.71103
37.21,-329.7887
37.212,-329.12363
37.214,-329.63705
37.216,-330.7104
37.218,-330.64005
37.22,-329.4573
37.222,-326.81097
37.224,-322.7053
37.226,-316.63397
37.228,-309.3161
37.23,-300.14957
37.232,-287.683
37.234,-269.3508
37.236,-244.15343
37.238,-211.63164
37.24,-173.11012
37.242,-131.13104
37.244,-90.4672
37.246,-54.880867
37.248,-26.516869
37.25,-5.0241776
37.252,9.779603
37.254,18.134119
37.256,18.011457
37.258,4.889195
37.26,-29.067421
37.262,-90.586845
37.264,-182.61618
37.266,-301.26212
37.268,-436.9842
37.27,-574.4898
37.272,-696.94336
37.274,-789.6636
37.276,-845.14014
37.278,-862.4784
37.28,-847.0389
37.282,-807.46405
37.284,-754.4969
37.286,-696.8124
37.288,-640.4074
37.29,-588.09064
37.292,-541.8837
37.294,-502.06046
37.296,-468.2979
37.298,-439.4443
37.3,-415.3203
37.302,-394.9466
37.304,-377.24
37.306,-360.7638
37.308,-345.66403
37.31,-332.00125
37.312,-320.2037
37.314,-310.3465
37.316,-303.4274
37.318,-299.4315
37.32,-297.6894
37.322,-296.58276
37.324,-295.22342
37.326,-292.67566
37.328,-288.68365
37.33,-283.488
37.332,-278.58688
37.334,-275.48956
37.336,-275.17505
37.338,-277.27948
37.34,-280.8678
37.342,-284.33487
37.344,-286.18207
37.346,-285.2349
37.348,-282.19397
37.35,-278.21774
37.352,-274.67474
37.354,-271.7989
37.356,-270.74475
37.358,-270.7358
37.36,-270.67218
37.362,-269.11258
37.364,-267.43292
37.366,-266.2346
37.368,-266.1693
37.37,-266.93958
37.372,-269.28503
37.374,-272.27817
37.376,-274.67474
37.378,-275.01196
37.38,-273.84067
37.382,-271.6254
37.384,-269.17123
37.386,-266.78534
37.388,-265.53308
37.39,-265.32678
37.392,-265.669
37.394,-265.56683
37.396,-265.2327
37.398,-264.58353
37.4,-263.66772
37.402,-262.12454
37.404,-260.49704
37.406,-258.71143
37.408,-256.66327
37.41,-253.93549
37.412,-251.26836
37.414,-248.9542
37.416,-247.15723
37.418,-245.38657
37.42,-243.91989
37.422,-242.43333
37.424,-240.65309
37.426,-238.0827
37.428,-235.53777
37.43,-233.4545
37.432,-232.14769
37.434,-231.18382
37.436,-230.80312
37.438,-230.48639
37.44,-229.64609
37.442,-227.44254
37.444,-224.42137
37.446,-220.97571
37.448,-217.63846
37.45,-214.41237
37.452,-212.0777
37.454,-210.59679
37.456,-209.63336
37.458,-208.2598
37.46,-206.67834
37.462,-204.77612
37.464,-202.6289
37.466,-199.99171
37.468,-197.78311
37.47,-196.40503
37.472,-196.12477
37.474,-196.53485
37.476,-198.15086
37.478,-200.80275
37.48,-204.12985
37.482,-207.14005
37.484,-210.00157
37.486,-212.51015
37.488,-214.63654
37.49,-216.03339
37.492,-217.5948
37.494,-219.72327
37.496,-222.64163
37.498,-225.86824
37.5,-229.59666
37.502,-233.3658
37.504,-236.65054
37.506,-238.64607
37.508,-239.73282
37.51,-240.11728
37.512,-240.15277
37.514,-239.74431
37.516,-239.73988
37.518,-240.37216
37.52,-241.65373
37.522,-242.8685
37.524,-244.4071
37.526,-246.19548
37.528,-248.15787
37.53,-249.65865
37.532,-251.237
37.534,-253.0222
37.536,-255.16232
37.538,-257.28815
37.54,-260.0458
37.542,-263.53748
37.544,-267.6703
37.546,-271.7186
37.548,-275.86444
37.55,-279.99286
37.552,-284.1808
37.554,-288.24014
37.556,-292.8771
37.558,-298.0758
37.56,-303.19287
37.562,-306.4659
37.564,-306.74915
37.566,-302.68665
37.568,-293.68683
37.57,-279.87076
37.572,-263.43423
37.574,-246.8635
37.576,-232.648
37.578,-222.20299
37.58,-216.98755
37.582,-217.12729
37.584,-222.14131
37.586,-230.8843
37.588,-243.29576
37.59,-258.9331
37.592,-277.17633
37.594,-296.5023
37.596,-315.8802
37.598,-333.42682
37.6,-347.2209
37.602,-355.33008
37.604,-357.76074
37.606,-355.09445
37.608,-348.72183
37.61,-339.89005
37.612,-330.66684
37.614,-321.94092
37.616,-313.69955
37.618,-304.77734
37.62,-294.99207
37.622,-284.20438
37.624,-273.17377
37.626,-263.0207
37.628,-256.28357
37.63,-254.45534
37.632,-257.6639
37.634,-263.86353
37.636,-270.86975
37.638,-275.6825
37.64,-276.1757
37.642,-271.46643
37.644,-263.78717
37.646,-256.0528
37.648,-251.15977
37.65,-250.26637
37.652,-253.85815
37.654,-260.18893
37.656,-266.66965
37.658,-270.53604
37.66,-271.34747
37.662,-269.69348
37.664,-267.16995
37.666,-265.0067
37.668,-264.90207
37.67,-267.05334
37.672,-270.67218
37.674,-273.923
37.676,-276.29703
37.678,-277.3229
37.68,-277.17633
37.682,-275.90463
37.684,-274.98703
37.686,-275.02985
37.688,-276.1757
37.69,-277.57388
37.692,-279.3821
37.694,-281.06476
37.696,-282.1795
37.698,-282.023
37.7,-281.32135
37.702,-280.41998
37.704,-279.67792
37.706,-278.87933
37.708,-278.75433
37.71,-279.37585
37.712,-280.67856
37.714,-282.06396
37.716,-283.94986
37.718,-286.22946
37.72,-288.68365
37.722,-290.5059
37.724,-291.9782
37.726,-292.99756
37.728,-293.68683
37.73,-293.95724
37.732,-295.00476
37.734,-297.4912
37.736,-301.69193
37.738,-306.7965
37.74,-312.54465
37.742,-317.85825
37.744,-321.70465
37.746,-322.9751
37.748,-322.35196
37.75,-320.59726
37.752,-318.70276
37.754,-316.9397
37.756,-316.17862
37.758,-316.07858
37.76,-315.70084
37.762,-313.36115
37.764,-308.79858
37.766,-301.86963
37.768,-293.18652
37.77,-283.46695
37.772,-274.84143
37.774,-268.68445
37.776,-265.669
37.778,-265.0427
37.78,-266.41266
37.782,-268.4079
37.784,-269.67154
37.786,-268.83963
37.788,-266.45517
37.79,-263.3147
37.792,-260.66583
37.794,-259.31497
37.796,-260.62064
37.798,-264.65997
37.8,-270.67218
37.802,-277.07385
37.804,-282.8094
37.806,-286.68268
37.808,-288.18332
37.81,-287.55432
37.812,-286.14957
37.814,-285.08817
37.816,-285.18143
37.818,-286.60846
37.82,-289.33136
37.822,-292.48453
37.824,-295.18777
37.826,-296.49637
37.828,-297.2887
37.83,-298.2091
37.832,-299.69064
37.834,-300.60278
37.836,-301.27457
37.838,-301.19626
37.84,-300.19098
37.842,-297.7808
37.844,-295.79776
37.846,-295.3284
37.848,-296.68875
37.85,-298.36566
37.852,-299.4833
37.854,-298.59528
37.856,-295.18777
37.858,-289.5293
37.86,-284.10413
37.862,-280.6274
37.864,-279.1776
37.866,-276.94144
37.868,-270.45242
37.87,-255.50214
37.872,-229.64609
37.874,-193.08865
37.876,-150.33212
37.878,-107.01657
37.88,-68.04329
37.882,-35.09317
37.884,-7.7065434
37.886,17.130634
37.888,42.026737
37.89,67.12485
37.892,87.09067
37.894,93.43661
37.896,76.5487
37.898,29.645971
37.9,-49.78398
37.902,-156.81429
37.904,-280.17825
37.906,-404.2705
37.908,-514.3236
37.91,-598.13196
37.912,-648.91284
37.914,-665.5995
37.916,-653.6888
37.918,-621.6161
37.92,-578.8682
37.922,-533.3473
37.924,-491.54483
37.926,-456.41034
37.928,-428.27246
37.93,-405.3721
37.932,-386.53055
37.934,-370.3785
37.936,-356.22662
37.938,-343.5295
37.94,-333.0557
37.942,-324.88586
37.944,-318.70276
37.946,-313.42126
37.948,-308.91287
37.95,-304.725
37.952,-300.69128
37.954,-296.50516
37.956,-292.90854
37.958,-290.13617
37.96,-288.18332
37.962,-286.496
37.964,-285.03348
37.966,-283.61526
37.968,-282.1795
37.97,-280.52786
37.972,-278.96005
37.974,-277.77725
37.976,-277.17633
37.978,-276.89798
37.98,-276.7898
37.982,-276.62457
37.984,-276.1757
37.986,-274.8461
37.988,-273.10306
37.99,-271.01276
37.992,-268.67093
37.994,-265.53918
37.996,-262.61456
37.998,-259.72916
38.0,-256.66327
38.002,-252.83104
38.004,-249.3734
38.006,-246.59262
38.008,-244.65564
38.01,-243.07808
38.012,-242.33752
38.014,-242.02345
38.016,-241.65373
38.018,-240.49252
38.02,-239.08665
38.022,-237.58163
38.024,-236.15022
38.026,-234.52002
38.028,-233.23462
38.03,-232.17255
38.032,-231.14705
38.034,-229.69229
38.036,-228.37878
38.038,-227.3412
38.04,-226.64418
38.042,-225.86018
38.044,-225.29286
38.046,-224.65205
38.048,-223.64227
38.05,-221.76271
38.052,-219.6187
38.054,-217.48746
38.056,-215.63718
38.058,-213.8451
38.06,-212.58025
38.062,-211.62807
38.064,-210.634
38.066,-208.88693
38.068,-206.74806
38.07,-204.27586
38.072,-201.62827
38.074,-198.60255
38.076,-195.84496
38.078,-193.3929
38.08,-191.12158
38.082,-188.44553
38.084,-185.71613
38.086,-182.91791
38.088,-180.11458
38.09,-177.04758
38.092,-174.37184
38.094,-172.23003
38.096,-170.60854
38.098,-168.95023
38.1,-167.51758
38.102,-166.11902
38.104,-164.60472
38.106,-162.54408
38.108,-160.57108
38.11,-158.99228
38.112,-158.10057
38.114,-157.6803
38.116,-158.24313
38.118,-159.66098
38.12,-161.6028
38.122,-163.24663
38.124,-164.74284
38.126,-165.99635
38.128,-167.10631
38.13,-167.92432
38.132,-169.28004
38.134,-171.4889
38.136,-174.61108
38.138,-177.9995
38.14,-181.68309
38.142,-185.19382
38.144,-188.11967
38.146,-189.84575
38.148,-190.9216
38.15,-191.71028
38.152,-192.62254
38.154,-193.56223
38.156,-195.10542
38.158,-197.20807
38.16,-199.627
38.162,-201.64543
38.164,-203.47688
38.166,-205.10551
38.168,-206.63145
38.17,-207.81546
38.172,-209.23798
38.174,-211.02394
38.176,-213.13559
38.178,-215.00154
38.18,-216.80257
38.182,-218.38496
38.184,-219.63972
38.186,-220.15019
38.188,-220.41258
38.19,-220.66422
38.192,-221.14069
38.194,-221.63309
38.196,-222.6294
38.198,-224.16934
38.2,-226.14386
38.202,-227.93849
38.204,-229.71005
38.206,-231.3127
38.208,-232.648
38.21,-233.28255
38.212,-233.6635
38.214,-233.92223
38.216,-234.14896
38.218,-233.97212
38.22,-233.80693
38.222,-233.69354
38.224,-233.64864
38.226,-233.28262
38.228,-233.0859
38.23,-233.18367
38.232,-233.64864
38.234,-234.0487
38.236,-234.76163
38.238,-235.69267
38.24,-236.65054
38.242,-236.9702
38.244,-236.9559
38.246,-236.63484
38.248,-236.15022
38.25,-235.30215
38.252,-234.8242
38.254,-234.94147
38.256,-235.64992
38.258,-236.26912
38.26,-236.9069
38.262,-237.25941
38.264,-237.15086
38.266,-236.1874
38.268,-235.16223
38.27,-234.53682
38.272,-234.64928
38.274,-235.12393
38.276,-236.26294
38.278,-237.73753
38.28,-239.15215
38.282,-239.75645
38.284,-240.00175
38.286,-240.07
38.288,-240.15277
38.29,-239.85999
38.292,-239.6529
38.294,-239.44496
38.296,-239.15215
38.298,-238.34668
38.3,-237.85597
38.302,-238.16617
38.304,-239.65245
38.306,-241.89569
38.308,-245.1667
38.31,-248.97137
38.312,-252.66074
38.314,-255.16763
38.316,-256.71048
38.318,-257.3174
38.32,-257.1636
38.322,-255.96407
38.324,-254.46878
38.326,-252.94626
38.328,-251.6601
38.33,-250.42429
38.332,-250.07158
38.334,-250.84027
38.336,-252.66074
38.338,-254.64462
38.34,-256.70407
38.342,-258.3083
38.344,-259.16486
38.346,-258.90353
38.348,-258.5565
38.35,-258.82364
38.352,-260.1655
38.354,-262.0844
38.356,-264.61078
38.358,-267.0308
38.36,-268.67093
38.362,-268.77045
38.364,-268.19775
38.366,-267.83575
38.368,-268.67093
38.37,-270.8861
38.372,-275.09595
38.374,-280.7365
38.376,-286.68237
38.378,-291.1612
38.38,-293.733
38.382,-294.11215
38.384,-292.6862
38.386,-289.88272
38.388,-287.33545
38.39,-285.98322
38.392,-286.18207
38.394,-287.1291
38.396,-288.5513
38.398,-289.5001
38.4,-289.18396
38.402,-286.79883
38.404,-283.1894
38.406,-279.17
38.408,-275.67538
38.41,-272.95932
38.412,-271.87332
38.414,-272.29025
38.416,-273.6741
38.418,-274.89294
38.42,-275.91434
38.422,-276.5019
38.424,-276.67603
38.426,-276.26935
38.428,-276.01898
38.43,-276.13177
38.432,-276.67603
38.434,-277.4163
38.436,-278.632
38.438,-280.13297
38.44,-281.6792
38.442,-282.92786
38.444,-284.01044
38.446,-284.6722
38.448,-284.6811
38.45,-283.7816
38.452,-282.38562
38.454,-280.6229
38.456,-278.67728
38.458,-276.3094
38.46,-274.44122
38.462,-273.38226
38.464,-273.17377
38.466,-272.54623
38.468,-272.15405
38.47,-272.00662
38.472,-272.17316
38.474,-271.6403
38.476,-271.40924
38.478,-271.62946
38.48,-272.17316
38.482,-271.804
38.484,-270.76373
38.486,-268.74924
38.488,-265.669
38.49,-261.01855
38.492,-255.66841
38.494,-249.7001
38.496,-242.65437
38.498,-232.9125
38.5,-219.61424
38.502,-201.42708
38.504,-177.61299
38.506,-148.02261
38.508,-114.86558
38.51,-80.84754
38.512,-49.031193
38.514,-21.573563
38.516,-0.6419691
38.518,13.461475
38.52,21.513685
38.522,24.993778
38.524,23.369287
38.526,14.814009
38.528,-4.5028644
38.53,-39.205673
38.532,-94.662315
38.534,-173.27394
38.536,-273.17377
38.538,-387.0175
38.54,-504.3005
38.542,-611.89124
38.544,-697.44366
38.546,-751.7521
38.548,-772.1171
38.55,-761.0391
38.552,-725.4615
38.554,-674.12427
38.556,-616.74713
38.558,-560.64435
38.56,-510.32465
38.562,-467.1273
38.564,-431.45538
38.566,-402.15112
38.568,-377.7403
38.57,-356.4733
38.572,-337.99
38.574,-321.80643
38.576,-307.69574
38.578,-295.18967
38.58,-284.91245
38.582,-277.0538
38.584,-271.67282
38.586,-268.22656
38.588,-266.76743
38.59,-266.79428
38.592,-267.6703
38.594,-268.43686
38.596,-268.85904
38.598,-268.7613
38.6,-268.1706
38.602,-266.98218
38.604,-265.6008
38.606,-264.3993
38.608,-263.66772
38.61,-263.23926
38.612,-263.19983
38.614,-263.4101
38.616,-263.66772
38.618,-263.3685
38.62,-262.9139
38.622,-262.3218
38.624,-261.66647
38.626,-260.40405
38.628,-259.58707
38.63,-258.97437
38.632,-258.16425
38.634,-256.21457
38.636,-254.12297
38.638,-251.90633
38.64,-249.65883
38.642,-247.10048
38.644,-245.31184
38.646,-244.39552
38.648,-244.15532
38.65,-243.76865
38.652,-243.38602
38.654,-242.59279
38.656,-241.15341
38.658,-238.77148
38.66,-236.35382
38.662,-234.3765
38.664,-233.14832
38.666,-232.32837
38.668,-232.08896
38.67,-231.89421
38.672,-231.14705
38.674,-229.10284
38.676,-226.19733
38.678,-222.72768
38.68,-219.1394
38.682,-215.51163
38.684,-212.58179
38.686,-210.36528
38.688,-208.63272
38.69,-206.7041
38.692,-204.80472
38.694,-202.80118
38.696,-200.62762
38.698,-197.90862
38.7,-195.18175
38.702,-192.54877
38.704,-190.12094
38.706,-187.6687
38.708,-185.8422
38.71,-184.71483
38.712,-184.11713
38.714,-183.25542
38.716,-182.11798
38.718,-180.29515
38.72,-177.61299
38.722,-173.87697
38.724,-170.12326
38.726,-167.04121
38.728,-165.10503
38.73,-163.99515
38.732,-163.84592
38.734,-164.08061
38.736,-164.1044
38.738,-163.18573
38.74,-161.87532
38.742,-160.55414
38.744,-159.60153
38.746,-158.77823
38.748,-158.442
38.75,-158.31262
38.752,-158.10057
38.754,-157.34808
38.756,-156.82751
38.758,-157.09103
38.76,-158.60089
38.762,-161.05869
38.764,-164.6377
38.766,-168.73451
38.768,-172.6098
38.77,-175.26953
38.772,-177.01828
38.774,-178.14178
38.776,-179.11395
38.778,-179.94257
38.78,-181.35602
38.782,-183.44882
38.784,-186.11841
38.786,-188.76091
38.788,-191.69295
38.79,-194.86275
38.792,-198.12604
38.794,-200.75464
38.796,-202.80687
38.798,-203.9799
38.8,-204.12985
38.802,-202.98203
38.804,-201.49373
38.806,-200.4657
38.808,-200.62762
38.81,-201.944
38.812,-204.76485
38.814,-208.60542
38.816,-212.63527
38.818,-215.52486
38.82,-217.10068
38.822,-217.32127
38.824,-216.63782
38.826,-215.41623
38.828,-214.98569
38.83,-216.12468
38.832,-219.1394
38.834,-223.34267
38.836,-228.49803
38.838,-233.83755
38.84,-238.65182
38.842,-242.05952
38.844,-244.44383
38.846,-246.1576
38.848,-247.65755
38.85,-248.83467
38.852,-250.27902
38.854,-251.9623
38.856,-253.66136
38.858,-254.64438
38.86,-255.2521
38.862,-255.65445
38.864,-256.16296
38.866,-256.62305
38.868,-257.72162
38.87,-259.4968
38.872,-261.66647
38.874,-263.2306
38.876,-264.2132
38.878,-264.46207
38.88,-264.16806
38.882,-263.33405
38.884,-263.14694
38.886,-264.21317
38.888,-266.66965
38.89,-269.5567
38.892,-272.5401
38.894,-274.77344
38.896,-275.67538
38.898,-274.6732
38.9,-272.86008
38.902,-271.22916
38.904,-270.67218
38.906,-271.0601
38.908,-272.7689
38.91,-275.23074
38.912,-277.67664
38.914,-278.95343
38.916,-279.48907
38.918,-279.69867
38.92,-280.17825
38.922,-280.80142
38.924,-282.27533
38.926,-284.40256
38.928,-286.68237
38.93,-287.99152
38.932,-288.66888
38.934,-288.91278
38.936,-289.18396
38.938,-289.42065
38.94,-290.62485
38.942,-292.96042
38.944,-296.18842
38.946,-299.20203
38.948,-302.04303
38.95,-304.39514
38.952,-306.1948
38.954,-307.08167
38.956,-308.0442
38.958,-309.52185
38.96,-311.6983
38.962,-313.86963
38.964,-316.25244
38.966,-318.4615
38.968,-320.2037
38.97,-320.8844
38.972,-321.41635
38.974,-322.36615
38.976,-324.20624
38.978,-326.53223
38.98,-329.77875
38.982,-333.52838
38.984,-337.2145
38.986,-339.80573
38.988,-341.7933
38.99,-343.45782
38.992,-345.2196
38.994,-346.84674
38.996,-349.09723
38.998,-351.86127
39.0,-354.72568
39.002,-356.57315
39.004,-357.62656
39.006,-357.79877
39.008,-357.22726
39.01,-355.62192
39.012,-353.98547
39.014,-352.6561
39.016,-351.72375
39.018,-350.43207
39.02,-349.11258
39.022,-347.46838
39.024,-345.2196
39.026,-341.63028
39.028,-337.47018
39.03,-333.15674
39.032,-329.20944
39.034,-325.53812
39.036,-323.21393
39.038,-322.4719
39.04,-323.2056
39.042,-324.43036
39.044,-326.2932
39.046,-328.34216
39.048,-330.21005
39.05,-331.15485
39.052,-331.84787
39.054,-332.4791
39.056,-333.21198
39.058,-333.6941
39.06,-334.4585
39.062,-335.36487
39.064,-336.2139
39.066,-336.61655
39.068,-337.01727
39.07,-337.39178
39.072,-337.71484
39.074,-337.75815
39.076,-338.00925
39.078,-338.3796
39.08,-338.71548
39.082,-338.49652
39.084,-338.35373
39.086,-338.3986
39.088,-338.71548
39.09,-338.36176
39.092,-338.4981
39.094,-339.44363
39.096,-341.21707
39.098,-342.1563
39.1,-342.8334
39.102,-343.0168
39.104,-342.71802
39.106,-341.2162
39.108,-340.0068
39.11,-339.66708
39.112,-340.21643
39.114,-340.17383
39.116,-339.24408
39.118,-336.5368
39.12,-331.71103
39.122,-324.44702
39.124,-316.17816
39.126,-307.22815
39.128,-296.68875
39.13,-281.726
39.132,-260.32977
39.134,-230.7824
39.136,-193.62317
39.138,-151.60884
39.14,-110.81501
39.142,-76.79809
39.144,-53.033737
39.146,-39.14632
39.148,-33.24621
39.15,-32.113483
39.152,-34.52196
39.154,-42.67213
39.156,-64.032646
39.158,-107.174194
39.16,-178.61363
39.162,-278.6819
39.164,-401.5221
39.166,-533.9888
39.168,-659.4195
39.17,-761.4794
39.172,-829.88477
39.174,-860.6525
39.176,-856.5449
39.178,-824.5967
39.18,-775.19763
39.182,-717.7001
39.184,-659.4195
39.186,-604.5835
39.188,-556.41064
39.19,-515.76855
39.192,-482.30682
39.194,-454.39017
39.196,-431.23032
39.198,-411.40112
39.2,-393.7505
39.202,-377.1379
39.204,-362.22293
39.206,-349.44083
39.208,-339.2158
39.21,-331.15686
39.212,-325.58105
39.214,-321.87146
39.216,-319.20306
39.218,-316.37854
39.22,-313.42215
39.222,-310.29877
39.224,-307.19543
39.226,-304.0189
39.228,-301.35965
39.23,-299.53897
39.232,-298.69
39.234,-298.33322
39.236,-298.38153
39.238,-298.46347
39.24,-298.1897
39.242,-296.84387
39.244,-294.858
39.246,-292.60767
39.248,-290.68494
39.25,-289.00748
39.252,-289.02087
39.254,-290.62573
39.256,-293.18652
39.258,-294.9813
39.26,-296.31805
39.262,-296.25833
39.264,-294.18716
39.266,-289.47656
39.268,-283.9189
39.27,-278.62784
39.272,-274.67474
39.274,-272.25043
39.276,-272.3697
39.278,-274.54462
39.28,-277.67664
39.282,-279.95337
39.284,-281.00952
39.286,-280.3591
39.288,-278.17697
39.29,-274.76953
39.292,-271.85342
39.294,-270.3746
39.296,-270.67218
39.298,-271.88837
39.3,-273.67218
39.302,-274.89993
39.304,-274.67474
39.306,-272.25977
39.308,-268.74234
39.31,-265.17865
39.312,-262.66708
39.314,-261.42917
39.316,-262.09668
39.318,-264.04782
39.32,-266.1693
39.322,-266.80768
39.324,-265.8166
39.326,-263.1125
39.328,-259.16486
39.33,-254.27939
39.332,-249.94254
39.334,-246.83406
39.336,-245.15596
39.338,-244.11781
39.34,-243.80481
39.342,-243.6532
39.344,-243.15468
39.346,-241.46736
39.348,-239.20227
39.35,-236.6409
39.352,-234.14896
39.354,-231.54591
39.356,-229.69502
39.358,-228.75464
39.36,-228.64546
39.362,-228.57362
39.364,-228.8395
39.366,-229.24237
39.368,-229.64609
39.37,-229.4799
39.372,-229.4537
39.374,-229.78947
39.376,-230.64673
39.378,-231.53957
39.38,-233.08617
39.382,-235.31078
39.384,-238.1515
39.386,-240.93443
39.388,-244.15773
39.39,-247.76874
39.392,-251.6601
39.394,-255.14838
39.396,-258.72412
39.398,-262.39493
39.4,-266.1693
39.402,-269.5192
39.404,-273.08884
39.406,-276.9778
39.408,-281.17886
39.41,-285.02264
39.412,-288.8777
39.414,-292.5259
39.416,-295.6881
39.418,-297.58826
39.42,-298.68808
39.422,-299.13397
39.424,-299.19034
39.426,-298.66147
39.428,-298.42606
39.43,-298.75543
39.432,-299.69064
39.434,-300.5732
39.436,-301.65045
39.438,-302.72284
39.44,-303.6932
39.442,-304.18478
39.444,-304.96722
39.446,-306.40417
39.448,-308.69638
39.45,-311.3121
39.452,-314.41776
39.454,-317.55087
39.456,-320.2037
39.458,-321.54745
39.46,-322.00607
39.462,-321.79272
39.464,-321.20435
39.466,-320.00333
39.468,-318.88242
39.47,-317.9472
39.472,-317.20178
39.474,-316.11682
39.476,-315.2903
39.478,-314.82343
39.48,-314.7002
39.482,-314.2277
39.484,-313.74622
39.486,-313.09128
39.488,-312.1986
39.49,-310.65204
39.492,-309.35962
39.494,-308.67847
39.496,-308.69638
39.498,-308.55814
39.5,-308.24304
39.502,-307.0053
39.504,-304.1935
39.506,-298.9955
39.508,-292.35327
39.51,-285.09195
39.512,-278.17697
39.514,-271.8477
39.516,-267.18634
39.518,-264.2435
39.52,-262.66708
39.522,-261.3652
39.524,-260.57175
39.526,-260.1553
39.528,-260.1655
39.53,-260.19778
39.532,-261.1114
39.534,-263.09702
39.536,-266.1693
39.538,-269.6109
39.54,-273.86417
39.542,-278.67722
39.544,-283.68048
39.546,-287.8667
39.548,-291.53625
39.55,-294.49622
39.552,-296.68875
39.554,-297.6481
39.556,-298.33228
39.558,-299.1134
39.56,-300.19098
39.562,-300.94073
39.564,-301.8287
39.566,-302.64178
39.568,-303.19287
39.57,-302.85898
39.572,-302.5156
39.574,-302.5387
39.576,-303.19287
39.578,-303.92612
39.58,-305.24106
39.582,-306.91336
39.584,-308.69638
39.586,-309.89014
39.588,-311.23886
39.59,-312.9788
39.592,-315.20053
39.594,-317.17578
39.596,-319.11505
39.598,-320.57977
39.6,-321.20435
39.602,-320.38373
39.604,-318.9818
39.606,-317.57965
39.608,-316.70148
39.61,-316.0895
39.612,-316.24374
39.614,-316.90063
39.616,-317.70212
39.618,-317.89987
39.62,-318.11688
39.622,-318.63965
39.624,-319.70337
39.626,-320.79022
39.628,-322.28253
39.63,-323.86005
39.632,-325.20688
39.634,-325.6834
39.636,-326.1348
39.638,-327.02423
39.64,-328.7091
39.642,-330.68457
39.644,-333.24466
39.646,-335.8137
39.648,-337.71484
39.65,-337.9249
39.652,-337.02954
39.654,-335.4356
39.656,-333.71228
39.658,-331.79938
39.66,-330.54306
39.662,-329.83432
39.664,-329.20944
39.666,-327.52197
39.668,-324.933
39.67,-321.28796
39.672,-316.70148
39.674,-310.9756
39.676,-305.2824
39.678,-300.20914
39.68,-296.18842
39.682,-292.90704
39.684,-291.0667
39.686,-290.58347
39.688,-291.18524
39.69,-291.97128
39.692,-293.2305
39.694,-294.7104
39.696,-296.18842
39.698,-297.03436
39.7,-297.75037
39.702,-298.30984
39.704,-298.69
39.706,-298.59024
39.708,-298.55634
39.71,-298.59988
39.712,-298.69
39.714,-298.603
39.716,-298.7838
39.718,-299.17398
39.72,-299.69064
39.722,-300.09186
39.724,-300.77792
39.726,-301.57654
39.728,-302.19223
39.73,-301.8141
39.732,-300.99643
39.734,-299.8759
39.736,-298.69
39.738,-296.70203
39.74,-295.30292
39.742,-295.05255
39.744,-296.18842
39.746,-297.4104
39.748,-299.0699
39.75,-300.5378
39.752,-301.19162
39.754,-299.86517
39.756,-297.46512
39.758,-294.64578
39.76,-292.18588
39.762,-289.97327
39.764,-288.66446
39.766,-287.55197
39.768,-285.18143
39.77,-279.129
39.772,-268.30432
39.774,-251.67546
39.776,-229.14577
39.778,-201.13414
39.78,-170.13185
39.782,-138.52779
39.784,-108.56907
39.786,-81.33128
39.788,-58.136105
39.79,-38.875416
39.792,-23.01464
39.794,-9.923191
39.796,-1.4576288
39.798,-0.832517
39.8,-13.008275
39.802,-43.173183
39.804,-96.62122
39.806,-174.98708
39.808,-275.17505
39.81,-388.45593
39.812,-503.30493
39.814,-606.13904
39.816,-684.9357
39.818,-731.4799
39.82,-744.5909
39.822,-728.24506
39.824,-690.4392
39.826,-640.2169
39.828,-586.9276
39.83,-536.8783
39.832,-493.3138
39.834,-456.3855
39.836,-425.8393
39.838,-400.34842
39.84,-378.74094
39.842,-359.7889
39.844,-343.78024
39.846,-330.63208
39.848,-320.2037
39.85,-311.74307
39.852,-305.50003
39.854,-301.1268
39.856,-298.1897
39.858,-295.74762
39.86,-293.83536
39.862,-292.08255
39.864,-290.1846
39.866,-287.58798
39.868,-284.68195
39.87,-281.76068
39.872,-279.1776
39.874,-276.89987
39.876,-275.4168
39.878,-274.97812
39.88,-275.67538
39.882,-277.04907
39.884,-279.04266
39.886,-281.36734
39.888,-283.68048
39.89,-285.15967
39.892,-286.104
39.894,-286.43317
39.896,-286.18207
39.898,-284.79068
39.9,-283.49188
39.902,-282.31778
39.904,-281.17886
39.906,-279.33618
39.908,-277.9188
39.91,-276.91275
39.912,-276.1757
39.914,-274.97278
39.916,-273.99423
39.918,-273.11108
39.92,-272.17316
39.922,-270.611
39.924,-269.12994
39.926,-267.8129
39.928,-266.66965
39.93,-265.19962
39.932,-263.91446
39.934,-262.75333
39.936,-261.66647
39.938,-260.27255
39.94,-259.27795
39.942,-258.8809
39.944,-259.16486
39.946,-259.64246
39.948,-260.65735
39.95,-261.93793
39.952,-263.16742
39.954,-263.6812
39.956,-263.8841
39.958,-263.7401
39.96,-263.16742
39.962,-261.60983
39.964,-259.4812
39.966,-256.7829
39.968,-253.66136
39.97,-250.03119
39.972,-246.9534
39.974,-244.92807
39.976,-244.15532
39.978,-243.97849
39.98,-244.39333
39.982,-244.67917
39.984,-244.15532
39.986,-242.01187
39.988,-238.92041
39.99,-235.41742
39.992,-232.14769
39.994,-229.1542
39.996,-227.16545
39.998,-225.9997
40.0,-225.14323
40.002,-223.53769
40.004,-221.3208
40.006,-218.44092
40.008,-215.13686
40.01,-211.39084
40.012,-208.25053
40.014,-206.12526
40.016,-205.1305
40.018,-204.62578
40.02,-204.83244
40.022,-205.42862
40.024,-206.13113
40.026,-206.32013
40.028,-206.58281
40.03,-207.12566
40.032,-208.1324
40.034,-209.21126
40.036,-210.89978
40.038,-213.11049
40.04,-215.63718
40.042,-217.76578
40.044,-219.89392
40.046,-222.01071
40.048,-224.1426
40.05,-225.84305
40.052,-227.68018
40.054,-229.65668
40.056,-231.64737
40.058,-232.98813
40.06,-234.06328
40.062,-234.90222
40.064,-235.64992
40.066,-236.07585
40.068,-236.97437
40.07,-238.53242
40.072,-240.65309
40.074,-242.50905
40.076,-244.13397
40.078,-245.20393
40.08,-245.65628
40.082,-245.33272
40.084,-245.33084
40.086,-246.32526
40.088,-248.65819
40.09,-251.71248
40.092,-255.32602
40.094,-258.70117
40.096,-261.16614
40.098,-262.06012
40.1,-262.15924
40.102,-262.15793
40.104,-262.66708
40.106,-263.45932
40.108,-264.73355
40.11,-265.9716
40.112,-266.66965
40.114,-266.22583
40.116,-265.46844
40.118,-265.09595
40.12,-265.669
40.122,-266.8178
40.124,-268.54297
40.126,-270.07013
40.128,-270.67218
40.13,-269.63577
40.132,-267.8268
40.134,-266.08353
40.136,-265.1687
40.138,-264.89206
40.14,-265.43246
40.142,-266.09518
40.144,-266.1693
40.146,-264.90332
40.148,-263.1423
40.15,-261.6685
40.152,-261.16614
40.154,-261.31866
40.156,-262.189
40.158,-262.92752
40.16,-262.66708
40.162,-260.52237
40.164,-257.30792
40.166,-253.88248
40.168,-251.15977
40.17,-249.20772
40.172,-248.53838
40.174,-248.71703
40.176,-249.15851
40.178,-249.05638
40.18,-249.13333
40.182,-249.9821
40.184,-252.16042
40.186,-255.30595
40.188,-259.48502
40.19,-263.69095
40.192,-266.66965
40.194,-266.93958
40.196,-264.81546
40.198,-260.96017
40.2,-256.66327
40.202,-252.90285
40.204,-251.41537
40.206,-252.66551
40.208,-256.16296
40.21,-260.16504
40.212,-263.77914
40.214,-265.90823
40.216,-266.1693
40.218,-264.54684
40.22,-262.77048
40.222,-262.19366
40.224,-263.66772
40.226,-266.64743
40.228,-270.80255
40.23,-274.76233
40.232,-277.17633
40.234,-276.7877
40.236,-274.3013
40.238,-270.68088
40.24,-267.16995
40.242,-264.29382
40.244,-263.03015
40.246,-263.1992
40.248,-264.16806
40.25,-264.81357
40.252,-265.3195
40.254,-265.81482
40.256,-266.66965
40.258,-267.7941
40.26,-269.79227
40.262,-272.43134
40.264,-275.17505
40.266,-277.00357
40.268,-278.1046
40.27,-278.54803
40.272,-278.67728
40.274,-278.49606
40.276,-278.9074
40.278,-280.04312
40.28,-281.6792
40.282,-282.91135
40.284,-283.79373
40.286,-284.05853
40.288,-283.68048
40.29,-282.45914
40.292,-281.39557
40.294,-281.0285
40.296,-281.6792
40.298,-282.86255
40.3,-284.7589
40.302,-286.7737
40.304,-288.18332
40.306,-287.92758
40.308,-286.2726
40.31,-283.37726
40.312,-279.67792
40.314,-275.25143
40.316,-271.1587
40.318,-267.6702
40.32,-264.66837
40.322,-261.26312
40.324,-257.5579
40.326,-253.32622
40.328,-248.65819
40.33,-243.54634
40.332,-239.25215
40.334,-236.5016
40.336,-235.64992
40.338,-236.09746
40.34,-237.72769
40.342,-239.68227
40.344,-241.15341
40.346,-241.36276
40.348,-240.81763
40.35,-239.9165
40.352,-239.15215
40.354,-238.70673
40.356,-239.0555
40.358,-239.97937
40.36,-241.15341
40.362,-242.22409
40.364,-243.62805
40.366,-245.45967
40.368,-247.65755
40.37,-249.56421
40.372,-251.13083
40.374,-251.7825
40.376,-251.15977
40.378,-248.58685
40.38,-245.7522
40.382,-244.06662
40.384,-244.65564
40.386,-246.70088
40.388,-250.6119
40.39,-255.45734
40.392,-260.1655
40.394,-263.08328
40.396,-264.83398
40.398,-265.77005
40.4,-266.1693
40.402,-265.22705
40.404,-263.0788
40.406,-259.25653
40.408,-253.66136
40.41,-246.23386
40.412,-238.35152
40.414,-230.52022
40.416,-222.14131
40.418,-210.86879
40.42,-194.70126
40.422,-171.77524
40.424,-142.0904
40.426,-107.69856
40.428,-73.6295
40.43,-44.893707
40.432,-25.015915
40.434,-14.373808
40.436,-11.676085
40.438,-14.109517
40.44,-20.012732
40.442,-30.323961
40.444,-50.318047
40.446,-86.77831
40.448,-145.59262
40.45,-228.32753
40.452,-331.69202
40.454,-446.1488
40.456,-558.3552
40.458,-654.0312
40.46,-722.67334
40.462,-758.47864
40.464,-761.48444
40.466,-736.29663
40.468,-691.57825
40.47,-636.41815
40.472,-578.8682
40.474,-524.3452
40.476,-476.67697
40.478,-436.88037
40.48,-404.25717
40.482,-376.77954
40.484,-353.3081
40.486,-332.63885
40.488,-314.1999
40.49,-297.57486
40.492,-283.66208
40.494,-272.85318
40.496,-265.1687
40.498,-259.718
40.5,-256.14066
40.502,-253.44624
40.504,-250.65945
40.506,-246.68748
40.508,-241.6563
40.51,-235.89601
40.512,-230.14641
40.514,-225.0492
40.516,-221.72298
40.518,-220.77365
40.52,-222.14131
40.522,-224.72238
40.524,-227.45499
40.526,-229.15924
40.528,-229.14577
40.53,-227.12877
40.532,-224.34929
40.534,-222.13818
40.536,-221.641
40.538,-222.71207
40.54,-225.85304
40.542,-229.94469
40.544,-233.64864
40.546,-235.31526
40.548,-235.93556
40.55,-235.86336
40.552,-235.64992
40.554,-235.16212
40.556,-235.53072
40.558,-236.52931
40.56,-237.65118
40.562,-237.97104
40.564,-238.14565
40.566,-238.43773
40.568,-239.15215
40.57,-239.9519
40.572,-241.27264
40.574,-242.69319
40.576,-243.655
40.578,-243.31235
40.58,-242.14375
40.582,-240.45465
40.584,-238.65182
40.586,-236.61412
40.588,-234.97456
40.59,-233.69888
40.592,-232.648
40.594,-231.32288
40.596,-230.31754
40.598,-229.87724
40.6,-230.14641
40.602,-230.61258
40.604,-231.48
40.606,-232.41782
40.608,-233.14832
40.61,-233.17383
40.612,-233.23828
40.614,-233.78879
40.616,-235.1496
40.618,-236.87329
40.62,-239.0956
40.622,-241.24051
40.624,-242.65437
40.626,-242.42271
40.628,-241.02113
40.63,-238.88123
40.632,-236.65054
40.634,-234.49353
40.636,-233.3427
40.638,-233.31563
40.64,-234.14896
40.642,-234.87723
40.644,-235.52823
40.646,-235.81621
40.648,-235.64992
40.65,-234.65843
40.652,-233.62575
40.654,-232.88629
40.656,-232.648
40.658,-232.46631
40.66,-232.80511
40.662,-233.57648
40.664,-234.64928
40.666,-235.43912
40.668,-236.4693
40.67,-237.85025
40.672,-239.65245
40.674,-241.37393
40.676,-243.45224
40.678,-245.77795
40.68,-248.15787
40.682,-249.90453
40.684,-251.43286
40.686,-252.81075
40.688,-254.16168
40.69,-255.1343
40.692,-256.361
40.694,-257.9067
40.696,-259.6652
40.698,-260.91702
40.7,-261.95694
40.702,-262.69827
40.704,-263.16742
40.706,-263.03503
40.708,-263.08755
40.71,-263.60187
40.712,-264.66837
40.714,-265.67566
40.716,-266.89554
40.718,-268.1099
40.72,-269.17123
40.722,-269.6018
40.724,-270.13968
40.726,-271.10797
40.728,-272.67346
40.73,-274.2553
40.732,-276.04007
40.734,-277.6308
40.736,-278.67728
40.738,-278.5941
40.74,-278.1388
40.742,-277.83685
40.744,-278.17697
40.746,-278.89862
40.748,-280.41827
40.75,-282.36395
40.752,-284.1808
40.754,-284.89136
40.756,-284.81863
40.758,-284.1305
40.76,-283.18015
40.762,-281.85733
40.764,-281.00763
40.766,-280.80194
40.768,-281.17886
40.77,-281.41507
40.772,-281.80283
40.774,-282.13235
40.776,-282.1795
40.778,-281.2543
40.78,-279.87064
40.782,-278.2229
40.784,-276.67603
40.786,-275.21646
40.788,-274.95538
40.79,-276.29187
40.792,-279.1776
40.794,-282.51843
40.796,-285.94864
40.798,-288.45197
40.8,-289.18396
40.802,-287.2569
40.804,-283.5929
40.806,-279.1625
40.808,-275.17505
40.81,-272.1475
40.812,-271.34903
40.814,-272.8794
40.816,-276.1757
40.818,-279.65927
40.82,-282.8654
40.822,-285.00308
40.824,-285.68173
40.826,-284.41937
40.828,-282.38168
40.83,-280.39355
40.832,-279.1776
40.834,-278.55566
40.836,-279.21677
40.838,-280.92758
40.84,-283.18015
40.842,-284.79257
40.844,-285.97125
40.846,-286.58365
40.848,-286.68237
40.85,-285.8528
40.852,-285.06183
40.854,-284.73123
40.856,-285.18143
40.858,-285.97052
40.86,-287.76324
40.862,-290.4535
40.864,-293.68683
40.866,-296.33994
40.868,-298.57092
40.87,-300.1683
40.872,-301.19162
40.874,-301.4162
40.876,-302.0844
40.878,-303.88312
40.88,-307.19543
40.882,-311.34927
40.884,-316.4416
40.886,-321.68564
40.888,-326.20752
40.89,-328.80093
40.892,-329.9197
40.894,-329.9802
40.896,-329.70975
40.898,-329.33734
40.9,-330.05954
40.902,-332.11163
40.904,-335.21326
40.906,-338.14804
40.908,-340.84375
40.91,-342.88538
40.912,-344.21896
40.914,-344.62036
40.916,-345.31454
40.918,-346.93225
40.92,-349.72247
40.922,-352.86346
40.924,-356.30948
40.926,-359.30594
40.928,-361.2298
40.93,-361.28714
40.932,-360.42432
40.934,-359.35205
40.936,-358.7282
40.938,-358.27167
40.94,-358.42523
40.942,-358.6521
40.944,-358.2279
40.946,-356.0376
40.948,-352.62854
40.95,-348.4568
40.952,-344.21896
40.954,-340.00784
40.956,-336.82962
40.958,-334.69403
40.96,-333.21198
40.962,-331.26663
40.964,-329.0684
40.966,-326.50363
40.968,-323.70593
40.97,-320.42987
40.972,-317.7975
40.974,-316.28796
40.976,-316.20114
40.978,-317.03638
40.98,-319.26575
40.982,-322.42276
40.984,-325.7072
40.986,-327.61328
40.988,-328.02045
40.99,-326.62244
40.992,-323.70593
40.994,-319.71606
40.996,-316.52664
40.998,-315.31805
41.0,-316.70148
41.002,-320.24332
41.004,-325.44876
41.006,-330.78363
41.008,-334.71292
41.01,-336.09683
41.012,-335.251
41.014,-332.6729
41.016,-329.20944
41.018,-325.41684
41.02,-322.3694
41.022,-320.0938
41.024,-318.20242
41.026,-315.3582
41.028,-312.45538
41.03,-310.03094
41.032,-308.69638
41.034,-307.5424
41.036,-307.63333
41.038,-308.8186
41.04,-310.69766
41.042,-311.77347
41.044,-312.68573
41.046,-313.3848
41.048,-313.69955
41.05,-312.4726
41.052,-310.15808
41.054,-306.8598
41.056,-303.19287
41.058,-299.46936
41.06,-297.19452
41.062,-296.1205
41.064,-294.18716
41.066,-287.0781
41.068,-271.34628
41.07,-244.28185
41.072,-206.13113
41.074,-160.07646
41.076,-113.08974
41.078,-71.70299
41.08,-40.025463
41.082,-17.75311
41.084,-2.5812078
41.086,9.212967
41.088,19.012094
41.09,24.107752
41.092,15.782304
41.094,-16.221006
41.096,-80.05093
41.098,-177.12115
41.1,-301.8937
41.102,-440.81647
41.104,-576.36664
41.106,-691.19604
41.108,-774.10425
41.11,-820.2725
41.112,-831.529
41.114,-813.7311
41.116,-775.9055
41.118,-726.2301
41.12,-671.4271
41.122,-616.0246
41.124,-564.45074
41.126,-519.3979
41.128,-482.30682
41.13,-452.6553
41.132,-429.8435
41.134,-411.79053
41.136,-396.25208
41.138,-381.07562
41.14,-366.43954
41.142,-352.9677
41.144,-341.71738
41.146,-332.9731
41.148,-327.51715
41.15,-324.7933
41.152,-323.70593
41.154,-322.60944
41.156,-321.22614
41.158,-319.36182
41.16,-317.20178
41.162,-314.6943
41.164,-312.5237
41.166,-311.10654
41.168,-310.69766
41.17,-310.9794
41.172,-312.08087
41.174,-313.9062
41.176,-316.20114
41.178,-318.107
41.18,-319.48685
41.182,-320.0525
41.184,-319.70337
41.186,-317.87045
41.188,-315.83575
41.19,-313.9949
41.192,-312.6989
41.194,-311.43008
41.196,-311.58865
41.198,-312.89532
41.2,-314.7002
41.202,-315.57358
41.204,-316.04156
41.206,-315.77682
41.208,-314.7002
41.21,-312.4633
41.212,-310.341
41.214,-308.7267
41.216,-307.69574
41.218,-306.48886
41.22,-305.3901
41.222,-304.01486
41.224,-302.19223
41.226,-299.67667
41.228,-297.68393
41.23,-296.89832
41.232,-297.6894
41.234,-299.44678
41.236,-302.13126
41.238,-304.8362
41.24,-306.6951
41.242,-306.8007
41.244,-305.90448
41.246,-304.63715
41.248,-303.6932
41.25,-303.02332
41.252,-303.1395
41.254,-303.48508
41.256,-303.19287
41.258,-301.01147
41.26,-297.21005
41.262,-292.04324
41.264,-286.18207
41.266,-279.99316
41.268,-274.86838
41.27,-271.26968
41.272,-269.17123
41.274,-267.66324
41.276,-266.76532
41.278,-265.91977
41.28,-264.66837
41.282,-262.2516
41.284,-259.26077
41.286,-255.84648
41.288,-252.16042
41.29,-247.8097
41.292,-243.52274
41.294,-239.43274
41.296,-235.64992
41.298,-231.81133
41.3,-228.73607
41.302,-226.65358
41.304,-225.64354
41.306,-225.10254
41.308,-225.38498
41.31,-226.18217
41.312,-227.1445
41.314,-227.51094
41.316,-227.80965
41.318,-228.14996
41.32,-228.64546
41.322,-228.83594
41.324,-229.33139
41.326,-230.11635
41.328,-231.14705
41.33,-231.92691
41.332,-233.22325
41.334,-235.26686
41.336,-238.1515
41.338,-241.23277
41.34,-244.8011
41.342,-248.43227
41.344,-251.6601
41.346,-253.655
41.348,-254.96922
41.35,-255.85841
41.352,-256.66327
41.354,-257.19537
41.356,-258.1986
41.358,-259.73047
41.36,-261.66647
41.362,-263.31705
41.364,-265.04016
41.366,-266.71124
41.368,-268.1706
41.37,-268.75854
41.372,-268.86465
41.374,-268.47324
41.376,-267.6703
41.378,-266.20923
41.38,-264.9776
41.382,-264.3917
41.384,-264.66837
41.386,-265.2732
41.388,-266.43274
41.39,-267.82544
41.392,-269.17123
41.394,-269.90662
41.396,-270.70007
41.398,-271.88434
41.4,-273.6741
41.402,-275.5357
41.404,-277.67758
41.406,-279.69315
41.408,-281.17886
41.41,-281.4385
41.412,-281.10846
41.414,-280.57135
41.416,-280.17825
41.418,-279.54733
41.42,-279.10413
41.422,-278.59027
41.424,-277.67664
41.426,-275.61945
41.428,-273.0858
41.43,-270.46448
41.432,-268.1706
41.434,-265.9183
41.436,-264.376
41.438,-263.50793
41.44,-263.16742
41.442,-262.65997
41.444,-262.67154
41.446,-263.45593
41.448,-265.1687
41.45,-267.10208
41.452,-269.5537
41.454,-272.07922
41.456,-274.1744
41.458,-274.85693
41.46,-274.745
41.462,-274.19785
41.464,-273.6741
41.466,-272.91968
41.468,-272.7965
41.47,-273.41077
41.472,-274.67474
41.474,-275.7446
41.476,-277.17648
41.478,-278.99966
41.48,-281.17886
41.482,-282.87558
41.484,-284.64227
41.486,-286.52347
41.488,-288.68365
41.49,-290.72095
41.492,-293.73373
41.494,-298.07996
41.496,-303.6932
41.498,-309.29303
41.5,-314.6983
41.502,-319.1442
41.504,-322.205
41.506,-323.3575
41.508,-324.07465
41.51,-325.539
41.512,-328.7091
41.514,-333.28177
41.516,-339.54425
41.518,-346.68933
41.52,-353.72504
41.522,-359.2798
41.524,-363.74866
41.526,-367.42902
41.528,-370.73584
41.53,-373.26843
41.532,-375.59204
41.534,-377.49185
41.536,-378.74094
41.538,-378.75497
41.54,-378.7572
41.542,-379.76132
41.544,-382.7435
41.546,-387.60443
41.548,-394.87323
41.55,-403.8283
41.552,-413.2629
41.554,-421.25763
41.556,-427.5425
41.558,-431.82364
41.56,-434.27628
41.562,-434.7359
41.564,-434.44702
41.566,-434.00238
41.568,-433.77594
41.57,-433.29132
41.572,-433.18192
41.574,-433.30615
41.576,-433.27563
41.578,-431.89554
41.58,-429.26834
41.582,-425.06863
41.584,-419.26672
41.586,-411.59122
41.588,-403.42212
41.59,-395.60168
41.592,-388.7473
41.594,-382.49634
41.596,-377.5273
41.598,-373.7737
41.6,-371.23618
41.602,-369.5111
41.604,-369.71384
41.606,-372.17657
41.608,-376.73965
41.61,-382.00293
41.612,-387.39127
41.614,-391.50165
41.616,-393.25018
41.618,-391.82172
41.62,-388.4906
41.622,-384.5122
41.624,-381.24252
41.626,-379.4041
41.628,-379.63913
41.63,-381.17484
41.632,-382.7435
41.634,-383.14175
41.636,-382.1776
41.638,-379.74368
41.64,-376.23935
41.642,-372.21533
41.644,-368.86432
41.646,-366.4279
41.648,-364.73203
41.65,-362.58707
41.652,-360.81342
41.654,-359.5274
41.656,-358.7282
41.658,-356.94495
41.66,-354.94513
41.662,-352.63562
41.664,-350.2228
41.666,-347.2904
41.668,-345.62332
41.67,-345.7477
41.672,-347.2209
41.674,-347.7788
41.676,-346.3718
41.678,-341.77365
41.68,-334.21262
41.682,-324.8975
41.684,-317.2419
41.686,-312.9845
41.688,-311.19797
41.69,-307.1808
41.692,-295.584
41.694,-270.86334
41.696,-230.64673
41.698,-176.67648
41.7,-116.1478
41.702,-56.954365
41.704,-5.003183
41.706,38.54044
41.708,75.04992
41.71,107.72557
41.712,137.0872
41.714,158.6854
41.716,161.23592
41.718,131.99562
41.72,61.53915
41.722,-50.67459
41.724,-195.88612
41.726,-355.718
41.728,-507.82306
41.73,-631.69965
41.732,-715.64886
41.734,-756.9117
41.736,-760.98413
41.738,-737.54144
41.74,-698.24347
41.742,-651.9625
41.744,-604.38446
41.746,-558.07086
41.748,-515.3825
41.75,-477.515
41.752,-445.28326
41.754,-418.34512
41.756,-396.67743
41.758,-378.85913
41.76,-363.23108
41.762,-348.15976
41.764,-334.1468
41.766,-321.97476
41.768,-312.6989
41.77,-306.49072
41.772,-303.81345
41.774,-303.70712
41.776,-304.69385
41.778,-304.89975
41.78,-303.9684
41.782,-301.7739
41.784,-298.69
41.786,-294.98087
41.788,-291.4173
41.79,-288.4399
41.792,-286.18207
41.794,-284.26663
41.796,-282.5011
41.798,-280.90604
41.8,-279.67792
41.802,-278.78317
41.804,-278.6025
41.806,-279.30286
41.808,-280.67856
41.81,-281.45303
41.812,-281.57578
41.814,-280.24542
41.816,-277.17633
41.818,-272.1352
41.82,-267.50327
41.822,-264.48425
41.824,-263.66772
41.826,-264.09573
41.828,-265.6612
41.83,-266.81238
41.832,-266.1693
41.834,-262.6414
41.836,-257.64685
41.838,-252.63916
41.84,-249.15851
41.842,-247.6611
41.844,-248.91289
41.846,-252.15857
41.848,-256.16296
41.85,-259.29034
41.852,-261.5772
41.854,-262.99005
41.856,-263.66772
41.858,-263.08728
41.86,-261.66147
41.862,-259.17288
41.864,-255.66264
41.866,-251.20538
41.868,-247.62514
41.87,-246.3217
41.872,-248.15787
41.874,-252.42984
41.876,-258.5432
41.878,-264.7035
41.88,-269.17123
41.882,-270.43878
41.884,-269.33893
41.886,-267.09125
41.888,-265.1687
41.89,-264.0405
41.892,-264.52136
41.894,-266.0591
41.896,-267.6703
41.898,-267.95197
41.9,-267.29645
41.902,-266.1449
41.904,-265.1687
41.906,-264.2788
41.908,-264.1322
41.91,-264.42715
41.912,-264.66837
41.914,-263.9722
41.916,-263.0858
41.918,-262.60468
41.92,-263.16742
41.922,-264.55945
41.924,-267.26367
41.926,-270.8454
41.928,-274.67474
41.93,-277.68546
41.932,-280.33853
41.934,-282.89633
41.936,-285.68173
41.938,-288.2759
41.94,-291.19354
41.942,-294.23825
41.944,-297.18906
41.946,-299.43182
41.948,-301.78665
41.95,-304.64844
41.952,-308.19608
41.954,-311.6392
41.956,-314.99457
41.958,-317.65442
41.96,-319.20306
41.962,-319.13733
41.964,-318.6716
41.966,-318.76807
41.968,-320.2037
41.97,-322.66873
41.972,-326.3281
41.974,-330.33585
41.976,-333.71228
41.978,-335.2669
41.98,-335.49857
41.982,-334.91425
41.984,-334.21262
41.986,-333.43094
41.988,-333.31726
41.99,-333.71252
41.992,-334.21262
41.994,-333.9726
41.996,-333.46802
41.998,-332.94156
42.0,-332.71167
42.002,-332.5008
42.004,-332.83795
42.006,-333.51962
42.008,-334.21262
42.01,-334.1983
42.012,-334.0197
42.014,-333.92548
42.016,-334.21262
42.018,-334.60474
42.02,-335.66367
42.022,-337.1748
42.024,-338.71548
42.026,-339.35904
42.028,-339.36426
42.03,-338.6363
42.032,-337.2145
42.034,-334.7448
42.036,-331.96786
42.038,-328.97656
42.04,-325.7072
42.042,-321.53177
42.044,-316.9744
42.046,-312.11853
42.048,-307.19543
42.05,-302.08865
42.052,-297.8394
42.054,-294.73547
42.056,-292.6862
42.058,-290.7335
42.06,-288.8387
42.062,-286.41754
42.064,-283.18015
42.066,-278.8447
42.068,-274.6395
42.07,-271.2869
42.072,-269.17123
42.074,-267.66525
42.076,-266.7128
42.078,-265.44492
42.08,-263.16742
42.082,-259.29724
42.084,-254.98627
42.086,-251.17398
42.088,-248.65819
42.09,-247.24274
42.092,-247.16881
42.094,-247.60948
42.096,-247.65755
42.098,-246.32007
42.1,-244.39786
42.102,-242.59232
42.104,-241.65373
42.106,-241.45882
42.108,-242.49922
42.11,-244.16356
42.112,-245.65628
42.114,-245.92622
42.116,-245.64886
42.118,-245.35162
42.12,-245.65628
42.122,-246.40314
42.124,-248.09305
42.126,-250.13518
42.128,-251.6601
42.13,-251.42497
42.132,-249.73521
42.134,-246.81262
42.136,-243.15468
42.138,-238.82341
42.14,-234.78806
42.142,-231.23668
42.144,-228.14514
42.146,-224.96925
42.148,-222.31828
42.15,-220.34668
42.152,-219.1394
42.154,-218.1578
42.156,-217.77429
42.158,-217.80617
42.16,-218.13878
42.162,-218.3861
42.164,-219.4441
42.166,-221.77773
42.168,-225.64354
42.17,-230.44003
42.172,-236.22667
42.174,-242.35353
42.176,-248.15787
42.178,-252.7327
42.18,-256.53308
42.182,-259.77557
42.184,-262.66708
42.186,-264.73273
42.188,-266.36606
42.19,-267.388
42.192,-267.6703
42.194,-266.79706
42.196,-265.63992
42.198,-264.67023
42.2,-264.16806
42.202,-263.54895
42.204,-262.98212
42.206,-261.98907
42.208,-260.1655
42.21,-256.9229
42.212,-253.25558
42.214,-250.03015
42.216,-248.15787
42.218,-247.7352
42.22,-249.4112
42.222,-252.71799
42.224,-256.66327
42.226,-259.59845
42.228,-261.2069
42.23,-261.36526
42.232,-260.66583
42.234,-259.78305
42.236,-260.31345
42.238,-262.88547
42.24,-267.16995
42.242,-271.6647
42.244,-275.01172
42.246,-275.80145
42.248,-273.6741
42.25,-269.529
42.252,-265.808
42.254,-264.75592
42.256,-267.6703
42.258,-273.997
42.26,-282.21185
42.262,-289.56906
42.264,-293.68683
42.266,-292.92706
42.268,-289.14645
42.27,-285.00272
42.272,-283.18015
42.274,-283.9445
42.276,-287.9338
42.278,-293.66302
42.28,-299.19034
42.282,-302.1185
42.284,-303.24976
42.286,-303.7057
42.288,-304.69385
42.29,-305.78683
42.292,-307.0385
42.294,-307.29977
42.296,-305.69446
42.298,-301.64136
42.3,-296.92078
42.302,-292.8773
42.304,-289.6843
42.306,-284.9603
42.308,-275.99924
42.31,-259.44348
42.312,-233.64864
42.314,-199.3613
42.316,-161.35089
42.318,-125.01998
42.32,-94.56016
42.322,-70.68106
42.324,-52.3274
42.326,-36.709408
42.328,-22.514322
42.33,-11.594903
42.332,-11.129857
42.334,-30.044453
42.336,-76.04838
42.338,-151.58585
42.34,-253.58635
42.342,-372.18802
42.344,-493.81415
42.346,-604.2488
42.348,-693.5746
42.35,-756.0484
42.352,-790.50287
42.354,-798.52747
42.356,-784.66223
42.358,-753.6259
42.36,-710.45197
42.362,-659.94977
42.364,-608.35223
42.366,-560.8919
42.368,-521.33167
42.37,-490.56165
42.372,-468.14444
42.374,-451.2017
42.376,-436.27756
42.378,-420.23184
42.38,-402.92935
42.382,-385.43344
42.384,-369.7352
42.386,-357.0949
42.388,-348.89575
42.39,-344.6187
42.392,-342.71802
42.394,-340.8832
42.396,-338.33395
42.398,-334.66595
42.4,-330.21005
42.402,-325.27307
42.404,-320.9588
42.406,-317.86288
42.408,-316.20114
42.41,-315.46368
42.412,-315.56308
42.414,-316.13452
42.416,-316.70148
42.418,-316.32202
42.42,-314.8785
42.422,-312.3575
42.424,-309.1967
42.426,-305.6039
42.428,-303.3962
42.43,-303.25732
42.432,-305.19415
42.434,-307.69864
42.436,-310.72018
42.438,-312.76367
42.44,-312.6989
42.442,-309.6277
42.444,-305.5293
42.446,-301.79822
42.448,-299.69064
42.45,-299.2651
42.452,-301.18622
42.454,-304.4619
42.456,-307.69574
42.458,-309.18646
42.46,-309.12848
42.462,-307.63425
42.464,-305.19415
42.466,-301.91235
42.468,-298.84787
42.47,-296.1352
42.472,-293.68683
42.474,-290.99118
42.476,-288.777
42.478,-287.29276
42.48,-286.68237
42.482,-286.39532
42.484,-286.62164
42.486,-286.7563
42.488,-286.18207
42.49,-284.12927
42.492,-281.32562
42.494,-278.30417
42.496,-275.67538
42.498,-273.40564
42.5,-272.19376
42.502,-271.79083
42.504,-271.67282
42.506,-270.8285
42.508,-269.53595
42.51,-267.77353
42.512,-265.669
42.514,-262.90643
42.516,-260.18643
42.518,-257.49948
42.52,-254.662
42.522,-250.95445
42.524,-246.83847
42.526,-242.353
42.528,-237.65118
42.53,-232.50531
42.532,-227.8067
42.534,-223.82495
42.536,-220.64037
42.538,-217.66394
42.54,-215.30122
42.542,-213.35515
42.544,-211.63463
42.546,-209.53056
42.548,-207.71967
42.55,-206.38113
42.552,-205.63081
42.554,-204.97827
42.556,-204.9575
42.558,-205.52089
42.56,-206.63145
42.562,-207.85492
42.564,-209.93387
42.566,-213.04376
42.568,-217.13814
42.57,-221.39195
42.572,-225.87474
42.574,-230.08212
42.576,-233.64864
42.578,-236.00938
42.58,-238.02728
42.582,-240.15712
42.584,-242.65437
42.586,-244.88716
42.588,-247.00986
42.59,-248.54178
42.592,-249.15851
42.594,-248.42668
42.596,-247.4163
42.598,-246.84047
42.6,-247.15723
42.602,-247.81865
42.604,-248.89873
42.606,-249.80482
42.608,-250.15913
42.61,-249.63646
42.612,-249.54753
42.614,-250.97574
42.616,-254.662
42.618,-260.04584
42.62,-266.6988
42.622,-273.11023
42.624,-277.67664
42.626,-278.82843
42.628,-276.9948
42.63,-273.11978
42.632,-268.67093
42.634,-264.56296
42.636,-262.22217
42.638,-261.9004
42.64,-263.16742
42.642,-264.75134
42.644,-266.51028
42.646,-268.25186
42.648,-270.17188
42.65,-272.1683
42.652,-275.1145
42.654,-279.0932
42.656,-283.68048
42.658,-287.5305
42.66,-290.27826
42.662,-291.35242
42.664,-290.68494
42.666,-288.26892
42.668,-285.6299
42.67,-283.8672
42.672,-283.68048
42.674,-284.61862
42.676,-286.6149
42.678,-288.757
42.68,-290.1846
42.682,-290.08533
42.684,-289.24353
42.686,-288.4796
42.688,-288.68365
42.69,-289.9719
42.692,-292.8297
42.694,-296.70038
42.696,-300.69128
42.698,-303.54456
42.7,-305.3692
42.702,-306.28036
42.704,-306.6951
42.706,-306.63208
42.708,-306.95325
42.71,-307.71646
42.712,-308.69638
42.714,-309.12045
42.716,-309.28403
42.718,-309.13147
42.72,-308.69638
42.722,-307.60406
42.724,-306.49277
42.726,-305.49112
42.728,-304.69385
42.73,-303.76154
42.732,-303.42136
42.734,-303.88434
42.736,-305.19415
42.738,-306.65533
42.74,-308.26596
42.742,-309.15295
42.744,-308.19608
42.746,-303.87955
42.748,-296.13324
42.75,-285.0818
42.752,-271.67282
42.754,-257.15225
42.756,-244.08183
42.758,-234.25916
42.76,-228.64546
42.762,-226.6707
42.764,-227.80502
42.766,-230.47185
42.768,-233.14832
42.77,-234.46948
42.772,-234.87807
42.774,-234.89427
42.776,-235.1496
42.778,-235.51483
42.78,-236.40903
42.782,-237.31744
42.784,-237.65118
42.786,-236.71187
42.788,-235.3926
42.79,-234.451
42.792,-234.64928
42.794,-235.91588
42.796,-238.63028
42.798,-242.053
42.8,-245.15596
42.802,-246.63022
42.804,-246.75719
42.806,-245.8681
42.808,-244.65564
42.81,-243.38196
42.812,-242.99571
42.814,-243.3299
42.816,-243.655
42.818,-242.56746
42.82,-239.88069
42.822,-235.41255
42.824,-229.64609
42.826,-223.2039
42.828,-217.96353
42.83,-214.9894
42.832,-214.63654
42.834,-216.02126
42.836,-218.59248
42.838,-221.11578
42.84,-222.64163
42.842,-222.52141
42.844,-221.6949
42.846,-221.11687
42.848,-221.641
42.85,-223.26956
42.852,-225.98953
42.854,-228.81711
42.856,-230.64673
42.858,-230.6659
42.86,-229.19638
42.862,-226.86911
42.864,-224.64291
42.866,-223.36067
42.868,-223.70386
42.87,-225.39359
42.872,-227.64482
42.874,-229.51616
42.876,-230.56438
42.878,-230.42497
42.88,-229.14577
42.882,-226.63438
42.884,-224.10962
42.886,-222.20905
42.888,-221.14069
42.89,-219.6586
42.892,-218.11583
42.894,-216.3731
42.896,-214.63654
42.898,-212.59677
42.9,-211.69441
42.902,-212.45409
42.904,-214.63654
42.906,-216.55731
42.908,-217.35971
42.91,-216.05391
42.912,-212.63527
42.914,-207.70287
42.916,-203.40157
42.918,-200.78337
42.92,-199.12668
42.922,-195.182
42.924,-185.41255
42.926,-166.38913
42.928,-137.0872
42.93,-99.49968
42.932,-59.38527
42.934,-22.923355
42.936,5.503501
42.938,25.56181
42.94,39.735386
42.942,52.741787
42.944,68.04329
42.946,85.42872
42.948,98.62274
42.95,97.91166
42.952,73.04647
42.954,17.567617
42.956,-69.48789
42.958,-181.40984
42.96,-305.69446
42.962,-426.814
42.964,-531.12
42.966,-608.3486
42.968,-653.41565
42.97,-665.98004
42.972,-650.7018
42.974,-614.47363
42.976,-565.3597
42.978,-510.96466
42.98,-458.64777
42.982,-413.41077
42.984,-377.7403
42.986,-351.18
42.988,-332.13364
42.99,-317.59717
42.992,-304.69385
42.994,-291.1994
42.996,-277.17798
42.998,-263.42627
43.0,-251.15977
43.002,-240.89742
43.004,-233.34784
43.006,-228.1627
43.008,-224.64291
43.01,-221.79251
43.012,-219.7412
43.014,-218.63614
43.016,-218.63908
43.018,-219.32318
43.02,-220.3823
43.022,-221.18488
43.024,-221.14069
43.026,-219.71358
43.028,-217.293
43.03,-214.75516
43.032,-213.13559
43.034,-212.9217
43.036,-214.39218
43.038,-217.22533
43.04,-220.64037
43.042,-223.20833
43.044,-224.71414
43.046,-224.81456
43.048,-223.64227
43.05,-221.05922
43.052,-218.77295
43.054,-217.25903
43.056,-216.63782
43.058,-216.18672
43.06,-216.58247
43.062,-217.5083
43.064,-218.63908
43.066,-219.31985
43.068,-220.31036
43.07,-221.85278
43.072,-224.1426
43.074,-226.77911
43.076,-230.18388
43.078,-233.99338
43.08,-237.65118
43.082,-240.16896
43.084,-241.71864
43.086,-242.29707
43.088,-242.15405
43.09,-241.30003
43.092,-240.694
43.094,-240.75716
43.096,-241.65373
43.098,-242.85025
43.1,-244.44208
43.102,-245.91652
43.104,-246.6569
43.106,-245.70905
43.108,-243.31607
43.11,-239.73433
43.112,-235.64992
43.114,-231.63196
43.116,-229.13936
43.118,-228.8311
43.12,-230.64673
43.122,-233.33797
43.124,-236.11868
43.126,-237.79216
43.128,-237.65118
43.13,-235.3436
43.132,-232.2102
43.134,-229.48912
43.136,-228.14514
43.138,-228.00217
43.14,-229.0188
43.142,-230.22554
43.144,-230.64673
43.146,-229.38646
43.148,-227.27211
43.15,-225.31985
43.152,-224.64291
43.154,-225.45052
43.156,-228.11798
43.158,-231.79027
43.16,-235.1496
43.162,-236.50812
43.164,-235.81213
43.166,-233.37254
43.168,-230.14641
43.17,-226.85002
43.172,-225.0356
43.174,-225.2076
43.176,-227.1445
43.178,-229.55609
43.18,-232.03192
43.182,-233.845
43.184,-234.64928
43.186,-234.07304
43.188,-233.2088
43.19,-232.84618
43.192,-233.64864
43.194,-235.47104
43.196,-238.7148
43.198,-242.88405
43.2,-247.15723
43.202,-250.20041
43.204,-251.89096
43.206,-252.1008
43.208,-251.15977
43.21,-249.29366
43.212,-247.8102
43.214,-247.36423
43.216,-248.15787
43.218,-249.46692
43.22,-251.22546
43.222,-252.89838
43.224,-254.16168
43.226,-254.62056
43.228,-255.17484
43.23,-256.3986
43.232,-258.66455
43.234,-261.54242
43.236,-265.1137
43.238,-268.82477
43.24,-272.17316
43.242,-274.564
43.244,-276.74136
43.246,-279.27997
43.248,-282.67984
43.25,-286.641
43.252,-291.23523
43.254,-295.61374
43.256,-298.69
43.258,-299.12497
43.26,-296.99905
43.262,-292.59396
43.264,-286.68237
43.266,-279.84143
43.268,-273.5128
43.27,-268.37762
43.272,-264.66837
43.274,-261.81024
43.276,-259.93518
43.278,-258.66833
43.28,-257.6639
43.282,-256.26117
43.284,-254.93391
43.286,-253.83499
43.288,-253.16106
43.29,-252.62967
43.292,-252.82172
43.294,-253.62978
43.296,-254.662
43.298,-254.86548
43.3,-254.15355
43.302,-252.12411
43.304,-248.65819
43.306,-243.56468
43.308,-237.98253
43.31,-232.7544
43.312,-228.64546
43.314,-225.68817
43.316,-224.56763
43.318,-225.075
43.32,-226.64418
43.322,-228.06499
43.324,-229.27357
43.326,-229.9625
43.328,-230.14641
43.33,-229.64009
43.332,-229.50285
43.334,-230.15355
43.336,-231.64737
43.338,-233.13316
43.34,-234.61157
43.342,-235.5423
43.344,-235.64992
43.346,-234.61368
43.348,-233.59958
43.35,-233.31856
43.352,-234.14896
43.354,-235.44885
43.356,-237.18965
43.358,-238.71983
43.36,-239.65245
43.362,-239.6954
43.364,-240.06747
43.366,-241.60103
43.368,-244.65564
43.37,-248.30937
43.372,-251.9459
43.374,-254.21501
43.376,-254.16168
43.378,-251.29178
43.38,-247.24774
43.382,-243.82417
43.384,-242.65437
43.386,-243.99593
43.388,-248.0167
43.39,-253.44623
43.392,-258.66455
43.394,-261.9444
43.396,-263.52524
43.398,-264.07736
43.4,-264.66837
43.402,-265.62894
43.404,-267.65094
43.406,-270.184
43.408,-272.17316
43.41,-272.1252
43.412,-270.21252
43.414,-266.99258
43.416,-263.66772
43.418,-261.1134
43.42,-260.86157
43.422,-263.14053
43.424,-267.16995
43.426,-270.91833
43.428,-273.2288
43.43,-272.91586
43.432,-269.67154
43.434,-263.72546
43.436,-257.1877
43.438,-251.98882
43.44,-249.65883
43.442,-250.33592
43.444,-254.15477
43.446,-259.94443
43.448,-266.1693
43.45,-271.05157
43.452,-274.51566
43.454,-276.80185
43.456,-278.67728
43.458,-280.57574
43.46,-283.5996
43.462,-287.81058
43.464,-292.6862
43.466,-297.05124
43.468,-300.5225
43.47,-302.59628
43.472,-303.19287
43.474,-302.44336
43.476,-301.25702
43.478,-300.09518
43.48,-299.19034
43.482,-298.36514
43.484,-297.8392
43.486,-297.35553
43.488,-296.68875
43.49,-295.40033
43.492,-294.18985
43.494,-293.3791
43.496,-293.18652
43.498,-292.7534
43.5,-292.85913
43.502,-293.54947
43.504,-294.68747
43.506,-294.88
43.508,-294.69666
43.51,-294.1076
43.512,-293.18652
43.514,-291.2094
43.516,-289.12317
43.518,-287.13467
43.52,-285.18143
43.522,-282.27155
43.524,-278.62198
43.526,-274.05817
43.528,-268.67093
43.53,-262.19565
43.532,-255.44424
43.534,-248.14796
43.536,-239.15215
43.538,-226.06783
43.54,-207.5828
43.542,-182.80887
43.544,-152.59708
43.546,-119.23643
43.548,-87.33877
43.55,-60.82152
43.552,-42.026737
43.554,-30.633385
43.556,-25.811396
43.558,-26.154016
43.56,-32.02037
43.562,-46.14399
43.564,-74.66576
43.566,-123.435974
43.568,-195.62445
43.57,-288.8883
43.572,-396.0978
43.574,-505.12375
43.576,-602.38324
43.578,-675.9955
43.58,-720.0268
43.582,-733.89764
43.584,-721.9593
43.586,-690.9211
43.588,-648.9301
43.59,-602.3009
43.592,-555.3533
43.594,-510.25616
43.596,-469.11496
43.598,-432.93585
43.6,-402.2559
43.602,-376.6264
43.604,-355.9476
43.606,-339.081
43.608,-324.70657
43.61,-311.39935
43.612,-299.28836
43.614,-288.57828
43.616,-279.67792
43.618,-272.4462
43.62,-267.2204
43.622,-263.51703
43.624,-260.66583
43.626,-257.76877
43.628,-254.939
43.63,-252.21736
43.632,-249.65883
43.634,-246.87328
43.636,-243.84695
43.638,-240.4263
43.64,-236.65054
43.642,-232.58582
43.644,-229.04578
43.646,-226.75577
43.648,-226.14386
43.65,-226.73683
43.652,-228.24713
43.654,-229.69452
43.656,-230.14641
43.658,-228.52686
43.66,-225.85565
43.662,-222.6579
43.664,-219.63972
43.666,-216.84505
43.668,-215.70663
43.67,-216.02113
43.672,-217.13814
43.674,-217.82433
43.676,-218.411
43.678,-218.57483
43.68,-218.13878
43.682,-216.63779
43.684,-214.77414
43.686,-212.59344
43.688,-210.13368
43.69,-207.15126
43.692,-204.5089
43.694,-202.57797
43.696,-201.62827
43.698,-201.38387
43.7,-202.25151
43.702,-203.96535
43.704,-206.13113
43.706,-207.99341
43.708,-209.7154
43.71,-211.03319
43.712,-211.63463
43.714,-210.84464
43.716,-208.8369
43.718,-205.52951
43.72,-201.12794
43.722,-195.86212
43.724,-191.01733
43.726,-187.44252
43.728,-185.61809
43.73,-185.117
43.732,-185.74483
43.734,-186.56053
43.736,-186.61871
43.738,-184.9864
43.74,-182.08966
43.742,-178.41063
43.744,-174.61108
43.746,-170.89223
43.748,-167.9912
43.75,-165.94576
43.752,-164.60472
43.754,-163.44228
43.756,-162.90933
43.758,-163.12453
43.76,-164.1044
43.762,-165.25522
43.764,-166.67754
43.766,-168.02626
43.768,-169.10757
43.77,-169.60652
43.772,-170.3762
43.774,-171.85619
43.776,-174.11076
43.778,-176.19814
43.78,-177.63945
43.782,-177.47008
43.784,-175.1114
43.786,-170.29276
43.788,-164.5536
43.79,-159.50375
43.792,-156.59962
43.794,-156.0894
43.796,-158.27383
43.798,-162.21434
43.8,-166.60599
43.802,-169.85004
43.804,-171.96417
43.806,-173.19102
43.808,-174.11076
43.81,-174.76369
43.812,-175.90282
43.814,-177.56609
43.816,-179.61426
43.818,-181.45201
43.82,-183.73569
43.822,-186.86575
43.824,-191.12158
43.826,-195.90796
43.828,-201.24078
43.83,-206.50737
43.832,-211.13431
43.834,-214.36513
43.836,-216.95386
43.838,-219.63739
43.84,-223.14195
43.842,-227.29097
43.844,-232.42746
43.846,-238.09175
43.848,-243.655
43.85,-248.1116
43.852,-251.8835
43.854,-255.38646
43.856,-259.16486
43.858,-263.0683
43.86,-267.6714
43.862,-272.82864
43.864,-278.17697
43.866,-282.80612
43.868,-286.9801
43.87,-290.74286
43.872,-294.18716
43.874,-296.82556
43.876,-299.08606
43.878,-301.01096
43.88,-302.69257
43.882,-303.81842
43.884,-305.2394
43.886,-307.44138
43.888,-310.69766
43.89,-314.3665
43.892,-318.48465
43.894,-322.46558
43.896,-325.7072
43.898,-327.29755
43.9,-327.8181
43.902,-327.86108
43.904,-328.2088
43.906,-328.97464
43.908,-331.0621
43.91,-334.47324
43.912,-338.71548
43.914,-342.38736
43.916,-345.24704
43.918,-346.86652
43.92,-347.2209
43.922,-346.08145
43.924,-344.68378
43.926,-343.7639
43.928,-343.71866
43.93,-343.82358
43.932,-344.2166
43.934,-344.34073
43.936,-343.71866
43.938,-341.56744
43.94,-338.80966
43.942,-336.13144
43.944,-334.21262
43.946,-332.84
43.948,-332.71887
43.95,-333.64807
43.952,-335.21326
43.954,-336.39175
43.956,-337.64996
43.958,-339.05884
43.96,-340.71674
43.962,-342.0295
43.964,-343.50986
43.966,-344.9731
43.968,-346.22025
43.97,-346.63968
43.972,-347.13107
43.974,-348.18326
43.976,-350.2228
43.978,-352.83633
43.98,-356.49823
43.982,-360.70746
43.984,-364.73203
43.986,-367.33746
43.988,-368.86996
43.99,-369.50046
43.992,-369.7352
43.994,-369.68417
43.996,-370.6588
43.998,-373.04266
44.0,-376.73965
44.002,-380.65546
44.004,-384.6659
44.006,-387.93634
44.008,-389.74796
44.01,-389.17554
44.012,-386.9984
44.014,-383.77295
44.016,-380.24188
44.018,-376.57343
44.02,-373.93576
44.022,-372.4499
44.024,-371.73648
44.026,-370.5354
44.028,-368.67383
44.03,-365.51364
44.032,-360.7295
44.034,-353.92407
44.036,-346.3262
44.038,-338.81024
44.04,-332.21133
44.042,-326.58737
44.044,-322.81363
44.046,-320.7095
44.048,-319.70337
44.05,-318.53333
44.052,-317.23276
44.054,-315.4684
44.056,-313.19925
44.058,-310.16248
44.06,-307.42838
44.062,-305.39362
44.064,-304.1935
44.066,-303.2979
44.068,-302.82153
44.07,-302.13956
44.072,-300.69128
44.074,-298.11987
44.076,-295.00967
44.078,-291.7084
44.08,-288.68365
44.082,-286.3314
44.084,-285.37195
44.086,-285.66003
44.088,-286.68237
44.09,-287.38647
44.092,-287.81058
44.094,-287.50757
44.096,-286.18207
44.098,-282.72388
44.1,-278.57794
44.102,-274.6231
44.104,-271.67282
44.106,-268.92792
44.108,-267.59875
44.11,-267.6302
44.112,-268.67093
44.114,-269.26508
44.116,-269.95798
44.118,-270.6275
44.12,-271.17252
44.122,-270.7121
44.124,-269.9264
44.126,-268.8851
44.128,-267.6703
44.13,-265.56982
44.132,-262.76346
44.134,-257.9232
44.136,-248.65819
44.138,-231.37057
44.14,-204.09671
44.142,-165.93848
44.144,-118.57543
44.146,-65.78608
44.148,-14.215436
44.15,30.306932
44.152,64.04074
44.154,86.68085
44.156,98.78554
44.158,101.56266
44.16,94.05984
44.162,72.49674
44.164,29.241241
44.166,-42.62412
44.168,-146.09294
44.17,-276.70523
44.172,-423.62823
44.174,-569.9548
44.176,-697.44366
44.178,-790.7561
44.18,-842.7913
44.182,-854.0173
44.184,-831.529
44.186,-785.42706
44.188,-727.294
44.19,-666.1177
44.192,-607.8867
44.194,-555.35205
44.196,-510.61484
44.198,-474.0934
44.2,-445.28326
44.202,-422.24048
44.204,-403.51544
44.206,-386.9142
44.208,-370.73584
44.21,-353.87915
44.212,-337.79434
44.214,-324.3086
44.216,-315.20053
44.218,-310.75757
44.22,-310.99487
44.222,-314.21796
44.224,-318.20242
44.226,-320.64407
44.228,-321.13217
44.23,-320.10403
44.232,-318.70276
44.234,-317.77158
44.236,-318.16638
44.238,-319.9948
44.24,-322.7053
44.242,-325.05527
44.244,-326.33542
44.246,-326.29678
44.248,-325.20688
44.25,-323.2138
44.252,-321.4317
44.254,-320.4961
44.256,-320.704
44.258,-321.2013
44.26,-322.66006
44.262,-324.39236
44.264,-325.7072
44.266,-325.44424
44.268,-324.943
44.27,-324.447
44.272,-324.20624
44.274,-323.7808
44.276,-324.2921
44.278,-325.5914
44.28,-327.20816
44.282,-327.98956
44.284,-328.22632
44.286,-327.64914
44.288,-326.20752
44.29,-323.58
44.292,-320.78543
44.294,-318.13522
44.296,-315.70084
44.298,-312.85648
44.3,-309.97092
44.302,-306.90604
44.304,-303.6932
44.306,-300.1337
44.308,-297.29776
44.31,-295.61838
44.312,-295.18777
44.314,-295.2031
44.316,-295.62964
44.318,-295.7862
44.32,-295.18777
44.322,-293.30838
44.324,-291.1614
44.326,-289.33997
44.328,-288.18332
44.33,-287.06442
44.332,-285.99765
44.334,-284.2222
44.336,-281.17886
44.338,-276.40204
44.34,-271.2463
44.342,-266.85422
44.344,-264.16806
44.346,-262.9697
44.348,-263.38968
44.35,-264.3603
44.352,-264.66837
44.354,-263.0048
44.356,-259.97824
44.358,-256.24573
44.36,-252.66074
44.362,-249.3121
44.364,-246.9872
44.366,-245.42163
44.368,-244.15532
44.37,-242.3913
44.372,-240.886
44.374,-240.04504
44.376,-240.15277
44.378,-240.5964
44.38,-241.45682
44.382,-242.00758
44.384,-241.65373
44.386,-239.82167
44.388,-237.64665
44.39,-236.0256
44.392,-235.64992
44.394,-236.1364
44.396,-237.53543
44.398,-238.96947
44.4,-239.65245
44.402,-238.8994
44.404,-237.86124
44.406,-237.62213
44.408,-239.15215
44.41,-242.33464
44.412,-247.253
44.414,-252.79703
44.416,-257.6639
44.418,-260.50342
44.42,-261.7829
44.422,-262.1803
44.424,-262.66708
44.426,-263.56787
44.428,-265.65887
44.43,-268.6084
44.432,-271.67282
44.434,-273.64355
44.436,-274.69064
44.438,-274.91934
44.44,-274.67474
44.442,-273.81155
44.444,-273.0157
44.446,-272.22144
44.448,-271.17252
44.45,-269.18884
44.452,-266.7618
44.454,-264.14136
44.456,-261.66647
44.458,-259.17627
44.46,-257.38715
44.462,-256.4001
44.464,-256.16296
44.466,-256.07318
44.468,-256.5009
44.47,-257.29276
44.472,-258.16425
44.474,-258.2412
44.476,-257.64355
44.478,-256.1329
44.48,-253.66136
44.482,-249.96999
44.484,-246.10909
44.486,-242.79855
44.488,-240.65309
44.49,-239.48817
44.492,-239.76909
44.494,-241.07098
44.496,-242.65437
44.498,-243.22035
44.5,-242.92032
44.502,-241.97008
44.504,-241.15341
44.506,-241.06345
44.508,-243.3215
44.51,-248.38733
44.512,-255.66264
44.514,-262.96942
44.516,-268.78412
44.518,-271.29727
44.52,-269.67154
44.522,-263.88327
44.524,-256.46255
44.526,-249.9955
44.528,-246.6569
44.53,-246.79076
44.532,-250.49768
44.534,-256.14612
44.536,-261.66647
44.538,-264.84653
44.54,-265.81787
44.542,-265.31067
44.544,-264.66837
44.546,-264.52054
44.548,-266.1081
44.55,-269.2748
44.552,-273.17377
44.554,-276.1614
44.556,-278.1976
44.558,-279.3408
44.56,-280.17825
44.562,-280.9065
44.564,-282.8415
44.566,-286.34067
44.568,-291.18524
44.57,-296.0736
44.572,-300.77365
44.574,-304.6234
44.576,-307.19543
44.578,-307.75674
44.58,-307.2589
44.582,-306.44858
44.584,-306.1948
44.586,-306.6507
44.588,-309.05862
44.59,-313.78265
44.592,-320.704
44.594,-328.56046
44.596,-337.12613
44.598,-345.48416
44.6,-352.7244
44.602,-357.45047
44.604,-360.06668
44.606,-360.90814
44.608,-360.7295
44.61,-359.85434
44.612,-359.93192
44.614,-361.70663
44.616,-365.23236
44.618,-369.14346
44.62,-372.9414
44.622,-375.53662
44.624,-376.23935
44.626,-374.40344
44.628,-371.4679
44.63,-368.70856
44.632,-367.2336
44.634,-366.8859
44.636,-368.16675
44.638,-370.51248
44.64,-373.23743
44.642,-375.28738
44.644,-377.45056
44.646,-380.28043
44.648,-384.24445
44.65,-388.7266
44.652,-393.86127
44.654,-398.81824
44.656,-402.75623
44.658,-404.7027
44.66,-405.54114
44.662,-406.0902
44.664,-407.2591
44.666,-409.24817
44.668,-412.5431
44.67,-416.5192
44.672,-420.26736
44.674,-422.84357
44.676,-424.41937
44.678,-425.1183
44.68,-425.27054
44.682,-424.99493
44.684,-424.7969
44.686,-424.3666
44.688,-423.26926
44.69,-420.6818
44.692,-417.6834
44.694,-415.00592
44.696,-413.2629
44.698,-411.43765
44.7,-410.40887
44.702,-409.94424
44.704,-409.76068
44.706,-408.54712
44.708,-407.47916
44.71,-406.8871
44.712,-406.75876
44.714,-405.66034
44.716,-403.68292
44.718,-400.24707
44.72,-395.25143
44.722,-388.43826
44.724,-381.55856
44.726,-375.29135
44.728,-369.2349
44.73,-360.94757
44.732,-348.64825
44.734,-329.95108
44.736,-303.6932
44.738,-270.00272
44.74,-232.27306
44.742,-193.90858
44.744,-157.60027
44.746,-123.67724
44.748,-92.09499
44.75,-61.272114
44.752,-30.519415
44.754,-1.1322539
44.756,20.785976
44.758,27.206734
44.76,9.506047
44.762,-38.254837
44.764,-118.86806
44.766,-228.42627
44.768,-357.22726
44.77,-490.97397
44.772,-615.4985
44.774,-717.5708
44.776,-788.0013
44.778,-822.46063
44.78,-823.4973
44.782,-797.3838
44.784,-752.979
44.786,-699.1579
44.788,-644.8993
44.79,-596.0096
44.792,-555.3533
44.794,-522.65173
44.796,-497.15866
44.798,-476.6175
44.8,-458.79187
44.802,-441.52283
44.804,-424.75504
44.806,-408.40967
44.808,-392.74985
44.81,-377.62888
44.812,-364.09473
44.814,-352.4221
44.816,-342.71802
44.818,-334.48886
44.82,-328.2467
44.822,-323.79504
44.824,-320.704
44.826,-317.95166
44.828,-315.30957
44.83,-312.31293
44.832,-308.69638
44.834,-304.1312
44.836,-299.15454
44.838,-294.33084
44.84,-290.1846
44.842,-286.69046
44.844,-284.04236
44.846,-282.12088
44.848,-280.67856
44.85,-278.91403
44.852,-277.28796
44.854,-275.72153
44.856,-274.1744
44.858,-271.87296
44.86,-269.94516
44.862,-268.143
44.864,-266.1693
44.866,-263.24707
44.868,-260.76434
44.87,-259.01562
44.872,-258.16425
44.874,-257.60672
44.876,-258.06824
44.878,-259.12216
44.88,-260.1655
44.882,-260.13968
44.884,-259.56708
44.886,-258.49167
44.888,-257.1636
44.89,-255.46803
44.892,-254.53506
44.894,-254.62848
44.896,-255.66264
44.898,-256.75385
44.9,-257.97028
44.902,-258.75153
44.904,-258.66455
44.906,-257.091
44.908,-254.89157
44.91,-252.57907
44.912,-250.65945
44.914,-248.9816
44.916,-248.29932
44.918,-248.58856
44.92,-249.65883
44.922,-250.74397
44.924,-252.18968
44.926,-253.68
44.928,-254.662
44.93,-253.87811
44.932,-251.3263
44.934,-246.89903
44.936,-241.15341
44.938,-234.76155
44.94,-229.95828
44.942,-228.129
44.944,-229.64609
44.946,-232.98378
44.948,-236.8474
44.95,-239.18745
44.952,-238.65182
44.954,-234.66428
44.956,-229.33296
44.958,-224.99802
44.96,-223.64227
44.962,-225.34758
44.964,-229.8818
44.966,-235.34756
44.968,-239.65245
44.97,-240.90211
44.972,-239.87769
44.974,-238.02448
44.976,-237.15086
44.978,-237.86955
44.98,-240.97414
44.982,-245.67084
44.984,-250.65945
44.986,-254.27306
44.988,-256.95462
44.99,-259.419
44.992,-262.66708
44.994,-266.73706
44.996,-272.21408
44.998,-278.4904
45.0,-284.6811
45.002,-289.56244
45.004,-293.83047
45.006,-298.24808
45.008,-303.6932
45.01,-310.0146
45.012,-317.64627
45.014,-325.8747
45.016,-333.71228
45.018,-339.78885
45.02,-344.49704
45.022,-348.26608
45.024,-351.72375
45.026,-354.73758
45.028,-357.9729
45.03,-361.2522
45.032,-364.23172
45.034,-366.10605
45.036,-367.58258
45.038,-369.1373
45.04,-371.23618
45.042,-373.50806
45.044,-376.3623
45.046,-379.43518
45.048,-382.24316
45.05,-383.85764
45.052,-384.83795
45.054,-385.5139
45.056,-386.24573
45.058,-386.63135
45.06,-387.13455
45.062,-387.4716
45.064,-387.24634
45.066,-385.64758
45.068,-383.334
45.07,-380.81012
45.072,-378.74094
45.074,-377.17575
45.076,-377.0162
45.078,-378.21173
45.08,-380.24188
45.082,-381.73026
45.084,-382.4575
45.086,-381.8663
45.088,-379.74158
45.09,-375.7224
45.092,-371.02203
45.094,-366.45203
45.096,-362.73074
45.098,-359.74277
45.1,-358.2695
45.102,-358.10428
45.104,-358.7282
45.106,-358.933
45.108,-358.8941
45.11,-358.34613
45.112,-357.22726
45.114,-355.08542
45.116,-352.95963
45.118,-351.2486
45.12,-350.2228
45.122,-349.38046
45.124,-349.37546
45.126,-349.97485
45.128,-350.7231
45.13,-350.46603
45.132,-349.41626
45.134,-347.224
45.136,-343.71866
45.138,-338.42078
45.14,-332.47787
45.142,-326.52832
45.144,-321.20435
45.146,-316.45322
45.148,-313.31073
45.15,-311.8221
45.152,-311.6983
45.154,-311.87238
45.156,-312.54352
45.158,-313.2751
45.16,-313.69955
45.162,-313.0285
45.164,-311.91217
45.166,-310.431
45.168,-308.69638
45.17,-306.29865
45.172,-304.18457
45.174,-302.6038
45.176,-301.69193
45.178,-300.91495
45.18,-300.98425
45.182,-301.92102
45.184,-303.6932
45.186,-305.66882
45.188,-308.40826
45.19,-311.6175
45.192,-314.7002
45.194,-316.31284
45.196,-316.45612
45.198,-314.83856
45.2,-311.6983
45.202,-307.25943
45.204,-303.33905
45.206,-300.9037
45.208,-300.19098
45.21,-299.97867
45.212,-299.71054
45.214,-298.15518
45.216,-294.68747
45.218,-289.17606
45.22,-283.72775
45.222,-280.15298
45.224,-279.67792
45.226,-281.7497
45.228,-285.71643
45.23,-289.52078
45.232,-291.18524
45.234,-289.19955
45.236,-284.71164
45.238,-279.49234
45.24,-275.67538
45.242,-274.3403
45.244,-276.49686
45.246,-281.32266
45.248,-287.1827
45.25,-292.05768
45.252,-295.36374
45.254,-296.80176
45.256,-296.68875
45.258,-295.4499
45.26,-293.95923
45.262,-292.37228
45.264,-290.68494
45.266,-288.9214
45.268,-287.86337
45.27,-288.0033
45.272,-289.6843
45.274,-292.49887
45.276,-296.54413
45.278,-300.96475
45.28,-304.69385
45.282,-305.89145
45.284,-305.2455
45.286,-303.37192
45.288,-301.19162
45.29,-298.43704
45.292,-296.51102
45.294,-295.64307
45.296,-295.6881
45.298,-295.47797
45.3,-295.57697
45.302,-295.99533
45.304,-296.68875
45.306,-296.7087
45.308,-296.2966
45.31,-294.96478
45.312,-292.18588
45.314,-286.83005
45.316,-279.0974
45.318,-268.38165
45.32,-253.66136
45.322,-233.04237
45.324,-206.14624
45.326,-173.00235
45.328,-135.08594
45.33,-94.72297
45.332,-56.210213
45.334,-22.856426
45.336,3.502228
45.338,23.281872
45.34,36.40314
45.342,42.524563
45.344,39.024826
45.346,21.199083
45.348,-18.315947
45.35,-84.9566
45.352,-179.61426
45.354,-295.98376
45.356,-422.56992
45.358,-543.43616
45.36,-642.909
45.362,-709.2222
45.364,-739.10095
45.366,-736.0868
45.368,-708.951
45.37,-667.7109
45.372,-622.35095
45.374,-579.01807
45.376,-540.34375
45.378,-505.9332
45.38,-475.81137
45.382,-449.67957
45.384,-427.77213
45.386,-409.89035
45.388,-396.7406
45.39,-387.66235
45.392,-381.24252
45.394,-375.18527
45.396,-368.85095
45.398,-361.7704
45.4,-354.22534
45.402,-346.40887
45.404,-339.86484
45.406,-335.37393
45.408,-333.21198
45.41,-332.62244
45.412,-333.4824
45.414,-335.2005
45.416,-337.2145
45.418,-338.68182
45.42,-339.712
45.422,-340.48694
45.424,-341.21707
45.426,-341.5489
45.428,-341.58423
45.43,-341.2911
45.432,-340.71674
45.434,-339.58243
45.436,-338.76843
45.438,-338.84674
45.44,-340.21643
45.442,-342.15436
45.444,-345.2347
45.446,-348.57867
45.448,-351.22342
45.45,-351.84933
45.452,-351.63525
45.454,-351.05942
45.456,-350.7231
45.458,-350.4746
45.46,-351.48553
45.462,-353.58884
45.464,-356.22662
45.466,-358.11826
45.468,-359.58487
45.47,-360.45062
45.472,-360.7295
45.474,-359.96817
45.476,-359.03995
45.478,-358.00327
45.48,-356.72693
45.482,-354.47696
45.484,-351.8471
45.486,-348.98752
45.488,-346.22025
45.49,-343.4816
45.492,-341.80405
45.494,-341.33057
45.496,-341.71738
45.498,-341.70316
45.5,-340.9005
45.502,-338.40903
45.504,-333.71228
45.506,-326.46674
45.508,-318.0578
45.51,-309.62064
45.512,-302.19223
45.514,-295.90784
45.516,-291.4607
45.518,-288.44092
45.52,-286.18207
45.522,-283.65918
45.524,-281.39426
45.526,-279.72363
45.528,-279.1776
45.53,-279.7301
45.532,-282.21674
45.534,-286.417
45.536,-291.68555
45.538,-296.6858
45.54,-301.247
45.542,-304.7368
45.544,-306.6951
45.546,-306.38617
45.548,-304.41803
45.55,-300.93488
45.552,-296.18842
45.554,-290.0892
45.556,-283.77084
45.558,-277.70734
45.56,-272.17316
45.562,-266.7293
45.564,-261.82635
45.566,-257.11374
45.568,-252.16042
45.57,-246.20525
45.572,-239.87442
45.574,-233.50436
45.576,-227.64482
45.578,-222.47798
45.58,-219.24788
45.582,-218.32497
45.584,-219.63972
45.586,-222.23157
45.588,-226.00381
45.59,-230.19606
45.592,-234.14896
45.594,-237.01605
45.596,-239.31131
45.598,-241.1665
45.6,-242.65437
45.602,-243.23053
45.604,-243.26491
45.606,-242.58943
45.608,-241.15341
45.61,-238.70418
45.612,-236.24419
45.614,-234.30017
45.616,-233.14832
45.618,-232.21281
45.62,-231.60185
45.622,-230.73601
45.624,-229.14577
45.626,-226.27216
45.628,-223.10722
45.63,-220.35974
45.632,-218.63908
45.634,-217.69324
45.636,-217.86824
45.638,-218.58339
45.64,-219.1394
45.642,-218.62938
45.644,-217.68997
45.646,-216.92921
45.648,-217.13814
45.65,-218.47762
45.652,-221.6689
45.654,-226.35597
45.656,-231.64737
45.658,-235.97244
45.66,-238.91264
45.662,-240.08089
45.664,-239.65245
45.666,-237.81216
45.668,-235.99933
45.67,-235.12096
45.672,-235.64992
45.674,-236.98775
45.676,-239.09454
45.678,-241.22076
45.68,-242.65437
45.682,-242.4956
45.684,-241.35384
45.686,-239.71432
45.688,-238.1515
45.69,-236.58778
45.692,-235.79437
45.694,-235.8394
45.696,-236.65054
45.698,-237.6329
45.7,-239.35434
45.702,-241.90077
45.704,-245.15596
45.706,-248.1619
45.708,-250.88214
45.71,-252.80865
45.712,-253.66136
45.714,-253.03662
45.716,-252.04903
45.718,-251.54427
45.72,-252.16042
45.722,-253.48552
45.724,-255.69427
45.726,-258.1469
45.728,-260.1655
45.73,-260.84808
45.732,-260.94836
45.734,-261.24704
45.736,-262.66708
45.738,-265.3368
45.74,-269.91016
45.742,-275.8828
45.744,-282.1795
45.746,-286.99213
45.748,-289.9455
45.75,-290.83563
45.752,-290.1846
45.754,-288.50784
45.756,-287.60083
45.758,-288.4251
45.76,-291.18524
45.762,-294.73453
45.764,-298.56058
45.766,-301.69708
45.768,-303.6932
45.77,-304.34662
45.772,-305.23694
45.774,-307.61533
45.776,-312.1986
45.778,-318.19
45.78,-324.92358
45.782,-330.74838
45.784,-334.21262
45.786,-334.21695
45.788,-331.9862
45.79,-329.19315
45.792,-327.70847
45.794,-328.25635
45.796,-331.55756
45.798,-336.63434
45.8,-341.71738
45.802,-344.4454
45.804,-344.24545
45.806,-341.0545
45.808,-335.71356
45.81,-329.056
45.812,-323.08948
45.814,-318.9548
45.816,-317.20178
45.818,-317.29413
45.82,-319.37592
45.822,-322.79706
45.824,-326.70782
45.826,-329.68378
45.828,-331.55222
45.83,-331.90073
45.832,-330.7104
45.834,-327.959
45.836,-324.9095
45.838,-322.3293
45.84,-320.704
45.842,-319.85684
45.844,-319.83893
45.846,-319.99228
45.848,-319.70337
45.85,-318.60275
45.852,-317.23846
45.854,-315.98425
45.856,-315.20053
45.858,-314.903
45.86,-315.37173
45.862,-316.1537
45.864,-316.70148
45.866,-316.00793
45.868,-315.04233
45.87,-314.43457
45.872,-314.7002
45.874,-314.7297
45.876,-315.1976
45.878,-315.6819
45.88,-315.70084
45.882,-313.87875
45.884,-311.28394
45.886,-308.42053
45.888,-305.69446
45.89,-302.39798
45.892,-299.19345
45.894,-296.0541
45.896,-293.18652
45.898,-290.42358
45.9,-288.8463
45.902,-288.15106
45.904,-286.68237
45.906,-280.93958
45.908,-268.14618
45.91,-245.81476
45.912,-213.63591
45.914,-173.58186
45.916,-130.86359
45.918,-90.52675
45.92,-56.03565
45.922,-27.610373
45.924,-4.0316067
45.926,17.325764
45.928,37.523872
45.93,54.52961
45.932,61.230663
45.934,48.661846
45.936,8.505411
45.938,-63.18972
45.94,-165.24736
45.942,-289.44952
45.944,-422.76895
45.946,-550.0214
45.948,-658.50116
45.95,-738.82605
45.952,-786.50037
45.954,-801.32135
45.956,-787.70734
45.958,-751.83923
45.96,-700.9459
45.962,-641.9573
45.964,-582.0851
45.966,-526.5997
45.968,-478.8046
45.97,-439.44028
45.972,-408.279
45.974,-383.2321
45.976,-361.73013
45.978,-341.22366
45.98,-321.10095
45.982,-301.33527
45.984,-282.67984
45.986,-265.81998
45.988,-252.21806
45.99,-242.36275
45.992,-236.15022
45.994,-232.66582
45.996,-231.54913
45.998,-231.97661
46.0,-233.14832
46.002,-234.0971
46.004,-234.5273
46.006,-234.12296
46.008,-232.648
46.01,-229.6854
46.012,-225.27686
46.014,-219.62422
46.016,-213.13559
46.018,-206.12999
46.02,-199.38802
46.022,-193.57217
46.024,-189.12032
46.026,-185.63997
46.028,-183.5563
46.03,-182.37784
46.032,-181.61554
46.034,-180.38025
46.036,-179.90875
46.038,-180.31699
46.04,-181.61554
46.042,-183.09706
46.044,-185.52426
46.046,-188.29546
46.048,-190.62126
46.05,-191.38336
46.052,-191.09244
46.054,-189.87491
46.056,-188.11967
46.058,-185.95729
46.06,-184.51556
46.062,-184.08522
46.064,-184.61745
46.066,-185.4507
46.068,-186.73965
46.07,-188.19202
46.072,-189.62064
46.074,-190.63705
46.076,-191.81313
46.078,-193.30377
46.08,-195.12413
46.082,-196.72258
46.084,-198.24709
46.086,-199.33365
46.088,-199.627
46.09,-198.52037
46.092,-196.56436
46.094,-194.1127
46.096,-191.6219
46.098,-189.0979
46.1,-187.27425
46.102,-186.20099
46.104,-185.61809
46.106,-184.6348
46.108,-183.2881
46.11,-181.41772
46.112,-179.11395
46.114,-176.24141
46.116,-173.73909
46.118,-172.11354
46.12,-171.60918
46.122,-171.63632
46.124,-172.27835
46.126,-173.08292
46.128,-173.61044
46.13,-173.11108
46.132,-172.14136
46.134,-171.13017
46.136,-170.60854
46.138,-170.50986
46.14,-171.5431
46.142,-173.69107
46.144,-176.61235
46.146,-179.28079
46.148,-181.75589
46.15,-183.95906
46.152,-186.11841
46.154,-188.18222
46.156,-191.17136
46.158,-195.49571
46.16,-201.12794
46.162,-207.05211
46.164,-213.00136
46.166,-218.31625
46.168,-222.64163
46.17,-225.5926
46.172,-228.31316
46.174,-231.74718
46.176,-236.65054
46.178,-242.75716
46.18,-250.2246
46.182,-258.331
46.184,-266.1693
46.186,-272.50415
46.188,-277.55096
46.19,-281.59735
46.192,-285.18143
46.194,-288.30292
46.196,-291.71024
46.198,-295.4272
46.2,-299.19034
46.202,-302.14957
46.204,-304.5448
46.206,-306.4715
46.208,-308.19608
46.21,-309.5365
46.212,-311.1916
46.214,-313.2876
46.216,-315.70084
46.218,-317.62308
46.22,-319.1868
46.222,-320.22833
46.224,-320.704
46.226,-320.19513
46.228,-319.39017
46.23,-318.63422
46.232,-318.20242
46.234,-317.73935
46.236,-317.76056
46.238,-318.27774
46.24,-319.20306
46.242,-319.9019
46.244,-320.708
46.246,-321.52518
46.248,-322.205
46.25,-322.07773
46.252,-321.51202
46.254,-320.5169
46.256,-319.20306
46.258,-317.30917
46.26,-315.70715
46.262,-314.77716
46.264,-314.7002
46.266,-314.86252
46.268,-315.4826
46.27,-316.09616
46.272,-316.20114
46.274,-314.9441
46.276,-312.91342
46.278,-310.4808
46.28,-308.19608
46.282,-306.08743
46.284,-305.22617
46.286,-305.8221
46.288,-307.69574
46.29,-309.82648
46.292,-312.2511
46.294,-314.48413
46.296,-316.20114
46.298,-316.7932
46.3,-317.03262
46.302,-317.14963
46.304,-317.20178
46.306,-316.48257
46.308,-315.2796
46.31,-313.25577
46.312,-310.19733
46.314,-305.69183
46.316,-300.78278
46.318,-296.1038
46.32,-292.18588
46.322,-288.81958
46.324,-286.59427
46.326,-285.3079
46.328,-284.6811
46.33,-284.07007
46.332,-284.09775
46.334,-284.84155
46.336,-286.18207
46.338,-287.25543
46.34,-288.0803
46.342,-288.13272
46.344,-287.1827
46.346,-285.06055
46.348,-283.20508
46.35,-282.6713
46.352,-284.1808
46.354,-287.277
46.356,-291.79398
46.358,-296.41397
46.36,-299.69064
46.362,-300.16306
46.364,-298.23456
46.366,-294.54898
46.368,-290.1846
46.37,-285.76312
46.372,-282.58932
46.374,-280.8473
46.376,-280.17825
46.378,-279.47937
46.38,-278.7061
46.382,-277.38345
46.384,-275.17505
46.386,-271.45123
46.388,-266.79407
46.39,-261.40378
46.392,-255.66264
46.394,-249.68892
46.396,-244.7885
46.398,-241.55984
46.4,-240.15277
46.402,-239.72281
46.404,-239.99786
46.406,-240.04153
46.408,-239.15215
46.41,-236.84747
46.412,-234.14655
46.414,-231.96402
46.416,-231.14705
46.418,-231.93204
46.42,-234.42184
46.422,-237.7063
46.424,-240.65309
46.426,-242.35481
46.428,-242.77196
46.43,-241.94398
46.432,-240.15277
46.434,-237.71329
46.436,-235.16513
46.438,-232.59012
46.44,-230.14641
46.442,-227.78998
46.444,-226.83768
46.446,-227.85905
46.448,-230.64673
46.45,-232.93546
46.452,-234.04665
46.454,-232.83836
46.456,-229.14577
46.458,-222.99477
46.46,-217.53468
46.462,-215.28607
46.464,-217.63846
46.466,-223.24623
46.468,-230.64172
46.47,-237.01494
46.472,-240.15277
46.474,-238.74174
46.476,-234.4157
46.478,-228.91058
46.48,-223.14195
46.482,-215.59198
46.484,-204.1583
46.486,-185.66331
46.488,-158.10057
46.49,-121.51036
46.492,-79.91173
46.494,-38.49613
46.496,-2.0012732
46.498,27.71273
46.5,50.7756
46.502,69.954926
46.504,88.056015
46.506,105.998726
46.508,119.64368
46.51,121.56432
46.512,102.56525
46.514,55.213963
46.516,-24.831007
46.518,-135.41066
46.52,-268.1706
46.522,-409.59995
46.524,-545.2662
46.526,-661.2343
46.528,-746.9752
46.53,-796.40894
46.532,-809.89716
46.534,-792.0979
46.536,-750.9777
46.538,-695.5002
46.54,-635.3379
46.542,-577.889
46.544,-527.8358
46.546,-486.54852
46.548,-454.1693
46.55,-429.0778
46.552,-409.26035
46.554,-392.50473
46.556,-378.3237
46.558,-366.3
46.56,-356.22662
46.562,-347.34344
46.564,-339.73767
46.566,-332.97336
46.568,-326.70782
46.57,-320.4531
46.572,-314.9283
46.574,-310.69675
46.576,-308.19608
46.578,-307.1514
46.58,-307.39163
46.582,-308.31082
46.584,-309.1967
46.586,-309.204
46.588,-308.21283
46.59,-306.53305
46.592,-304.69385
46.594,-302.8953
46.596,-301.4252
46.598,-300.38162
46.6,-299.69064
46.602,-298.72696
46.604,-297.8707
46.606,-297.04944
46.608,-296.18842
46.61,-294.49164
46.612,-292.99542
46.614,-291.55963
46.616,-290.1846
46.618,-288.55472
46.62,-288.42218
46.622,-290.1891
46.624,-293.68683
46.626,-297.6155
46.628,-301.56662
46.63,-304.1312
46.632,-304.1935
46.634,-300.96967
46.636,-295.6941
46.638,-289.52557
46.64,-283.68048
46.642,-278.59363
46.644,-275.0618
46.646,-272.67026
46.648,-270.67218
46.65,-268.07117
46.652,-265.21613
46.654,-262.30243
46.656,-259.6652
46.658,-257.17297
46.66,-255.31566
46.662,-253.78523
46.664,-252.16042
46.666,-249.82486
46.668,-247.40349
46.67,-245.23846
46.672,-243.655
46.674,-242.37088
46.676,-241.70538
46.678,-241.1664
46.68,-240.15277
46.682,-237.84515
46.684,-234.68988
46.686,-230.8774
46.688,-226.64418
46.69,-221.7064
46.692,-216.56825
46.694,-211.08684
46.696,-205.1305
46.698,-198.38553
46.7,-191.76839
46.702,-185.85175
46.704,-181.11522
46.706,-177.35402
46.708,-174.94385
46.71,-173.41208
46.712,-172.10948
46.714,-170.08485
46.716,-167.63947
46.718,-164.87617
46.72,-162.10312
46.722,-159.31181
46.724,-157.302
46.726,-156.13763
46.728,-155.59898
46.73,-154.9596
46.732,-154.41608
46.734,-153.90071
46.736,-153.59772
46.738,-153.55893
46.74,-154.71019
46.742,-157.29399
46.744,-161.1025
46.746,-165.13924
46.748,-169.04013
46.75,-172.11903
46.752,-174.11076
46.754,-174.97887
46.756,-175.99373
46.758,-178.0527
46.76,-181.61554
46.762,-186.05486
46.764,-190.90343
46.766,-194.9377
46.768,-197.1254
46.77,-196.74632
46.772,-194.76682
46.774,-192.33246
46.776,-190.62126
46.778,-189.94588
46.78,-190.6666
46.782,-192.06813
46.784,-193.12286
46.786,-192.65092
46.788,-190.86034
46.79,-188.24266
46.792,-185.61809
46.794,-183.3589
46.796,-182.1468
46.798,-181.7739
46.8,-181.61554
46.802,-180.61868
46.804,-178.75238
46.806,-176.10103
46.808,-173.11012
46.81,-170.03165
46.812,-167.79329
46.814,-166.7855
46.816,-167.10631
46.818,-168.27187
46.82,-170.37207
46.822,-173.1086
46.824,-176.11203
46.826,-178.61061
46.828,-180.66264
46.83,-182.14404
46.832,-183.11649
46.834,-183.43813
46.836,-183.8996
46.838,-184.90009
46.84,-186.61871
46.842,-188.54857
46.844,-190.84004
46.846,-193.24538
46.848,-195.62445
46.85,-197.60335
46.852,-199.87311
46.854,-202.7116
46.856,-206.13113
46.858,-209.30554
46.86,-212.03786
46.862,-213.64798
46.864,-213.63591
46.866,-211.47562
46.868,-208.1872
46.87,-204.8461
46.872,-202.6289
46.874,-201.9294
46.876,-203.4952
46.878,-206.92291
46.88,-211.13431
46.882,-214.24008
46.884,-215.53337
46.886,-214.54758
46.888,-211.63463
46.89,-207.38875
46.892,-203.77472
46.894,-202.25159
46.896,-203.62955
46.898,-207.31853
46.9,-212.87779
46.902,-219.05754
46.904,-224.64291
46.906,-228.38889
46.908,-230.70987
46.91,-232.20143
46.912,-233.64864
46.914,-235.13148
46.916,-237.32945
46.918,-240.12007
46.92,-243.15468
46.922,-245.62804
46.924,-248.06891
46.926,-250.90947
46.928,-254.662
46.93,-259.09485
46.932,-264.6535
46.934,-270.9246
46.936,-277.17633
46.938,-282.09247
46.94,-285.72177
46.942,-288.1102
46.944,-289.6843
46.946,-290.51648
46.948,-291.78793
46.95,-293.98523
46.952,-297.18906
46.954,-300.53418
46.956,-304.02618
46.958,-307.19983
46.96,-309.69702
46.962,-310.8143
46.964,-311.20578
46.966,-311.22595
46.968,-311.19797
46.97,-310.73254
46.972,-310.40643
46.974,-310.2367
46.976,-310.19733
46.978,-309.73218
46.98,-309.5553
46.982,-309.98062
46.984,-311.19797
46.986,-312.56165
46.988,-314.4144
46.99,-316.52542
46.992,-318.70276
46.994,-320.37103
46.996,-322.25848
46.998,-324.66553
47.0,-327.70847
47.002,-330.77484
47.004,-333.83234
47.006,-336.2883
47.008,-337.71484
47.01,-337.9145
47.012,-337.67197
47.014,-337.60025
47.016,-338.21515
47.018,-339.66153
47.02,-341.96686
47.022,-344.41504
47.024,-346.22025
47.026,-346.73584
47.028,-346.44815
47.03,-345.78412
47.032,-345.2196
47.034,-344.23135
47.036,-343.77457
47.038,-343.95963
47.04,-344.7193
47.042,-344.88724
47.044,-345.41174
47.046,-346.69803
47.048,-349.22217
47.05,-352.50052
47.052,-357.4052
47.054,-363.62744
47.056,-370.23553
47.058,-375.13818
47.06,-377.6133
47.062,-376.72382
47.064,-372.23682
47.066,-364.02002
47.068,-353.50436
47.07,-341.1038
47.072,-326.20752
47.074,-306.60745
47.076,-280.94717
47.078,-247.98598
47.08,-208.1324
47.082,-163.20233
47.084,-117.44638
47.086,-74.29247
47.088,-35.5226
47.09,-0.34795257
47.092,31.858398
47.094,61.298733
47.096,85.05411
47.098,96.683464
47.1,85.83255
47.102,43.279907
47.104,-35.5226
47.106,-146.85577
47.108,-279.7203
47.11,-416.4353
47.112,-537.84216
47.114,-628.04895
47.116,-679.8401
47.118,-694.0483
47.12,-678.4316
47.122,-643.73505
47.124,-601.4836
47.126,-559.5563
47.128,-521.832
47.13,-488.46902
47.132,-459.04703
47.134,-432.34265
47.136,-407.7594
47.138,-384.99332
47.14,-365.23813
47.142,-348.8659
47.144,-335.71356
47.146,-324.6828
47.148,-315.60352
47.15,-307.75693
47.152,-300.69128
47.154,-293.89435
47.156,-288.16064
47.158,-283.7511
47.16,-280.67856
47.162,-278.23523
47.164,-276.18393
47.166,-273.73184
47.168,-270.17188
47.17,-264.9278
47.172,-258.48618
47.174,-251.71469
47.176,-245.65628
47.178,-240.92172
47.18,-237.80957
47.182,-236.09488
47.184,-235.1496
47.186,-234.00127
47.188,-232.32936
47.19,-230.10458
47.192,-227.64482
47.194,-224.85443
47.196,-222.84009
47.198,-221.54088
47.2,-220.64037
47.202,-219.25955
47.204,-218.22916
47.206,-217.4045
47.208,-216.63782
47.21,-215.35553
47.212,-214.33624
47.214,-213.48697
47.216,-212.63527
47.218,-211.23463
47.22,-209.87788
47.222,-208.52939
47.224,-207.13177
47.226,-205.28036
47.228,-203.56572
47.23,-202.02031
47.232,-200.62762
47.234,-199.0072
47.236,-197.69086
47.238,-196.72122
47.24,-196.12477
47.242,-195.5583
47.244,-195.43597
47.246,-195.47743
47.248,-195.12413
47.25,-193.32808
47.252,-190.0633
47.254,-185.2941
47.256,-179.61426
47.258,-173.84134
47.26,-169.83508
47.262,-168.59256
47.264,-170.10822
47.266,-172.83524
47.268,-175.34319
47.27,-175.77478
47.272,-173.11012
47.274,-167.29422
47.276,-160.4926
47.278,-155.0007
47.28,-152.59708
47.282,-153.27864
47.284,-156.4179
47.286,-159.91547
47.288,-161.6028
47.29,-159.82889
47.292,-155.42169
47.294,-150.11029
47.296,-146.09294
47.298,-144.55357
47.3,-146.38957
47.302,-150.68382
47.304,-155.59898
47.306,-158.7588
47.308,-159.56406
47.31,-158.14642
47.312,-155.59898
47.314,-152.93246
47.316,-151.92303
47.318,-153.21956
47.32,-156.59962
47.322,-160.71071
47.324,-164.99583
47.326,-168.72017
47.328,-171.60918
47.33,-173.40277
47.332,-175.22464
47.334,-177.91312
47.336,-182.11586
47.338,-187.60039
47.34,-194.64474
47.342,-202.74431
47.344,-211.13431
47.346,-218.54947
47.348,-224.8841
47.35,-230.01729
47.352,-234.14896
47.354,-237.2116
47.356,-240.09766
47.358,-243.19832
47.36,-246.6569
47.362,-249.94066
47.364,-253.3074
47.366,-256.70596
47.368,-260.1655
47.37,-263.35806
47.372,-266.88602
47.374,-270.96866
47.376,-275.67538
47.378,-280.44955
47.38,-285.38348
47.382,-290.11078
47.384,-294.18716
47.386,-296.79202
47.388,-298.112
47.39,-298.27866
47.392,-297.6894
47.394,-296.50998
47.396,-295.7617
47.398,-295.94788
47.4,-297.18906
47.402,-298.78564
47.404,-300.56143
47.406,-301.97806
47.408,-302.69257
47.41,-302.2934
47.412,-301.5298
47.414,-300.89935
47.416,-300.69128
47.418,-300.405
47.42,-300.02087
47.422,-299.04715
47.424,-297.18906
47.426,-294.19418
47.428,-291.1155
47.43,-288.76627
47.432,-287.683
47.434,-287.4072
47.436,-287.80484
47.438,-287.9883
47.44,-287.1827
47.442,-284.69702
47.444,-281.43314
47.446,-278.20053
47.448,-275.67538
47.45,-273.57816
47.452,-272.00433
47.454,-270.23434
47.456,-267.6703
47.458,-263.8458
47.46,-259.93982
47.462,-256.96402
47.464,-255.66264
47.466,-255.63063
47.468,-256.61588
47.47,-257.347
47.472,-256.66327
47.474,-253.74635
47.476,-249.73016
47.478,-245.92621
47.48,-243.655
47.482,-243.19423
47.484,-244.75233
47.486,-247.11176
47.488,-248.65819
47.49,-247.69493
47.492,-244.38919
47.494,-239.32053
47.496,-233.64864
47.498,-228.20619
47.5,-224.38693
47.502,-222.45473
47.504,-222.14131
47.506,-222.5601
47.508,-223.89622
47.51,-225.9746
47.512,-228.64546
47.514,-231.22833
47.516,-233.83707
47.518,-235.9619
47.52,-237.15086
47.522,-236.82024
47.524,-235.70747
47.526,-234.22118
47.528,-232.648
47.53,-230.56856
47.532,-228.22815
47.534,-225.30003
47.536,-221.641
47.538,-217.09454
47.54,-212.76073
47.542,-209.23013
47.544,-206.63145
47.546,-204.07672
47.548,-201.18083
47.55,-197.21492
47.552,-192.12222
47.554,-186.42647
47.556,-182.31018
47.558,-181.4664
47.56,-184.61745
47.562,-190.57405
47.564,-197.62085
47.566,-203.02274
47.568,-204.63017
47.57,-201.53642
47.572,-195.54863
47.574,-189.3278
47.576,-185.61809
47.578,-185.84558
47.58,-190.22441
47.582,-196.98224
47.584,-203.62955
47.586,-208.13756
47.588,-209.89693
47.59,-209.32182
47.592,-207.63208
47.594,-206.179
47.596,-205.84906
47.598,-206.4221
47.6,-207.13177
47.602,-207.08849
47.604,-206.47319
47.606,-205.6388
47.608,-205.1305
47.61,-204.45009
47.612,-204.47585
47.614,-205.15225
47.616,-206.13113
47.618,-205.86877
47.62,-205.06003
47.622,-204.1103
47.624,-203.62955
47.626,-203.27083
47.628,-203.98172
47.63,-205.65923
47.632,-207.63208
47.634,-208.19896
47.636,-206.97217
47.638,-203.64168
47.64,-198.62636
47.642,-192.30344
47.644,-186.00386
47.646,-179.6605
47.648,-171.60918
47.65,-158.23282
47.652,-136.6452
47.654,-104.84478
47.656,-63.54042
47.658,-16.059105
47.66,31.17123
47.662,72.132774
47.664,103.06557
47.666,124.05794
47.668,136.7195
47.67,143.22487
47.672,143.09103
47.674,132.0076
47.676,101.04557
47.678,41.220608
47.68,-52.53342
47.682,-177.28317
47.684,-322.4864
47.686,-470.75153
47.688,-602.88354
47.69,-702.72845
47.692,-762.59174
47.694,-782.93304
47.696,-770.9905
47.698,-736.7596
47.7,-690.9138
47.702,-641.01416
47.704,-591.3762
47.706,-543.48065
47.708,-498.90704
47.71,-458.8738
47.712,-424.77023
47.714,-397.14288
47.716,-376.6397
47.718,-362.29172
47.72,-352.22406
47.722,-343.88425
47.724,-336.23572
47.726,-328.749
47.728,-321.70465
47.73,-315.3498
47.732,-310.7735
47.734,-308.2982
47.736,-307.69574
47.738,-307.9001
47.74,-308.34338
47.742,-308.29068
47.744,-307.19543
47.746,-304.50385
47.748,-300.4173
47.75,-295.54147
47.752,-290.68494
47.754,-286.3446
47.756,-283.128
47.758,-281.50476
47.76,-281.6792
47.762,-283.19983
47.764,-286.04672
47.766,-289.87012
47.768,-294.18716
47.77,-297.7297
47.772,-300.82425
47.774,-302.9026
47.776,-303.6932
47.778,-302.73126
47.78,-301.90698
47.782,-301.94165
47.784,-303.19287
47.786,-304.93402
47.788,-307.43713
47.79,-309.59875
47.792,-310.19733
47.794,-307.9197
47.796,-303.3575
47.798,-297.1009
47.8,-290.1846
47.802,-283.33914
47.804,-278.1591
47.806,-275.14124
47.808,-274.1744
47.81,-274.26117
47.812,-275.23645
47.814,-276.39236
47.816,-277.17633
47.818,-276.8749
47.82,-276.05878
47.822,-274.9225
47.824,-273.6741
47.826,-272.06857
47.828,-270.73126
47.83,-269.64194
47.832,-268.67093
47.834,-267.27368
47.836,-265.90945
47.838,-264.561
47.84,-263.16742
47.842,-261.19067
47.844,-258.9973
47.846,-256.39603
47.848,-253.16106
47.85,-248.706
47.852,-243.55443
47.854,-237.81822
47.856,-231.64737
47.858,-224.79532
47.86,-218.0588
47.862,-211.73424
47.864,-206.13113
47.866,-201.16185
47.868,-197.69746
47.87,-195.9011
47.872,-195.62445
47.874,-196.02116
47.876,-197.09894
47.878,-198.38374
47.88,-199.627
47.882,-200.51852
47.884,-201.93086
47.886,-204.16818
47.888,-207.13177
47.89,-209.80057
47.892,-211.66734
47.894,-211.67473
47.896,-209.13304
47.898,-203.72307
47.9,-196.92754
47.902,-190.34235
47.904,-185.61809
47.906,-183.52306
47.908,-184.90959
47.91,-189.20607
47.912,-195.12413
47.914,-200.75342
47.916,-205.36736
47.918,-208.33443
47.92,-209.63336
47.922,-209.33182
47.924,-208.61815
47.926,-208.11743
47.928,-208.1324
47.93,-208.23412
47.932,-208.64645
47.934,-209.0449
47.936,-209.13304
47.938,-208.38673
47.94,-207.29361
47.942,-206.00568
47.944,-204.63017
47.946,-202.82072
47.948,-200.96483
47.95,-199.05423
47.952,-197.1254
47.954,-194.9531
47.956,-193.22415
47.958,-192.24068
47.96,-192.12222
47.962,-192.34422
47.964,-192.98917
47.966,-193.6784
47.968,-194.12349
47.97,-193.8745
47.972,-193.66751
47.974,-193.97472
47.976,-195.12413
47.978,-196.66632
47.98,-198.66495
47.982,-200.52086
47.984,-201.62827
47.986,-201.24524
47.988,-199.96364
47.99,-198.369
47.992,-197.1254
47.994,-196.24144
47.996,-196.27638
47.998,-197.03932
48.0,-198.12604
48.002,-198.68608
48.004,-199.00809
48.006,-199.1334
48.008,-199.12668
48.01,-198.49623
48.012,-197.65967
48.014,-196.64484
48.016,-195.62445
48.018,-194.49805
48.02,-194.33957
48.022,-195.68507
48.024,-198.62636
48.026,-202.15138
48.028,-205.85512
48.03,-208.85182
48.032,-210.634
48.034,-210.87631
48.036,-210.98012
48.038,-212.23904
48.04,-215.63718
48.042,-220.84921
48.044,-227.64026
48.046,-234.71301
48.048,-240.65309
48.05,-244.028
48.052,-245.27832
48.054,-245.24812
48.056,-245.15596
48.058,-245.54745
48.06,-247.42017
48.062,-250.67111
48.064,-254.662
48.066,-258.06046
48.068,-260.83847
48.07,-262.94974
48.072,-264.66837
48.074,-265.83936
48.076,-267.2991
48.078,-269.2513
48.08,-271.67282
48.082,-273.8878
48.084,-276.35538
48.086,-279.22357
48.088,-282.67984
48.09,-286.29614
48.092,-290.59637
48.094,-295.49005
48.096,-300.69128
48.098,-305.24496
48.1,-309.29904
48.102,-312.65704
48.104,-315.20053
48.106,-316.34476
48.108,-316.7006
48.11,-316.54883
48.112,-316.20114
48.114,-315.37988
48.116,-314.82455
48.118,-314.646
48.12,-314.7002
48.122,-314.08902
48.124,-313.03006
48.126,-311.47894
48.128,-309.69702
48.13,-307.69376
48.132,-306.8363
48.134,-307.8961
48.136,-311.19797
48.138,-315.8875
48.14,-321.71658
48.142,-327.6526
48.144,-332.71167
48.146,-335.7654
48.148,-337.35007
48.15,-337.95438
48.152,-338.21515
48.154,-338.2099
48.156,-338.6306
48.158,-339.381
48.16,-340.21643
48.162,-340.75513
48.164,-341.4407
48.166,-342.40417
48.168,-343.71866
48.17,-345.11298
48.172,-346.66415
48.174,-347.86234
48.176,-348.22153
48.178,-347.2973
48.18,-345.74985
48.182,-344.05222
48.184,-342.71802
48.186,-341.36923
48.188,-341.0707
48.19,-341.94632
48.192,-343.71866
48.194,-344.59927
48.196,-345.054
48.198,-345.0128
48.2,-344.7193
48.202,-343.5941
48.204,-343.02768
48.206,-343.33853
48.208,-344.21896
48.21,-344.00653
48.212,-342.37433
48.214,-338.7242
48.216,-333.21198
48.218,-326.08707
48.22,-319.0845
48.222,-312.53714
48.224,-305.19415
48.226,-293.6562
48.228,-275.18384
48.23,-247.44286
48.232,-210.634
48.234,-167.60222
48.236,-124.74406
48.238,-88.10413
48.24,-61.53915
48.242,-44.702847
48.244,-35.03053
48.246,-27.963324
48.248,-20.51305
48.25,-13.296431
48.252,-12.97431
48.254,-28.847769
48.256,-70.04456
48.258,-141.23703
48.26,-241.6483
48.262,-362.77164
48.264,-490.81223
48.266,-609.6637
48.268,-706.28
48.27,-771.6525
48.272,-802.5105
48.274,-800.4063
48.276,-771.87994
48.278,-724.8261
48.28,-667.42456
48.282,-606.5387
48.284,-548.6419
48.286,-497.72876
48.288,-455.78995
48.29,-422.51523
48.292,-397.28635
48.294,-377.9897
48.296,-362.23044
48.298,-347.50208
48.3,-333.1775
48.302,-318.9385
48.304,-305.19415
48.306,-292.35663
48.308,-281.9665
48.31,-274.7125
48.312,-270.67218
48.314,-268.87216
48.316,-268.7102
48.318,-268.99158
48.32,-268.67093
48.322,-266.8628
48.324,-263.85446
48.326,-260.2224
48.328,-256.66327
48.33,-253.36856
48.332,-250.65855
48.334,-248.46553
48.336,-246.6569
48.338,-244.91624
48.34,-243.71939
48.342,-243.42227
48.344,-244.15532
48.346,-245.04723
48.348,-246.08127
48.35,-246.2195
48.352,-244.65564
48.354,-240.59494
48.356,-235.90941
48.358,-231.62405
48.36,-228.64546
48.362,-226.8494
48.364,-227.10532
48.366,-228.58978
48.368,-230.14641
48.37,-230.39183
48.372,-229.75288
48.374,-228.4906
48.376,-227.1445
48.378,-225.82321
48.38,-225.37611
48.382,-225.6425
48.384,-226.14386
48.386,-225.99008
48.388,-225.43254
48.39,-224.44727
48.392,-223.14195
48.394,-221.29538
48.396,-219.48763
48.398,-217.76064
48.4,-216.1375
48.402,-214.36455
48.404,-213.20404
48.406,-212.94057
48.408,-213.63591
48.41,-214.6171
48.412,-215.8126
48.414,-216.52737
48.416,-216.1375
48.418,-213.9431
48.42,-210.63625
48.422,-206.80934
48.424,-203.12923
48.426,-199.65137
48.428,-197.08102
48.43,-195.34105
48.432,-194.12349
48.434,-192.60225
48.436,-191.07123
48.438,-189.44498
48.44,-187.61935
48.442,-184.94597
48.444,-181.80753
48.446,-178.26546
48.448,-174.61108
48.45,-170.90425
48.452,-168.40881
48.454,-167.77084
48.456,-169.10757
48.458,-171.34111
48.46,-173.89613
48.462,-175.59738
48.464,-175.61171
48.466,-173.35077
48.468,-170.14703
48.47,-167.43365
48.472,-166.60599
48.474,-167.94551
48.476,-171.99513
48.478,-178.08191
48.48,-185.11777
48.482,-191.53642
48.484,-197.29953
48.486,-202.40897
48.488,-207.13177
48.49,-211.18411
48.492,-215.19911
48.494,-219.19429
48.496,-223.14195
48.498,-226.6164
48.5,-230.52156
48.502,-235.4144
48.504,-241.65373
48.506,-248.62347
48.508,-256.30188
48.51,-263.9176
48.512,-270.67218
48.514,-275.54572
48.516,-279.09344
48.518,-281.90048
48.52,-284.6811
48.522,-287.40204
48.524,-290.63892
48.526,-294.10004
48.528,-297.18906
48.53,-298.7906
48.532,-299.1393
48.534,-298.54547
48.536,-297.6894
48.538,-296.8816
48.54,-297.34488
48.542,-299.5991
48.544,-303.6932
48.546,-308.683
48.548,-314.38336
48.55,-320.10815
48.552,-325.20688
48.554,-328.6403
48.556,-330.70898
48.558,-331.6075
48.56,-331.71103
48.562,-330.8673
48.564,-330.02994
48.566,-329.59244
48.568,-329.70975
48.57,-329.73615
48.572,-329.9916
48.574,-330.33936
48.576,-330.7104
48.578,-330.60083
48.58,-330.71588
48.582,-331.25705
48.584,-332.21133
48.586,-332.74802
48.588,-333.0495
48.59,-332.873
48.592,-332.21133
48.594,-330.81158
48.596,-329.8567
48.598,-329.93454
48.6,-331.2107
48.602,-332.71097
48.604,-334.25504
48.606,-335.062
48.608,-334.71292
48.61,-332.8901
48.612,-331.09396
48.614,-330.45557
48.616,-331.71103
48.618,-334.29538
48.62,-338.10477
48.622,-342.15826
48.624,-345.71994
48.626,-348.24973
48.628,-351.08047
48.63,-355.23486
48.632,-361.2298
48.634,-368.0194
48.636,-374.65295
48.638,-379.01
48.64,-379.24127
48.642,-374.10794
48.644,-365.12958
48.646,-354.47766
48.648,-344.7193
48.65,-337.33627
48.652,-333.79657
48.654,-333.5899
48.656,-335.21326
48.658,-336.4212
48.66,-336.6931
48.662,-335.78702
48.664,-334.21262
48.666,-332.30103
48.668,-331.40933
48.67,-331.719
48.672,-332.71167
48.674,-332.90167
48.676,-332.01627
48.678,-329.58224
48.68,-325.7072
48.682,-320.52948
48.684,-315.66324
48.686,-311.96066
48.688,-309.69702
48.69,-307.91357
48.692,-306.31958
48.694,-303.84686
48.696,-299.69064
48.698,-293.18344
48.7,-285.64926
48.702,-278.36697
48.704,-272.67346
48.706,-268.95514
48.708,-268.1239
48.71,-269.70544
48.712,-272.67346
48.714,-275.35712
48.716,-277.62698
48.718,-279.19534
48.72,-280.17825
48.722,-280.4017
48.724,-280.83826
48.726,-281.52985
48.728,-282.1795
48.73,-281.98517
48.732,-281.12006
48.734,-279.4499
48.736,-277.17633
48.738,-274.6754
48.74,-273.00085
48.742,-272.51593
48.744,-273.17377
48.746,-274.47995
48.748,-276.1443
48.75,-277.3886
48.752,-277.67664
48.754,-276.70563
48.756,-275.47098
48.758,-274.6444
48.76,-274.67474
48.762,-274.67154
48.764,-275.27582
48.766,-276.2222
48.768,-277.17633
48.77,-276.77957
48.772,-276.0512
48.774,-275.5015
48.776,-275.67538
48.778,-276.03583
48.78,-277.37183
48.782,-279.3453
48.784,-281.17886
48.786,-281.2164
48.788,-279.34528
48.79,-275.37656
48.792,-269.67154
48.794,-262.31595
48.796,-254.41354
48.798,-245.6874
48.8,-234.64928
48.802,-218.33041
48.804,-194.96725
48.806,-163.5111
48.808,-125.07957
48.81,-82.49223
48.812,-41.03552
48.814,-4.9811625
48.816,23.51496
48.818,45.483906
48.82,62.35286
48.822,75.43207
48.824,83.05283
48.826,79.96977
48.828,56.674625
48.83,4.242742
48.832,-82.0522
48.834,-198.9337
48.836,-335.99185
48.838,-476.10437
48.84,-600.38196
48.842,-692.73004
48.844,-745.4491
48.846,-758.7875
48.848,-739.97076
48.85,-699.38806
48.852,-648.73694
48.854,-596.681
48.856,-548.3488
48.858,-505.2532
48.86,-468.24042
48.862,-436.91507
48.864,-410.76132
48.866,-388.7133
48.868,-370.76556
48.87,-356.19608
48.872,-344.21896
48.874,-333.72906
48.876,-325.19955
48.878,-318.92358
48.88,-315.20053
48.882,-313.50467
48.884,-313.90625
48.886,-315.61807
48.888,-317.70212
48.89,-318.95172
48.892,-319.38452
48.894,-319.06696
48.896,-318.20242
48.898,-316.60263
48.9,-314.5541
48.902,-312.29874
48.904,-310.19733
48.906,-308.42896
48.908,-307.5992
48.91,-308.16922
48.912,-310.19733
48.914,-312.83496
48.916,-315.52643
48.918,-317.47018
48.92,-318.20242
48.922,-317.1457
48.924,-315.81216
48.926,-314.86258
48.928,-314.7002
48.93,-314.61404
48.932,-315.28522
48.934,-315.90564
48.936,-315.70084
48.938,-313.84406
48.94,-311.64954
48.942,-309.8947
48.944,-309.1967
48.946,-309.18613
48.948,-310.06757
48.95,-310.9002
48.952,-310.69766
48.954,-308.51785
48.956,-305.17688
48.958,-301.44843
48.96,-298.1897
48.962,-295.49606
48.964,-293.90884
48.966,-292.89542
48.968,-291.68555
48.97,-289.2651
48.972,-286.08487
48.974,-282.4282
48.976,-278.67728
48.978,-274.6331
48.98,-270.84235
48.982,-267.09106
48.984,-263.16742
48.986,-258.70773
48.988,-254.70453
48.99,-251.74252
48.992,-250.15913
48.994,-249.34932
48.996,-249.17278
48.998,-248.60095
49.0,-246.6569
49.002,-242.44711
49.004,-236.86462
49.006,-230.8752
49.008,-225.64354
49.01,-221.61993
49.012,-219.68233
49.014,-219.38116
49.016,-219.63972
49.018,-218.7482
49.02,-216.34935
49.022,-212.16621
49.024,-206.63145
49.026,-200.32742
49.028,-195.10126
49.03,-192.04036
49.032,-191.6219
49.034,-193.16628
49.036,-196.41325
49.038,-200.25412
49.04,-203.62955
49.042,-205.44893
49.044,-206.15604
49.046,-206.07248
49.048,-205.63081
49.05,-204.72179
49.052,-204.0209
49.054,-203.51056
49.056,-203.12923
49.058,-202.53438
49.06,-202.51637
49.062,-203.37117
49.064,-205.1305
49.066,-207.03429
49.068,-208.92142
49.07,-210.09528
49.072,-210.13368
49.074,-208.79045
49.076,-207.32559
49.078,-206.82594
49.08,-208.1324
49.082,-211.0195
49.084,-215.37161
49.086,-220.01985
49.088,-223.64227
49.09,-224.9224
49.092,-224.15022
49.094,-221.9097
49.096,-219.1394
49.098,-216.32422
49.1,-214.37285
49.102,-213.27365
49.104,-212.63527
49.106,-211.6229
49.108,-210.4777
49.11,-209.36594
49.112,-208.63272
49.114,-208.21667
49.116,-208.67432
49.118,-209.91956
49.12,-211.63463
49.122,-213.04573
49.124,-214.27551
49.126,-215.17316
49.128,-215.63718
49.13,-215.1982
49.132,-214.19917
49.134,-212.64226
49.136,-210.634
49.138,-208.06966
49.14,-205.83592
49.142,-204.43065
49.144,-204.12985
49.146,-204.48683
49.148,-205.61206
49.15,-207.10367
49.152,-208.63272
49.154,-209.70157
49.156,-210.89165
49.158,-212.39522
49.16,-214.13623
49.162,-215.25052
49.164,-215.50363
49.166,-214.33893
49.168,-211.63463
49.17,-207.50278
49.172,-203.60039
49.174,-201.32323
49.176,-201.62827
49.178,-204.1453
49.18,-208.5534
49.182,-213.51056
49.184,-217.63846
49.186,-219.60603
49.188,-219.88094
49.19,-219.1289
49.192,-218.13878
49.194,-216.87546
49.196,-215.72998
49.198,-214.28532
49.2,-212.13495
49.202,-208.83968
49.204,-205.58943
49.206,-203.53024
49.208,-203.62955
49.21,-205.676
49.212,-209.58685
49.214,-214.18333
49.216,-218.13878
49.218,-220.08614
49.22,-220.46902
49.222,-220.0046
49.224,-219.63972
49.226,-219.55872
49.228,-220.4022
49.23,-221.909
49.232,-223.64227
49.234,-224.89055
49.236,-226.36597
49.238,-228.6347
49.24,-232.14769
49.242,-236.39934
49.244,-241.42043
49.246,-246.52977
49.248,-251.15977
49.25,-254.71318
49.252,-258.17032
49.254,-262.3235
49.256,-267.6703
49.258,-273.5169
49.26,-279.43024
49.262,-284.17154
49.264,-286.68237
49.266,-286.15137
49.268,-283.74554
49.27,-280.91022
49.272,-279.1776
49.274,-279.02435
49.276,-281.04953
49.278,-284.51837
49.28,-288.18332
49.282,-290.39026
49.284,-291.08875
49.286,-290.57095
49.288,-289.6843
49.29,-288.90625
49.292,-289.42435
49.294,-291.37338
49.296,-294.18716
49.298,-296.38675
49.3,-297.47797
49.302,-296.99762
49.304,-295.18777
49.306,-292.59238
49.308,-290.8962
49.31,-291.15375
49.312,-293.68683
49.314,-297.68134
49.316,-302.18286
49.318,-305.69666
49.32,-307.19543
49.322,-306.42642
49.324,-304.53452
49.326,-302.68356
49.328,-301.69193
49.33,-301.33566
49.332,-301.22308
49.334,-300.24115
49.336,-297.6894
49.338,-293.15958
49.34,-288.90363
49.342,-286.9866
49.344,-288.68365
49.346,-292.502
49.348,-297.4876
49.35,-301.2947
49.352,-302.19223
49.354,-299.12854
49.356,-294.67096
49.358,-291.63275
49.36,-292.18588
49.362,-295.84253
49.364,-301.451
49.366,-305.9877
49.368,-306.6951
49.37,-301.7836
49.372,-292.77554
49.374,-281.71494
49.376,-270.17188
49.378,-257.43784
49.38,-242.24374
49.382,-222.10117
49.384,-195.62445
49.386,-163.35945
49.388,-129.58943
49.39,-99.112755
49.392,-75.54806
49.394,-59.0922
49.396,-48.12662
49.398,-39.145275
49.4,-30.019096
49.402,-21.878056
49.404,-21.560839
49.406,-38.236706
49.408,-80.55125
49.41,-152.35951
49.412,-251.86008
49.414,-369.63275
49.416,-491.31256
49.418,-600.80194
49.42,-685.7551
49.422,-738.6067
49.424,-757.9822
49.426,-747.39734
49.428,-714.94055
49.43,-669.4003
49.432,-618.89374
49.434,-569.211
49.436,-524.9741
49.438,-488.01355
49.44,-458.29153
49.442,-434.0403
49.444,-414.0586
49.446,-396.6843
49.448,-380.74222
49.45,-365.25812
49.452,-350.99768
49.454,-338.49054
49.456,-328.2088
49.458,-319.8563
49.46,-313.89496
49.462,-310.00702
49.464,-307.69574
49.466,-305.98532
49.468,-304.87564
49.47,-304.04303
49.472,-303.19287
49.474,-301.7052
49.476,-299.70413
49.478,-297.1863
49.48,-294.18716
49.482,-290.42203
49.484,-286.21338
49.486,-281.83884
49.488,-277.67664
49.49,-273.80823
49.492,-270.8996
49.494,-269.21295
49.496,-268.67093
49.498,-268.26065
49.5,-268.14426
49.502,-267.71127
49.504,-266.66965
49.506,-264.55844
49.508,-263.1224
49.51,-262.82968
49.512,-263.66772
49.514,-264.51187
49.516,-265.50378
49.518,-265.74353
49.52,-264.66837
49.522,-261.9458
49.524,-259.25638
49.526,-257.84665
49.528,-258.66455
49.53,-261.49127
49.532,-266.23294
49.534,-271.38843
49.536,-275.17505
49.538,-275.83093
49.54,-273.51553
49.542,-268.85474
49.544,-263.16742
49.546,-257.5538
49.548,-253.6425
49.55,-251.71407
49.552,-251.15977
49.554,-250.46333
49.556,-249.02884
49.558,-246.22723
49.56,-242.15405
49.562,-237.22833
49.564,-233.13507
49.566,-230.8504
49.568,-230.64673
49.57,-231.54504
49.572,-232.81587
49.574,-233.03766
49.576,-231.14705
49.578,-226.53618
49.58,-220.53015
49.582,-214.68486
49.584,-210.634
49.586,-209.04388
49.588,-210.45488
49.59,-213.78922
49.592,-217.13814
49.594,-218.03958
49.596,-215.54324
49.598,-209.30104
49.6,-200.12732
49.602,-189.3136
49.604,-179.46925
49.606,-172.41331
49.608,-169.10757
49.61,-169.03151
49.612,-171.69963
49.614,-175.59608
49.616,-179.11395
49.618,-180.58249
49.62,-180.05583
49.622,-177.80914
49.624,-174.61108
49.626,-170.95573
49.628,-168.22092
49.63,-166.92189
49.632,-167.10631
49.634,-168.02934
49.636,-169.8276
49.638,-172.23372
49.64,-175.1114
49.642,-177.9979
49.644,-181.47656
49.646,-185.58058
49.648,-190.12094
49.65,-194.2101
49.652,-197.8527
49.654,-200.60408
49.656,-202.12859
49.658,-201.83926
49.66,-200.52734
49.662,-198.84785
49.664,-197.62572
49.666,-197.17099
49.668,-198.57059
49.67,-202.02316
49.672,-207.13177
49.674,-212.49356
49.676,-217.52748
49.678,-221.3756
49.68,-223.64227
49.682,-224.05165
49.684,-223.90771
49.686,-224.31717
49.688,-226.14386
49.69,-229.17097
49.692,-233.5254
49.694,-238.48268
49.696,-243.15468
49.698,-246.3271
49.7,-248.24493
49.702,-249.19296
49.704,-249.65883
49.706,-249.54298
49.708,-249.58992
49.71,-249.95004
49.712,-250.65945
49.714,-251.26405
49.716,-252.46994
49.718,-254.67996
49.72,-258.16425
49.722,-262.33545
49.724,-267.32306
49.726,-272.62363
49.728,-277.67664
49.73,-281.53076
49.732,-284.6179
49.734,-287.22028
49.736,-289.6843
49.738,-291.65915
49.74,-293.67166
49.742,-295.5958
49.744,-297.18906
49.746,-297.72736
49.748,-297.82733
49.75,-297.95193
49.752,-298.69
49.754,-299.9938
49.756,-302.64038
49.758,-306.55002
49.76,-311.19797
49.762,-315.23157
49.764,-318.46002
49.766,-320.5645
49.768,-321.70465
49.77,-321.9452
49.772,-322.68842
49.774,-324.70538
49.776,-328.2088
49.778,-332.1761
49.78,-336.18927
49.782,-339.24924
49.784,-340.71674
49.786,-340.11673
49.788,-338.81204
49.79,-338.02014
49.792,-338.71548
49.794,-340.637
49.796,-343.8198
49.798,-347.22537
49.8,-349.72247
49.802,-350.09473
49.804,-349.0391
49.806,-347.40256
49.808,-346.22025
49.81,-345.66583
49.812,-346.4406
49.814,-348.07248
49.816,-349.72247
49.818,-350.096
49.82,-349.5123
49.822,-348.22418
49.824,-346.72058
49.826,-344.8976
49.828,-343.54135
49.83,-342.5709
49.832,-341.71738
49.834,-340.23767
49.836,-338.77448
49.838,-337.55554
49.84,-336.7142
49.842,-335.5717
49.844,-334.38623
49.846,-332.71106
49.848,-330.21005
49.85,-326.35864
49.852,-322.2797
49.854,-318.707
49.856,-316.20114
49.858,-314.35178
49.86,-313.50363
49.862,-313.1225
49.864,-312.6989
49.866,-311.51257
49.868,-310.5325
49.87,-310.31262
49.872,-311.19797
49.874,-312.51617
49.876,-314.2753
49.878,-315.59198
49.88,-315.70084
49.882,-313.905
49.884,-311.259
49.886,-308.60617
49.888,-306.6951
49.89,-305.502
49.892,-305.13745
49.894,-304.68076
49.896,-303.19287
49.898,-300.0803
49.9,-296.19037
49.902,-292.4072
49.904,-289.6843
49.906,-288.41962
49.908,-289.0494
49.91,-290.92584
49.912,-293.18652
49.914,-294.63132
49.916,-296.0356
49.918,-297.83456
49.92,-300.19098
49.922,-301.5179
49.924,-301.89917
49.926,-300.6527
49.928,-297.6894
49.93,-292.8236
49.932,-288.60022
49.934,-286.79663
49.936,-288.18332
49.938,-291.19153
49.94,-294.53876
49.942,-295.99
49.944,-294.18716
49.946,-288.72977
49.948,-281.9889
49.95,-275.92416
49.952,-271.17252
49.954,-265.57736
49.956,-256.3884
49.958,-239.9234
49.96,-214.13623
49.962,-179.48936
49.964,-140.82489
49.966,-103.90882
49.968,-73.54679
49.97,-51.01387
49.972,-35.236626
49.974,-22.371523
49.976,-9.005729
49.978,5.6087656
49.98,16.471924
49.982,15.265396
49.984,-7.504774
49.986,-58.46172
49.988,-139.99013
49.99,-247.20625
49.992,-369.2349
49.994,-491.25208
49.996,-599.41046
49.998,-682.2099
50.0,-732.9663
50.002,-749.958
50.004,-737.46185
50.006,-702.67126
50.008,-654.4163
50.01,-600.8939
50.012,-549.8199
50.014,-505.75372
50.016,-470.2992
50.018,-442.04712
50.02,-419.23212
50.022,-399.34818
50.024,-380.74222
50.026,-362.68002
50.028,-346.78476
50.03,-334.61685
50.032,-327.20816
50.034,-323.8741
50.036,-323.67047
50.038,-324.2529
50.04,-323.2056
50.042,-318.48926
50.044,-310.38162
50.046,-300.10126
50.048,-289.6843
50.05,-280.85623
50.052,-275.37772
50.054,-273.7141
50.056,-275.17505
50.058,-277.90884
50.06,-280.38153
50.062,-281.31747
50.064,-280.17825
50.066,-276.89233
50.068,-272.4941
50.07,-268.1144
50.072,-264.66837
50.074,-262.06345
50.076,-260.90665
50.078,-260.88174
50.08,-261.66647
50.082,-262.45486
50.084,-264.44666
50.086,-267.52814
50.088,-271.17252
50.09,-273.8523
50.092,-275.62463
50.094,-275.6647
50.096,-273.6741
50.098,-269.66125
50.1,-265.7389
50.102,-263.4199
50.104,-263.66772
50.106,-265.95258
50.108,-269.83087
50.11,-273.50488
50.112,-275.17505
50.114,-273.37442
50.116,-268.9589
50.118,-263.2894
50.12,-258.16425
50.122,-254.602
50.124,-253.79672
50.126,-255.2632
50.128,-257.6639
50.13,-259.00348
50.132,-258.7455
50.134,-256.6304
50.136,-253.16106
50.138,-248.86975
50.14,-245.33087
50.142,-243.236
50.144,-242.65437
50.146,-242.64294
50.148,-242.99278
50.15,-242.98822
50.152,-242.15405
50.154,-239.98355
50.156,-237.39009
50.158,-235.05846
50.16,-233.64864
50.162,-233.11043
50.164,-233.96625
50.166,-235.76639
50.168,-237.65118
50.17,-238.17699
50.172,-237.13892
50.174,-234.3326
50.176,-230.14641
50.178,-225.02443
50.18,-220.70316
50.182,-218.24397
50.184,-218.13878
50.186,-219.70866
50.188,-222.67438
50.19,-225.97754
50.192,-228.64546
50.194,-229.68225
50.196,-229.6831
50.198,-229.14764
50.2,-228.64546
50.202,-228.08128
50.204,-228.06992
50.206,-228.49129
50.208,-229.14577
50.21,-229.48969
50.212,-230.25737
50.214,-231.77249
50.216,-234.14896
50.218,-236.63634
50.22,-239.14674
50.222,-240.98395
50.224,-241.65373
50.226,-240.69936
50.228,-239.22754
50.23,-238.14789
50.232,-238.1515
50.234,-238.88873
50.236,-240.39014
50.238,-241.87262
50.24,-242.65437
50.242,-242.13339
50.244,-241.35213
50.246,-241.27254
50.248,-242.65437
50.25,-245.11853
50.252,-248.47958
50.254,-251.55638
50.256,-253.16106
50.258,-252.22585
50.26,-249.52313
50.262,-246.08992
50.264,-243.15468
50.266,-241.16528
50.268,-240.88583
50.27,-242.06393
50.272,-244.15532
50.274,-246.29106
50.276,-248.91257
50.278,-252.29953
50.28,-256.66327
50.282,-261.38547
50.284,-266.27853
50.286,-270.36285
50.288,-272.67346
50.29,-272.26498
50.292,-269.9158
50.294,-266.63034
50.296,-263.66772
50.298,-261.5981
50.3,-261.3498
50.302,-262.65845
50.304,-264.66837
50.306,-265.87192
50.308,-266.0434
50.31,-265.02243
50.312,-263.16742
50.314,-260.68127
50.316,-258.8697
50.318,-258.3234
50.32,-259.16486
50.322,-260.54037
50.324,-262.34576
50.326,-263.9099
50.328,-264.66837
50.33,-263.8517
50.332,-262.13437
50.334,-260.03244
50.336,-258.16425
50.338,-256.50003
50.34,-255.83916
50.342,-256.0699
50.344,-256.66327
50.346,-256.3481
50.348,-255.07709
50.35,-252.71904
50.352,-249.65883
50.354,-246.21387
50.356,-243.99434
50.358,-243.89381
50.36,-246.1566
50.362,-249.71056
50.364,-253.96077
50.366,-257.61368
50.368,-259.6652
50.37,-259.3007
50.372,-257.64255
50.374,-255.85822
50.376,-255.16232
50.378,-255.83122
50.38,-258.6192
50.382,-263.1514
50.384,-268.67093
50.386,-273.85593
50.388,-278.7829
50.39,-283.2662
50.392,-287.1827
50.394,-289.76688
50.396,-291.30084
50.398,-291.5883
50.4,-290.68494
50.402,-288.56042
50.404,-286.7791
50.406,-286.5396
50.408,-288.68365
50.41,-292.76108
50.412,-298.65186
50.414,-305.1039
50.416,-310.69766
50.418,-313.84708
50.42,-314.8335
50.422,-314.15726
50.424,-312.6989
50.426,-310.75085
50.428,-309.34775
50.43,-308.48337
50.432,-307.69574
50.434,-305.84183
50.436,-303.10245
50.438,-299.5644
50.44,-295.6881
50.442,-291.63113
50.444,-288.69122
50.446,-287.4696
50.448,-288.18332
50.45,-290.1178
50.452,-293.42596
50.454,-297.6215
50.456,-302.19223
50.458,-306.19727
50.46,-309.892
50.462,-313.11588
50.464,-315.70084
50.466,-317.04926
50.468,-317.54117
50.47,-317.19177
50.472,-316.20114
50.474,-314.72034
50.476,-313.74362
50.478,-313.70023
50.48,-314.7002
50.482,-316.22018
50.484,-318.13174
50.486,-319.68384
50.488,-320.2037
50.49,-319.01532
50.492,-316.8498
50.494,-314.33423
50.496,-312.1986
50.498,-310.1742
50.5,-309.48978
50.502,-310.2901
50.504,-312.1986
50.506,-313.2917
50.508,-313.7931
50.51,-313.49857
50.512,-312.6989
50.514,-311.15906
50.516,-310.59323
50.518,-311.6582
50.52,-314.1999
50.522,-316.45462
50.524,-317.66852
50.526,-316.69647
50.528,-313.19925
50.53,-307.19586
50.532,-300.52087
50.534,-294.0168
50.536,-287.1827
50.538,-277.38364
50.54,-262.38397
50.542,-239.99843
50.544,-210.13368
50.546,-174.97057
50.548,-140.14095
50.55,-111.11279
50.552,-91.55824
50.554,-81.40222
50.556,-78.72735
50.558,-79.76087
50.56,-82.0522
50.562,-86.14504
50.564,-97.83473
50.566,-124.82119
50.568,-174.11076
50.57,-248.1349
50.572,-344.2987
50.574,-453.20035
50.576,-561.3571
50.578,-654.23444
50.58,-721.46783
50.582,-757.46326
50.584,-762.48505
50.586,-741.0787
50.588,-701.6932
50.59,-652.7322
50.592,-601.38257
50.594,-552.23584
50.596,-508.79407
50.598,-472.08966
50.6,-441.78104
50.602,-416.2793
50.604,-394.92667
50.606,-376.65628
50.608,-360.7295
50.61,-346.30154
50.612,-333.94427
50.614,-323.75314
50.616,-315.70084
50.618,-309.12393
50.62,-304.25644
50.622,-300.73978
50.624,-298.1897
50.626,-295.8633
50.628,-293.95667
50.63,-292.29434
50.632,-290.68494
50.634,-288.6174
50.636,-286.33066
50.638,-283.95514
50.64,-281.6792
50.642,-279.33313
50.644,-277.3196
50.646,-275.75473
50.648,-274.67474
50.65,-273.66977
50.652,-273.10583
50.654,-272.97147
50.656,-273.17377
50.658,-272.90524
50.66,-272.7966
50.662,-272.49448
50.664,-271.67282
50.666,-269.50143
50.668,-267.3107
50.67,-265.31345
50.672,-263.66772
50.674,-261.8894
50.676,-261.01874
50.678,-260.91452
50.68,-261.16614
50.682,-260.73825
50.684,-259.89764
50.686,-258.279
50.688,-255.66264
50.69,-251.6019
50.692,-247.03284
50.694,-242.40709
50.696,-238.1515
50.698,-234.16148
50.7,-231.23103
50.702,-229.42967
50.704,-228.64546
50.706,-228.2389
50.708,-228.53166
50.71,-229.27563
50.712,-230.14641
50.714,-230.36758
50.716,-230.2251
50.718,-229.62436
50.72,-228.64546
50.722,-227.14345
50.724,-226.12605
50.726,-226.05765
50.728,-227.1445
50.73,-228.80394
50.732,-231.18188
50.734,-233.78453
50.736,-236.15022
50.738,-237.55446
50.74,-238.54555
50.742,-239.25171
50.744,-239.65245
50.746,-239.01085
50.748,-237.46301
50.75,-234.68593
50.752,-230.64673
50.754,-225.32115
50.756,-220.19075
50.758,-216.37253
50.76,-214.63654
50.762,-214.58125
50.764,-216.12779
50.766,-218.19864
50.768,-219.63972
50.77,-219.21033
50.772,-217.43103
50.774,-214.94594
50.776,-212.63527
50.778,-210.7107
50.78,-210.01608
50.782,-210.45903
50.784,-211.63463
50.786,-212.62125
50.788,-213.7667
50.79,-215.20634
50.792,-217.13814
50.794,-219.12761
50.796,-221.59694
50.798,-224.34705
50.8,-227.1445
50.802,-229.38434
50.804,-231.75676
50.806,-234.60854
50.808,-238.1515
50.81,-241.77571
50.812,-245.58514
50.814,-249.04231
50.816,-251.6601
50.818,-252.75934
50.82,-253.16887
50.822,-253.57312
50.824,-254.662
50.826,-256.32574
50.828,-259.08524
50.83,-262.5708
50.832,-266.1693
50.834,-268.80948
50.836,-270.7835
50.838,-272.27567
50.84,-273.6741
50.842,-274.8773
50.844,-276.6663
50.846,-279.14786
50.848,-282.1795
50.85,-284.97604
50.852,-287.76614
50.854,-290.38315
50.856,-292.6862
50.858,-294.06595
50.86,-295.0017
50.862,-295.6344
50.864,-296.18842
50.866,-296.4704
50.868,-297.28885
50.87,-298.8836
50.872,-301.19162
50.874,-303.3306
50.876,-305.2079
50.878,-306.2813
50.88,-306.1948
50.882,-304.45016
50.884,-301.98175
50.886,-299.50708
50.888,-297.6894
50.89,-296.3922
50.892,-296.17032
50.894,-296.7598
50.896,-297.6894
50.898,-298.00323
50.9,-298.06546
50.902,-298.0266
50.904,-298.1897
50.906,-298.3223
50.908,-299.13614
50.91,-300.55737
50.912,-302.19223
50.914,-302.93268
50.916,-302.88647
50.918,-301.90906
50.92,-300.19098
50.922,-297.70615
50.924,-295.70605
50.926,-294.7967
50.928,-295.18777
50.93,-296.077
50.932,-297.42862
50.934,-298.5124
50.936,-298.69
50.938,-297.14133
50.94,-294.6448
50.942,-291.77374
50.944,-289.18396
50.946,-286.87863
50.948,-285.72687
50.95,-285.74017
50.952,-286.68237
50.954,-287.7288
50.956,-289.2848
50.958,-291.29367
50.96,-293.68683
50.962,-295.7718
50.964,-297.88672
50.966,-299.66714
50.968,-300.69128
50.97,-300.1537
50.972,-298.75385
50.974,-297.01266
50.976,-295.6881
50.978,-295.0249
50.98,-296.18878
50.982,-299.2693
50.984,-303.6932
50.986,-307.834
50.988,-311.03625
50.99,-312.30698
50.992,-311.19797
50.994,-307.4747
50.996,-302.72348
50.998,-298.2619
51.0,-295.18777
51.002,-293.48654
51.004,-293.56186
51.006,-294.6488
51.008,-295.6881
51.01,-295.25275
51.012,-293.5639
51.014,-290.84824
51.016,-287.683
51.018,-284.20343
51.02,-281.51953
51.022,-279.87106
51.024,-279.1776
51.026,-278.69608
51.028,-278.82822
51.03,-279.5098
51.032,-280.67856
51.034,-281.741
51.036,-283.11108
51.038,-284.63666
51.04,-286.18207
51.042,-287.32623
51.044,-288.6813
51.046,-290.33163
51.048,-292.18588
51.05,-293.74066
51.052,-294.9155
51.054,-295.16525
51.056,-294.18716
51.058,-292.08325
51.06,-289.76743
51.062,-287.84894
51.064,-286.68237
51.066,-286.09518
51.068,-285.9983
51.07,-285.69592
51.072,-284.6811
51.074,-282.31613
51.076,-280.15662
51.078,-279.37985
51.08,-280.67856
51.082,-282.59296
51.084,-285.03003
51.086,-286.82727
51.088,-287.1827
51.09,-285.09683
51.092,-282.43765
51.094,-280.67023
51.096,-280.67856
51.098,-281.38245
51.1,-282.1885
51.102,-281.57883
51.104,-278.67728
51.106,-273.16623
51.108,-267.04044
51.11,-261.59372
51.112,-256.66327
51.114,-249.41727
51.116,-236.7318
51.118,-215.09813
51.12,-183.11649
51.122,-142.1418
51.124,-97.68485
51.126,-55.69905
51.128,-20.51305
51.13,7.527374
51.132,30.2043
51.134,51.126244
51.136,72.04583
51.138,90.7737
51.14,98.80009
51.142,85.09027
51.144,39.525143
51.146,-42.298943
51.148,-158.12518
51.15,-297.18735
51.152,-443.282
51.154,-578.3569
51.156,-688.3841
51.158,-764.34576
51.16,-803.51117
51.162,-807.96783
51.164,-784.647
51.166,-741.67725
51.168,-687.4373
51.17,-629.0205
51.172,-573.40857
51.174,-525.1183
51.176,-486.30936
51.178,-456.1511
51.18,-433.1376
51.182,-414.26773
51.184,-396.7524
51.186,-378.4361
51.188,-360.0594
51.19,-343.15662
51.192,-329.70975
51.194,-320.6161
51.196,-316.74295
51.198,-317.09802
51.2,-319.70337
51.202,-321.83585
51.204,-322.36288
51.206,-320.79626
51.208,-317.70212
51.21,-313.91818
51.212,-311.15225
51.214,-310.50693
51.216,-312.1986
51.218,-315.10907
51.22,-318.03717
51.222,-319.7775
51.224,-319.70337
51.226,-317.67606
51.228,-314.96106
51.23,-313.17862
51.232,-313.69955
51.234,-316.38193
51.236,-321.44006
51.238,-327.4483
51.24,-332.71167
51.242,-335.18167
51.244,-335.8314
51.246,-335.18246
51.248,-334.21262
51.25,-333.21307
51.252,-333.97162
51.254,-336.4121
51.256,-339.71613
51.258,-342.11832
51.26,-343.52344
51.262,-343.4128
51.264,-341.71738
51.266,-338.20856
51.268,-334.2572
51.27,-330.5725
51.272,-327.70847
51.274,-325.48764
51.276,-324.70386
51.278,-325.26022
51.28,-326.70782
51.282,-327.7998
51.284,-328.41336
51.286,-327.97388
51.288,-326.20752
51.29,-322.72824
51.292,-318.74063
51.294,-315.0241
51.296,-312.1986
51.298,-309.9987
51.3,-308.94815
51.302,-308.68402
51.304,-308.69638
51.306,-308.02036
51.308,-307.1381
51.31,-306.1485
51.312,-305.19415
51.314,-303.7963
51.316,-302.56595
51.318,-301.41388
51.32,-300.19098
51.322,-298.25955
51.324,-296.42038
51.326,-294.97852
51.328,-294.18716
51.33,-293.56036
51.332,-293.6154
51.334,-294.00055
51.336,-294.18716
51.338,-293.13593
51.34,-291.26352
51.342,-288.66794
51.344,-285.68173
51.346,-282.24533
51.348,-279.5785
51.35,-278.15497
51.352,-278.17697
51.354,-279.0368
51.356,-281.06882
51.358,-283.81543
51.36,-286.68237
51.362,-288.5729
51.364,-289.73834
51.366,-290.07297
51.368,-289.6843
51.37,-288.35236
51.372,-287.14487
51.374,-286.50366
51.376,-286.68237
51.378,-287.2127
51.38,-288.56863
51.382,-290.50638
51.384,-292.6862
51.386,-294.3113
51.388,-295.8615
51.39,-297.4281
51.392,-299.19034
51.394,-300.8313
51.396,-302.9968
51.398,-305.4788
51.4,-307.69574
51.402,-308.367
51.404,-307.36057
51.406,-304.37738
51.408,-299.69064
51.41,-293.72165
51.412,-288.33582
51.414,-284.77686
51.416,-283.68048
51.418,-284.34274
51.42,-286.3201
51.422,-288.204
51.424,-288.68365
51.426,-286.61914
51.428,-282.80334
51.43,-278.23825
51.432,-274.1744
51.434,-271.13635
51.436,-270.0736
51.438,-270.6992
51.44,-272.17316
51.442,-273.0292
51.444,-273.13623
51.446,-272.28754
51.448,-270.67218
51.45,-268.2119
51.452,-265.95718
51.454,-264.2513
51.456,-263.16742
51.458,-262.07425
51.46,-261.38104
51.462,-260.95886
51.464,-260.66583
51.466,-259.84515
51.468,-258.96906
51.47,-257.94852
51.472,-256.66327
51.474,-254.49278
51.476,-252.11417
51.478,-249.7519
51.48,-247.65755
51.482,-245.50381
51.484,-244.09888
51.486,-243.52489
51.488,-243.655
51.49,-243.67062
51.492,-243.88683
51.494,-244.0929
51.496,-244.15532
51.498,-243.55243
51.5,-243.06973
51.502,-243.02492
51.504,-243.655
51.506,-244.50717
51.508,-246.10085
51.51,-248.24995
51.512,-250.65945
51.514,-252.54707
51.516,-254.40634
51.518,-256.3767
51.52,-258.66455
51.522,-260.92
51.524,-263.78534
51.526,-267.15796
51.528,-270.67218
51.53,-273.28473
51.532,-275.1358
51.534,-276.0586
51.536,-276.1757
51.538,-275.37408
51.54,-274.94974
51.542,-275.70493
51.544,-278.17697
51.546,-281.89136
51.548,-287.06412
51.55,-292.98236
51.552,-298.69
51.554,-302.69336
51.556,-305.00742
51.558,-305.56882
51.56,-304.69385
51.562,-302.36194
51.564,-299.85245
51.566,-297.833
51.568,-296.68875
51.57,-295.88226
51.572,-295.81903
51.574,-296.21814
51.576,-296.68875
51.578,-296.25995
51.58,-295.3378
51.582,-294.04678
51.584,-292.6862
51.586,-291.04257
51.588,-290.1056
51.59,-290.16873
51.592,-291.18524
51.594,-292.17352
51.596,-293.25104
51.598,-294.1061
51.6,-294.68747
51.602,-294.69208
51.604,-295.34637
51.606,-297.37848
51.608,-301.19162
51.61,-306.08313
51.612,-311.99722
51.614,-318.0151
51.616,-323.2056
51.618,-326.56802
51.62,-328.57602
51.622,-329.7098
51.624,-330.7104
51.626,-332.08954
51.628,-334.66342
51.63,-338.36288
51.632,-342.71802
51.634,-346.9471
51.636,-350.91495
51.638,-354.23453
51.64,-356.72693
51.642,-358.0532
51.644,-358.99316
51.646,-359.8306
51.648,-360.7295
51.65,-360.7609
51.652,-361.0246
51.654,-361.94034
51.656,-363.73138
51.658,-365.04962
51.66,-366.54218
51.662,-367.99063
51.664,-369.2349
51.666,-369.33273
51.668,-369.33713
51.67,-369.61716
51.672,-370.23553
51.674,-370.05505
51.676,-369.1045
51.678,-366.78082
51.68,-362.73074
51.682,-356.28754
51.684,-348.1748
51.686,-338.06326
51.688,-324.70657
51.69,-305.47516
51.692,-278.91086
51.694,-244.08263
51.696,-202.12859
51.698,-155.95766
51.7,-111.207306
51.702,-72.744736
51.704,-43.52769
51.706,-23.286224
51.708,-10.986604
51.71,-4.9139013
51.712,-5.503501
51.714,-16.17802
51.716,-44.585194
51.718,-98.25446
51.72,-181.61554
51.722,-292.4257
51.724,-422.32498
51.726,-556.4108
51.728,-677.43097
51.73,-769.77374
51.732,-824.88574
51.734,-841.09424
51.736,-823.52386
51.738,-781.19025
51.74,-725.59235
51.742,-666.2618
51.744,-609.888
51.746,-559.61694
51.748,-517.3272
51.75,-482.64377
51.752,-454.289
51.754,-430.14188
51.756,-409.28616
51.758,-390.42944
51.76,-372.73712
51.762,-355.52615
51.764,-339.8387
51.766,-326.37466
51.768,-315.70084
51.77,-307.53824
51.772,-302.19012
51.774,-299.01184
51.776,-297.18906
51.778,-295.64948
51.78,-294.33032
51.782,-292.9417
51.784,-291.18524
51.786,-288.42987
51.788,-284.57565
51.79,-279.57153
51.792,-273.6741
51.794,-267.20477
51.796,-261.11853
51.798,-256.26178
51.8,-253.16106
51.802,-251.46457
51.804,-250.995
51.806,-250.87088
51.808,-250.15913
51.81,-247.61765
51.812,-244.14665
51.814,-240.0889
51.816,-236.15022
51.818,-232.55896
51.82,-231.23726
51.822,-232.19627
51.824,-234.64928
51.826,-236.82184
51.828,-238.34845
51.83,-238.24599
51.832,-236.15022
51.834,-232.04144
51.836,-227.68936
51.838,-224.19171
51.84,-222.14131
51.842,-220.97795
51.844,-220.44649
51.846,-219.33641
51.848,-216.63782
51.85,-211.71898
51.852,-205.79472
51.854,-200.16461
51.856,-196.12477
51.858,-194.0537
51.86,-194.34886
51.862,-196.12346
51.864,-198.12604
51.866,-198.94295
51.868,-198.66167
51.87,-197.4291
51.872,-195.62445
51.874,-193.16092
51.876,-190.6085
51.878,-187.91258
51.88,-185.11777
51.882,-182.21323
51.884,-180.3401
51.886,-180.0272
51.888,-181.11522
51.89,-182.154
51.892,-181.98398
51.894,-179.13281
51.896,-173.11012
51.898,-164.52043
51.9,-156.18341
51.902,-150.8012
51.904,-150.09549
51.906,-153.47777
51.908,-159.3874
51.91,-164.80759
51.912,-167.10631
51.914,-164.85805
51.916,-159.64818
51.918,-154.03036
51.92,-150.59581
51.922,-150.2315
51.924,-152.9208
51.926,-156.77808
51.928,-159.60153
51.93,-159.70291
51.932,-157.9322
51.934,-156.0513
51.936,-156.0993
51.938,-158.81834
51.94,-164.34322
51.942,-171.11066
51.944,-177.11267
51.946,-180.52675
51.948,-181.77925
51.95,-182.09872
51.952,-183.11649
51.954,-185.46262
51.956,-189.5753
51.958,-194.44063
51.96,-198.62636
51.962,-200.70158
51.964,-201.2079
51.966,-201.32483
51.968,-202.6289
51.97,-205.8316
51.972,-211.56952
51.974,-219.01544
51.976,-226.64418
51.978,-232.4686
51.98,-236.06114
51.982,-237.52129
51.984,-237.65118
51.986,-237.0683
51.988,-237.10689
51.99,-238.30373
51.992,-240.65309
51.994,-243.29416
51.996,-246.07843
51.998,-248.50502
52.0,-250.15913
52.002,-250.33636
52.004,-249.44383
52.006,-247.84389
52.008,-246.1566
52.01,-244.70355
52.012,-244.68222
52.014,-246.65706
52.016,-250.65945
52.018,-255.65337
52.02,-261.10483
52.022,-266.03015
52.024,-269.67154
52.026,-271.2717
52.028,-271.56158
52.03,-271.27155
52.032,-271.17252
52.034,-271.3067
52.036,-272.2238
52.038,-273.67914
52.04,-275.17505
52.042,-275.772
52.044,-275.79294
52.046,-275.55853
52.048,-275.67538
52.05,-276.32196
52.052,-278.39984
52.054,-281.8955
52.056,-286.18207
52.058,-289.69144
52.06,-291.812
52.062,-291.83365
52.064,-289.6843
52.066,-285.51965
52.068,-281.06296
52.07,-277.6495
52.072,-276.1757
52.074,-276.32092
52.076,-278.06003
52.078,-280.4798
52.08,-282.67984
52.082,-283.7581
52.084,-284.4064
52.086,-285.30893
52.088,-287.1827
52.09,-289.92395
52.092,-293.77512
52.094,-297.91504
52.096,-301.19162
52.098,-302.1547
52.1,-300.85272
52.102,-297.57703
52.104,-293.18652
52.106,-288.35797
52.108,-284.63376
52.11,-282.5936
52.112,-282.1795
52.114,-282.3747
52.116,-282.95517
52.118,-283.315
52.12,-283.18015
52.122,-282.2469
52.124,-281.5438
52.126,-281.61142
52.128,-282.67984
52.13,-284.08755
52.132,-285.84338
52.134,-287.3505
52.136,-288.18332
52.138,-287.829
52.14,-287.17105
52.142,-286.60953
52.144,-286.18207
52.146,-284.9279
52.148,-282.49988
52.15,-278.03125
52.152,-271.17252
52.154,-262.05743
52.156,-252.6861
52.158,-244.9135
52.16,-240.15277
52.162,-238.33922
52.164,-239.18007
52.166,-241.03534
52.168,-242.15405
52.17,-241.04662
52.172,-238.3001
52.174,-234.90796
52.176,-232.14769
52.178,-230.49835
52.18,-230.64653
52.182,-232.00487
52.184,-233.64864
52.186,-234.56982
52.188,-235.12718
52.19,-235.67223
52.192,-236.65054
52.194,-238.11028
52.196,-240.03908
52.198,-241.63657
52.2,-242.15405
52.202,-241.36365
52.204,-240.11194
52.206,-239.28676
52.208,-239.65245
52.21,-241.19644
52.212,-243.77052
52.214,-246.19093
52.216,-247.15723
52.218,-245.0795
52.22,-241.03185
52.222,-236.26254
52.224,-232.14769
52.226,-228.40794
52.228,-225.9831
52.23,-224.43881
52.232,-223.14195
52.234,-220.91597
52.236,-218.71849
52.238,-217.17131
52.24,-216.63782
52.242,-216.21199
52.244,-215.71281
52.246,-214.41507
52.248,-212.13495
52.25,-208.92598
52.252,-206.2954
52.254,-204.6184
52.256,-202.6289
52.258,-196.72733
52.26,-183.39108
52.262,-159.49614
52.264,-124.579254
52.266,-81.266174
52.268,-35.974304
52.27,4.676346
52.272,36.022915
52.274,57.41248
52.276,70.50388
52.278,78.474915
52.28,82.55251
52.282,80.16493
52.284,63.402042
52.286,22.887953
52.288,-48.530872
52.29,-151.35149
52.292,-278.79007
52.294,-416.24762
52.296,-545.3469
52.298,-648.4607
52.3,-714.59
52.302,-740.3112
52.304,-729.96436
52.306,-692.8062
52.308,-641.04126
52.31,-585.2514
52.312,-532.839
52.314,-487.07306
52.316,-449.13712
52.318,-417.94504
52.32,-391.7492
52.322,-368.56006
52.324,-347.98245
52.326,-329.81778
52.328,-314.1999
52.33,-300.80945
52.332,-290.08765
52.334,-281.735
52.336,-275.17505
52.338,-269.278
52.34,-264.04822
52.342,-259.33228
52.344,-255.16232
52.346,-251.19717
52.348,-247.89957
52.35,-245.36757
52.352,-243.655
52.354,-242.48834
52.356,-242.2231
52.358,-243.11859
52.36,-245.15596
52.362,-247.51715
52.364,-249.4712
52.366,-250.29044
52.368,-249.65883
52.37,-247.5224
52.372,-245.14334
52.374,-243.85876
52.376,-244.65564
52.378,-246.98085
52.38,-250.9079
52.382,-254.9532
52.384,-257.6639
52.386,-257.5798
52.388,-256.24323
52.39,-254.72282
52.392,-254.16168
52.394,-254.63217
52.396,-257.10144
52.398,-260.9428
52.4,-265.1687
52.402,-268.41983
52.404,-271.20053
52.406,-273.81204
52.408,-276.67603
52.41,-279.4612
52.412,-282.5892
52.414,-285.53738
52.416,-287.683
52.418,-288.19965
52.42,-287.8833
52.422,-287.4505
52.424,-287.683
52.426,-288.55435
52.428,-290.53525
52.43,-293.04907
52.432,-295.18777
52.434,-295.6484
52.436,-294.57474
52.438,-292.20255
52.44,-289.18396
52.442,-285.85583
52.444,-283.45593
52.446,-282.40533
52.448,-282.67984
52.45,-283.43512
52.452,-284.7343
52.454,-286.22073
52.456,-287.683
52.458,-288.5729
52.46,-289.55673
52.462,-290.78372
52.464,-292.18588
52.466,-292.89935
52.468,-293.06052
52.47,-292.35263
52.472,-290.68494
52.474,-287.7729
52.476,-284.78253
52.478,-282.43823
52.48,-281.17886
52.482,-280.4276
52.484,-280.301
52.486,-280.2067
52.488,-279.67792
52.49,-278.13785
52.492,-276.57434
52.494,-275.6265
52.496,-275.67538
52.498,-276.0338
52.5,-276.65726
52.502,-276.73822
52.504,-275.67538
52.506,-272.9513
52.508,-269.81088
52.51,-267.285
52.512,-266.1693
52.514,-266.11993
52.516,-267.19086
52.518,-268.4769
52.52,-269.17123
52.522,-268.6033
52.524,-268.01346
52.526,-268.64914
52.528,-271.67282
52.53,-277.09903
52.532,-285.02
52.534,-294.1258
52.536,-302.69257
52.538,-308.79416
52.54,-312.3857
52.542,-313.84662
52.544,-314.1999
52.546,-314.12097
52.548,-314.91174
52.55,-316.55
52.552,-318.20242
52.554,-318.1605
52.556,-315.9524
52.558,-311.26642
52.56,-304.69385
52.562,-297.16196
52.564,-290.98697
52.566,-287.64758
52.568,-287.683
52.57,-290.00143
52.572,-293.55246
52.574,-296.35046
52.576,-296.68875
52.578,-293.34097
52.58,-287.2864
52.582,-279.96912
52.584,-273.17377
52.586,-267.89282
52.588,-265.3059
52.59,-265.09494
52.592,-266.1693
52.594,-266.75198
52.596,-266.38794
52.598,-264.76126
52.6,-262.16678
52.602,-258.82306
52.604,-256.0247
52.606,-254.28833
52.608,-253.66136
52.61,-253.30827
52.612,-253.23958
52.614,-252.96913
52.616,-252.16042
52.618,-250.23186
52.62,-247.98596
52.622,-245.82881
52.624,-244.15532
52.626,-242.73148
52.628,-242.31873
52.63,-242.88417
52.632,-244.15532
52.634,-245.19588
52.636,-246.19151
52.638,-246.77954
52.64,-246.6569
52.642,-245.14903
52.644,-242.92679
52.646,-240.28996
52.648,-237.65118
52.65,-234.99205
52.652,-233.35245
52.654,-233.0662
52.656,-234.14896
52.658,-235.81029
52.66,-238.09164
52.662,-240.38951
52.664,-242.15405
52.666,-242.62529
52.668,-242.45436
52.67,-242.10399
52.672,-242.15405
52.674,-242.6291
52.676,-244.3273
52.678,-247.16411
52.68,-250.65945
52.682,-253.64317
52.684,-256.06897
52.686,-257.6951
52.688,-258.66455
52.69,-258.9849
52.692,-259.87262
52.694,-261.8995
52.696,-265.1687
52.698,-268.7289
52.7,-272.29147
52.702,-274.98444
52.704,-276.1757
52.706,-275.2627
52.708,-273.30997
52.71,-271.29706
52.712,-270.17188
52.714,-269.94907
52.716,-271.108
52.718,-273.02585
52.72,-274.67474
52.722,-274.4964
52.724,-272.4499
52.726,-268.624
52.728,-263.66772
52.73,-258.0313
52.732,-253.30106
52.734,-250.26666
52.736,-249.15851
52.738,-249.10002
52.74,-250.02632
52.742,-251.34946
52.744,-252.66074
52.746,-253.29887
52.748,-254.08092
52.75,-255.44484
52.752,-257.6639
52.754,-260.16296
52.756,-263.12634
52.758,-266.09677
52.76,-268.67093
52.762,-270.3788
52.764,-271.81763
52.766,-273.32242
52.768,-275.17505
52.77,-277.24805
52.772,-279.72833
52.774,-282.18835
52.776,-284.1808
52.778,-285.26764
52.78,-286.05658
52.782,-287.022
52.784,-288.68365
52.786,-290.68872
52.788,-293.91635
52.79,-298.27182
52.792,-303.19287
52.794,-306.59818
52.796,-308.83023
52.798,-309.9856
52.8,-310.69766
52.802,-310.7314
52.804,-312.04614
52.806,-315.4036
52.808,-320.704
52.81,-326.0391
52.812,-330.85504
52.814,-334.26617
52.816,-336.2139
52.818,-336.78958
52.82,-337.94446
52.822,-340.49557
52.824,-343.71866
52.826,-344.37048
52.828,-339.33337
52.83,-325.16492
52.832,-300.19098
52.834,-264.8973
52.836,-223.70491
52.838,-181.87279
52.84,-144.09166
52.842,-112.31372
52.844,-87.18845
52.846,-67.19688
52.848,-51.032463
52.85,-38.924305
52.852,-35.448082
52.854,-47.148926
52.856,-81.05156
52.858,-141.44672
52.86,-229.46895
52.862,-340.3033
52.864,-464.29538
52.866,-588.3353
52.868,-700.3097
52.87,-789.75287
52.872,-850.0408
52.874,-878.44104
52.876,-877.67957
52.878,-853.036
52.88,-811.51624
52.882,-759.8755
52.884,-705.4013
52.886,-653.19904
52.888,-606.38574
52.89,-565.5796
52.892,-531.2895
52.894,-502.5933
52.896,-478.3043
52.898,-456.8346
52.9,-438.24155
52.902,-422.26755
52.904,-408.76004
52.906,-396.97357
52.908,-387.3789
52.91,-379.73856
52.912,-373.73776
52.914,-368.51428
52.916,-364.4222
52.918,-361.2521
52.92,-358.7282
52.922,-356.09305
52.924,-353.47263
52.926,-350.7174
52.928,-347.7212
52.93,-344.07687
52.932,-340.1716
52.934,-336.38422
52.936,-333.21198
52.938,-330.7813
52.94,-329.75586
52.942,-330.3028
52.944,-332.21133
52.946,-334.36053
52.948,-336.8338
52.95,-339.0395
52.952,-340.71674
52.954,-341.2994
52.956,-342.53305
52.958,-344.62537
52.96,-347.2209
52.962,-348.74023
52.964,-349.2311
52.966,-347.47632
52.968,-342.71802
52.97,-334.58514
52.972,-325.25098
52.974,-316.443
52.976,-309.69702
52.978,-305.33417
52.98,-303.9908
52.982,-304.61734
52.984,-305.69446
52.986,-305.4544
52.988,-303.9221
52.99,-301.16425
52.992,-297.6894
52.994,-293.68018
52.996,-290.15686
52.998,-287.11026
53.0,-284.1808
53.002,-280.53247
53.004,-276.53653
53.006,-272.20023
53.008,-267.6703
53.01,-262.733
53.012,-258.14383
53.014,-253.96315
53.016,-250.15913
53.018,-246.32692
53.02,-243.15564
53.022,-240.77336
53.024,-239.15215
53.026,-237.6088
53.028,-236.25896
53.03,-234.48206
53.032,-231.64737
53.034,-226.93234
53.036,-221.02744
53.038,-214.48357
53.04,-208.1324
53.042,-202.40775
53.044,-198.62828
53.046,-197.01099
53.048,-197.1254
53.05,-197.57104
53.052,-197.84807
53.054,-197.02338
53.056,-194.62381
53.058,-190.3865
53.06,-185.66191
53.062,-181.47577
53.064,-178.61363
53.066,-176.89285
53.068,-176.55692
53.07,-176.89493
53.072,-177.11267
53.074,-176.28436
53.076,-175.01424
53.078,-173.77533
53.08,-173.11012
53.082,-172.90088
53.084,-173.65828
53.086,-175.04915
53.088,-176.61235
53.09,-177.62654
53.092,-178.70685
53.094,-180.24469
53.096,-182.61618
53.098,-185.49898
53.1,-189.1897
53.102,-193.23854
53.104,-197.1254
53.106,-200.10167
53.108,-202.71024
53.11,-205.28654
53.112,-208.1324
53.114,-210.84857
53.116,-213.68701
53.118,-216.24873
53.12,-218.13878
53.122,-218.76564
53.124,-218.82521
53.126,-218.81393
53.128,-219.1394
53.13,-219.42114
53.132,-219.87332
53.134,-220.07918
53.136,-219.63972
53.138,-217.96739
53.14,-215.8982
53.142,-214.19647
53.144,-213.63591
53.146,-214.17775
53.148,-216.24507
53.15,-219.34824
53.152,-222.64163
53.154,-224.74484
53.156,-225.66551
53.158,-225.57785
53.16,-225.14323
53.162,-224.72519
53.164,-225.59003
53.166,-228.15152
53.168,-232.14769
53.17,-236.18022
53.172,-239.645
53.174,-241.73088
53.176,-242.15405
53.178,-240.7471
53.18,-238.99788
53.182,-238.16116
53.184,-239.15215
53.186,-241.58948
53.188,-245.51355
53.19,-250.0305
53.192,-254.16168
53.194,-256.69556
53.196,-258.2425
53.198,-259.56464
53.2,-261.66647
53.202,-264.7406
53.204,-269.60373
53.206,-275.8993
53.208,-282.67984
53.21,-288.20544
53.212,-292.18463
53.214,-294.49075
53.216,-295.6881
53.218,-296.26108
53.22,-297.96368
53.222,-301.7198
53.224,-307.69574
53.226,-314.65503
53.228,-321.91788
53.23,-328.23727
53.232,-332.71167
53.234,-334.52994
53.236,-334.7786
53.238,-334.5087
53.24,-334.71292
53.242,-335.3404
53.244,-336.98666
53.246,-339.38913
53.248,-342.2177
53.25,-344.79205
53.252,-348.001
53.254,-352.3924
53.256,-358.2279
53.258,-364.55377
53.26,-371.0079
53.262,-376.4079
53.264,-379.74158
53.266,-380.0598
53.268,-378.4519
53.27,-376.10873
53.272,-374.23807
53.274,-372.93283
53.276,-372.71503
53.278,-372.94373
53.28,-372.73712
53.282,-370.8913
53.284,-368.0588
53.286,-364.90634
53.288,-362.23044
53.29,-359.89993
53.292,-358.52823
53.294,-357.67957
53.296,-356.72693
53.298,-354.66614
53.3,-352.31427
53.302,-350.38742
53.304,-349.72247
53.306,-350.2773
53.308,-352.76053
53.31,-356.7037
53.312,-361.2298
53.314,-364.8491
53.316,-367.6118
53.318,-369.3581
53.32,-370.23553
53.322,-370.10693
53.324,-369.83456
53.326,-369.5527
53.328,-369.2349
53.33,-368.60446
53.332,-368.02472
53.334,-367.31158
53.336,-366.23297
53.338,-364.49377
53.34,-362.38324
53.342,-359.78262
53.344,-356.72693
53.346,-353.23416
53.348,-350.45816
53.35,-349.00024
53.352,-349.22217
53.354,-350.18555
53.356,-352.681
53.358,-356.41467
53.36,-360.7295
53.362,-363.46823
53.364,-364.88712
53.366,-364.7257
53.368,-363.23108
53.37,-360.14084
53.372,-357.34903
53.374,-355.6912
53.376,-355.22598
53.378,-354.33807
53.38,-352.48584
53.382,-348.56372
53.384,-342.2177
53.386,-333.38885
53.388,-323.92944
53.39,-314.49188
53.392,-304.1935
53.394,-289.7871
53.396,-268.44562
53.398,-237.37532
53.4,-196.12477
53.402,-146.83342
53.404,-95.492004
53.406,-47.995235
53.408,-8.505411
53.41,22.400476
53.412,45.411552
53.414,62.29965
53.416,72.54615
53.418,72.08367
53.42,51.83226
53.422,2.5465436
53.424,-81.55188
53.426,-198.5194
53.428,-339.06555
53.43,-486.35147
53.432,-620.89496
53.434,-725.30646
53.436,-790.2899
53.438,-814.4042
53.44,-803.51117
53.442,-767.19617
53.444,-717.08624
53.446,-662.2914
53.448,-608.8873
53.45,-559.6307
53.452,-516.64056
53.454,-480.30228
53.456,-450.28647
53.458,-425.1445
53.46,-404.23856
53.462,-386.14462
53.464,-369.7352
53.466,-354.06924
53.468,-340.2149
53.47,-328.95435
53.472,-320.704
53.474,-314.54736
53.476,-309.9291
53.478,-305.4589
53.48,-300.19098
53.482,-293.7401
53.484,-287.73386
53.486,-283.83292
53.488,-283.18015
53.49,-285.31656
53.492,-289.09485
53.494,-292.49823
53.496,-293.68683
53.498,-291.5079
53.5,-286.7145
53.502,-281.20584
53.504,-277.17633
53.506,-275.69232
53.508,-277.2569
53.51,-280.8447
53.512,-284.6811
53.514,-286.3201
53.516,-285.80618
53.518,-283.14822
53.52,-279.1776
53.522,-274.3683
53.524,-271.17657
53.526,-270.16974
53.528,-271.17252
53.53,-272.89197
53.532,-275.6522
53.534,-278.7916
53.536,-281.6792
53.538,-283.1973
53.54,-283.82953
53.542,-283.46216
53.544,-282.1795
53.546,-279.78677
53.548,-277.59564
53.55,-276.26483
53.552,-276.1757
53.554,-276.78348
53.556,-278.38818
53.558,-280.51093
53.56,-282.67984
53.562,-284.11438
53.564,-285.4694
53.566,-286.96414
53.568,-288.68365
53.57,-289.9152
53.572,-290.8816
53.574,-291.21146
53.576,-290.68494
53.578,-288.89545
53.58,-286.98734
53.582,-285.72305
53.584,-285.68173
53.586,-286.46573
53.588,-288.31033
53.59,-290.50702
53.592,-292.18588
53.594,-292.13107
53.596,-290.78262
53.598,-288.55643
53.6,-286.18207
53.602,-283.8837
53.604,-282.782
53.606,-283.0064
53.608,-284.1808
53.61,-285.09708
53.612,-285.66354
53.614,-285.52377
53.616,-284.6811
53.618,-282.96716
53.62,-281.52325
53.622,-280.86987
53.624,-281.17886
53.626,-281.70215
53.628,-282.55594
53.63,-283.2968
53.632,-283.68048
53.634,-283.33493
53.636,-283.32928
53.638,-284.31516
53.64,-286.68237
53.642,-289.8396
53.644,-293.74768
53.646,-297.5041
53.648,-300.19098
53.65,-300.78946
53.652,-299.9748
53.654,-298.45605
53.656,-297.18906
53.658,-296.5347
53.66,-297.49002
53.662,-299.9305
53.664,-303.19287
53.666,-305.90186
53.668,-307.8418
53.67,-308.61258
53.672,-308.19608
53.674,-306.42245
53.676,-304.33362
53.678,-302.36356
53.68,-300.69128
53.682,-298.77963
53.684,-296.9913
53.686,-295.1551
53.688,-293.18652
53.69,-290.73828
53.692,-288.63516
53.694,-287.22195
53.696,-286.68237
53.698,-286.51422
53.7,-286.91373
53.702,-287.34604
53.704,-287.1827
53.706,-285.51645
53.708,-282.70248
53.71,-278.94122
53.712,-274.67474
53.714,-270.02686
53.716,-266.0611
53.718,-263.1081
53.72,-261.16614
53.722,-259.53345
53.724,-258.36606
53.726,-257.32068
53.728,-256.16296
53.73,-254.4127
53.732,-252.78456
53.734,-251.50139
53.736,-250.65945
53.738,-249.73938
53.74,-249.12564
53.742,-248.63884
53.744,-248.15787
53.746,-247.25377
53.748,-246.70059
53.75,-246.69072
53.752,-247.15723
53.754,-247.24864
53.756,-246.94923
53.758,-245.69121
53.76,-243.15468
53.762,-239.02725
53.764,-234.45609
53.766,-230.17714
53.768,-226.64418
53.77,-223.37695
53.772,-220.4595
53.774,-217.31538
53.776,-213.63591
53.778,-209.29854
53.78,-205.75337
53.782,-204.1293
53.784,-205.1305
53.786,-208.1897
53.788,-212.8141
53.79,-217.45589
53.792,-220.64037
53.794,-221.18713
53.796,-219.88107
53.798,-217.78578
53.8,-216.1375
53.802,-215.3411
53.804,-216.03404
53.806,-217.72263
53.808,-219.63972
53.81,-220.82999
53.812,-221.85521
53.814,-223.26424
53.816,-225.64354
53.818,-228.74132
53.82,-232.65984
53.822,-236.49284
53.824,-239.15215
53.826,-239.4121
53.828,-237.7399
53.83,-234.81372
53.832,-231.64737
53.834,-228.69133
53.836,-226.92744
53.838,-226.26974
53.84,-226.14386
53.842,-225.35362
53.844,-223.92221
53.846,-221.77364
53.848,-219.1394
53.85,-215.93703
53.852,-213.08694
53.854,-210.93501
53.856,-209.63336
53.858,-208.72672
53.86,-208.64789
53.862,-209.33963
53.864,-210.634
53.866,-211.82788
53.868,-213.12042
53.87,-214.38545
53.872,-215.63718
53.874,-216.61531
53.876,-218.0813
53.878,-220.27414
53.88,-223.14195
53.882,-225.97168
53.884,-228.63316
53.886,-230.70738
53.888,-232.14769
53.89,-233.2532
53.892,-235.1097
53.894,-238.36931
53.896,-243.15468
53.898,-248.76886
53.9,-254.32985
53.902,-258.4556
53.904,-260.1655
53.906,-259.09305
53.908,-256.61124
53.91,-254.3029
53.912,-253.66136
53.914,-254.64798
53.916,-258.0453
53.918,-263.2644
53.92,-269.17123
53.922,-273.3829
53.924,-275.94858
53.926,-276.8806
53.928,-276.67603
53.93,-275.06693
53.932,-273.31897
53.934,-271.7393
53.936,-270.17188
53.938,-267.4761
53.94,-263.96948
53.942,-259.93686
53.944,-256.16296
53.946,-252.98705
53.948,-251.48926
53.95,-251.09917
53.952,-249.65883
53.954,-243.2052
53.956,-228.78304
53.958,-204.38475
53.96,-170.60854
53.962,-130.40251
53.964,-89.769
53.966,-54.282227
53.968,-27.517506
53.97,-9.465032
53.972,1.2436099
53.974,6.940783
53.976,8.005093
53.978,1.7545694
53.98,-19.063818
53.982,-62.34884
53.984,-133.58498
53.986,-232.06494
53.988,-351.23785
53.99,-478.09055
53.992,-596.8797
53.994,-692.74084
53.996,-756.8886
53.998,-786.5704
54.0,-784.9994
54.002,-758.73193
54.004,-716.84546
54.006,-667.20056
54.008,-615.8918
54.01,-566.60187
54.012,-522.6738
54.014,-485.73355
54.016,-456.29028
54.018,-433.21924
54.02,-415.58206
54.022,-401.39197
54.024,-388.7473
54.026,-375.96313
54.028,-363.46573
54.03,-352.03543
54.032,-342.71802
54.034,-335.7364
54.036,-331.64713
54.038,-329.8176
54.04,-329.20944
54.042,-328.4239
54.044,-327.42615
54.046,-326.36444
54.048,-325.7072
54.05,-325.54825
54.052,-326.3921
54.054,-328.23297
54.056,-330.7104
54.058,-332.8478
54.06,-334.2904
54.062,-334.76
54.064,-334.21262
54.066,-332.3399
54.068,-329.7916
54.07,-326.9607
54.072,-324.20624
54.074,-321.12674
54.076,-318.78973
54.078,-317.078
54.08,-315.70084
54.082,-313.64594
54.084,-311.9283
54.086,-310.34628
54.088,-308.69638
54.09,-306.29178
54.092,-304.14313
54.094,-302.19586
54.096,-300.19098
54.098,-297.26474
54.1,-293.903
54.102,-290.00046
54.104,-285.68173
54.106,-280.8933
54.108,-276.91742
54.11,-274.28702
54.112,-273.17377
54.114,-272.8919
54.116,-273.54907
54.118,-274.59805
54.12,-275.67538
54.122,-276.39346
54.124,-277.78726
54.126,-280.44608
54.128,-284.6811
54.13,-289.83423
54.132,-295.62958
54.134,-300.73923
54.136,-303.6932
54.138,-302.94525
54.14,-298.74524
54.142,-291.6091
54.144,-282.67984
54.146,-272.94315
54.148,-264.25204
54.15,-257.32825
54.152,-252.16042
54.154,-247.74216
54.156,-243.839
54.158,-239.75829
54.16,-235.1496
54.162,-229.72864
54.164,-224.5584
54.166,-220.24103
54.168,-217.13814
54.17,-214.83287
54.172,-213.50964
54.174,-212.6183
54.176,-211.63463
54.178,-209.92767
54.18,-208.21814
54.182,-206.9724
54.184,-206.63145
54.186,-206.96289
54.188,-208.23529
54.19,-209.77219
54.192,-210.634
54.194,-209.60962
54.196,-206.86641
54.198,-202.73833
54.2,-198.12604
54.202,-193.85797
54.204,-191.5715
54.206,-191.8894
54.208,-194.62381
54.21,-198.42863
54.212,-202.48726
54.214,-205.50592
54.216,-206.63145
54.218,-205.31522
54.22,-202.7167
54.222,-199.848
54.224,-197.62572
54.226,-196.10498
54.228,-195.69966
54.23,-195.81296
54.232,-195.62445
54.234,-194.10597
54.236,-191.61441
54.238,-188.55621
54.24,-185.61809
54.242,-183.08359
54.244,-181.84995
54.246,-181.97156
54.248,-183.11649
54.25,-184.39307
54.252,-185.82709
54.254,-187.2381
54.256,-188.62
54.258,-189.6451
54.26,-190.81732
54.262,-192.07062
54.264,-193.12286
54.266,-193.17953
54.268,-192.39189
54.27,-190.76476
54.272,-188.62
54.274,-186.15582
54.276,-184.60645
54.278,-184.66838
54.28,-186.61871
54.282,-189.76598
54.284,-193.86978
54.286,-198.08214
54.288,-201.62827
54.29,-203.62738
54.292,-204.58084
54.294,-204.92432
54.296,-205.1305
54.298,-205.00739
54.3,-205.04208
54.302,-205.1224
54.304,-205.1305
54.306,-204.66475
54.308,-204.5152
54.31,-205.11449
54.312,-206.63145
54.314,-208.30972
54.316,-209.99312
54.318,-211.04704
54.32,-211.13431
54.322,-210.03497
54.324,-209.0544
54.326,-209.32748
54.328,-211.63463
54.33,-215.5104
54.332,-220.57138
54.334,-225.53152
54.336,-229.14577
54.338,-230.32835
54.34,-229.80986
54.342,-228.65996
54.344,-228.14514
54.346,-228.72221
54.348,-231.07155
54.35,-234.80324
54.352,-239.15215
54.354,-242.99565
54.356,-246.51512
54.358,-249.94073
54.36,-253.66136
54.362,-257.4407
54.364,-261.59946
54.366,-265.70853
54.368,-269.17123
54.37,-271.09464
54.372,-271.93887
54.374,-272.21396
54.376,-272.67346
54.378,-273.57135
54.38,-275.74832
54.382,-279.13837
54.384,-283.18015
54.386,-286.59763
54.388,-289.09378
54.39,-290.28027
54.392,-290.1846
54.394,-288.75906
54.396,-287.1041
54.398,-285.82654
54.4,-285.18143
54.402,-284.5234
54.404,-283.89096
54.406,-282.85458
54.408,-281.17886
54.41,-278.52695
54.412,-275.8168
54.414,-273.60617
54.416,-272.17316
54.418,-270.8899
54.42,-269.71335
54.422,-268.07224
54.424,-265.669
54.426,-262.33316
54.428,-259.41672
54.43,-258.07718
54.432,-259.16486
54.434,-262.35434
54.436,-267.33853
54.438,-272.66476
54.44,-276.67603
54.442,-277.80453
54.444,-276.11618
54.446,-272.16983
54.448,-267.16995
54.45,-262.36087
54.452,-259.1078
54.454,-257.68262
54.456,-257.6639
54.458,-258.2255
54.46,-258.95963
54.462,-259.4294
54.464,-259.6652
54.466,-260.00894
54.468,-261.418
54.47,-264.20407
54.472,-268.1706
54.474,-271.9738
54.476,-275.52118
54.478,-278.1239
54.48,-279.1776
54.482,-277.16232
54.484,-273.1247
54.486,-267.89664
54.488,-262.66708
54.49,-257.69788
54.492,-254.73451
54.494,-254.1067
54.496,-255.16232
54.498,-255.77171
54.5,-255.02386
54.502,-252.06279
54.504,-247.15723
54.506,-241.07576
54.508,-235.95631
54.51,-232.4317
54.512,-229.14577
54.514,-222.27002
54.516,-208.04758
54.518,-183.27003
54.52,-147.59389
54.522,-103.93718
54.524,-58.97643
54.526,-19.369112
54.528,10.506684
54.53,30.660107
54.532,43.961388
54.534,55.24923
54.536,67.54297
54.538,79.58108
54.54,83.809235
54.542,69.56349
54.544,26.516869
54.546,-50.667957
54.548,-160.58728
54.55,-293.35303
54.552,-433.27563
54.554,-562.52673
54.556,-666.61206
54.558,-736.06213
54.56,-767.9886
54.562,-765.02246
54.564,-734.70184
54.566,-685.89435
54.568,-627.3991
54.57,-566.38824
54.572,-508.9433
54.574,-458.48776
54.576,-416.2648
54.578,-381.35162
54.58,-352.5132
54.582,-327.69153
54.584,-305.19415
54.586,-283.85513
54.588,-264.30505
54.59,-247.31906
54.592,-233.64864
54.594,-223.19269
54.596,-215.96417
54.598,-211.00186
54.6,-207.13177
54.602,-203.09741
54.604,-198.79602
54.606,-194.33981
54.608,-190.12094
54.61,-186.3292
54.612,-183.3233
54.614,-181.14867
54.616,-179.61426
54.618,-178.2207
54.62,-176.77359
54.622,-175.31796
54.624,-174.11076
54.626,-173.26169
54.628,-173.1364
54.63,-173.83281
54.632,-175.1114
54.634,-175.93558
54.636,-176.28822
54.638,-175.57425
54.64,-173.61044
54.642,-170.18127
54.644,-167.2971
54.646,-165.79329
54.648,-166.10567
54.65,-167.6067
54.652,-170.69456
54.654,-174.38948
54.656,-177.61299
54.658,-179.19104
54.66,-179.69237
54.662,-179.48569
54.664,-179.11395
54.666,-178.64305
54.668,-178.78847
54.67,-179.4042
54.672,-180.11458
54.674,-180.20961
54.676,-180.00941
54.678,-179.60437
54.68,-179.11395
54.682,-178.19673
54.684,-177.18932
54.686,-175.99492
54.688,-174.61108
54.69,-172.89774
54.692,-171.79417
54.694,-171.92033
54.696,-173.61044
54.698,-176.2741
54.7,-179.6321
54.702,-182.72484
54.704,-184.61745
54.706,-184.33762
54.708,-182.37677
54.71,-179.36539
54.712,-176.11203
54.714,-172.84775
54.716,-170.3648
54.718,-168.79356
54.72,-168.10695
54.722,-167.86809
54.724,-168.63428
54.726,-170.5805
54.728,-173.61044
54.73,-176.76662
54.732,-179.63898
54.734,-181.41888
54.736,-181.61554
54.738,-179.88834
54.74,-177.46341
54.742,-175.53294
54.744,-175.1114
54.746,-176.14922
54.748,-178.817
54.75,-182.40575
54.752,-186.11841
54.754,-189.04266
54.756,-191.76642
54.758,-194.91827
54.76,-199.12668
54.762,-204.16084
54.764,-210.1797
54.766,-216.56561
54.768,-222.64163
54.77,-227.59732
54.772,-232.03491
54.774,-236.54172
54.776,-241.65373
54.778,-247.02296
54.78,-252.66095
54.782,-257.80927
54.784,-261.66647
54.786,-263.33795
54.788,-263.49194
54.79,-262.9444
54.792,-262.66708
54.794,-262.90103
54.796,-264.2997
54.798,-266.5954
54.8,-269.17123
54.802,-270.95383
54.804,-272.1039
54.806,-272.84518
54.808,-273.6741
54.81,-274.64185
54.812,-276.46948
54.814,-279.1233
54.816,-282.1795
54.818,-284.54715
54.82,-286.1456
54.822,-286.80164
54.824,-286.68237
54.826,-285.772
54.828,-285.0524
54.83,-284.98804
54.832,-285.68173
54.834,-286.36157
54.836,-286.9589
54.838,-286.99445
54.84,-286.18207
54.842,-284.09964
54.844,-281.68402
54.846,-279.664
54.848,-278.67728
54.85,-278.5207
54.852,-279.61514
54.854,-281.5476
54.856,-283.68048
54.858,-284.90845
54.86,-285.49463
54.862,-285.6072
54.864,-285.68173
54.866,-285.69257
54.868,-286.53732
54.87,-288.20264
54.872,-290.1846
54.874,-291.15753
54.876,-290.92233
54.878,-289.17
54.88,-286.18207
54.882,-282.3205
54.884,-279.31805
54.886,-278.1766
54.888,-279.1776
54.89,-281.23148
54.892,-283.64026
54.894,-285.0722
54.896,-284.6811
54.898,-282.1055
54.9,-278.94223
54.902,-276.7232
54.904,-276.67603
54.906,-278.6921
54.908,-282.6774
54.91,-287.30865
54.912,-291.18524
54.914,-293.0367
54.916,-293.59485
54.918,-293.79514
54.92,-294.68747
54.922,-296.3506
54.924,-299.12323
54.926,-302.11475
54.928,-304.1935
54.93,-304.13818
54.932,-302.54907
54.934,-300.2208
54.936,-298.1897
54.938,-296.72446
54.94,-296.4978
54.942,-296.9676
54.944,-297.18906
54.946,-295.85028
54.948,-293.24655
54.95,-289.77103
54.952,-286.18207
54.954,-282.73358
54.956,-280.37238
54.958,-278.92517
54.96,-277.67664
54.962,-275.2175
54.964,-271.3814
54.966,-265.93295
54.968,-259.16486
54.97,-251.36517
54.972,-244.1296
54.974,-238.49348
54.976,-235.1496
54.978,-233.84837
54.98,-234.91676
54.982,-237.78369
54.984,-241.65373
54.986,-245.30319
54.988,-248.68716
54.99,-251.50842
54.992,-253.66136
54.994,-254.81042
54.996,-255.51813
54.998,-255.81102
55.0,-255.66264
55.002,-254.92426
55.004,-254.04114
55.006,-253.08083
55.008,-252.16042
55.01,-251.42911
55.012,-251.39935
55.014,-252.0445
55.016,-253.16106
55.018,-254.33948
55.02,-255.67625
55.022,-256.86612
55.024,-257.6639
55.026,-257.30902
55.028,-256.7651
55.03,-256.47653
55.032,-256.66327
55.034,-255.97264
55.036,-255.12228
55.038,-254.12169
55.04,-253.16106
55.042,-251.5139
55.044,-250.58769
55.046,-250.84695
55.048,-252.16042
55.05,-252.9036
55.052,-252.64615
55.054,-250.59238
55.056,-246.6569
55.058,-240.94948
55.06,-235.24516
55.062,-230.33665
55.064,-225.64354
55.066,-218.35182
55.068,-205.75406
55.07,-184.91312
55.072,-154.59834
55.074,-115.6502
55.076,-72.44769
55.078,-29.977251
55.08,7.504774
55.082,38.38895
55.084,62.254383
55.086,80.41963
55.088,93.55952
55.09,100.43151
55.092,95.56068
55.094,71.76622
55.096,22.014004
55.098,-57.24964
55.1,-165.51997
55.102,-295.847
55.104,-436.27756
55.106,-571.7615
55.108,-688.82104
55.11,-776.69196
55.112,-829.5277
55.114,-846.33984
55.116,-831.8952
55.118,-793.5662
55.12,-739.97076
55.122,-678.83344
55.124,-617.5262
55.126,-560.92004
55.128,-511.8256
55.13,-470.80014
55.132,-438.2126
55.134,-413.05875
55.136,-393.7505
55.138,-377.92535
55.14,-364.408
55.142,-351.99985
55.144,-340.21643
55.146,-328.88715
55.148,-319.47195
55.15,-313.06406
55.152,-310.19733
55.154,-309.9922
55.156,-311.53583
55.158,-313.10635
55.16,-313.19925
55.162,-310.8061
55.164,-306.65225
55.166,-302.23373
55.168,-299.19034
55.17,-298.19592
55.172,-299.2471
55.174,-301.38693
55.176,-303.19287
55.178,-303.10083
55.18,-300.89618
55.182,-297.28973
55.184,-293.68683
55.186,-290.95245
55.188,-290.7645
55.19,-293.13303
55.192,-297.18906
55.194,-300.829
55.196,-304.0307
55.198,-305.80118
55.2,-305.69446
55.202,-303.2599
55.204,-300.4422
55.206,-298.0803
55.208,-296.68875
55.21,-295.81702
55.212,-296.03403
55.214,-296.74142
55.216,-297.18906
55.218,-296.32394
55.22,-294.65823
55.222,-292.4443
55.224,-290.1846
55.226,-288.01855
55.228,-286.98325
55.23,-287.162
55.232,-288.18332
55.234,-288.95474
55.236,-289.33368
55.238,-288.80978
55.24,-287.1827
55.242,-284.21906
55.244,-281.03488
55.246,-278.33035
55.248,-276.67603
55.25,-275.92984
55.252,-276.55386
55.254,-278.07297
55.256,-279.67792
55.258,-280.03714
55.26,-279.02005
55.262,-276.34494
55.264,-272.17316
55.266,-266.63794
55.268,-261.1061
55.27,-256.32797
55.272,-252.66074
55.274,-249.52162
55.276,-246.9764
55.278,-244.37833
55.28,-241.15341
55.282,-236.58661
55.284,-231.45935
55.286,-226.29636
55.288,-221.641
55.29,-217.3688
55.292,-214.1179
55.294,-211.67644
55.296,-209.63336
55.298,-207.14479
55.3,-204.6667
55.302,-202.3842
55.304,-200.62762
55.306,-199.27638
55.308,-199.07913
55.31,-199.98271
55.312,-201.62827
55.314,-203.05533
55.316,-204.34406
55.318,-205.22386
55.32,-205.63081
55.322,-205.27487
55.324,-205.02835
55.326,-205.24686
55.328,-206.13113
55.33,-207.25485
55.332,-209.02332
55.334,-211.23409
55.336,-213.63591
55.338,-215.60493
55.34,-217.62862
55.342,-219.78316
55.344,-222.14131
55.346,-224.31628
55.348,-226.78706
55.35,-229.4554
55.352,-232.14769
55.354,-234.31631
55.356,-236.41064
55.358,-238.50208
55.36,-240.65309
55.362,-242.47536
55.364,-244.36838
55.366,-246.18037
55.368,-247.65755
55.37,-248.14462
55.372,-247.9173
55.374,-246.92316
55.376,-245.15596
55.378,-242.26506
55.38,-238.84212
55.382,-235.17923
55.384,-231.64737
55.386,-228.26395
55.388,-225.90012
55.39,-224.86621
55.392,-225.14323
55.394,-225.92809
55.396,-227.10179
55.398,-228.12823
55.4,-228.64546
55.402,-228.1613
55.404,-227.41109
55.406,-226.82448
55.408,-226.64418
55.41,-226.28674
55.412,-225.81459
55.414,-224.73029
55.416,-222.64163
55.418,-219.02254
55.42,-214.7927
55.422,-210.74126
55.424,-207.63208
55.426,-205.40677
55.428,-204.59915
55.43,-204.87059
55.432,-205.63081
55.434,-205.8218
55.436,-205.72572
55.438,-205.52461
55.44,-205.63081
55.442,-205.98158
55.444,-207.3975
55.446,-209.89795
55.448,-213.13559
55.45,-216.0606
55.452,-218.73706
55.454,-221.0272
55.456,-223.14195
55.458,-225.07178
55.46,-227.95753
55.462,-232.20053
55.464,-237.65118
55.466,-243.07655
55.468,-248.00471
55.47,-251.62827
55.472,-253.66136
55.474,-254.03096
55.476,-254.36818
55.478,-255.9788
55.48,-259.6652
55.482,-264.77448
55.484,-270.9009
55.486,-276.7384
55.488,-281.17886
55.49,-283.3179
55.492,-284.3034
55.494,-285.38666
55.496,-287.683
55.498,-290.99936
55.5,-295.31396
55.502,-299.46115
55.504,-302.19223
55.506,-302.26007
55.508,-300.4647
55.51,-297.8804
55.512,-295.6881
55.514,-293.97852
55.516,-293.18988
55.518,-292.68518
55.52,-291.68555
55.522,-289.27087
55.524,-286.40033
55.526,-284.16803
55.528,-283.68048
55.53,-284.89957
55.532,-288.0621
55.534,-292.22568
55.536,-296.18842
55.538,-298.52075
55.54,-299.68585
55.542,-300.40402
55.544,-301.69193
55.546,-303.84427
55.548,-307.57098
55.55,-312.46262
55.552,-317.70212
55.554,-322.15405
55.556,-325.80246
55.558,-328.59256
55.56,-330.7104
55.562,-332.12775
55.564,-333.37912
55.566,-334.4306
55.568,-335.21326
55.57,-335.5291
55.572,-336.18918
55.574,-337.64865
55.576,-340.21643
55.578,-343.25302
55.58,-347.21915
55.582,-351.73688
55.584,-356.22662
55.586,-358.87656
55.588,-360.4533
55.59,-361.26596
55.592,-361.73013
55.594,-360.91187
55.596,-359.901
55.598,-358.8336
55.6,-357.72757
55.602,-355.7094
55.604,-353.8136
55.606,-352.5312
55.608,-352.22406
55.61,-352.07593
55.612,-352.16205
55.614,-351.28436
55.616,-347.7212
55.618,-338.94995
55.62,-324.24234
55.622,-303.12042
55.624,-276.1757
55.626,-244.44998
55.628,-211.13727
55.63,-179.159
55.632,-151.09612
55.634,-128.04045
55.636,-111.166985
55.638,-99.90626
55.64,-93.059204
55.642,-89.18812
55.644,-89.582596
55.646,-97.07537
55.648,-116.57416
55.65,-153.44612
55.652,-213.49765
55.654,-298.7612
55.656,-406.25845
55.658,-526.8533
55.66,-648.31616
55.662,-755.9455
55.664,-836.53217
55.666,-880.87726
55.668,-887.6492
55.67,-861.4027
55.672,-811.51624
55.674,-748.8467
55.676,-684.8273
55.678,-627.2353
55.68,-579.8689
55.682,-542.3165
55.684,-513.1548
55.686,-489.48013
55.688,-468.79822
55.69,-449.14163
55.692,-431.00198
55.694,-414.88107
55.696,-401.25525
55.698,-389.545
55.7,-379.89078
55.702,-371.41498
55.704,-363.23108
55.706,-354.33328
55.708,-345.47568
55.71,-337.34967
55.712,-330.7104
55.714,-325.56003
55.716,-322.295
55.718,-320.53625
55.72,-319.70337
55.722,-318.93423
55.724,-318.5049
55.726,-318.787
55.728,-320.2037
55.73,-322.48163
55.732,-325.6274
55.734,-328.9692
55.736,-331.71103
55.738,-332.7547
55.74,-332.7393
55.742,-332.04376
55.744,-331.2107
55.746,-329.89413
55.748,-329.4059
55.75,-329.261
55.752,-328.7091
55.754,-326.49567
55.756,-323.8189
55.758,-320.94177
55.76,-318.20242
55.762,-315.3151
55.764,-313.3663
55.766,-312.25934
55.768,-311.6983
55.77,-310.87857
55.772,-310.45242
55.774,-310.31158
55.776,-310.19733
55.778,-309.2027
55.78,-307.55627
55.782,-304.90652
55.784,-301.19162
55.786,-296.34995
55.788,-291.82272
55.79,-288.45804
55.792,-286.68237
55.794,-285.81558
55.796,-285.61218
55.798,-284.915
55.8,-282.67984
55.802,-277.97964
55.804,-271.75745
55.806,-264.96698
55.808,-258.66455
55.81,-253.09406
55.812,-249.06203
55.814,-246.27362
55.816,-244.15532
55.818,-241.7329
55.82,-239.49539
55.822,-237.59203
55.824,-236.15022
55.826,-234.55472
55.828,-233.07414
55.83,-231.22896
55.832,-228.64546
55.834,-224.86209
55.836,-221.05194
55.838,-218.07417
55.84,-216.63782
55.842,-216.46275
55.844,-217.81271
55.846,-219.87491
55.848,-221.641
55.85,-221.81003
55.852,-220.76819
55.854,-218.84653
55.856,-216.63782
55.858,-214.17584
55.86,-212.43823
55.862,-211.49231
55.864,-211.13431
55.866,-210.60144
55.868,-210.50949
55.87,-211.19287
55.872,-213.13559
55.874,-216.23325
55.876,-221.2357
55.878,-227.83563
55.88,-235.1496
55.882,-241.41045
55.884,-246.08904
55.886,-248.61525
55.888,-249.15851
55.89,-248.10004
55.892,-247.36847
55.894,-248.22377
55.896,-251.15977
55.898,-255.12563
55.9,-259.322
55.902,-262.20596
55.904,-262.66708
55.906,-260.08295
55.908,-256.027
55.91,-252.3094
55.912,-250.65945
55.914,-251.50955
55.916,-255.22585
55.918,-260.7645
55.92,-266.66965
55.922,-271.2652
55.924,-274.64557
55.926,-277.2099
55.928,-279.67792
55.93,-282.08267
55.932,-284.95944
55.934,-287.87973
55.936,-290.1846
55.938,-290.93558
55.94,-290.73358
55.942,-290.22467
55.944,-290.1846
55.946,-290.63354
55.948,-292.1228
55.95,-294.3223
55.952,-296.68875
55.954,-298.30182
55.956,-299.62833
55.958,-300.98788
55.96,-302.69257
55.962,-304.22748
55.964,-305.82098
55.966,-306.97366
55.968,-307.19543
55.97,-305.7384
55.972,-303.51218
55.974,-301.2573
55.976,-299.69064
55.978,-298.59973
55.98,-298.50977
55.982,-299.04987
55.984,-299.69064
55.986,-299.44852
55.988,-298.903
55.99,-298.37445
55.992,-298.1897
55.994,-297.8688
55.996,-297.82034
55.998,-297.71637
56.0,-297.18906
56.002,-295.50955
56.004,-293.49405
56.006,-291.7008
56.008,-290.68494
56.01,-290.1764
56.012,-290.7508
56.014,-292.09222
56.016,-293.68683
56.018,-294.48978
56.02,-294.99646
56.022,-295.43808
56.024,-296.18842
56.026,-296.98203
56.028,-298.70685
56.03,-301.47568
56.032,-305.19415
56.034,-309.04514
56.036,-313.53775
56.038,-318.62616
56.04,-324.20624
56.042,-329.43643
56.044,-334.70963
56.046,-339.74554
56.048,-344.21896
56.05,-347.24228
56.052,-349.43848
56.054,-351.00854
56.056,-352.22406
56.058,-352.7131
56.06,-353.30722
56.062,-354.05103
56.064,-354.72568
56.066,-354.30692
56.068,-353.07697
56.07,-350.868
56.072,-347.7212
56.074,-343.31265
56.076,-338.8407
56.078,-334.9732
56.08,-332.21133
56.082,-330.18332
56.084,-329.52454
56.086,-330.1071
56.088,-331.71103
56.09,-333.58044
56.092,-336.28937
56.094,-339.8723
56.096,-344.21896
56.098,-348.46896
56.1,-352.71747
56.102,-356.44315
56.104,-359.22852
56.106,-360.57263
56.108,-361.21786
56.11,-361.61984
56.112,-362.23044
56.114,-363.08423
56.116,-364.58688
56.118,-366.33618
56.12,-367.73395
56.122,-368.07397
56.124,-367.54974
56.126,-366.18036
56.128,-364.23172
56.13,-361.67743
56.132,-359.73947
56.134,-358.8897
56.136,-359.22852
56.138,-359.36798
56.14,-360.00504
56.142,-361.01505
56.144,-362.23044
56.146,-362.16937
56.148,-361.62766
56.15,-360.52106
56.152,-358.7282
56.154,-355.23663
56.156,-351.02557
56.158,-346.52023
56.16,-342.2177
56.162,-337.794
56.164,-334.18625
56.166,-331.23138
56.168,-328.2088
56.17,-323.26663
56.172,-315.62018
56.174,-303.81866
56.176,-286.68237
56.178,-263.10825
56.18,-234.24486
56.182,-201.64111
56.184,-167.60663
56.186,-134.11148
56.188,-103.946556
56.19,-78.15481
56.192,-56.535965
56.194,-37.735317
56.196,-22.391628
56.198,-12.542784
56.2,-13.008275
56.202,-30.387463
56.204,-73.02494
56.206,-146.15202
56.208,-249.65883
56.21,-375.9675
56.212,-512.4613
56.214,-642.17804
56.216,-748.47614
56.218,-818.5648
56.22,-848.09955
56.222,-839.7248
56.224,-802.0102
56.226,-745.8774
56.228,-683.26117
56.23,-622.77893
56.232,-569.3622
56.234,-524.05786
56.236,-486.9851
56.238,-456.6182
56.24,-431.27435
56.242,-409.00058
56.244,-389.47977
56.246,-372.0481
56.248,-356.22662
56.25,-341.23193
56.252,-327.83475
56.254,-316.48065
56.256,-307.69574
56.258,-301.3392
56.26,-298.07565
56.262,-297.50848
56.264,-298.69
56.266,-299.88455
56.268,-300.31796
56.27,-299.27353
56.272,-296.68875
56.274,-292.81528
56.276,-289.1185
56.278,-286.94806
56.28,-287.1827
56.282,-289.4716
56.284,-293.2176
56.286,-297.1907
56.288,-300.19098
56.29,-301.015
56.292,-300.2777
56.294,-298.71057
56.296,-297.18906
56.298,-295.47733
56.3,-294.74405
56.302,-294.39746
56.304,-293.68683
56.306,-291.47864
56.308,-289.3865
56.31,-288.1021
56.312,-288.18332
56.314,-289.06427
56.316,-291.30063
56.318,-294.01367
56.32,-296.18842
56.322,-296.5846
56.324,-296.04065
56.326,-295.16974
56.328,-294.68747
56.33,-294.4383
56.332,-295.0732
56.334,-296.0843
56.336,-296.68875
56.338,-295.6759
56.34,-293.52893
56.342,-290.64532
56.344,-287.683
56.346,-284.70642
56.348,-282.73248
56.35,-281.821
56.352,-281.6792
56.354,-281.3294
56.356,-281.14
56.358,-281.17148
56.36,-281.6792
56.362,-282.41226
56.364,-284.1918
56.366,-286.95074
56.368,-290.1846
56.37,-292.52307
56.372,-293.85175
56.374,-293.83643
56.376,-292.6862
56.378,-290.58273
56.38,-289.26385
56.382,-289.7061
56.384,-292.18588
56.386,-295.48935
56.388,-298.99353
56.39,-301.3553
56.392,-301.69193
56.394,-299.4685
56.396,-296.39362
56.398,-294.15048
56.4,-294.18716
56.402,-296.49512
56.404,-301.1925
56.406,-306.9592
56.408,-312.1986
56.41,-315.17935
56.412,-316.27863
56.414,-316.12982
56.416,-315.70084
56.418,-315.1764
56.42,-315.4088
56.422,-316.11008
56.424,-316.70148
56.426,-316.20764
56.428,-315.3241
56.43,-314.61417
56.432,-314.7002
56.434,-315.33945
56.436,-316.95566
56.438,-318.98465
56.44,-320.704
56.442,-321.0776
56.444,-320.82672
56.446,-320.6069
56.448,-321.20435
56.45,-322.57825
56.452,-325.42725
56.454,-329.37573
56.456,-333.71228
56.458,-337.14087
56.46,-339.87762
56.462,-341.8764
56.464,-343.21835
56.466,-343.37744
56.468,-342.9048
56.47,-341.70517
56.472,-339.71613
56.474,-336.54028
56.476,-333.21472
56.478,-330.3085
56.48,-328.2088
56.482,-326.43155
56.484,-325.3219
56.486,-324.51407
56.488,-323.70593
56.49,-322.33765
56.492,-321.29205
56.494,-320.9056
56.496,-321.20435
56.498,-321.2404
56.5,-320.92908
56.502,-319.64563
56.504,-317.20178
56.506,-313.58563
56.508,-310.63235
56.51,-309.72665
56.512,-311.6983
56.514,-315.82358
56.516,-321.56622
56.518,-327.2236
56.52,-331.2107
56.522,-332.21414
56.524,-331.25894
56.526,-329.62134
56.528,-328.7091
56.53,-328.81427
56.532,-330.44278
56.534,-332.57242
56.536,-333.71228
56.538,-332.10065
56.54,-327.94653
56.542,-321.7725
56.544,-314.7002
56.546,-307.466
56.548,-301.65283
56.55,-297.6347
56.552,-295.18777
56.554,-293.2584
56.556,-291.9391
56.558,-290.8408
56.56,-289.6843
56.562,-287.76492
56.564,-285.64816
56.566,-283.3956
56.568,-281.17886
56.57,-278.82028
56.572,-277.4762
56.574,-277.68118
56.576,-279.67792
56.578,-282.7461
56.58,-286.93134
56.582,-291.38797
56.584,-295.18777
56.586,-297.10873
56.588,-297.5666
56.59,-296.8826
56.592,-295.6881
56.594,-294.15698
56.596,-293.4639
56.598,-293.7725
56.6,-294.68747
56.602,-294.8476
56.604,-293.99554
56.606,-291.49475
56.608,-287.1827
56.61,-280.94568
56.612,-274.37244
56.614,-268.54083
56.616,-264.16806
56.618,-260.82587
56.62,-258.77292
56.622,-257.3896
56.624,-256.16296
56.626,-254.5031
56.628,-253.50754
56.63,-253.90831
56.632,-256.16296
56.634,-259.61365
56.636,-264.10913
56.638,-268.60638
56.64,-272.17316
56.642,-273.96973
56.644,-274.8927
56.646,-275.73254
56.648,-277.17633
56.65,-279.10025
56.652,-281.4373
56.654,-283.24133
56.656,-283.68048
56.658,-282.47302
56.66,-280.61658
56.662,-279.1946
56.664,-279.1776
56.666,-280.81668
56.668,-283.95715
56.67,-287.35876
56.672,-289.6843
56.674,-289.74127
56.676,-288.46143
56.678,-287.02304
56.68,-286.68237
56.682,-286.99692
56.684,-288.8669
56.686,-291.74307
56.688,-294.68747
56.69,-295.60815
56.692,-295.12747
56.694,-293.62354
56.696,-291.68555
56.698,-288.83154
56.7,-286.08722
56.702,-283.6528
56.704,-281.6792
56.706,-279.6327
56.708,-278.44006
56.71,-278.16815
56.712,-278.17697
56.714,-276.28198
56.716,-270.85745
56.718,-259.5724
56.72,-240.65309
56.722,-212.9936
56.724,-178.32765
56.726,-139.25443
56.728,-99.06302
56.73,-60.263588
56.732,-25.676987
56.734,3.635265
56.736,27.517506
56.738,46.377045
56.74,58.24491
56.742,59.73819
56.744,45.528965
56.746,9.926685
56.748,-52.971867
56.75,-145.21793
56.752,-263.66772
56.754,-398.84177
56.756,-537.8911
56.758,-665.4344
56.76,-767.4882
56.762,-834.0412
56.764,-862.6265
56.766,-856.6041
56.768,-824.02423
56.77,-774.4834
56.772,-718.2922
56.774,-662.83765
56.776,-612.3896
56.778,-567.9
56.78,-529.71967
56.782,-496.8695
56.784,-468.2979
56.786,-442.70566
56.788,-420.26532
56.79,-400.81393
56.792,-384.24445
56.794,-369.97552
56.796,-358.5986
56.798,-350.19394
56.8,-344.7193
56.802,-341.42307
56.804,-340.2539
56.806,-340.37308
56.808,-340.71674
56.81,-339.88956
56.812,-337.61142
56.814,-333.97577
56.816,-329.70975
56.818,-325.6594
56.82,-323.19714
56.822,-323.20605
56.824,-325.7072
56.826,-329.41605
56.828,-332.7535
56.83,-334.0374
56.832,-332.21133
56.834,-326.85098
56.836,-319.67685
56.838,-312.65
56.84,-307.69574
56.842,-305.25552
56.844,-306.43552
56.846,-309.91312
56.848,-313.69955
56.85,-315.32196
56.852,-315.12817
56.854,-313.07083
56.856,-309.69702
56.858,-305.2187
56.86,-301.3134
56.862,-298.22058
56.864,-295.6881
56.866,-292.75494
56.868,-289.86432
56.87,-286.85672
56.872,-283.68048
56.874,-279.89383
56.876,-276.2046
56.878,-272.63293
56.88,-269.17123
56.882,-265.45218
56.884,-262.28253
56.886,-259.8562
56.888,-258.16425
56.89,-256.51068
56.892,-255.06618
56.894,-253.38043
56.896,-251.15977
56.898,-248.01994
56.9,-245.01408
56.902,-242.75822
56.904,-241.65373
56.906,-241.19586
56.908,-241.50046
56.91,-241.77075
56.912,-241.15341
56.914,-238.6126
56.916,-234.78716
56.918,-230.21112
56.92,-225.64354
56.922,-221.31631
56.924,-218.32008
56.926,-216.82346
56.928,-216.63782
56.93,-216.88074
56.932,-217.73462
56.934,-218.80235
56.936,-219.63972
56.938,-219.30516
56.94,-218.05408
56.942,-215.7757
56.944,-212.63527
56.946,-208.64816
56.948,-205.14435
56.95,-202.8584
56.952,-202.12859
56.954,-202.28084
56.956,-203.20001
56.958,-204.04564
56.96,-204.12985
56.962,-202.8215
56.964,-201.11292
56.966,-199.91568
56.968,-200.12732
56.97,-201.8196
56.972,-205.46011
56.974,-210.50793
56.976,-216.1375
56.978,-221.18582
56.98,-225.7987
56.982,-230.03877
56.984,-234.14896
56.986,-237.89842
56.988,-241.79762
56.99,-245.66422
56.992,-249.15851
56.994,-251.56047
56.996,-253.2625
56.998,-254.3982
57.0,-255.16232
57.002,-255.28206
57.004,-255.30792
57.006,-255.27206
57.008,-255.16232
57.01,-254.61063
57.012,-254.22247
57.014,-254.21167
57.016,-254.662
57.018,-255.00458
57.02,-255.3945
57.022,-255.42294
57.024,-254.662
57.026,-252.42549
57.028,-249.2495
57.03,-245.59947
57.032,-242.15405
57.034,-239.18369
57.036,-237.63994
57.038,-237.62187
57.04,-238.65182
57.042,-239.37987
57.044,-239.29538
57.046,-237.84747
57.048,-235.1496
57.05,-231.56355
57.052,-228.82727
57.054,-228.08083
57.056,-229.64609
57.058,-232.27008
57.06,-234.95242
57.062,-236.18008
57.064,-235.1496
57.066,-231.72751
57.068,-227.99112
57.07,-225.8842
57.072,-226.64418
57.074,-229.53922
57.076,-233.58614
57.078,-236.66754
57.08,-237.15086
57.082,-234.27359
57.084,-230.11325
57.086,-227.18422
57.088,-227.64482
57.09,-231.5971
57.092,-238.41696
57.094,-245.63745
57.096,-250.65945
57.098,-251.4849
57.1,-249.07407
57.102,-245.36215
57.104,-242.65437
57.106,-241.86394
57.108,-243.62527
57.11,-246.76707
57.112,-249.65883
57.114,-250.69041
57.116,-250.65797
57.118,-250.9399
57.12,-253.16106
57.122,-257.67023
57.124,-264.8098
57.126,-273.35648
57.128,-281.6792
57.13,-287.9981
57.132,-292.74316
57.134,-296.7661
57.136,-301.19162
57.138,-306.07767
57.14,-311.8294
57.142,-317.585
57.144,-322.205
57.146,-324.33505
57.148,-324.71432
57.15,-324.39536
57.152,-324.70657
57.154,-325.98428
57.156,-328.918
57.158,-332.7789
57.16,-336.2139
57.162,-337.26492
57.164,-335.78336
57.166,-332.0584
57.168,-327.20816
57.17,-322.2117
57.172,-319.1219
57.174,-318.92508
57.176,-321.70465
57.178,-326.09378
57.18,-331.41174
57.182,-336.41562
57.184,-340.21643
57.186,-342.00018
57.188,-342.74893
57.19,-343.36142
57.192,-344.7193
57.194,-346.85553
57.196,-350.2671
57.198,-354.4739
57.2,-358.7282
57.202,-362.0641
57.204,-364.5802
57.206,-366.35037
57.208,-367.73395
57.21,-369.0042
57.212,-370.85645
57.214,-373.23132
57.216,-375.73904
57.218,-377.73138
57.22,-379.13828
57.222,-379.6564
57.224,-379.24127
57.226,-377.50546
57.228,-375.7172
57.23,-374.43393
57.232,-373.73776
57.234,-372.0183
57.236,-369.55313
57.238,-366.0412
57.24,-361.73013
57.242,-356.5222
57.244,-352.59985
57.246,-351.113
57.248,-352.22406
57.25,-354.09473
57.252,-355.61398
57.254,-355.07285
57.256,-351.72375
57.258,-345.5536
57.26,-338.86475
57.262,-333.10678
57.264,-328.2088
57.266,-321.45737
57.268,-310.06348
57.27,-290.8459
57.272,-262.66708
57.274,-226.88518
57.276,-188.73235
57.278,-153.38748
57.28,-124.07893
57.282,-99.87764
57.284,-77.83531
57.286,-53.235157
57.288,-23.51496
57.29,9.466598
57.292,36.720406
57.294,45.971794
57.296,25.015915
57.298,-33.182167
57.3,-129.03154
57.302,-253.5026
57.304,-390.74857
57.306,-521.5866
57.308,-629.982
57.31,-704.6611
57.312,-741.4717
57.314,-742.51685
57.316,-716.14386
57.318,-672.345
57.32,-620.89496
57.322,-569.0385
57.324,-522.48737
57.326,-483.44147
57.328,-451.7874
57.33,-425.50104
57.332,-403.45764
57.334,-384.26514
57.336,-367.2336
57.338,-351.82996
57.34,-339.16452
57.342,-329.64148
57.344,-323.2056
57.346,-318.75467
57.348,-316.05814
57.35,-314.25714
57.352,-312.6989
57.354,-310.58295
57.356,-308.51987
57.358,-306.71106
57.36,-305.19415
57.362,-303.33746
57.364,-301.2097
57.366,-298.64493
57.368,-295.6881
57.37,-292.28265
57.372,-289.23907
57.374,-287.23788
57.376,-286.68237
57.378,-287.1421
57.38,-288.2824
57.382,-289.48035
57.384,-290.1846
57.386,-289.57178
57.388,-288.48138
57.39,-287.35645
57.392,-286.68237
57.394,-286.02084
57.396,-286.54233
57.398,-287.82037
57.4,-289.18396
57.402,-289.4151
57.404,-289.36804
57.406,-289.10526
57.408,-288.68365
57.41,-287.48358
57.412,-286.17807
57.414,-284.60696
57.416,-282.67984
57.418,-280.04306
57.42,-277.91702
57.422,-276.98148
57.424,-277.67664
57.426,-279.44815
57.428,-282.39615
57.43,-285.6376
57.432,-288.18332
57.434,-288.81152
57.436,-288.04608
57.438,-286.40002
57.44,-284.6811
57.442,-283.12894
57.444,-282.8109
57.446,-283.68942
57.448,-285.18143
57.45,-285.85852
57.452,-285.54004
57.454,-283.808
57.456,-280.67856
57.458,-276.05875
57.46,-271.39194
57.462,-267.6664
57.464,-265.669
57.466,-265.2253
57.468,-266.89163
57.47,-270.17526
57.472,-274.1744
57.474,-277.2577
57.476,-279.1593
57.478,-279.4496
57.48,-278.17697
57.482,-275.28696
57.484,-272.21548
57.486,-269.8307
57.488,-268.67093
57.49,-268.26276
57.492,-268.92603
57.494,-270.21402
57.496,-271.67282
57.498,-272.50488
57.5,-273.3658
57.502,-274.5266
57.504,-276.1757
57.506,-277.72986
57.508,-279.53262
57.51,-281.27094
57.512,-282.67984
57.514,-283.19357
57.516,-283.78763
57.518,-285.0994
57.52,-287.683
57.522,-291.21973
57.524,-296.0871
57.526,-301.69217
57.528,-307.19543
57.53,-311.2916
57.532,-314.20352
57.534,-316.04077
57.536,-317.20178
57.538,-317.62808
57.54,-318.33417
57.542,-319.5499
57.544,-321.20435
57.546,-322.47897
57.548,-323.64526
57.55,-324.46524
57.552,-324.70657
57.554,-323.63538
57.556,-321.79507
57.558,-319.3682
57.56,-316.70148
57.562,-313.73587
57.564,-311.5797
57.566,-310.5917
57.568,-310.69766
57.57,-310.85626
57.572,-310.94672
57.574,-310.43924
57.576,-309.1967
57.578,-307.09598
57.58,-305.55524
57.582,-305.46463
57.584,-307.19543
57.586,-309.79486
57.588,-312.75235
57.59,-314.74036
57.592,-314.7002
57.594,-311.80988
57.596,-307.37866
57.598,-302.8445
57.6,-299.69064
57.602,-298.29855
57.604,-299.37103
57.606,-302.22433
57.608,-305.69446
57.61,-308.11533
57.612,-309.59344
57.614,-310.2782
57.616,-310.69766
57.618,-310.81137
57.62,-311.56485
57.622,-312.85727
57.624,-314.1999
57.626,-314.41095
57.628,-313.81165
57.63,-312.46387
57.632,-310.69766
57.634,-308.38647
57.636,-306.5928
57.638,-305.5498
57.64,-305.19415
57.642,-304.7073
57.644,-304.43616
57.646,-304.16083
57.648,-303.6932
57.65,-302.36755
57.652,-300.8595
57.654,-299.37784
57.656,-298.1897
57.658,-297.0412
57.66,-296.84546
57.662,-297.76987
57.664,-299.69064
57.666,-301.66962
57.668,-303.8729
57.67,-305.94342
57.672,-307.69574
57.674,-308.6396
57.676,-309.7317
57.678,-311.36206
57.68,-313.69955
57.682,-316.0496
57.684,-318.66998
57.686,-321.16095
57.688,-323.2056
57.69,-324.19034
57.692,-325.00677
57.694,-326.09222
57.696,-327.70847
57.698,-329.17566
57.7,-330.6505
57.702,-331.4164
57.704,-330.7104
57.706,-327.49713
57.708,-322.54123
57.71,-316.5837
57.712,-310.69766
57.714,-305.40866
57.716,-302.15723
57.718,-301.2193
57.72,-302.19223
57.722,-303.62592
57.724,-305.13086
57.726,-305.93842
57.728,-305.69446
57.73,-304.004
57.732,-302.1118
57.734,-300.81888
57.736,-300.69128
57.738,-301.36108
57.74,-303.0825
57.742,-305.24957
57.744,-307.19543
57.746,-308.1477
57.748,-308.51144
57.75,-308.4529
57.752,-308.19608
57.754,-307.69263
57.756,-307.32532
57.758,-306.88297
57.76,-306.1948
57.762,-305.18976
57.764,-304.68585
57.766,-305.1167
57.768,-306.6951
57.77,-308.69666
57.772,-311.39655
57.774,-314.26294
57.776,-316.70148
57.778,-317.16882
57.78,-316.69147
57.782,-315.84433
57.784,-315.20053
57.786,-313.92667
57.788,-312.88876
57.79,-311.8968
57.792,-310.69766
57.794,-308.42984
57.796,-306.25522
57.798,-304.95227
57.8,-305.19415
57.802,-306.43524
57.804,-308.76645
57.806,-310.83594
57.808,-310.69766
57.81,-305.69754
57.812,-294.99118
57.814,-278.0152
57.816,-255.16232
57.818,-227.04007
57.82,-195.97385
57.822,-163.70929
57.824,-131.58371
57.826,-99.80123
57.828,-69.44741
57.83,-41.013454
57.832,-15.509867
57.834,5.533945
57.836,17.793404
57.838,16.16692
57.84,-5.003183
57.842,-49.96758
57.844,-121.80766
57.846,-219.00743
57.848,-335.21326
57.85,-459.0448
57.852,-577.71564
57.854,-677.7657
57.856,-748.47614
57.858,-783.5542
57.86,-784.0429
57.862,-755.85345
57.864,-708.4507
57.866,-651.74475
57.868,-595.5738
57.87,-546.1948
57.872,-506.3221
57.874,-475.0749
57.876,-451.03128
57.878,-431.63992
57.88,-414.76385
57.882,-398.5995
57.884,-383.56335
57.886,-370.08936
57.888,-358.7282
57.89,-349.2301
57.892,-342.26233
57.894,-337.57712
57.896,-334.71292
57.898,-332.64917
57.9,-331.66727
57.902,-331.69922
57.904,-332.71167
57.906,-334.1177
57.908,-336.15378
57.91,-338.61865
57.912,-341.21707
57.914,-343.2309
57.916,-344.7462
57.918,-345.8561
57.92,-346.72058
57.922,-347.03934
57.924,-347.01343
57.926,-346.60675
57.928,-345.71994
57.93,-343.6979
57.932,-341.2122
57.934,-338.45764
57.936,-335.71356
57.938,-332.51566
57.94,-330.30005
57.942,-329.09143
57.944,-328.7091
57.946,-328.22583
57.948,-328.69022
57.95,-329.9563
57.952,-331.71103
57.954,-332.91638
57.956,-334.05646
57.958,-334.7631
57.96,-334.71292
57.962,-333.19867
57.964,-331.11865
57.966,-328.82758
57.968,-326.70782
57.97,-324.5643
57.972,-323.32092
57.974,-323.07913
57.976,-323.70593
57.978,-324.38406
57.98,-325.38556
57.982,-326.31363
57.984,-326.70782
57.986,-325.59607
57.988,-323.36978
57.99,-320.0121
57.992,-315.70084
57.994,-310.26675
57.996,-304.92816
57.998,-300.27316
58.0,-296.68875
58.002,-293.72348
58.004,-291.90796
58.006,-290.8975
58.008,-290.1846
58.01,-288.70798
58.012,-286.93716
58.014,-284.9868
58.016,-283.18015
58.018,-281.37482
58.02,-280.6346
58.022,-281.14343
58.024,-282.67984
58.026,-284.11325
58.028,-285.42606
58.03,-286.06058
58.032,-285.68173
58.034,-283.7354
58.036,-281.20187
58.038,-278.565
58.04,-276.1757
58.042,-273.61346
58.044,-271.44073
58.046,-269.50024
58.048,-267.6703
58.05,-265.552
58.052,-264.1958
58.054,-264.23022
58.056,-266.1693
58.058,-269.673
58.06,-275.00452
58.062,-281.27515
58.064,-287.1827
58.066,-290.93433
58.068,-292.34637
58.07,-291.4617
58.072,-289.18396
58.074,-286.57828
58.076,-285.9412
58.078,-288.45206
58.08,-294.18716
58.082,-301.5592
58.084,-309.19727
58.086,-315.0553
58.088,-317.70212
58.09,-316.42224
58.092,-312.8041
58.094,-308.65512
58.096,-305.69446
58.098,-304.3697
58.1,-305.0576
58.102,-306.6628
58.104,-307.69574
58.106,-306.52145
58.108,-303.37463
58.11,-298.78668
58.112,-293.68683
58.114,-288.40433
58.116,-283.87387
58.118,-279.95404
58.12,-276.1757
58.122,-271.6668
58.124,-267.01526
58.126,-262.66943
58.128,-259.16486
58.13,-256.32355
58.132,-254.6471
58.134,-253.768
58.136,-253.16106
58.138,-251.94772
58.14,-250.68016
58.142,-249.66002
58.144,-249.15851
58.146,-248.63971
58.148,-248.3781
58.15,-247.87526
58.152,-246.6569
58.154,-244.04985
58.156,-241.05032
58.158,-238.47516
58.16,-237.15086
58.162,-237.01059
58.164,-238.67863
58.166,-241.67685
58.168,-245.15596
58.17,-247.6718
58.172,-249.3175
58.174,-250.03816
58.176,-250.15913
58.178,-249.66055
58.18,-249.78088
58.182,-250.94405
58.184,-253.16106
58.186,-255.48514
58.188,-258.02768
58.19,-260.34113
58.192,-262.16678
58.194,-263.00497
58.196,-263.78586
58.198,-264.9353
58.2,-266.66965
58.202,-268.3489
58.204,-270.2967
58.206,-272.27066
58.208,-274.1744
58.21,-275.62674
58.212,-277.63077
58.214,-280.6294
58.216,-284.6811
58.218,-288.7573
58.22,-292.63586
58.222,-295.57104
58.224,-297.18906
58.226,-297.192
58.228,-297.1003
58.23,-298.15234
58.232,-301.19162
58.234,-305.61673
58.236,-311.08282
58.238,-316.11377
58.24,-319.20306
58.242,-318.91995
58.244,-316.1201
58.246,-312.23004
58.248,-309.1967
58.25,-308.14685
58.252,-310.4999
58.254,-315.88492
58.256,-322.7053
58.258,-328.09738
58.26,-330.57568
58.262,-329.046
58.264,-323.70593
58.266,-315.40094
58.268,-307.01175
58.27,-300.9144
58.272,-298.69
58.274,-300.05374
58.276,-304.70996
58.278,-311.02283
58.28,-317.20178
58.282,-321.39954
58.284,-323.86224
58.286,-325.14694
58.288,-326.20752
58.29,-327.39322
58.292,-329.62784
58.294,-332.7492
58.296,-336.2139
58.298,-339.17218
58.3,-341.79132
58.302,-344.0824
58.304,-346.22025
58.306,-348.19473
58.308,-350.35278
58.31,-352.34802
58.312,-353.72504
58.314,-354.01468
58.316,-353.7145
58.318,-353.14987
58.32,-352.7244
58.322,-352.04785
58.324,-352.17294
58.326,-353.282
58.328,-355.22598
58.33,-356.3395
58.332,-357.39587
58.334,-358.581
58.336,-360.22916
58.338,-361.42264
58.34,-363.29825
58.342,-365.77707
58.344,-368.23425
58.346,-368.7227
58.348,-367.12347
58.35,-363.13223
58.352,-357.22726
58.354,-349.8134
58.356,-342.9401
58.358,-337.32034
58.36,-332.21133
58.362,-324.65033
58.364,-312.16113
58.366,-292.02393
58.368,-263.16742
58.37,-226.30566
58.372,-185.53636
58.374,-145.15225
58.376,-108.56907
58.378,-76.594925
58.38,-49.25002
58.382,-25.049438
58.384,-3.502228
58.386,13.715395
58.388,20.35321
58.39,8.523611
58.392,-29.518778
58.394,-98.02037
58.396,-197.32768
58.398,-321.19394
58.4,-458.29153
58.402,-593.96686
58.404,-714.8658
58.406,-809.60345
58.408,-871.05414
58.41,-896.49133
58.412,-889.06854
58.414,-854.9475
58.416,-802.5105
58.418,-740.33136
58.42,-677.4583
58.422,-620.283
58.424,-572.36414
58.426,-533.8225
58.428,-503.66992
58.43,-478.992
58.432,-456.7906
58.434,-434.5143
58.436,-412.2499
58.438,-390.71634
58.44,-371.23618
58.442,-354.52695
58.444,-341.80853
58.446,-332.85107
58.448,-326.70782
58.45,-321.70078
58.452,-317.338
58.454,-313.05515
58.456,-308.69638
58.458,-304.0285
58.46,-299.64886
58.462,-295.83673
58.464,-292.6862
58.466,-289.792
58.468,-287.18597
58.47,-284.81766
58.472,-282.67984
58.474,-280.44257
58.476,-278.36945
58.478,-276.5855
58.48,-275.17505
58.482,-273.55746
58.484,-272.41083
58.486,-271.5369
58.488,-270.67218
58.49,-268.82162
58.492,-267.17276
58.494,-265.5285
58.496,-263.66772
58.498,-260.79147
58.5,-258.27386
58.502,-256.23233
58.504,-254.662
58.506,-252.91306
58.508,-251.90631
58.51,-251.55795
58.512,-251.6601
58.514,-251.45177
58.516,-251.50438
58.518,-251.6376
58.52,-251.6601
58.522,-250.95872
58.524,-250.19864
58.526,-249.43495
58.528,-248.65819
58.53,-247.33319
58.532,-246.0305
58.534,-244.7772
58.536,-243.655
58.538,-242.39088
58.54,-241.84729
58.542,-242.26808
58.544,-243.655
58.546,-245.25443
58.548,-247.18503
58.55,-248.95967
58.552,-250.15913
58.554,-250.11142
58.556,-249.4456
58.558,-248.401
58.56,-247.15723
58.562,-245.2858
58.564,-243.34012
58.566,-241.3953
58.568,-239.65245
58.57,-238.01091
58.572,-237.49948
58.574,-238.441
58.576,-240.65309
58.578,-242.88153
58.58,-244.495
58.582,-244.33186
58.584,-241.65373
58.586,-236.07283
58.588,-229.1872
58.59,-222.76872
58.592,-218.63908
58.594,-217.56488
58.596,-220.29135
58.598,-225.91994
58.6,-232.648
58.602,-237.9156
58.604,-240.67317
58.606,-240.38542
58.608,-237.65118
58.61,-233.4718
58.612,-230.26347
58.614,-229.6094
58.616,-232.14769
58.618,-236.8702
58.62,-242.93915
58.622,-248.67654
58.624,-252.66074
58.626,-253.7398
58.628,-252.83899
58.63,-251.17067
58.632,-250.15913
58.634,-250.34175
58.636,-252.58368
58.638,-256.39935
58.64,-260.66583
58.642,-263.61014
58.644,-264.94345
58.646,-264.59595
58.648,-263.16742
58.65,-261.14163
58.652,-260.06882
58.654,-260.59384
58.656,-262.66708
58.658,-265.06033
58.66,-267.3491
58.662,-268.70074
58.664,-268.67093
58.666,-266.82925
58.668,-264.44507
58.67,-262.5785
58.672,-262.16678
58.674,-263.16367
58.676,-266.0541
58.678,-270.3383
58.68,-275.17505
58.682,-279.152
58.684,-282.27466
58.686,-284.50946
58.688,-286.18207
58.69,-287.24222
58.692,-288.72006
58.694,-290.90106
58.696,-293.68683
58.698,-296.1331
58.7,-298.2958
58.702,-299.85556
58.704,-300.69128
58.706,-300.3568
58.708,-299.75037
58.71,-299.28348
58.712,-299.19034
58.714,-298.89313
58.716,-298.79938
58.718,-298.75818
58.72,-298.69
58.722,-298.1551
58.724,-298.12262
58.726,-299.15735
58.728,-301.69193
58.73,-305.30615
58.732,-310.32266
58.734,-316.2047
58.736,-322.205
58.738,-327.0962
58.74,-330.95892
58.742,-333.64853
58.744,-335.21326
58.746,-335.30566
58.748,-334.72467
58.75,-333.7681
58.752,-332.71167
58.754,-331.3147
58.756,-330.42242
58.758,-330.24463
58.76,-330.7104
58.762,-330.91324
58.764,-330.9096
58.766,-330.24976
58.768,-328.7091
58.77,-325.93585
58.772,-323.13272
58.774,-321.15588
58.776,-320.704
58.778,-321.5306
58.78,-324.0166
58.782,-327.53616
58.784,-331.2107
58.786,-333.69
58.788,-335.14743
58.79,-335.5779
58.792,-335.21326
58.794,-333.79065
58.796,-332.1108
58.798,-330.1697
58.8,-327.70847
58.802,-323.8186
58.804,-318.91965
58.806,-313.10434
58.808,-306.6951
58.81,-299.63828
58.812,-293.17285
58.814,-287.8954
58.816,-284.1808
58.818,-281.5941
58.82,-280.71982
58.822,-281.3641
58.824,-283.18015
58.826,-285.21826
58.828,-287.79825
58.83,-290.6899
58.832,-293.68683
58.834,-296.08914
58.836,-298.33304
58.838,-300.1622
58.84,-301.19162
58.842,-300.64935
58.844,-298.8514
58.846,-295.87244
58.848,-292.18588
58.85,-288.50244
58.852,-286.20297
58.854,-285.9142
58.856,-287.683
58.858,-290.88443
58.86,-294.8804
58.862,-298.45966
58.864,-300.69128
58.866,-301.026
58.868,-300.5054
58.87,-300.0949
58.872,-300.69128
58.874,-301.81964
58.876,-304.3615
58.878,-307.9297
58.88,-311.6983
58.882,-313.52283
58.884,-313.74445
58.886,-312.4401
58.888,-310.19733
58.89,-306.98828
58.892,-304.46115
58.894,-303.11346
58.896,-302.69257
58.898,-301.582
58.9,-299.36398
58.902,-295.38116
58.904,-289.6843
58.906,-282.37683
58.908,-274.92987
58.91,-267.47815
58.912,-258.66455
58.914,-245.1126
58.916,-224.08801
58.918,-193.24878
58.92,-152.59708
58.922,-104.53216
58.924,-54.980186
58.926,-9.837745
58.928,26.516869
58.93,52.989704
58.932,69.716644
58.934,78.11085
58.936,78.04965
58.938,66.82733
58.94,37.546383
58.942,-16.928595
58.944,-101.06429
58.946,-212.97183
58.948,-344.77292
58.95,-481.97488
58.952,-607.3864
58.954,-704.9715
58.956,-765.46173
58.958,-786.4479
58.96,-772.49146
58.962,-732.33264
58.964,-677.71484
58.966,-618.8636
58.968,-563.3584
58.97,-515.035
58.972,-476.15366
58.974,-446.21518
58.976,-423.26926
58.978,-404.11423
58.98,-386.8759
58.982,-369.8892
58.984,-352.7244
58.986,-335.70993
58.988,-321.2824
58.99,-311.31454
58.992,-306.6951
58.994,-306.26172
58.996,-308.73068
58.998,-311.80872
59.0,-313.69955
59.002,-313.36526
59.004,-312.03796
59.006,-311.26114
59.008,-312.1986
59.01,-314.4738
59.012,-317.0914
59.014,-318.4089
59.016,-317.20178
59.018,-313.09293
59.02,-307.61343
59.022,-303.12082
59.024,-301.69193
59.026,-303.60345
59.028,-308.28687
59.03,-313.70978
59.032,-317.70212
59.034,-318.2895
59.036,-316.7681
59.038,-314.63156
59.04,-313.69955
59.042,-314.34464
59.044,-317.7762
59.046,-322.5994
59.048,-326.70782
59.05,-327.7035
59.052,-326.0829
59.054,-322.70486
59.056,-319.20306
59.058,-316.61636
59.06,-316.72382
59.062,-319.45453
59.064,-323.70593
59.066,-327.30246
59.068,-329.5818
59.07,-329.86636
59.072,-328.2088
59.074,-324.68057
59.076,-320.8486
59.078,-317.55673
59.08,-315.20053
59.082,-313.13242
59.084,-311.6425
59.086,-310.38983
59.088,-309.1967
59.09,-307.62518
59.092,-306.70258
59.094,-306.85934
59.096,-308.19608
59.098,-309.79477
59.1,-311.64078
59.102,-313.0725
59.104,-313.69955
59.106,-313.09433
59.108,-312.59283
59.11,-313.11673
59.112,-315.20053
59.114,-318.02625
59.116,-321.2755
59.118,-323.58328
59.12,-323.70593
59.122,-320.5575
59.124,-315.33066
59.126,-309.47415
59.128,-304.69385
59.13,-301.73492
59.132,-301.78452
59.134,-304.4696
59.136,-308.69638
59.138,-312.60803
59.14,-315.86096
59.142,-318.0436
59.144,-319.20306
59.146,-319.09866
59.148,-318.72205
59.15,-318.27768
59.152,-317.70212
59.154,-316.2518
59.156,-314.44287
59.158,-312.3499
59.16,-310.19733
59.162,-307.79904
59.164,-306.13168
59.166,-305.4396
59.168,-305.69446
59.17,-306.1469
59.172,-307.1214
59.174,-308.46683
59.176,-310.19733
59.178,-312.00998
59.18,-314.78506
59.182,-318.63358
59.184,-323.2056
59.186,-327.19083
59.188,-330.1241
59.19,-331.09744
59.192,-329.70975
59.194,-325.86862
59.196,-321.28363
59.198,-317.37283
59.2,-315.20053
59.202,-314.55255
59.204,-315.42123
59.206,-316.58243
59.208,-316.70148
59.21,-314.48883
59.212,-310.56592
59.214,-305.76068
59.216,-301.19162
59.218,-297.29166
59.22,-295.002
59.222,-294.04803
59.224,-293.68683
59.226,-292.64725
59.228,-291.04352
59.23,-288.81976
59.232,-286.18207
59.234,-282.9462
59.236,-279.9244
59.238,-277.1904
59.24,-274.67474
59.242,-271.86273
59.244,-269.4505
59.246,-267.67014
59.248,-266.66965
59.25,-265.91003
59.252,-265.63898
59.254,-265.2898
59.256,-264.16806
59.258,-261.2458
59.26,-257.01254
59.262,-251.88692
59.264,-246.6569
59.266,-241.76942
59.268,-238.65576
59.27,-237.7048
59.272,-238.65182
59.274,-240.17625
59.276,-241.83005
59.278,-242.66899
59.28,-242.15405
59.282,-239.89514
59.284,-237.17688
59.286,-234.9905
59.288,-234.14896
59.29,-234.49942
59.292,-236.34726
59.294,-238.90753
59.296,-241.15341
59.298,-241.77696
59.3,-241.05098
59.302,-239.28134
59.304,-237.15086
59.306,-234.95811
59.308,-233.85828
59.31,-234.02927
59.312,-235.1496
59.314,-236.11847
59.316,-236.91199
59.318,-237.2359
59.32,-237.15086
59.322,-236.5737
59.324,-236.66759
59.326,-237.975
59.328,-240.65309
59.33,-243.9129
59.332,-247.64961
59.334,-251.11421
59.336,-253.66136
59.338,-254.52705
59.34,-254.39825
59.342,-253.7708
59.344,-253.16106
59.346,-252.40764
59.348,-252.03363
59.35,-251.77147
59.352,-251.15977
59.354,-249.33975
59.356,-246.68929
59.358,-243.46468
59.36,-240.15277
59.362,-236.84576
59.364,-234.57716
59.366,-233.67824
59.368,-234.14896
59.37,-235.26102
59.372,-237.10815
59.374,-239.3314
59.376,-241.65373
59.378,-243.5046
59.38,-245.40926
59.382,-247.46484
59.384,-249.65883
59.386,-251.47173
59.388,-253.176
59.39,-254.6998
59.392,-256.16296
59.394,-257.6762
59.396,-259.9343
59.398,-262.9449
59.4,-266.1693
59.402,-268.46317
59.404,-269.0047
59.406,-267.02844
59.408,-262.66708
59.41,-256.94626
59.412,-252.1797
59.414,-250.16846
59.416,-251.6601
59.418,-255.2255
59.42,-259.70493
59.422,-263.0211
59.424,-263.66772
59.426,-260.37122
59.428,-255.41899
59.43,-251.38947
59.432,-250.65945
59.434,-253.3271
59.436,-259.39734
59.438,-266.65045
59.44,-272.17316
59.442,-272.8922
59.444,-268.69492
59.446,-260.88046
59.448,-252.16042
59.45,-244.90091
59.452,-241.59467
59.454,-242.15399
59.456,-244.15532
59.458,-243.03545
59.46,-235.24152
59.462,-218.24596
59.464,-192.12222
59.466,-159.14052
59.468,-124.42218
59.47,-92.59569
59.472,-66.54233
59.474,-46.030178
59.476,-29.807661
59.478,-15.661983
59.48,-3.0019097
59.482,6.0847945
59.484,5.025663
59.486,-14.050911
59.488,-58.036922
59.49,-129.45189
59.492,-226.22447
59.494,-339.9893
59.496,-458.29153
59.498,-566.9989
59.5,-654.92755
59.502,-714.48016
59.504,-742.97266
59.506,-741.7438
59.508,-716.5768
59.51,-674.5995
59.512,-623.3966
59.514,-569.47217
59.516,-519.03595
59.518,-475.92416
59.52,-441.78104
59.522,-415.68716
59.524,-396.2869
59.526,-381.05862
59.528,-367.73395
59.53,-354.5412
59.532,-341.91418
59.534,-330.6524
59.536,-321.70465
59.538,-315.07275
59.54,-311.00327
59.542,-308.6003
59.544,-306.6951
59.546,-303.92896
59.548,-300.53278
59.55,-297.00696
59.552,-294.18716
59.554,-292.42648
59.556,-292.32053
59.558,-293.65604
59.56,-295.6881
59.562,-297.09973
59.564,-297.2852
59.566,-296.02768
59.568,-293.68683
59.57,-290.69083
59.572,-288.19464
59.574,-286.9465
59.576,-287.1827
59.578,-287.97794
59.58,-289.27417
59.582,-290.09497
59.584,-289.6843
59.586,-287.15677
59.588,-284.01797
59.59,-280.8611
59.592,-278.17697
59.594,-275.61044
59.596,-274.03223
59.598,-272.94794
59.6,-271.67282
59.602,-269.25623
59.604,-266.4384
59.606,-263.68164
59.608,-261.66647
59.61,-260.622
59.612,-261.53296
59.614,-264.26617
59.616,-268.1706
59.618,-271.93042
59.62,-275.21817
59.622,-277.40146
59.624,-278.17697
59.626,-277.2144
59.628,-275.34845
59.63,-272.9306
59.632,-270.17188
59.634,-266.75677
59.636,-263.15158
59.638,-259.29175
59.64,-255.16232
59.642,-250.53168
59.644,-246.21217
59.646,-242.53021
59.648,-239.65245
59.65,-237.1387
59.652,-235.20334
59.654,-233.37772
59.656,-231.14705
59.658,-227.79907
59.66,-223.81627
59.662,-219.46523
59.664,-215.13686
59.666,-210.82767
59.668,-207.27663
59.67,-204.4679
59.672,-202.12859
59.674,-199.51308
59.676,-196.80507
59.678,-193.84587
59.68,-190.62126
59.682,-186.90549
59.684,-183.43051
59.686,-180.45091
59.688,-178.11331
59.69,-176.08376
59.692,-174.77977
59.694,-174.0458
59.696,-173.61044
59.698,-172.80304
59.7,-171.85722
59.702,-170.63452
59.704,-169.10757
59.706,-167.02728
59.708,-165.155
59.71,-163.78685
59.712,-163.10376
59.714,-162.77098
59.716,-163.15675
59.718,-164.03381
59.72,-165.10503
59.722,-165.76976
59.724,-166.39369
59.726,-166.99498
59.728,-167.60663
59.73,-167.88875
59.732,-168.30775
59.734,-168.88165
59.736,-169.6079
59.738,-170.13147
59.74,-170.93446
59.742,-171.99495
59.744,-173.11012
59.746,-173.56505
59.748,-173.43741
59.75,-172.57141
59.752,-171.10886
59.754,-169.17891
59.756,-167.92278
59.758,-167.9994
59.76,-169.6079
59.762,-171.96312
59.764,-174.59537
59.766,-176.53732
59.768,-177.11267
59.77,-175.89684
59.772,-173.91792
59.774,-172.20387
59.776,-171.60918
59.778,-172.0157
59.78,-173.3972
59.782,-174.8969
59.784,-175.61171
59.786,-174.6645
59.788,-172.68637
59.79,-170.51494
59.792,-169.10757
59.794,-168.67583
59.796,-169.68407
59.798,-171.71873
59.8,-174.11076
59.802,-175.89685
59.804,-177.3974
59.806,-178.97964
59.808,-181.11522
59.81,-183.59383
59.812,-186.68372
59.814,-189.90753
59.816,-192.62254
59.818,-193.90811
59.82,-194.15411
59.822,-193.83057
59.824,-193.62317
59.826,-193.68947
59.828,-194.8161
59.83,-197.05333
59.832,-200.12732
59.834,-203.16415
59.836,-206.21127
59.838,-209.07114
59.84,-211.63463
59.842,-213.39441
59.844,-214.79431
59.846,-215.97629
59.848,-217.13814
59.85,-218.07321
59.852,-219.57912
59.854,-222.03922
59.856,-225.64354
59.858,-229.82776
59.86,-234.6581
59.862,-239.62665
59.864,-244.15532
59.866,-247.3255
59.868,-249.50044
59.87,-251.0607
59.872,-252.66074
59.874,-254.52834
59.876,-257.64023
59.878,-262.1599
59.88,-267.6703
59.882,-272.7933
59.884,-276.92535
59.886,-279.30313
59.888,-279.67792
59.89,-277.9771
59.892,-275.6322
59.894,-273.88318
59.896,-273.6741
59.898,-274.8032
59.9,-277.28094
59.902,-280.13208
59.904,-282.1795
59.906,-282.04697
59.908,-280.0382
59.91,-276.83838
59.912,-273.6741
59.914,-271.39633
59.916,-271.4754
59.918,-274.2449
59.92,-279.1776
59.922,-284.618
59.924,-289.61124
59.926,-292.999
59.928,-294.18716
59.93,-292.90347
59.932,-290.4277
59.934,-287.9756
59.936,-286.68237
59.938,-286.97348
59.94,-289.28104
59.942,-293.01797
59.944,-297.18906
59.946,-300.68164
59.948,-303.02792
59.95,-303.8431
59.952,-303.19287
59.954,-301.47015
59.956,-299.5647
59.958,-297.91318
59.96,-296.68875
59.962,-295.57718
59.964,-294.88712
59.966,-294.46817
59.968,-294.18716
59.97,-293.14087
59.972,-292.44244
59.974,-292.66943
59.976,-294.18716
59.978,-295.78394
59.98,-297.87778
59.982,-299.8946
59.984,-301.19162
59.986,-300.41705
59.988,-298.21594
59.99,-294.86398
59.992,-290.68494
59.994,-285.23373
59.996,-279.2329
59.998,-272.81644
