time_sec,ecg
0.0,-269.67154
0.002,-300.97028
0.004,-304.43503
0.006,-288.88953
0.008,-267.6703
0.01,-252.2803
0.012,-248.77664
0.014,-255.95732
0.016,-267.6703
0.018,-276.51614
0.02,-278.42773
0.022,-273.60678
0.024,-265.669
0.026,-258.7808
0.028,-256.06747
0.03,-257.83505
0.032,-262.16678
0.034,-266.14822
0.036,-268.31738
0.038,-268.7394
0.04,-268.67093
0.042,-269.14288
0.044,-270.88498
0.046,-273.43585
0.048,-275.67538
0.05,-276.26257
0.052,-275.12604
0.054,-272.9204
0.056,-270.67218
0.058,-268.81946
0.06,-267.69537
0.062,-266.97897
0.064,-266.1693
0.066,-264.67584
0.068,-262.91037
0.07,-261.53555
0.072,-261.16614
0.074,-261.65115
0.076,-262.80875
0.078,-264.01657
0.08,-264.66837
0.082,-264.00787
0.084,-262.76245
0.086,-261.47272
0.088,-260.66583
0.09,-260.10962
0.092,-260.21494
0.094,-260.57138
0.096,-260.66583
0.098,-259.70016
0.1,-258.28586
0.102,-256.80884
0.104,-255.66264
0.106,-254.55911
0.108,-253.9466
0.11,-253.5706
0.112,-253.16106
0.114,-252.20361
0.116,-251.47981
0.118,-251.39644
0.12,-252.16042
0.122,-253.12393
0.124,-254.27483
0.126,-254.95033
0.128,-254.662
0.13,-252.9648
0.132,-250.94508
0.134,-249.45622
0.136,-249.15851
0.138,-249.75288
0.14,-251.28207
0.142,-252.88004
0.144,-253.66136
0.146,-252.74812
0.148,-250.8968
0.15,-248.90143
0.152,-247.65755
0.154,-247.31299
0.156,-248.44958
0.158,-250.63803
0.16,-253.16106
0.162,-254.9427
0.164,-256.29584
0.166,-257.42307
0.168,-258.66455
0.17,-259.78323
0.172,-261.2014
0.174,-262.52167
0.176,-263.16742
0.178,-262.2418
0.18,-260.21707
0.182,-257.48697
0.184,-254.662
0.186,-251.88025
0.188,-250.04604
0.19,-249.23282
0.192,-249.15851
0.194,-248.90128
0.196,-248.47453
0.198,-247.4919
0.2,-245.65628
0.202,-242.36192
0.204,-238.18312
0.206,-233.44217
0.208,-228.64546
0.21,-223.9842
0.212,-220.61429
0.214,-218.98956
0.216,-219.1394
0.218,-220.22691
0.22,-222.11916
0.222,-224.2151
0.224,-226.14386
0.226,-227.48555
0.228,-229.1388
0.23,-231.61519
0.232,-235.1496
0.234,-239.07172
0.236,-243.12062
0.238,-246.29256
0.24,-247.65755
0.242,-246.4904
0.244,-243.48962
0.246,-239.60414
0.248,-236.15022
0.25,-234.3276
0.252,-235.11191
0.254,-238.25082
0.256,-242.65437
0.258,-246.8797
0.26,-249.67188
0.262,-249.99023
0.264,-247.65755
0.266,-243.39088
0.268,-238.9772
0.27,-235.91606
0.272,-235.1496
0.274,-236.0984
0.276,-238.7827
0.278,-242.19048
0.28,-245.15596
0.282,-245.88838
0.284,-244.80928
0.286,-242.41148
0.288,-239.65245
0.29,-236.96098
0.292,-235.73845
0.294,-236.28464
0.296,-238.1515
0.298,-239.84529
0.3,-240.71657
0.302,-240.02574
0.304,-237.65118
0.306,-233.5943
0.308,-228.7996
0.31,-223.10681
0.312,-215.13686
0.314,-201.99646
0.316,-181.34225
0.318,-151.31804
0.32,-112.0713
0.322,-65.75355
0.324,-17.107897
0.326,29.36371
0.328,70.544876
0.33,105.78625
0.332,135.1009
0.334,158.69698
0.336,174.61108
0.338,178.0291
0.34,160.88922
0.342,115.78005
0.344,39.024826
0.346,-66.176605
0.348,-190.1993
0.35,-317.5709
0.352,-431.27435
0.354,-516.9003
0.356,-567.2029
0.358,-582.00714
0.36,-567.36096
0.362,-532.3887
0.364,-487.35886
0.366,-440.1487
0.368,-395.75177
0.37,-356.28098
0.372,-322.99667
0.374,-295.9242
0.376,-274.67474
0.378,-258.20184
0.38,-245.89212
0.382,-236.45938
0.384,-228.64546
0.386,-221.29099
0.388,-214.61737
0.39,-208.92674
0.392,-204.63017
0.394,-201.56694
0.396,-199.84998
0.398,-198.80739
0.4,-197.62572
0.402,-195.4572
0.404,-192.45456
0.406,-188.98332
0.408,-185.61809
0.41,-182.71584
0.412,-180.58661
0.414,-179.28584
0.416,-178.61363
0.418,-178.13536
0.42,-177.44083
0.422,-176.52492
0.424,-175.61171
0.426,-174.84734
0.428,-174.55861
0.43,-174.87274
0.432,-175.61171
0.434,-175.8526
0.436,-175.59659
0.438,-174.24907
0.44,-171.60918
0.442,-167.59805
0.444,-163.94351
0.446,-161.48807
0.448,-160.60217
0.45,-160.6416
0.452,-161.42357
0.454,-161.8721
0.456,-161.1025
0.458,-158.566
0.46,-155.28079
0.462,-152.29222
0.464,-150.59581
0.466,-150.39264
0.468,-151.88324
0.47,-154.28358
0.472,-156.59962
0.474,-157.83911
0.476,-158.19406
0.478,-157.96915
0.48,-157.60027
0.482,-157.05844
0.484,-156.56998
0.486,-155.72394
0.488,-154.09804
0.49,-151.34317
0.492,-148.2358
0.494,-145.56879
0.496,-144.09166
0.498,-143.88618
0.5,-145.02353
0.502,-146.74324
0.504,-148.09421
0.506,-148.12196
0.508,-146.99414
0.51,-145.10011
0.512,-143.09103
0.514,-141.289
0.516,-140.26411
0.518,-139.85179
0.52,-139.5888
0.522,-138.7456
0.524,-137.424
0.526,-135.75047
0.528,-134.0853
0.53,-132.60559
0.532,-131.93515
0.534,-132.15997
0.536,-133.08466
0.538,-134.06094
0.54,-134.96904
0.542,-135.41792
0.544,-135.08594
0.546,-133.52042
0.548,-131.07681
0.55,-128.0802
0.552,-125.07957
0.554,-122.4819
0.556,-121.26728
0.558,-121.83429
0.56,-124.07893
0.562,-127.066444
0.564,-130.16243
0.566,-132.39491
0.568,-133.08466
0.57,-131.78432
0.572,-129.28323
0.574,-126.433105
0.576,-124.07893
0.578,-122.42552
0.58,-121.906815
0.582,-122.274445
0.584,-123.0783
0.586,-123.56524
0.588,-123.95305
0.59,-124.38803
0.592,-125.07957
0.594,-125.745995
0.596,-126.63799
0.598,-127.51651
0.6,-128.08148
0.602,-127.79551
0.604,-127.17351
0.606,-126.7272
0.608,-127.08084
0.61,-128.34093
0.612,-131.04419
0.614,-134.9948
0.616,-139.5888
0.618,-143.62
0.62,-146.75217
0.622,-148.69511
0.624,-149.59517
0.626,-149.58238
0.628,-149.78899
0.63,-150.98564
0.632,-153.59772
0.634,-157.16483
0.636,-161.5513
0.638,-166.08794
0.64,-170.10822
0.642,-172.80759
0.644,-174.57898
0.646,-175.94037
0.648,-177.61299
0.65,-179.85115
0.652,-183.43356
0.654,-188.45581
0.656,-194.62381
0.658,-200.98138
0.66,-207.28493
0.662,-213.0991
0.664,-218.13878
0.666,-221.88623
0.668,-224.7298
0.67,-226.89175
0.672,-228.64546
0.674,-229.88019
0.676,-231.22371
0.678,-232.94336
0.68,-235.1496
0.682,-237.38327
0.684,-239.81285
0.686,-242.27965
0.688,-244.65564
0.69,-246.51091
0.692,-248.28041
0.694,-250.14027
0.696,-252.16042
0.698,-253.82422
0.7,-255.26244
0.702,-256.25708
0.704,-256.66327
0.706,-256.10626
0.708,-255.22652
0.71,-254.45697
0.712,-254.16168
0.714,-254.0927
0.716,-254.59413
0.718,-255.52065
0.72,-256.66327
0.722,-257.45193
0.724,-258.262
0.726,-259.16943
0.728,-260.1655
0.73,-260.66144
0.732,-260.8
0.734,-260.34332
0.736,-259.16486
0.738,-256.9293
0.74,-254.48296
0.742,-252.40683
0.744,-251.15977
0.746,-250.42947
0.748,-250.49333
0.75,-250.91527
0.752,-251.15977
0.754,-250.39453
0.756,-249.10522
0.758,-247.67836
0.76,-246.6569
0.762,-246.04927
0.764,-246.61354
0.766,-248.29013
0.768,-250.65945
0.77,-252.64421
0.772,-254.20932
0.774,-255.06023
0.776,-255.16232
0.778,-254.2635
0.78,-253.29108
0.782,-252.67981
0.784,-252.66074
0.786,-252.7154
0.788,-253.13005
0.79,-253.5658
0.792,-253.66136
0.794,-252.72536
0.796,-251.33975
0.798,-249.83835
0.8,-248.65819
0.802,-247.7442
0.804,-247.95834
0.806,-249.4659
0.808,-252.16042
0.81,-255.22734
0.812,-258.7521
0.814,-262.24374
0.816,-265.1687
0.818,-266.57974
0.82,-266.7781
0.822,-265.853
0.824,-264.16806
0.826,-261.83887
0.828,-260.11795
0.83,-259.6436
0.832,-260.66583
0.834,-262.46637
0.836,-264.93835
0.838,-267.2682
0.84,-268.67093
0.842,-268.19983
0.844,-266.44818
0.846,-264.0002
0.848,-261.66647
0.85,-259.72128
0.852,-259.1826
0.854,-260.13107
0.856,-262.16678
0.858,-264.09848
0.86,-265.75555
0.862,-266.6701
0.864,-266.66965
0.866,-265.42276
0.868,-263.90283
0.87,-262.67596
0.872,-262.16678
0.874,-262.0539
0.876,-262.79724
0.878,-264.13885
0.88,-265.669
0.882,-266.50854
0.884,-266.9722
0.886,-267.11887
0.888,-267.16995
0.89,-266.94226
0.892,-267.24402
0.894,-268.20908
0.896,-269.67154
0.898,-270.72614
0.9,-271.47495
0.902,-271.63666
0.904,-271.17252
0.906,-269.87314
0.908,-268.78564
0.91,-268.45862
0.912,-269.17123
0.914,-270.33902
0.916,-272.0863
0.918,-273.8703
0.92,-275.17505
0.922,-275.25552
0.924,-274.75684
0.926,-274.08258
0.928,-273.6741
0.93,-273.3647
0.932,-273.74472
0.934,-274.63983
0.936,-275.67538
0.938,-276.02127
0.94,-276.03503
0.942,-275.83075
0.944,-275.67538
0.946,-275.3971
0.948,-275.68213
0.95,-276.42386
0.952,-277.17633
0.954,-276.85922
0.956,-275.57956
0.958,-273.3508
0.96,-270.67218
0.962,-267.94855
0.964,-266.72723
0.966,-267.6741
0.968,-270.67218
0.97,-274.26526
0.972,-277.50598
0.974,-278.9375
0.976,-277.67664
0.978,-273.3456
0.98,-267.66107
0.982,-262.3988
0.984,-259.16486
0.986,-258.27362
0.988,-260.0092
0.99,-263.18802
0.992,-266.1693
0.994,-267.0705
0.996,-265.8531
0.998,-262.88873
1.0,-259.16486
1.002,-255.3159
1.004,-252.683
1.006,-251.45099
1.008,-251.15977
1.01,-250.53876
1.012,-249.48466
1.014,-247.77722
1.016,-245.65628
1.018,-243.24854
1.02,-241.89069
1.022,-242.26309
1.024,-244.65564
1.026,-248.40697
1.028,-253.53726
1.03,-259.26486
1.032,-264.66837
1.034,-268.42474
1.036,-270.61148
1.038,-271.22467
1.04,-270.67218
1.042,-269.25302
1.044,-268.24042
1.046,-268.18387
1.048,-269.17123
1.05,-270.64362
1.052,-272.27304
1.054,-273.28128
1.056,-273.17377
1.058,-271.97787
1.06,-270.43588
1.062,-269.06168
1.064,-268.1706
1.066,-267.68912
1.068,-267.55884
1.07,-267.2032
1.072,-266.1693
1.074,-263.88574
1.076,-261.5967
1.078,-260.2916
1.08,-260.66583
1.082,-261.84103
1.084,-263.85516
1.086,-265.74457
1.088,-266.66965
1.09,-265.687
1.092,-263.9884
1.094,-262.66946
1.096,-262.66708
1.098,-263.7025
1.1,-265.90167
1.102,-268.4665
1.104,-270.67218
1.106,-271.72913
1.108,-272.27603
1.11,-272.25372
1.112,-270.67218
1.114,-264.85947
1.116,-252.46812
1.118,-231.02322
1.12,-199.627
1.122,-159.18774
1.124,-113.65359
1.126,-67.17569
1.128,-23.01464
1.13,17.880627
1.132,55.092957
1.134,88.83444
1.136,117.5748
1.138,137.23558
1.14,139.9917
1.142,117.89667
1.144,65.541695
1.146,-16.643204
1.148,-122.589386
1.15,-240.00128
1.152,-353.72504
1.154,-449.1238
1.156,-516.8825
1.158,-553.2562
1.16,-560.3565
1.162,-544.03973
1.164,-512.9948
1.166,-475.15103
1.168,-436.77786
1.17,-401.58228
1.172,-372.28622
1.174,-349.524
1.176,-332.71167
1.178,-320.02866
1.18,-310.27072
1.182,-301.85104
1.184,-293.68683
1.186,-285.0425
1.188,-276.92242
1.19,-270.22095
1.192,-265.669
1.194,-263.00903
1.196,-262.27414
1.198,-262.51443
1.2,-262.66708
1.202,-261.61505
1.204,-259.63858
1.206,-257.12912
1.208,-254.662
1.21,-252.41904
1.212,-250.7867
1.214,-249.75835
1.216,-249.15851
1.218,-248.59488
1.22,-247.99022
1.222,-247.47386
1.224,-247.15723
1.226,-246.74712
1.228,-246.05994
1.23,-244.88893
1.232,-243.15468
1.234,-240.5455
1.236,-238.00499
1.238,-235.94423
1.24,-234.64928
1.242,-233.63675
1.244,-233.56102
1.246,-233.92433
1.248,-234.14896
1.25,-233.438
1.252,-232.53496
1.254,-231.69667
1.256,-231.14705
1.258,-230.53476
1.26,-230.24837
1.262,-229.92114
1.264,-229.14577
1.266,-227.34398
1.268,-225.16072
1.27,-222.96754
1.272,-221.14069
1.274,-219.53632
1.276,-218.56853
1.278,-217.92226
1.28,-217.13814
1.282,-215.50974
1.284,-213.4066
1.286,-211.00993
1.288,-208.63272
1.29,-206.25316
1.292,-204.50839
1.294,-203.37749
1.296,-202.6289
1.298,-201.63374
1.3,-200.60625
1.302,-199.44316
1.304,-198.12604
1.306,-196.38216
1.308,-194.71541
1.31,-193.15085
1.312,-191.6219
1.314,-189.71198
1.316,-187.7699
1.318,-185.74985
1.32,-183.6168
1.322,-181.07617
1.324,-178.63359
1.326,-176.43198
1.328,-174.61108
1.33,-172.98329
1.332,-172.06448
1.334,-171.84012
1.336,-172.10948
1.338,-172.20865
1.34,-172.17952
1.342,-171.70795
1.344,-170.60854
1.346,-168.58078
1.348,-166.28085
1.35,-164.03952
1.352,-162.10312
1.354,-160.23314
1.356,-158.78926
1.358,-157.63237
1.36,-156.59962
1.362,-155.2738
1.364,-154.15648
1.366,-153.40863
1.368,-153.0974
1.37,-152.76051
1.372,-152.58
1.374,-152.27385
1.376,-151.59644
1.378,-150.09988
1.38,-148.38142
1.382,-146.78467
1.384,-145.59262
1.386,-144.50296
1.388,-143.84926
1.39,-143.44478
1.392,-143.09103
1.394,-142.32646
1.396,-141.76132
1.398,-141.755
1.4,-142.59071
1.402,-143.90062
1.404,-145.91339
1.406,-148.28319
1.408,-150.59581
1.41,-152.12949
1.412,-153.24979
1.414,-154.15948
1.416,-155.09866
1.418,-155.78035
1.42,-156.62997
1.422,-157.5978
1.424,-158.60089
1.426,-159.21375
1.428,-160.07373
1.43,-161.58545
1.432,-164.1044
1.434,-167.33607
1.436,-171.57559
1.438,-176.50081
1.44,-181.61554
1.442,-185.99643
1.444,-189.78555
1.446,-193.06403
1.448,-196.12477
1.45,-198.91432
1.452,-202.16577
1.454,-206.09155
1.456,-210.634
1.458,-215.08162
1.46,-219.46521
1.462,-223.52989
1.464,-227.1445
1.466,-229.92227
1.468,-232.46684
1.47,-235.12471
1.472,-238.1515
1.474,-241.1839
1.476,-244.46394
1.478,-247.73936
1.48,-250.65945
1.482,-252.49652
1.484,-253.52432
1.486,-253.94836
1.488,-254.16168
1.49,-254.1972
1.492,-254.88905
1.494,-256.54495
1.496,-259.16486
1.498,-262.01105
1.5,-265.03848
1.502,-267.853
1.504,-270.17188
1.506,-271.4702
1.508,-272.29504
1.51,-272.95227
1.512,-273.6741
1.514,-274.0656
1.516,-274.40906
1.518,-274.51443
1.52,-274.1744
1.522,-272.8406
1.524,-271.0802
1.526,-269.23865
1.528,-267.6703
1.53,-266.1613
1.532,-265.25916
1.534,-264.96252
1.536,-265.1687
1.538,-265.30594
1.54,-265.79794
1.542,-266.6342
1.544,-267.6703
1.546,-268.12766
1.548,-268.14005
1.55,-267.48227
1.552,-266.1693
1.554,-264.09628
1.556,-262.45142
1.558,-261.99582
1.56,-263.16742
1.562,-265.38873
1.564,-268.5996
1.566,-271.9646
1.568,-274.67474
1.57,-275.78943
1.572,-275.9198
1.574,-275.54736
1.576,-275.17505
1.578,-274.5707
1.58,-274.20773
1.582,-273.83026
1.584,-273.17377
1.586,-271.73672
1.588,-270.4602
1.59,-269.95972
1.592,-270.67218
1.594,-272.0776
1.596,-274.2039
1.598,-276.1969
1.6,-277.17633
1.602,-276.16003
1.604,-273.8727
1.606,-271.0665
1.608,-268.67093
1.61,-266.9234
1.612,-266.64078
1.614,-267.5973
1.616,-269.17123
1.618,-270.19052
1.62,-270.73404
1.622,-270.69217
1.624,-270.17188
1.626,-268.8982
1.628,-267.6539
1.63,-266.67972
1.632,-266.1693
1.634,-265.84637
1.636,-266.46274
1.638,-268.1351
1.64,-270.67218
1.642,-273.0789
1.644,-275.1783
1.646,-276.33063
1.648,-276.1757
1.65,-274.37527
1.652,-272.111
1.654,-270.2937
1.656,-269.67154
1.658,-270.06174
1.66,-271.76328
1.662,-274.09702
1.664,-276.1757
1.666,-276.80353
1.668,-276.27933
1.67,-274.87982
1.672,-273.17377
1.674,-271.28586
1.676,-270.1786
1.678,-269.92197
1.68,-270.17188
1.682,-269.87878
1.684,-269.1029
1.686,-267.6525
1.688,-265.669
1.69,-263.12927
1.692,-261.17596
1.694,-260.31534
1.696,-260.66583
1.698,-261.43796
1.7,-262.58112
1.702,-263.47592
1.704,-263.66772
1.706,-262.58444
1.708,-261.07013
1.71,-259.63785
1.712,-258.66455
1.714,-257.72443
1.716,-257.09677
1.718,-256.3677
1.72,-255.16232
1.722,-252.9262
1.724,-250.57373
1.726,-248.77954
1.728,-248.15787
1.73,-248.49586
1.732,-250.17886
1.734,-252.65456
1.736,-255.16232
1.738,-256.58667
1.74,-257.27133
1.742,-257.47247
1.744,-257.6639
1.746,-257.79413
1.748,-258.63657
1.75,-260.07837
1.752,-261.66647
1.754,-262.34167
1.756,-262.24405
1.758,-261.28714
1.76,-259.6652
1.762,-257.31873
1.764,-255.28906
1.766,-254.0103
1.768,-253.66136
1.77,-253.71754
1.772,-254.45021
1.774,-255.54346
1.776,-256.66327
1.778,-257.12195
1.78,-257.41626
1.782,-257.7019
1.784,-258.16425
1.786,-258.46835
1.788,-259.20682
1.79,-260.3362
1.792,-261.66647
1.794,-262.47836
1.796,-263.1577
1.798,-263.7018
1.8,-264.16806
1.802,-264.16522
1.804,-264.3492
1.806,-264.8432
1.808,-265.669
1.81,-266.28775
1.812,-267.14523
1.814,-268.16092
1.816,-269.17123
1.818,-269.4847
1.82,-269.4932
1.822,-269.19354
1.824,-268.67093
1.826,-267.5912
1.828,-266.66525
1.83,-265.9438
1.832,-265.1687
1.834,-263.3301
1.836,-260.41443
1.838,-256.13608
1.84,-250.65945
1.842,-244.241
1.844,-238.58891
1.846,-234.95811
1.848,-234.14896
1.85,-235.73685
1.852,-239.5498
1.854,-244.43347
1.856,-249.15851
1.858,-252.41008
1.86,-254.56427
1.862,-256.08694
1.864,-257.6639
1.866,-259.34146
1.868,-261.79898
1.87,-264.76733
1.872,-267.6703
1.874,-269.52563
1.876,-270.54483
1.878,-270.81696
1.88,-270.67218
1.882,-270.31415
1.884,-270.34808
1.886,-270.716
1.888,-271.17252
1.89,-271.50455
1.892,-271.8795
1.894,-272.25714
1.896,-272.67346
1.898,-273.194
1.9,-274.0779
1.902,-275.05002
1.904,-275.67538
1.906,-275.037
1.908,-273.6546
1.91,-271.77213
1.912,-269.67154
1.914,-266.636
1.916,-263.58
1.918,-260.80014
1.92,-258.66455
1.922,-256.88794
1.924,-256.56512
1.926,-257.93317
1.928,-260.66583
1.93,-263.32172
1.932,-265.415
1.934,-266.3241
1.936,-266.1693
1.938,-265.30087
1.94,-265.34744
1.942,-266.70407
1.944,-268.1706
1.946,-266.32202
1.948,-257.83035
1.95,-239.38026
1.952,-209.63336
1.954,-169.53792
1.956,-123.4564
1.958,-76.076904
1.96,-31.019733
1.962,10.822049
1.964,49.538544
1.966,86.183815
1.968,120.076385
1.97,147.5869
1.972,160.5449
1.974,149.70885
1.976,107.56843
1.978,32.141064
1.98,-72.60868
1.982,-195.42755
1.984,-320.704
1.986,-431.81018
1.988,-516.46796
1.99,-567.7668
1.992,-585.3724
1.994,-574.03107
1.996,-542.873
1.998,-501.3796
2.0,-457.79123
2.002,-417.4604
2.004,-384.02295
2.006,-358.24802
2.008,-339.2158
2.01,-324.70642
2.012,-313.43198
2.014,-304.02097
2.016,-295.6881
2.018,-287.74396
2.02,-280.91196
2.022,-275.5073
2.024,-271.67282
2.026,-268.83276
2.028,-267.22855
2.03,-266.4832
2.032,-266.1693
2.034,-265.49185
2.036,-264.64575
2.038,-263.5355
2.04,-262.16678
2.042,-260.3682
2.044,-258.6936
2.046,-257.65268
2.048,-257.6639
2.05,-258.6298
2.052,-260.34897
2.054,-262.39697
2.056,-264.16806
2.058,-264.81113
2.06,-263.97092
2.062,-261.7579
2.064,-258.66455
2.066,-254.90797
2.068,-251.72615
2.07,-249.58812
2.072,-248.65819
2.074,-248.24557
2.076,-248.96132
2.078,-250.29352
2.08,-251.6601
2.082,-252.1549
2.084,-252.45142
2.086,-252.70772
2.088,-253.16106
2.09,-253.58824
2.092,-254.66722
2.094,-256.20233
2.096,-257.6639
2.098,-257.94183
2.1,-256.97827
2.102,-254.49992
2.104,-250.65945
2.106,-245.67538
2.108,-240.9726
2.11,-237.45941
2.112,-235.64992
2.114,-235.10574
2.116,-235.75607
2.118,-236.73271
2.12,-237.15086
2.122,-236.08012
2.124,-233.97862
2.126,-231.28967
2.128,-228.64546
2.13,-226.23077
2.132,-224.79811
2.134,-224.24951
2.136,-224.1426
2.138,-223.54036
2.14,-222.49722
2.142,-220.84279
2.144,-218.63908
2.146,-215.7551
2.148,-212.9855
2.15,-210.58574
2.152,-208.63272
2.154,-206.69728
2.156,-205.15942
2.158,-203.9745
2.16,-203.12923
2.162,-202.27766
2.164,-201.94763
2.166,-202.12735
2.168,-202.6289
2.17,-202.73903
2.172,-202.58511
2.174,-201.9132
2.176,-200.62762
2.178,-198.47845
2.18,-196.3228
2.182,-194.60895
2.184,-193.62317
2.186,-192.97281
2.188,-192.88821
2.19,-192.93597
2.192,-192.62254
2.194,-191.21512
2.196,-189.17346
2.198,-186.81941
2.2,-184.61745
2.202,-182.58926
2.204,-181.50998
2.206,-181.4344
2.208,-182.11586
2.21,-182.69975
2.212,-183.2645
2.214,-183.58684
2.216,-183.6168
2.218,-183.03613
2.22,-182.59225
2.222,-182.57803
2.224,-183.11649
2.226,-183.66391
2.228,-184.5248
2.23,-185.54468
2.232,-186.61871
2.234,-187.27802
2.236,-188.15086
2.238,-189.42883
2.24,-191.12158
2.242,-192.515
2.244,-193.76279
2.246,-194.6411
2.248,-195.12413
2.25,-194.98645
2.252,-195.2561
2.254,-196.54265
2.256,-199.12668
2.258,-202.27022
2.26,-205.80656
2.262,-208.96475
2.264,-211.13431
2.266,-211.68213
2.268,-211.57088
2.27,-211.74968
2.272,-213.13559
2.274,-215.71495
2.276,-219.85681
2.278,-224.96375
2.28,-230.14641
2.282,-234.12436
2.284,-237.04523
2.286,-239.18451
2.288,-241.15341
2.29,-243.11307
2.292,-245.9819
2.294,-249.9109
2.296,-254.662
2.298,-259.27994
2.3,-263.81372
2.302,-268.1012
2.304,-272.17316
2.306,-275.6855
2.308,-279.29678
2.31,-283.15417
2.312,-287.1827
2.314,-290.6101
2.316,-293.59164
2.318,-295.95734
2.32,-297.6894
2.322,-298.45743
2.324,-299.10165
2.326,-300.083
2.328,-301.69193
2.33,-303.41913
2.332,-305.49915
2.334,-307.56512
2.336,-309.1967
2.338,-309.58713
2.34,-309.22513
2.342,-308.44467
2.344,-307.69574
2.346,-306.8529
2.348,-306.66626
2.35,-307.18744
2.352,-308.19608
2.354,-308.78812
2.356,-309.13748
2.358,-309.10507
2.36,-308.69638
2.362,-307.51505
2.364,-306.34534
2.366,-305.50372
2.368,-305.19415
2.37,-304.942
2.372,-305.25623
2.374,-306.06387
2.376,-307.19543
2.378,-307.89044
2.38,-308.56754
2.382,-309.18265
2.384,-309.69702
2.386,-309.5161
2.388,-309.2803
2.39,-309.13037
2.392,-309.1967
2.394,-309.01746
2.396,-309.33575
2.398,-310.25333
2.4,-311.6983
2.402,-312.8538
2.404,-314.05463
2.406,-315.06235
2.408,-315.70084
2.41,-315.367
2.412,-314.88266
2.414,-314.57846
2.416,-314.7002
2.418,-314.7355
2.42,-315.26733
2.422,-316.15918
2.424,-317.20178
2.426,-317.6395
2.428,-318.08536
2.43,-318.61145
2.432,-319.20306
2.434,-319.12238
2.436,-318.82904
2.438,-318.19952
2.44,-317.20178
2.442,-315.42294
2.444,-313.91364
2.446,-313.2126
2.448,-313.69955
2.45,-314.8778
2.452,-317.16644
2.454,-320.13428
2.456,-323.2056
2.458,-325.29156
2.46,-326.81464
2.462,-327.876
2.464,-328.7091
2.466,-328.95737
2.468,-329.4135
2.47,-330.07416
2.472,-330.7104
2.474,-330.40723
2.476,-329.63412
2.478,-328.47644
2.48,-327.20816
2.482,-325.63507
2.484,-324.82346
2.486,-325.04364
2.488,-326.20752
2.49,-327.3153
2.492,-328.49957
2.494,-329.3588
2.496,-329.70975
2.498,-329.1021
2.5,-328.64966
2.502,-328.91888
2.504,-330.21005
2.506,-331.7956
2.508,-333.76984
2.51,-335.34418
2.512,-335.71356
2.514,-333.82477
2.516,-330.47638
2.518,-326.4233
2.52,-322.7053
2.522,-319.71164
2.524,-318.752
2.526,-319.9314
2.528,-322.7053
2.53,-325.52728
2.532,-328.06842
2.534,-329.6894
2.536,-330.21005
2.538,-329.3494
2.54,-328.49734
2.542,-328.4627
2.544,-329.70975
2.546,-331.55045
2.548,-334.1239
2.55,-336.62598
2.552,-338.21515
2.554,-337.74844
2.556,-335.92847
2.558,-333.31924
2.56,-330.7104
2.562,-328.23828
2.564,-327.06836
2.566,-327.32834
2.568,-328.7091
2.57,-330.02872
2.572,-331.35526
2.574,-332.2081
2.576,-332.21133
2.578,-330.5531
2.58,-328.00903
2.582,-325.0099
2.584,-322.205
2.586,-319.75635
2.588,-319.09366
2.59,-320.65033
2.592,-324.20624
2.594,-328.24832
2.596,-332.1806
2.598,-334.76843
2.6,-335.21326
2.602,-332.90503
2.604,-329.4089
2.606,-326.20334
2.608,-324.70657
2.61,-325.16812
2.612,-328.26328
2.614,-333.2182
2.616,-338.71548
2.618,-342.836
2.62,-345.34964
2.622,-346.0399
2.624,-345.2196
2.626,-342.93552
2.628,-340.5447
2.63,-338.57788
2.632,-337.2145
2.634,-335.7694
2.636,-334.7572
2.638,-334.084
2.64,-333.71228
2.642,-333.0987
2.644,-333.06268
2.646,-333.7666
2.648,-335.21326
2.65,-336.63498
2.652,-338.45917
2.654,-340.42184
2.656,-342.2177
2.658,-342.9899
2.66,-343.33768
2.662,-343.3634
2.664,-343.21835
2.666,-342.46948
2.668,-341.97037
2.67,-341.885
2.672,-342.2177
2.674,-342.2164
2.676,-342.3313
2.678,-342.29266
2.68,-341.71738
2.682,-339.58493
2.684,-336.3253
2.686,-331.94785
2.688,-326.70782
2.69,-320.53293
2.692,-314.8703
2.694,-310.56302
2.696,-308.19608
2.698,-307.34
2.7,-308.45306
2.702,-310.99368
2.704,-314.1999
2.706,-316.73846
2.708,-318.8569
2.71,-320.46805
2.712,-321.70465
2.714,-322.2264
2.716,-323.02286
2.718,-324.33957
2.72,-326.20752
2.722,-327.9142
2.724,-329.89108
2.726,-331.90802
2.728,-333.71228
2.73,-334.71918
2.732,-335.34036
2.734,-335.50073
2.736,-335.21326
2.738,-334.4349
2.74,-333.90024
2.742,-333.80624
2.744,-334.21262
2.746,-334.9478
2.748,-336.19934
2.75,-337.57748
2.752,-338.71548
2.754,-339.01413
2.756,-339.2966
2.758,-339.85867
2.76,-340.71674
2.762,-340.54367
2.764,-339.72784
2.766,-338.05524
2.768,-335.71356
2.77,-332.45755
2.772,-330.11093
2.774,-329.52017
2.776,-330.7104
2.778,-332.02792
2.78,-332.7549
2.782,-331.82974
2.784,-329.20944
2.786,-325.46875
2.788,-323.2623
2.79,-324.11087
2.792,-327.70847
2.794,-330.7797
2.796,-329.61108
2.798,-319.7805
2.8,-298.69
2.802,-266.30524
2.804,-226.96318
2.806,-185.91429
2.808,-147.59389
2.81,-113.17303
2.812,-81.99557
2.814,-50.943676
2.816,-17.51114
2.818,18.233412
2.82,50.505737
2.822,70.43711
2.824,68.04329
2.826,36.16925
2.828,-28.440056
2.83,-121.856606
2.832,-234.14896
2.834,-351.11087
2.836,-459.22757
2.838,-546.67206
2.84,-605.88544
2.842,-633.81934
2.844,-633.4722
2.846,-610.8282
2.848,-573.86505
2.85,-530.35583
2.852,-488.19534
2.854,-452.4224
2.856,-425.27054
2.858,-405.80148
2.86,-392.4856
2.862,-382.4664
2.864,-373.23743
2.866,-362.8728
2.868,-352.02377
2.87,-341.71146
2.872,-333.21198
2.874,-326.86798
2.876,-323.48007
2.878,-322.46146
2.88,-322.7053
2.882,-322.54352
2.884,-321.8094
2.886,-320.29535
2.888,-318.20242
2.89,-315.52557
2.892,-313.117
2.894,-311.32132
2.896,-310.19733
2.898,-309.21762
2.9,-308.39236
2.902,-307.68823
2.904,-307.19543
2.906,-306.75702
2.908,-306.6346
2.91,-306.97226
2.912,-307.69574
2.914,-307.99347
2.916,-307.88748
2.918,-307.00208
2.92,-305.19415
2.922,-301.9959
2.924,-298.87067
2.926,-296.3284
2.928,-294.68747
2.93,-293.40903
2.932,-293.2789
2.934,-293.8906
2.936,-294.68747
2.938,-294.6849
2.94,-294.46954
2.942,-294.10645
2.944,-293.68683
2.946,-292.7219
2.948,-291.78912
2.95,-290.69083
2.952,-289.18396
2.954,-286.68607
2.956,-283.96725
2.958,-281.36484
2.96,-279.1776
2.962,-277.07956
2.964,-275.6119
2.966,-274.5691
2.968,-273.6741
2.97,-272.3054
2.972,-271.08813
2.974,-270.18463
2.976,-269.67154
2.978,-269.00613
2.98,-268.53207
2.982,-267.98383
2.984,-267.16995
2.986,-265.68192
2.988,-264.35452
2.99,-263.4975
2.992,-263.16742
2.994,-262.61816
2.996,-261.85938
2.998,-260.31595
3.0,-257.6639
3.002,-253.65184
3.004,-249.5572
3.006,-246.32649
3.008,-244.65564
3.01,-244.2278
3.012,-245.11777
3.014,-246.42209
3.016,-247.15723
3.018,-246.25435
3.02,-244.28839
3.022,-241.83572
3.024,-239.65245
3.026,-237.85509
3.028,-237.1383
3.03,-237.14525
3.032,-237.15086
3.034,-235.96791
3.036,-233.80542
3.038,-230.84174
3.04,-227.64482
3.042,-224.48367
3.044,-222.52426
3.046,-222.0091
3.048,-222.64163
3.05,-223.26183
3.052,-223.65724
3.054,-223.321
3.056,-222.14131
3.058,-219.96758
3.06,-218.0186
3.062,-216.9771
3.064,-217.13814
3.066,-217.76683
3.068,-218.77086
3.07,-219.40779
3.072,-219.1394
3.074,-217.4244
3.076,-215.44208
3.078,-214.21426
3.08,-214.63654
3.082,-216.5427
3.084,-220.15596
3.086,-224.58076
3.088,-228.64546
3.09,-230.87152
3.092,-231.4618
3.094,-230.79254
3.096,-229.64609
3.098,-228.32281
3.1,-228.00798
3.102,-228.99007
3.104,-231.14705
3.106,-233.56734
3.108,-236.4114
3.11,-239.37852
3.112,-242.15405
3.114,-243.876
3.116,-244.87016
3.118,-245.18585
3.12,-245.15596
3.122,-244.87505
3.124,-245.67752
3.126,-248.23839
3.128,-252.66074
3.13,-257.79407
3.132,-263.079
3.134,-267.4269
3.136,-270.17188
3.138,-270.88998
3.14,-271.06256
3.142,-272.1073
3.144,-275.17505
3.146,-280.06967
3.148,-286.69473
3.15,-293.7465
3.152,-299.69064
3.154,-302.85925
3.156,-303.53043
3.158,-302.4059
3.16,-300.69128
3.162,-299.05322
3.164,-298.82812
3.166,-300.29874
3.168,-303.19287
3.17,-306.40976
3.172,-309.98026
3.174,-313.63208
3.176,-317.20178
3.178,-319.9807
3.18,-322.30197
3.182,-323.95215
3.184,-324.70657
3.186,-323.93573
3.188,-322.3979
3.19,-320.62213
3.192,-319.20306
3.194,-318.06204
3.196,-318.03018
3.198,-319.1556
3.2,-321.20435
3.202,-323.2331
3.204,-325.4134
3.206,-327.4794
3.208,-329.20944
3.21,-329.8848
3.212,-330.0288
3.214,-329.75064
3.216,-329.20944
3.218,-328.0359
3.22,-327.07877
3.222,-326.60184
3.224,-326.70782
3.226,-326.75354
3.228,-327.15536
3.23,-327.71613
3.232,-328.2088
3.234,-327.89462
3.236,-327.4131
3.238,-326.95004
3.24,-326.70782
3.242,-326.257
3.244,-326.3149
3.246,-326.8665
3.248,-327.70847
3.25,-327.95752
3.252,-328.03235
3.254,-327.90994
3.256,-327.70847
3.258,-327.076
3.26,-326.99255
3.262,-327.71603
3.264,-329.20944
3.266,-330.5304
3.268,-331.80518
3.27,-332.50162
3.272,-332.21133
3.274,-330.25433
3.276,-327.6387
3.278,-325.0537
3.28,-323.2056
3.282,-321.9945
3.284,-322.2626
3.286,-323.8402
3.288,-326.20752
3.29,-328.1053
3.292,-329.65753
3.294,-330.56412
3.296,-330.7104
3.298,-329.56015
3.3,-328.0251
3.302,-326.46497
3.304,-325.20688
3.306,-323.92142
3.308,-323.48273
3.31,-323.97256
3.312,-325.20688
3.314,-326.18854
3.316,-327.16672
3.318,-327.8667
3.32,-328.2088
3.322,-327.78333
3.324,-327.6631
3.326,-328.2696
3.328,-329.70975
3.33,-331.0849
3.332,-332.45697
3.334,-333.16626
3.336,-332.71167
3.338,-330.43668
3.34,-327.49832
3.342,-324.7937
3.344,-323.2056
3.346,-322.69183
3.348,-323.97287
3.35,-326.59778
3.352,-329.70975
3.354,-331.7992
3.356,-332.92566
3.358,-332.97147
3.36,-332.21133
3.362,-330.5801
3.364,-329.3247
3.366,-328.86124
3.368,-329.20944
3.37,-329.44803
3.372,-329.80063
3.374,-329.9342
3.376,-329.70975
3.378,-328.6714
3.38,-327.89322
3.382,-327.83847
3.384,-328.7091
3.386,-329.74496
3.388,-331.13834
3.39,-332.30618
3.392,-332.71167
3.394,-331.52298
3.396,-329.59808
3.398,-327.47552
3.4,-325.7072
3.402,-324.0483
3.404,-323.22903
3.406,-323.06732
3.408,-323.2056
3.41,-322.7589
3.412,-322.32968
3.414,-322.08765
3.416,-322.205
3.418,-322.12613
3.42,-322.41907
3.422,-322.87128
3.424,-323.2056
3.426,-322.6654
3.428,-322.01978
3.43,-321.59763
3.432,-321.70465
3.434,-321.8853
3.436,-322.76672
3.438,-324.1501
3.44,-325.7072
3.442,-326.55917
3.444,-327.28348
3.446,-327.97165
3.448,-328.7091
3.45,-328.89804
3.452,-329.0948
3.454,-329.11548
3.456,-328.7091
3.458,-327.1397
3.46,-325.1766
3.462,-323.20535
3.464,-321.70465
3.466,-320.5482
3.468,-320.61966
3.47,-321.83713
3.472,-323.70593
3.474,-324.92365
3.476,-325.44693
3.478,-324.87723
3.48,-323.2056
3.482,-320.30945
3.484,-317.6352
3.486,-316.0704
3.488,-316.20114
3.49,-317.561
3.492,-320.42847
3.494,-324.1007
3.496,-327.70847
3.498,-329.94513
3.5,-331.14548
3.502,-331.44302
3.504,-331.2107
3.506,-330.28064
3.508,-329.63068
3.51,-329.34967
3.512,-329.20944
3.514,-328.23642
3.516,-326.83624
3.518,-325.05746
3.52,-323.2056
3.522,-321.169
3.524,-320.09338
3.526,-320.20514
3.528,-321.20435
3.53,-321.71893
3.532,-321.43423
3.534,-319.5476
3.536,-315.70084
3.538,-309.61615
3.54,-302.95847
3.542,-297.091
3.544,-293.18652
3.546,-291.26678
3.548,-291.85336
3.55,-294.1994
3.552,-297.18906
3.554,-299.22214
3.556,-300.43597
3.558,-300.93094
3.56,-301.19162
3.562,-301.23422
3.564,-302.1905
3.566,-304.24414
3.568,-307.19543
3.57,-310.0694
3.572,-313.09827
3.574,-316.02792
3.576,-318.70276
3.578,-320.60205
3.58,-322.30487
3.582,-323.83167
3.584,-325.20688
3.586,-326.24283
3.588,-327.4621
3.59,-328.7312
3.592,-329.70975
3.594,-329.83426
3.596,-329.12256
3.598,-327.35455
3.6,-324.70657
3.602,-321.54703
3.604,-319.38464
3.606,-319.04797
3.608,-320.704
3.61,-322.8875
3.612,-325.2462
3.614,-326.62863
3.616,-326.20752
3.618,-322.90814
3.62,-318.28864
3.622,-313.74927
3.624,-310.69766
3.626,-309.30496
3.628,-310.41058
3.63,-313.42908
3.632,-317.20178
3.634,-319.8351
3.636,-321.10202
3.638,-320.7922
3.64,-319.20306
3.642,-316.2351
3.644,-312.72525
3.646,-308.18518
3.648,-301.19162
3.65,-289.1384
3.652,-270.7183
3.654,-244.91925
3.656,-212.13495
3.658,-173.68124
3.66,-133.03465
3.662,-93.111374
3.664,-56.03565
3.666,-22.420904
3.668,6.2375817
3.67,28.315569
3.672,40.52578
3.674,38.289783
3.676,14.997487
3.678,-34.007896
3.68,-109.5697
3.682,-206.53188
3.684,-315.52386
3.686,-422.9636
3.688,-514.8275
3.69,-579.62354
3.692,-612.7205
3.694,-615.31824
3.696,-593.8778
3.698,-557.16016
3.7,-515.1918
3.702,-475.2313
3.704,-441.28073
3.706,-413.76605
3.708,-392.2839
3.71,-375.10822
3.712,-360.7295
3.714,-347.83685
3.716,-336.97534
3.718,-328.40555
3.72,-322.205
3.722,-317.5121
3.724,-314.23462
3.726,-311.53156
3.728,-308.69638
3.73,-304.959
3.732,-301.1984
3.734,-298.07358
3.736,-296.18842
3.738,-295.3222
3.74,-295.71194
3.742,-296.75394
3.744,-297.6894
3.746,-297.60907
3.748,-296.7701
3.75,-295.72305
3.752,-295.18777
3.754,-295.3208
3.756,-296.27094
3.758,-297.63208
3.76,-298.69
3.762,-298.35684
3.764,-296.6453
3.766,-293.84622
3.768,-290.68494
3.77,-287.4035
3.772,-285.49316
3.774,-285.06998
3.776,-285.68173
3.778,-285.9259
3.78,-286.00415
3.782,-285.3399
3.784,-283.68048
3.786,-280.67148
3.788,-277.63885
3.79,-275.19843
3.792,-273.6741
3.794,-272.4951
3.796,-271.92847
3.798,-271.4621
3.8,-270.67218
3.802,-269.00894
3.804,-267.3852
3.806,-266.3196
3.808,-266.1693
3.81,-266.4689
3.812,-267.42953
3.814,-268.4971
3.816,-269.17123
3.818,-268.83618
3.82,-268.33606
3.822,-268.17615
3.824,-268.67093
3.826,-269.24423
3.828,-269.86334
3.83,-269.72394
3.832,-268.1706
3.834,-264.66144
3.836,-260.3682
3.838,-256.36984
3.84,-253.66136
3.842,-252.26302
3.844,-252.47847
3.846,-253.46536
3.848,-254.16168
3.85,-253.37943
3.852,-251.56688
3.854,-249.24362
3.856,-247.15723
3.858,-245.4505
3.86,-244.8151
3.862,-244.93057
3.864,-245.15596
3.866,-244.44102
3.868,-243.03899
3.87,-241.02707
3.872,-238.65182
3.874,-235.72823
3.876,-232.98225
3.878,-230.56905
3.88,-228.64546
3.882,-227.03378
3.884,-226.63538
3.886,-227.72229
3.888,-230.14641
3.89,-232.7844
3.892,-235.12898
3.894,-236.14005
3.896,-235.1496
3.898,-231.75458
3.9,-227.33992
3.902,-223.23428
3.904,-220.64037
3.906,-219.69481
3.908,-220.74959
3.91,-222.95706
3.912,-225.14323
3.914,-225.84155
3.916,-225.22812
3.918,-223.60426
3.92,-221.641
3.922,-219.546
3.924,-218.32414
3.926,-218.09885
3.928,-218.63908
3.93,-219.08018
3.932,-219.72324
3.934,-220.55319
3.936,-221.641
3.938,-222.52504
3.94,-223.7269
3.942,-225.16057
3.944,-226.64418
3.946,-227.50053
3.948,-228.26305
3.95,-229.0929
3.952,-230.14641
3.954,-230.97496
3.956,-232.11325
3.958,-233.53377
3.96,-235.1496
3.962,-236.38065
3.964,-237.75537
3.966,-239.3527
3.968,-241.15341
3.97,-242.48962
3.972,-243.71794
3.974,-244.76393
3.976,-245.65628
3.978,-246.05872
3.98,-246.89964
3.982,-248.66476
3.984,-251.6601
3.986,-255.36336
3.988,-259.96976
3.99,-264.95758
3.992,-269.67154
3.994,-273.02637
3.996,-275.30215
3.998,-276.69476
4.0,-277.67664
4.002,-278.3142
4.004,-279.64566
4.006,-281.97165
4.008,-285.18143
4.01,-288.29773
4.012,-291.2903
4.014,-293.79144
4.016,-295.6881
4.018,-296.64465
4.02,-297.61288
4.022,-299.06934
4.024,-301.19162
4.026,-303.2041
4.028,-305.08237
4.03,-306.2267
4.032,-306.1948
4.034,-304.43472
4.036,-302.0144
4.038,-299.92505
4.04,-299.19034
4.042,-299.96622
4.044,-302.90787
4.046,-307.51035
4.048,-312.6989
4.05,-316.64923
4.052,-318.8782
4.054,-318.98007
4.056,-317.20178
4.058,-313.79355
4.06,-310.40005
4.062,-308.03323
4.064,-307.19543
4.066,-307.21027
4.068,-308.06674
4.07,-309.0772
4.072,-309.69702
4.074,-309.23413
4.076,-308.6005
4.078,-308.4217
4.08,-309.1967
4.082,-310.47888
4.084,-312.55325
4.086,-314.84335
4.088,-316.70148
4.09,-317.17017
4.092,-316.91318
4.094,-316.4066
4.096,-316.20114
4.098,-316.08234
4.1,-316.69373
4.102,-317.74283
4.104,-318.70276
4.106,-318.5182
4.108,-317.67145
4.11,-316.4165
4.112,-315.20053
4.114,-313.8958
4.116,-313.41623
4.118,-313.78293
4.12,-314.7002
4.122,-315.1782
4.124,-315.54886
4.126,-315.8163
4.128,-316.20114
4.13,-316.46844
4.132,-317.57144
4.134,-319.59744
4.136,-322.205
4.138,-324.11954
4.14,-325.2202
4.142,-324.96475
4.144,-323.2056
4.146,-319.755
4.148,-316.1128
4.15,-313.33713
4.152,-312.1986
4.154,-312.32172
4.156,-313.94702
4.158,-316.24377
4.16,-318.20242
4.162,-318.4834
4.164,-317.53906
4.166,-315.8346
4.168,-314.1999
4.17,-312.93967
4.172,-313.30075
4.174,-315.3916
4.176,-318.70276
4.178,-321.74216
4.18,-324.20667
4.182,-325.4433
4.184,-325.20688
4.186,-323.13297
4.188,-320.47754
4.19,-317.9871
4.192,-316.20114
4.194,-314.7449
4.196,-314.1772
4.198,-314.26105
4.2,-314.7002
4.202,-314.74985
4.204,-315.08563
4.206,-315.88226
4.208,-317.20178
4.21,-318.30984
4.212,-319.5199
4.214,-320.4371
4.216,-320.704
4.218,-319.63394
4.22,-318.1461
4.222,-316.812
4.224,-316.20114
4.226,-316.08063
4.228,-317.09872
4.23,-318.87704
4.232,-320.704
4.234,-321.2563
4.236,-320.65796
4.238,-318.8571
4.24,-316.20114
4.242,-312.77847
4.244,-310.01596
4.246,-308.57318
4.248,-308.69638
4.25,-309.6156
4.252,-311.50766
4.254,-313.8528
4.256,-316.20114
4.258,-317.74146
4.26,-319.1351
4.262,-320.48563
4.264,-321.70465
4.266,-321.8658
4.268,-321.20175
4.27,-319.45212
4.272,-316.70148
4.274,-312.9464
4.276,-309.83514
4.278,-308.40967
4.28,-309.1967
4.282,-311.36716
4.284,-314.58414
4.286,-317.56552
4.288,-319.20306
4.29,-318.52026
4.292,-316.59705
4.294,-314.4851
4.296,-313.19925
4.298,-312.65857
4.3,-313.19244
4.302,-313.90097
4.304,-313.69955
4.306,-311.3798
4.308,-307.742
4.31,-303.75482
4.312,-300.69128
4.314,-299.0304
4.316,-299.8613
4.318,-302.8908
4.32,-307.19543
4.322,-311.07623
4.324,-314.3083
4.326,-316.5117
4.328,-317.70212
4.33,-317.58908
4.332,-317.2166
4.334,-316.9971
4.336,-317.20178
4.338,-317.4169
4.34,-318.3747
4.342,-320.06125
4.344,-322.205
4.346,-323.7148
4.348,-324.6253
4.35,-324.40207
4.352,-322.7053
4.354,-318.9816
4.356,-314.3353
4.358,-309.51047
4.36,-305.19415
4.362,-301.23148
4.364,-298.33997
4.366,-296.30508
4.368,-294.68747
4.37,-292.49484
4.372,-290.24316
4.374,-288.16083
4.376,-286.68237
4.378,-285.73166
4.38,-286.3666
4.382,-288.76218
4.384,-292.6862
4.386,-296.9992
4.388,-301.65656
4.39,-306.0456
4.392,-309.69702
4.394,-311.84103
4.396,-313.1869
4.398,-314.04236
4.4,-314.7002
4.402,-314.85248
4.404,-315.0884
4.406,-315.27856
4.408,-315.20053
4.41,-314.39813
4.412,-313.35535
4.414,-312.20654
4.416,-311.19797
4.418,-310.50327
4.42,-310.7638
4.422,-311.93555
4.424,-313.69955
4.426,-315.3545
4.428,-316.94797
4.43,-318.13205
4.432,-318.70276
4.434,-317.96317
4.436,-317.03342
4.438,-316.48694
4.44,-316.70148
4.442,-316.74515
4.444,-317.19684
4.446,-317.77435
4.448,-318.20242
4.45,-317.62445
4.452,-316.94092
4.454,-316.54703
4.456,-316.70148
4.458,-316.7493
4.46,-317.05658
4.462,-317.30063
4.464,-317.20178
4.466,-316.04465
4.468,-314.38147
4.47,-311.90964
4.472,-307.69574
4.474,-299.58887
4.476,-286.39697
4.478,-266.7198
4.48,-240.15277
4.482,-207.06216
4.484,-170.158
4.486,-131.95995
4.488,-94.56016
4.49,-58.70704
4.492,-25.9288
4.494,2.398794
4.496,23.51496
4.498,33.371223
4.5,25.453657
4.502,-5.740205
4.504,-63.040104
4.506,-144.23433
4.508,-243.15845
4.51,-348.82785
4.512,-448.2852
4.514,-529.0362
4.516,-583.4691
4.518,-608.5471
4.52,-606.38574
4.522,-582.4779
4.524,-545.4935
4.526,-503.46
4.528,-462.7944
4.53,-427.04254
4.532,-398.6056
4.534,-377.42456
4.536,-362.23044
4.538,-350.7484
4.54,-342.0001
4.542,-334.8613
4.544,-328.7091
4.546,-322.83362
4.548,-317.96506
4.55,-314.2643
4.552,-311.6983
4.554,-309.51144
4.556,-308.00653
4.558,-306.94812
4.56,-306.1948
4.562,-305.2654
4.564,-304.77576
4.566,-304.80286
4.568,-305.19415
4.57,-305.1786
4.572,-304.64252
4.574,-303.32544
4.576,-301.19162
4.578,-298.15982
4.58,-294.92297
4.582,-292.2244
4.584,-290.68494
4.586,-290.21042
4.588,-290.9348
4.59,-292.457
4.592,-294.18716
4.594,-294.95938
4.596,-295.1266
4.598,-294.51764
4.6,-293.18652
4.602,-290.7465
4.604,-288.55203
4.606,-286.85492
4.608,-285.68173
4.61,-284.38257
4.612,-283.63754
4.614,-283.3069
4.616,-283.18015
4.618,-282.55878
4.62,-281.97034
4.622,-281.35883
4.624,-280.67856
4.626,-279.4515
4.628,-278.34784
4.63,-277.43408
4.632,-276.67603
4.634,-275.49707
4.636,-274.38333
4.638,-273.28326
4.64,-272.17316
4.642,-270.6475
4.644,-269.41043
4.646,-268.59082
4.648,-268.1706
4.65,-267.51898
4.652,-266.92764
4.654,-266.07962
4.656,-264.66837
4.658,-262.0939
4.66,-259.04465
4.662,-255.90356
4.664,-253.16106
4.666,-250.85701
4.668,-249.8752
4.67,-250.26196
4.672,-251.6601
4.674,-252.96391
4.676,-253.9962
4.678,-254.16801
4.68,-253.16106
4.682,-250.59543
4.684,-247.44691
4.686,-244.30774
4.688,-241.65373
4.69,-239.27539
4.692,-237.69751
4.694,-236.73947
4.696,-236.15022
4.698,-235.33305
4.7,-234.88103
4.702,-234.96341
4.704,-235.64992
4.706,-236.34259
4.708,-237.23094
4.71,-237.83147
4.712,-237.65118
4.714,-235.96577
4.716,-233.45268
4.718,-230.6275
4.72,-228.14514
4.722,-226.12245
4.724,-225.39984
4.726,-225.90248
4.728,-227.1445
4.73,-227.97014
4.732,-228.31006
4.734,-227.85982
4.736,-226.64418
4.738,-224.53407
4.74,-222.64087
4.742,-221.56195
4.744,-221.641
4.746,-222.3873
4.748,-224.0062
4.75,-225.97154
4.752,-227.64482
4.754,-227.99391
4.756,-227.34843
4.758,-225.90887
4.76,-224.1426
4.762,-222.1393
4.764,-221.01982
4.766,-221.1794
4.768,-222.64163
4.77,-224.59198
4.772,-227.0925
4.774,-229.71835
4.776,-232.14769
4.778,-233.74197
4.78,-235.12787
4.782,-236.54807
4.784,-238.1515
4.786,-239.38687
4.788,-240.6063
4.79,-241.59769
4.792,-242.15405
4.794,-241.69775
4.796,-240.97551
4.798,-240.46034
4.8,-240.65309
4.802,-241.40141
4.804,-243.36525
4.806,-246.4259
4.808,-250.15913
4.81,-253.4788
4.812,-256.42285
4.814,-258.7962
4.816,-260.66583
4.818,-261.82477
4.82,-263.26025
4.822,-265.46075
4.824,-268.67093
4.826,-272.29404
4.828,-276.49826
4.83,-280.80905
4.832,-284.6811
4.834,-287.15247
4.836,-288.57727
4.838,-289.13187
4.84,-289.18396
4.842,-288.66718
4.844,-288.54776
4.846,-289.18536
4.848,-290.68494
4.85,-292.3938
4.852,-294.5616
4.854,-296.92062
4.856,-299.19034
4.858,-300.6313
4.86,-301.7028
4.862,-302.5093
4.864,-303.19287
4.866,-303.36255
4.868,-303.6929
4.87,-304.3072
4.872,-305.19415
4.874,-305.69168
4.876,-306.18533
4.878,-306.5603
4.88,-306.6951
4.882,-305.98627
4.884,-305.02615
4.886,-304.01923
4.888,-303.19287
4.89,-302.22546
4.892,-301.8508
4.894,-302.19345
4.896,-303.19287
4.898,-304.08908
4.9,-305.1854
4.902,-306.27625
4.904,-307.19543
4.906,-307.3322
4.908,-307.34454
4.91,-307.42352
4.912,-307.69574
4.914,-307.62222
4.916,-307.7453
4.918,-307.98218
4.92,-308.19608
4.922,-307.72552
4.924,-307.20895
4.926,-306.81357
4.928,-306.6951
4.93,-306.3931
4.932,-306.56476
4.934,-307.20746
4.936,-308.19608
4.938,-308.7945
4.94,-309.50427
4.942,-310.3095
4.944,-311.19797
4.946,-311.59125
4.948,-312.09778
4.95,-312.68353
4.952,-313.19925
4.954,-312.88373
4.956,-312.23932
4.958,-311.29926
4.96,-310.19733
4.962,-308.61356
4.964,-307.5006
4.966,-307.16528
4.968,-307.69574
4.97,-308.37473
4.972,-309.50974
4.974,-310.73883
4.976,-311.6983
4.978,-311.61072
4.98,-311.1382
4.982,-310.5599
4.984,-310.19733
4.986,-309.74857
4.988,-309.97833
4.99,-310.8716
4.992,-312.1986
4.994,-313.06467
4.996,-313.83337
4.998,-314.38962
5.0,-314.7002
5.002,-314.25043
5.004,-313.78244
5.006,-313.4265
5.008,-313.19925
5.01,-312.4804
5.012,-311.82758
5.014,-311.23456
5.016,-310.69766
5.018,-309.70114
5.02,-308.96692
5.022,-308.6244
5.024,-308.69638
5.026,-308.55237
5.028,-308.68488
5.03,-308.95694
5.032,-309.1967
5.034,-308.73312
5.036,-308.2186
5.038,-307.8177
5.04,-307.69574
5.042,-307.41412
5.044,-307.6451
5.046,-308.32407
5.048,-309.1967
5.05,-309.36264
5.052,-309.18372
5.054,-308.59424
5.056,-307.69574
5.058,-306.21283
5.06,-305.1716
5.062,-304.95392
5.064,-305.69446
5.066,-306.68518
5.068,-308.1718
5.07,-309.6767
5.072,-310.69766
5.074,-310.35907
5.076,-309.228
5.078,-307.5504
5.08,-305.69446
5.082,-303.52118
5.084,-301.9338
5.086,-301.04327
5.088,-300.69128
5.09,-300.04547
5.092,-299.41028
5.094,-298.62817
5.096,-297.6894
5.098,-296.24292
5.1,-295.19144
5.102,-294.81805
5.104,-295.18777
5.106,-295.60703
5.108,-296.4042
5.11,-297.32193
5.112,-298.1897
5.114,-298.484
5.116,-299.03568
5.118,-300.09735
5.12,-301.69193
5.122,-302.99677
5.124,-304.14444
5.126,-304.64972
5.128,-304.1935
5.13,-302.29187
5.132,-300.0451
5.134,-298.16498
5.136,-297.18906
5.138,-296.69656
5.14,-296.93552
5.142,-297.20374
5.144,-296.68875
5.146,-294.3035
5.148,-290.63907
5.15,-286.1934
5.152,-281.6792
5.154,-277.2081
5.156,-273.79965
5.158,-271.53192
5.16,-270.17188
5.162,-268.8622
5.164,-268.00925
5.166,-267.59845
5.168,-267.6703
5.17,-267.71848
5.172,-268.34366
5.174,-269.51944
5.176,-271.17252
5.178,-272.74432
5.18,-274.90067
5.182,-277.7368
5.184,-281.17886
5.186,-284.43085
5.188,-287.63547
5.19,-290.3397
5.192,-292.18588
5.194,-292.6878
5.196,-292.54794
5.198,-292.11163
5.2,-291.68555
5.202,-291.25186
5.204,-291.10202
5.206,-290.8753
5.208,-290.1846
5.21,-288.85654
5.212,-287.36993
5.214,-286.02606
5.216,-285.18143
5.218,-284.88498
5.22,-285.72787
5.222,-287.51294
5.224,-289.6843
5.226,-290.72287
5.228,-290.92944
5.23,-290.31335
5.232,-289.18396
5.234,-287.08417
5.236,-285.34604
5.238,-284.4809
5.24,-284.6811
5.242,-285.09586
5.244,-286.04883
5.246,-287.1947
5.248,-288.18332
5.25,-288.18155
5.252,-287.70322
5.254,-286.84677
5.256,-285.68173
5.258,-283.5677
5.26,-280.59708
5.262,-275.8062
5.264,-267.6703
5.266,-253.8867
5.268,-233.45128
5.27,-205.58531
5.272,-170.60854
5.274,-129.49931
5.276,-85.16614
5.278,-40.217327
5.28,3.0019097
5.282,42.917732
5.284,76.67916
5.286,101.07631
5.288,111.57098
5.29,103.03993
5.292,69.46959
5.294,7.5969667
5.296,-81.55188
5.298,-191.07141
5.3,-310.1806
5.302,-424.72098
5.304,-520.83136
5.306,-587.7265
5.308,-621.42883
5.31,-623.6237
5.312,-600.88226
5.314,-561.8507
5.316,-516.2186
5.318,-471.221
5.32,-431.27435
5.322,-397.69647
5.324,-370.9833
5.326,-350.11575
5.328,-333.71228
5.33,-319.9698
5.332,-308.37854
5.334,-298.23148
5.336,-289.18396
5.338,-280.83905
5.34,-274.13336
5.342,-269.52554
5.344,-267.16995
5.346,-266.2942
5.348,-266.64493
5.35,-267.23724
5.352,-267.16995
5.354,-265.59564
5.356,-263.0402
5.358,-260.1432
5.36,-257.6639
5.362,-255.88783
5.364,-255.17061
5.366,-255.39594
5.368,-256.16296
5.37,-256.74374
5.372,-256.77515
5.374,-256.20248
5.376,-255.16232
5.378,-253.50764
5.38,-251.63498
5.382,-249.66293
5.384,-247.65755
5.386,-245.12405
5.388,-242.97981
5.39,-241.3008
5.392,-240.15277
5.394,-239.0598
5.396,-239.0611
5.398,-240.05043
5.4,-241.65373
5.402,-242.88611
5.404,-243.9767
5.406,-244.50407
5.408,-244.15532
5.41,-242.42363
5.412,-240.08476
5.414,-237.52292
5.416,-235.1496
5.418,-232.90877
5.42,-231.50742
5.422,-230.87585
5.424,-230.64673
5.426,-229.91069
5.428,-228.69315
5.43,-226.75342
5.432,-224.1426
5.434,-220.85455
5.436,-217.98402
5.438,-216.13599
5.44,-215.63718
5.442,-216.05452
5.444,-217.41707
5.446,-219.03252
5.448,-220.14005
5.45,-219.82042
5.452,-218.36476
5.454,-215.9883
5.456,-213.13559
5.458,-209.96062
5.46,-207.37312
5.462,-205.6097
5.464,-204.63017
5.466,-203.84244
5.468,-203.42027
5.47,-203.09691
5.472,-202.6289
5.474,-201.48503
5.476,-200.06227
5.478,-198.41054
5.48,-196.62509
5.482,-194.48795
5.484,-192.66107
5.486,-191.3446
5.488,-190.62126
5.49,-190.06662
5.492,-190.01207
5.494,-190.2729
5.496,-190.62126
5.498,-190.49458
5.5,-190.27301
5.502,-189.9774
5.504,-189.62064
5.506,-188.7967
5.508,-187.91133
5.51,-186.8929
5.512,-185.61809
5.514,-183.59506
5.516,-181.29495
5.518,-178.88737
5.52,-176.61235
5.522,-174.35532
5.524,-172.83372
5.526,-172.24986
5.528,-172.6098
5.53,-173.31833
5.532,-174.56647
5.534,-176.08505
5.536,-177.61299
5.538,-178.53844
5.54,-179.28519
5.542,-179.94708
5.544,-180.6149
5.546,-180.90294
5.548,-181.30386
5.55,-181.87105
5.552,-182.61618
5.554,-183.10547
5.556,-183.85942
5.558,-185.00789
5.56,-186.61871
5.562,-188.21416
5.564,-190.12617
5.566,-192.18327
5.568,-194.12349
5.57,-195.23918
5.572,-195.88739
5.574,-196.23773
5.576,-196.62509
5.578,-197.00441
5.58,-198.2113
5.582,-200.46666
5.584,-203.62955
5.586,-206.75755
5.588,-209.67422
5.59,-211.87857
5.592,-213.13559
5.594,-213.15176
5.596,-212.95592
5.598,-213.38254
5.6,-215.13686
5.602,-218.09009
5.604,-222.53487
5.606,-227.96936
5.608,-233.64864
5.61,-238.41557
5.612,-242.28596
5.614,-245.27472
5.616,-247.65755
5.618,-249.34651
5.62,-251.08643
5.622,-253.04959
5.624,-255.16232
5.626,-256.73486
5.628,-258.0028
5.63,-258.9417
5.632,-259.6652
5.634,-259.9388
5.636,-260.5156
5.638,-261.7123
5.64,-263.66772
5.642,-265.83463
5.644,-268.4273
5.646,-271.15515
5.648,-273.6741
5.65,-275.21695
5.652,-276.12967
5.654,-276.53616
5.656,-276.67603
5.658,-276.35757
5.66,-276.31714
5.662,-276.75894
5.664,-277.67664
5.666,-278.39542
5.668,-279.111
5.67,-279.59726
5.672,-279.67792
5.674,-278.80954
5.676,-277.5893
5.678,-276.28836
5.68,-275.17505
5.682,-273.96777
5.684,-273.28833
5.686,-273.21072
5.688,-273.6741
5.69,-274.03934
5.692,-274.69327
5.694,-275.58725
5.696,-276.67603
5.698,-277.4238
5.7,-278.34808
5.702,-279.45645
5.704,-280.67856
5.706,-281.3936
5.708,-282.05405
5.71,-282.64972
5.712,-283.18015
5.714,-283.1644
5.716,-283.245
5.718,-283.56274
5.72,-284.1808
5.722,-284.56235
5.724,-285.18735
5.726,-285.95508
5.728,-286.68237
5.73,-286.6621
5.732,-286.35913
5.734,-285.82367
5.736,-285.18143
5.738,-284.10416
5.74,-283.39676
5.742,-283.2551
5.744,-283.68048
5.746,-283.97055
5.748,-284.44394
5.75,-284.89313
5.752,-285.18143
5.754,-284.80322
5.756,-284.52383
5.758,-284.61
5.76,-285.18143
5.762,-285.63242
5.764,-286.25162
5.766,-286.70547
5.768,-286.68237
5.77,-285.55734
5.772,-284.07132
5.774,-282.64148
5.776,-281.6792
5.778,-280.9332
5.78,-281.03354
5.782,-281.8702
5.784,-283.18015
5.786,-284.18536
5.788,-285.30573
5.79,-286.50058
5.792,-287.683
5.794,-288.15747
5.796,-288.30392
5.798,-287.98926
5.8,-287.1827
5.802,-285.53055
5.804,-284.0175
5.806,-283.135
5.808,-283.18015
5.81,-283.6028
5.812,-284.6959
5.814,-286.03253
5.816,-287.1827
5.818,-287.39548
5.82,-287.34985
5.822,-287.363
5.824,-287.683
5.826,-287.80466
5.828,-288.04666
5.83,-287.98822
5.832,-287.1827
5.834,-284.93558
5.836,-282.01822
5.838,-279.02673
5.84,-276.67603
5.842,-275.0764
5.844,-275.0564
5.846,-276.45657
5.848,-278.67728
5.85,-280.427
5.852,-281.58643
5.854,-281.82043
5.856,-281.17886
5.858,-279.58005
5.86,-278.24875
5.862,-277.83585
5.864,-278.67728
5.866,-280.191
5.868,-282.55994
5.87,-285.2419
5.872,-287.683
5.874,-289.01318
5.876,-289.78656
5.878,-290.24915
5.88,-290.68494
5.882,-290.76614
5.884,-291.11545
5.886,-291.6527
5.888,-292.18588
5.89,-292.03268
5.892,-291.72095
5.894,-291.2909
5.896,-290.68494
5.898,-289.17252
5.9,-287.0146
5.902,-283.9105
5.904,-279.67792
5.906,-273.9224
5.908,-267.7322
5.91,-261.8947
5.912,-257.1636
5.914,-253.53435
5.916,-251.73972
5.918,-251.59933
5.92,-252.66074
5.922,-253.92188
5.924,-255.63248
5.926,-257.71124
5.928,-260.1655
5.93,-262.47995
5.932,-265.17923
5.934,-268.14948
5.936,-271.17252
5.938,-273.5172
5.94,-275.63776
5.942,-277.5301
5.944,-279.1776
5.946,-280.09442
5.948,-280.70404
5.95,-280.91492
5.952,-280.67856
5.954,-279.8666
5.956,-279.0766
5.958,-278.48056
5.96,-278.17697
5.962,-278.14658
5.964,-278.59235
5.966,-279.2119
5.968,-279.67792
5.97,-279.69476
5.972,-279.65817
5.974,-279.64273
5.976,-279.67792
5.978,-279.05328
5.98,-278.52353
5.982,-278.22906
5.984,-278.17697
5.986,-277.29376
5.988,-276.28018
5.99,-275.2981
5.992,-274.67474
5.994,-274.14658
5.996,-274.82114
5.998,-276.93896
6.0,-280.17825
6.002,-283.10434
6.004,-285.24954
6.006,-285.94012
6.008,-285.18143
6.01,-283.16794
6.012,-281.40787
6.014,-280.26422
6.016,-278.67728
6.018,-273.55392
6.02,-262.0642
6.022,-241.40408
6.024,-210.634
6.026,-170.85971
6.028,-126.32296
6.03,-81.32623
6.032,-39.024826
6.034,-0.016081586
6.036,35.62969
6.038,68.26524
6.04,96.06111
6.042,114.18553
6.044,113.7574
6.046,85.93252
6.048,25.015915
6.05,-67.89146
6.052,-185.14455
6.054,-312.2331
6.056,-431.7747
6.058,-527.53296
6.06,-589.80774
6.062,-615.74457
6.064,-609.3877
6.066,-578.9704
6.068,-535.4259
6.07,-488.13382
6.072,-443.78232
6.074,-405.5269
6.076,-375.01404
6.078,-351.70895
6.08,-334.21262
6.082,-320.43326
6.084,-309.47452
6.086,-300.27637
6.088,-292.18588
6.09,-284.51892
6.092,-277.96036
6.094,-272.79468
6.096,-269.17123
6.098,-266.54208
6.1,-265.16196
6.102,-264.66132
6.104,-264.66837
6.106,-264.51212
6.108,-264.55963
6.11,-264.81055
6.112,-265.1687
6.114,-265.1141
6.116,-264.66525
6.118,-263.8014
6.12,-262.66708
6.122,-261.31503
6.124,-260.14853
6.126,-259.5515
6.128,-259.6652
6.13,-260.0136
6.132,-260.2796
6.134,-260.06876
6.136,-259.16486
6.138,-257.10593
6.14,-254.91982
6.142,-253.00487
6.144,-251.6601
6.146,-250.40135
6.148,-250.04588
6.15,-250.15869
6.152,-250.15913
6.154,-249.1326
6.156,-247.74701
6.158,-246.18091
6.16,-244.65564
6.162,-242.88593
6.164,-241.51059
6.166,-240.46939
6.168,-239.65245
6.17,-238.6438
6.172,-238.1255
6.174,-238.2908
6.176,-239.15215
6.178,-240.05154
6.18,-240.98705
6.182,-241.35883
6.184,-240.65309
6.186,-238.30101
6.188,-235.04347
6.19,-231.45467
6.192,-228.14514
6.194,-225.16307
6.196,-223.13622
6.198,-221.91248
6.2,-221.14069
6.202,-220.1084
6.204,-219.1527
6.206,-218.3072
6.208,-217.63846
6.21,-216.77226
6.212,-216.0645
6.214,-215.28099
6.216,-214.13623
6.218,-212.09462
6.22,-209.74359
6.222,-207.442
6.224,-205.63081
6.226,-204.29778
6.228,-204.0843
6.23,-204.85257
6.232,-206.13113
6.234,-206.90015
6.236,-207.06425
6.238,-206.30974
6.24,-204.63017
6.242,-201.95967
6.244,-199.3132
6.246,-197.25935
6.248,-196.12477
6.25,-195.49686
6.252,-195.53346
6.254,-195.74971
6.256,-195.62445
6.258,-194.41396
6.26,-192.5951
6.262,-190.5049
6.264,-188.62
6.266,-186.97266
6.268,-186.31258
6.27,-186.63809
6.272,-187.61935
6.274,-188.31451
6.276,-188.7053
6.278,-188.49911
6.28,-187.61935
6.282,-185.80034
6.284,-183.88583
6.286,-182.3608
6.288,-181.61554
6.29,-181.42328
6.292,-182.29753
6.294,-184.1292
6.296,-186.61871
6.298,-188.90433
6.3,-191.078
6.302,-192.87688
6.304,-194.12349
6.306,-194.3154
6.308,-194.02296
6.31,-193.52122
6.312,-193.12286
6.314,-192.66682
6.316,-192.94191
6.318,-194.22968
6.32,-196.62509
6.322,-199.5262
6.324,-203.10394
6.326,-206.96454
6.328,-210.634
6.33,-213.21478
6.332,-214.9759
6.334,-216.02194
6.336,-216.63782
6.338,-216.7256
6.34,-217.18239
6.342,-218.41533
6.344,-220.64037
6.346,-223.36653
6.348,-226.85434
6.35,-230.7764
6.352,-234.64928
6.354,-237.49434
6.356,-239.47295
6.358,-240.69873
6.36,-241.65373
6.362,-242.59424
6.364,-244.73235
6.366,-248.5058
6.368,-253.66136
6.37,-258.75677
6.372,-262.95465
6.374,-265.21066
6.376,-265.1687
6.378,-262.9485
6.38,-260.45526
6.382,-259.44785
6.384,-261.16614
6.386,-265.29358
6.388,-271.34558
6.39,-277.69507
6.392,-282.67984
6.394,-284.84335
6.396,-284.7716
6.398,-283.57205
6.4,-282.67984
6.402,-282.6982
6.404,-284.42563
6.406,-287.41364
6.408,-290.68494
6.41,-292.76797
6.412,-293.68283
6.414,-293.62732
6.416,-293.18652
6.418,-292.4659
6.42,-292.30582
6.422,-292.6745
6.424,-293.18652
6.426,-292.87958
6.428,-292.07538
6.43,-291.01257
6.432,-290.1846
6.434,-289.60666
6.436,-290.1818
6.438,-291.98682
6.44,-294.68747
6.442,-297.15628
6.444,-299.30396
6.446,-300.71072
6.448,-301.19162
6.45,-300.30994
6.452,-298.95868
6.454,-297.62354
6.456,-296.68875
6.458,-295.79468
6.46,-295.48132
6.462,-295.5592
6.464,-295.6881
6.466,-295.00266
6.468,-293.9541
6.47,-292.72824
6.472,-291.68555
6.474,-290.70184
6.476,-290.74033
6.478,-291.96927
6.48,-294.18716
6.482,-296.33557
6.484,-298.41345
6.486,-299.95145
6.488,-300.69128
6.49,-300.13168
6.492,-299.25888
6.494,-298.63174
6.496,-298.69
6.498,-299.05127
6.5,-300.22977
6.502,-301.92688
6.504,-303.6932
6.506,-304.5559
6.508,-304.94437
6.51,-304.93372
6.512,-304.69385
6.514,-303.8481
6.516,-303.12546
6.518,-302.5901
6.52,-302.19223
6.522,-301.3173
6.524,-300.64142
6.526,-300.36957
6.528,-300.69128
6.53,-301.14767
6.532,-302.33942
6.534,-304.1241
6.536,-306.1948
6.538,-307.6417
6.54,-308.8356
6.542,-309.69434
6.544,-310.19733
6.546,-309.8238
6.548,-309.3057
6.55,-308.8586
6.552,-308.69638
6.554,-308.45227
6.556,-308.9058
6.558,-310.08368
6.56,-311.6983
6.562,-312.6386
6.564,-312.97522
6.566,-312.44482
6.568,-311.19797
6.57,-309.27365
6.572,-308.2157
6.574,-308.8134
6.576,-311.19797
6.578,-314.0965
6.58,-316.8531
6.582,-318.15512
6.584,-317.20178
6.586,-313.57263
6.588,-309.05975
6.59,-305.32642
6.592,-303.6932
6.594,-303.9813
6.596,-306.1417
6.598,-308.83704
6.6,-310.69766
6.602,-310.49353
6.604,-309.14197
6.606,-307.69122
6.608,-307.19543
6.61,-307.55804
6.612,-308.99646
6.614,-310.545
6.616,-311.19797
6.618,-310.00967
6.62,-308.147
6.622,-306.82657
6.624,-307.19543
6.626,-309.12543
6.628,-312.7546
6.63,-316.89386
6.632,-320.2037
6.634,-321.32117
6.636,-321.0434
6.638,-320.31668
6.64,-320.2037
6.642,-320.70056
6.644,-322.2591
6.646,-324.08566
6.648,-325.20688
6.65,-324.49878
6.652,-322.87198
6.654,-321.27048
6.656,-320.704
6.658,-321.094
6.66,-322.78754
6.662,-324.77747
6.664,-325.7072
6.666,-323.9147
6.668,-319.7545
6.67,-313.81427
6.672,-307.19543
6.674,-300.50064
6.676,-295.24738
6.678,-291.84464
6.68,-290.1846
6.682,-289.3176
6.684,-289.5437
6.686,-290.69925
6.688,-292.6862
6.69,-294.82117
6.692,-297.59335
6.694,-300.81003
6.696,-304.1935
6.698,-306.9068
6.7,-309.4786
6.702,-311.92
6.704,-314.1999
6.706,-315.64716
6.708,-316.75128
6.71,-317.43588
6.712,-317.70212
6.714,-317.25507
6.716,-316.99255
6.718,-317.25272
6.72,-318.20242
6.722,-319.52148
6.724,-321.32675
6.726,-323.06552
6.728,-324.20624
6.73,-324.39362
6.732,-324.06973
6.734,-323.43073
6.736,-322.7053
6.738,-321.73547
6.74,-321.19495
6.742,-321.07965
6.744,-321.20435
6.746,-320.42972
6.748,-319.57916
6.75,-318.9194
6.752,-318.70276
6.754,-318.08276
6.756,-317.83835
6.758,-317.9146
6.76,-318.20242
6.762,-317.96478
6.764,-318.04028
6.766,-318.73468
6.768,-320.2037
6.77,-321.70065
6.772,-323.42648
6.774,-324.8034
6.776,-325.20688
6.778,-323.55844
6.78,-320.14523
6.782,-314.59958
6.784,-306.1948
6.786,-293.21664
6.788,-274.96933
6.79,-250.39912
6.792,-219.1394
6.794,-181.26244
6.796,-139.02661
6.798,-94.660965
6.8,-50.532146
6.802,-8.557335
6.804,27.6175
6.806,53.82865
6.808,64.54106
6.81,53.91499
6.812,15.606192
6.814,-53.079506
6.816,-149.59517
6.818,-264.70932
6.82,-385.30734
6.822,-495.4572
6.824,-580.8695
6.826,-631.94366
6.828,-647.4578
6.83,-632.4338
6.832,-596.3794
6.834,-549.53564
6.836,-501.7002
6.838,-458.79044
6.84,-423.26926
6.842,-394.63535
6.844,-372.5129
6.846,-355.836
6.848,-343.71866
6.85,-334.78662
6.852,-328.6657
6.854,-324.18073
6.856,-320.2037
6.858,-315.56973
6.86,-311.03812
6.862,-307.33084
6.864,-305.19415
6.866,-304.37653
6.868,-305.04462
6.87,-306.20248
6.872,-306.6951
6.874,-305.32886
6.876,-302.64124
6.878,-299.4203
6.88,-296.68875
6.882,-294.8482
6.884,-294.39615
6.886,-295.06232
6.888,-296.18842
6.89,-296.7537
6.892,-296.4367
6.894,-295.3011
6.896,-293.68683
6.898,-291.54272
6.9,-289.50122
6.902,-287.7046
6.904,-286.18207
6.906,-284.31262
6.908,-283.0957
6.91,-282.56638
6.912,-282.67984
6.914,-282.70703
6.916,-283.46774
6.918,-284.63092
6.92,-285.68173
6.922,-285.59262
6.924,-284.84464
6.926,-283.46048
6.928,-281.6792
6.93,-279.42273
6.932,-277.78336
6.934,-277.05942
6.936,-277.17633
6.938,-277.23724
6.94,-277.24442
6.942,-276.65897
6.944,-275.17505
6.946,-272.4285
6.948,-269.5035
6.95,-267.08517
6.952,-265.669
6.954,-264.90567
6.956,-265.0868
6.958,-265.69055
6.96,-266.1693
6.962,-265.77344
6.964,-265.13422
6.966,-264.5402
6.968,-264.16806
6.97,-263.44495
6.972,-262.5163
6.974,-260.87134
6.976,-258.16425
6.978,-254.06703
6.98,-249.81824
6.982,-246.40985
6.984,-244.65564
6.986,-244.38263
6.988,-245.75085
6.99,-247.8667
6.992,-249.65883
6.994,-249.89478
6.996,-248.93484
6.998,-247.15712
7.0,-245.15596
7.002,-242.96307
7.004,-241.3258
7.006,-240.14565
7.008,-239.15215
7.01,-237.71149
7.012,-236.46992
7.014,-235.71832
7.016,-235.64992
7.018,-235.71782
7.02,-236.078
7.022,-236.20488
7.024,-235.64992
7.026,-233.85582
7.028,-231.75005
7.03,-230.00067
7.032,-229.14577
7.034,-228.83667
7.036,-229.29414
7.038,-229.92886
7.04,-230.14641
7.042,-229.21153
7.044,-227.91856
7.046,-226.87909
7.048,-226.64418
7.05,-226.90286
7.052,-227.94781
7.054,-229.23026
7.056,-230.14641
7.058,-229.87308
7.06,-229.14554
7.062,-228.54434
7.064,-228.64546
7.066,-229.20378
7.068,-230.61497
7.07,-232.44492
7.072,-234.14896
7.074,-234.86047
7.076,-235.21329
7.078,-235.65802
7.08,-236.65054
7.082,-237.84325
7.084,-239.58055
7.086,-241.38187
7.088,-242.65437
7.09,-242.49536
7.092,-241.5732
7.094,-240.52274
7.096,-240.15277
7.098,-240.58447
7.1,-242.65138
7.102,-246.20715
7.104,-250.65945
7.106,-254.66856
7.108,-258.10336
7.11,-260.62134
7.112,-262.16678
7.114,-262.4023
7.116,-262.27454
7.118,-262.3528
7.12,-263.16742
7.122,-264.58972
7.124,-267.386
7.126,-271.5481
7.128,-276.67603
7.13,-281.52002
7.132,-285.83563
7.134,-289.10214
7.136,-291.18524
7.138,-291.8899
7.14,-292.47318
7.142,-293.7559
7.144,-296.18842
7.146,-299.0988
7.148,-302.4
7.15,-305.31155
7.152,-307.19543
7.154,-307.3526
7.156,-306.7581
7.158,-306.27435
7.16,-306.6951
7.162,-307.84625
7.164,-310.11273
7.166,-312.96082
7.168,-315.70084
7.17,-317.3043
7.172,-318.29837
7.174,-319.09976
7.176,-320.2037
7.178,-321.3318
7.18,-322.93625
7.182,-324.60062
7.184,-325.7072
7.186,-325.20447
7.188,-323.59723
7.19,-321.3511
7.192,-319.20306
7.194,-317.31284
7.196,-316.73233
7.198,-317.51514
7.2,-319.20306
7.202,-320.47763
7.204,-321.21796
7.206,-321.09503
7.208,-320.2037
7.21,-318.4612
7.212,-317.19122
7.214,-317.0427
7.216,-318.20242
7.218,-319.7067
7.22,-321.4372
7.222,-322.6162
7.224,-322.7053
7.226,-321.08835
7.228,-318.96375
7.23,-317.24808
7.232,-316.70148
7.234,-317.00473
7.236,-318.50095
7.238,-320.5034
7.24,-322.205
7.242,-322.50107
7.244,-322.06573
7.246,-321.42596
7.248,-321.20435
7.25,-321.20078
7.252,-322.09518
7.254,-323.59134
7.256,-325.20688
7.258,-325.97827
7.26,-326.55182
7.262,-327.21014
7.264,-328.2088
7.266,-328.951
7.268,-329.82767
7.27,-330.394
7.272,-330.21005
7.274,-328.5408
7.276,-326.40695
7.278,-324.5522
7.28,-323.70593
7.282,-323.68695
7.284,-325.14462
7.286,-327.69528
7.288,-330.7104
7.29,-333.02597
7.292,-335.02344
7.294,-336.72787
7.296,-338.21515
7.298,-338.85605
7.3,-339.14166
7.302,-338.83774
7.304,-337.71484
7.306,-335.15674
7.308,-332.15402
7.31,-329.31125
7.312,-327.20816
7.314,-325.61154
7.316,-325.24542
7.318,-325.9159
7.32,-327.20816
7.322,-328.1054
7.324,-329.04758
7.326,-330.0539
7.328,-331.2107
7.33,-331.97858
7.332,-332.99554
7.334,-334.15222
7.336,-335.21326
7.338,-335.3621
7.34,-335.20825
7.342,-334.91388
7.344,-334.71292
7.346,-334.23474
7.348,-334.29306
7.35,-334.8774
7.352,-335.71356
7.354,-335.7837
7.356,-335.37595
7.358,-334.3292
7.36,-332.71167
7.362,-330.26138
7.364,-328.1917
7.366,-327.07788
7.368,-327.20816
7.37,-327.88037
7.372,-329.33414
7.374,-330.97913
7.376,-332.21133
7.378,-332.06934
7.38,-331.26038
7.382,-330.1592
7.384,-329.20944
7.386,-328.17484
7.388,-327.83902
7.39,-328.11047
7.392,-328.7091
7.394,-328.80844
7.396,-328.91733
7.398,-329.05215
7.4,-329.20944
7.402,-328.75815
7.404,-328.22925
7.406,-327.54797
7.408,-326.70782
7.41,-325.29816
7.412,-324.3163
7.414,-324.10413
7.416,-324.70657
7.418,-325.20676
7.42,-325.70016
7.422,-325.63477
7.424,-324.70657
7.426,-322.5171
7.428,-320.41104
7.43,-319.27588
7.432,-319.70337
7.434,-321.11392
7.436,-323.60596
7.438,-326.27353
7.44,-328.2088
7.442,-328.3423
7.444,-327.47592
7.446,-326.22372
7.448,-325.20688
7.45,-324.10925
7.452,-323.36032
7.454,-322.3258
7.456,-320.2037
7.458,-315.87833
7.46,-310.08047
7.462,-303.5122
7.464,-297.18906
7.466,-291.5327
7.468,-287.86673
7.47,-286.36884
7.472,-286.68237
7.474,-287.60788
7.476,-289.22913
7.478,-291.2636
7.48,-293.68683
7.482,-296.09308
7.484,-299.3098
7.486,-303.31625
7.488,-307.69574
7.49,-311.17752
7.492,-313.66052
7.494,-314.67807
7.496,-314.1999
7.498,-312.24387
7.5,-310.2951
7.502,-309.2726
7.504,-309.69702
7.506,-311.2121
7.508,-313.58914
7.51,-315.7441
7.512,-316.70148
7.514,-315.98923
7.516,-314.30804
7.518,-312.42578
7.52,-311.19797
7.522,-311.03683
7.524,-312.39236
7.526,-314.62253
7.528,-316.70148
7.53,-317.01163
7.532,-315.98602
7.534,-314.00122
7.536,-311.6983
7.538,-308.6035
7.54,-305.95285
7.542,-303.96783
7.544,-302.69257
7.546,-301.3148
7.548,-300.72342
7.55,-301.07544
7.552,-302.19223
7.554,-302.83182
7.556,-302.8691
7.558,-301.80313
7.56,-299.69064
7.562,-296.6647
7.564,-294.31378
7.566,-293.11078
7.568,-292.18588
7.57,-288.59146
7.572,-279.5852
7.574,-262.10733
7.576,-234.64928
7.578,-197.54257
7.58,-154.41179
7.582,-109.26801
7.584,-65.541695
7.586,-24.613417
7.588,12.421169
7.59,45.23318
7.592,72.04583
7.594,88.95774
7.596,88.51071
7.598,63.246273
7.6,8.005093
7.602,-76.92551
7.604,-186.12038
7.606,-307.9794
7.608,-427.77213
7.61,-530.6482
7.612,-606.50836
7.614,-650.22815
7.616,-662.4214
7.618,-647.749
7.62,-614.48773
7.622,-570.81647
7.624,-523.83325
7.626,-478.32794
7.628,-438.1971
7.63,-404.98465
7.632,-378.74094
7.634,-357.9954
7.636,-341.81134
7.638,-328.62982
7.64,-317.20178
7.642,-306.38034
7.644,-296.71365
7.646,-288.54764
7.648,-282.1795
7.65,-277.13525
7.652,-273.6422
7.654,-271.16788
7.656,-269.17123
7.658,-266.91385
7.66,-264.92255
7.662,-263.45242
7.664,-262.66708
7.666,-262.14435
7.668,-261.87674
7.67,-261.60144
7.672,-261.16614
7.674,-260.37308
7.676,-259.60898
7.678,-259.30994
7.68,-259.6652
7.682,-260.10333
7.684,-260.17325
7.686,-259.28778
7.688,-257.1636
7.69,-253.49344
7.692,-249.71584
7.694,-246.72037
7.696,-245.15596
7.698,-244.52014
7.7,-245.42197
7.702,-246.95798
7.704,-248.15787
7.706,-247.94716
7.708,-247.37737
7.71,-247.08179
7.712,-247.65755
7.714,-248.81
7.716,-250.85942
7.718,-252.97662
7.72,-254.16168
7.722,-253.28479
7.724,-250.92221
7.726,-247.72523
7.728,-244.65564
7.73,-242.16512
7.732,-241.25279
7.734,-241.80254
7.736,-243.15468
7.738,-244.02318
7.74,-244.2346
7.742,-243.5447
7.744,-242.15405
7.746,-240.19202
7.748,-238.80475
7.75,-238.45195
7.752,-239.15215
7.754,-240.07681
7.756,-241.04958
7.758,-241.39723
7.76,-240.65309
7.762,-238.34177
7.764,-235.32677
7.766,-232.23671
7.768,-229.64609
7.77,-227.46799
7.772,-226.2269
7.774,-225.72206
7.776,-225.64354
7.778,-225.36621
7.78,-225.40701
7.782,-225.96178
7.784,-227.1445
7.786,-228.4067
7.788,-229.85432
7.79,-230.94627
7.792,-231.14705
7.794,-229.76967
7.796,-227.45467
7.798,-224.71497
7.8,-222.14131
7.802,-219.74252
7.804,-218.16444
7.806,-217.2552
7.808,-216.63782
7.81,-215.50871
7.812,-214.20905
7.814,-212.84708
7.816,-211.63463
7.818,-210.30763
7.82,-209.47716
7.822,-209.1361
7.824,-209.13304
7.826,-208.82162
7.828,-208.61174
7.83,-208.53365
7.832,-208.63272
7.834,-208.46754
7.836,-208.56558
7.838,-208.95772
7.84,-209.63336
7.842,-210.12361
7.844,-211.02449
7.846,-212.49721
7.848,-214.63654
7.85,-216.93083
7.852,-219.7374
7.854,-222.78806
7.856,-225.64354
7.858,-227.31738
7.86,-227.95331
7.862,-227.48967
7.864,-226.14386
7.866,-223.89462
7.868,-221.88185
7.87,-220.70465
7.872,-220.64037
7.874,-221.0768
7.876,-222.17703
7.878,-223.59464
7.88,-225.14323
7.882,-226.4376
7.884,-228.41661
7.886,-231.59317
7.888,-236.15022
7.89,-241.2409
7.892,-246.58762
7.894,-251.29521
7.896,-254.662
7.898,-256.01746
7.9,-256.30966
7.902,-256.42557
7.904,-257.1636
7.906,-258.3685
7.908,-260.31525
7.91,-262.44977
7.912,-264.16806
7.914,-264.71234
7.916,-264.8842
7.918,-265.45355
7.92,-267.16995
7.922,-269.8738
7.924,-273.78882
7.926,-278.19635
7.928,-282.1795
7.93,-284.55206
7.932,-285.6807
7.934,-286.00677
7.936,-286.18207
7.938,-286.22742
7.94,-286.8453
7.942,-287.93002
7.944,-289.18396
7.946,-289.90076
7.948,-290.66556
7.95,-291.82584
7.952,-293.68683
7.954,-295.7827
7.956,-298.32376
7.958,-300.81207
7.96,-302.69257
7.962,-303.1126
7.964,-302.60275
7.966,-301.50726
7.968,-300.19098
7.97,-298.33218
7.972,-296.5106
7.974,-294.75864
7.976,-293.18652
7.978,-291.57138
7.98,-290.97278
7.982,-291.8443
7.984,-294.18716
7.986,-296.85983
7.988,-299.39175
7.99,-300.728
7.992,-300.19098
7.994,-297.31497
7.996,-293.59222
7.998,-290.45868
8.0,-289.18396
8.002,-289.79495
8.004,-292.49185
8.006,-296.13083
8.008,-299.19034
8.01,-299.86826
8.012,-298.30615
8.014,-295.02368
8.016,-291.18524
8.018,-287.5731
8.02,-285.82788
8.022,-286.33875
8.024,-288.68365
8.026,-291.31638
8.028,-293.76886
8.03,-295.30222
8.032,-295.6881
8.034,-294.6958
8.036,-293.72784
8.038,-293.69446
8.04,-295.18777
8.042,-297.7216
8.044,-301.45154
8.046,-305.58066
8.048,-309.1967
8.05,-311.0719
8.052,-311.66046
8.054,-311.32928
8.056,-310.69766
8.058,-309.81192
8.06,-309.69147
8.062,-310.42
8.064,-311.6983
8.066,-312.4572
8.068,-312.85593
8.07,-312.63696
8.072,-311.6983
8.074,-309.54044
8.076,-307.0315
8.078,-304.59232
8.08,-302.69257
8.082,-301.2546
8.084,-301.26334
8.086,-302.85355
8.088,-305.69446
8.09,-308.4874
8.092,-310.9927
8.094,-312.6053
8.096,-313.19925
8.098,-312.697
8.1,-312.62112
8.102,-313.867
8.104,-316.70148
8.106,-319.9402
8.108,-322.86578
8.11,-323.97992
8.112,-322.205
8.114,-316.88184
8.116,-309.72516
8.118,-302.66986
8.12,-297.6894
8.122,-295.50574
8.124,-296.9567
8.126,-301.2049
8.128,-306.6951
8.13,-311.24506
8.132,-314.45538
8.134,-316.1294
8.136,-316.70148
8.138,-316.34427
8.14,-316.26566
8.142,-316.65683
8.144,-317.20178
8.146,-316.78622
8.148,-315.56046
8.15,-313.43335
8.152,-310.69766
8.154,-307.42334
8.156,-304.94162
8.158,-303.81735
8.16,-304.1935
8.162,-305.24277
8.164,-307.00766
8.166,-308.8499
8.168,-310.19733
8.17,-310.189
8.172,-309.5782
8.174,-308.87286
8.176,-308.69638
8.178,-308.99673
8.18,-310.63605
8.182,-313.4237
8.184,-316.70148
8.186,-319.03552
8.188,-320.3614
8.19,-320.47137
8.192,-319.70337
8.194,-318.2804
8.196,-317.78473
8.198,-318.82227
8.2,-321.20435
8.202,-323.3477
8.204,-324.36798
8.206,-322.8908
8.208,-318.20242
8.21,-310.10263
8.212,-300.66153
8.214,-291.92087
8.216,-285.68173
8.218,-282.28592
8.22,-282.12595
8.222,-283.98734
8.224,-286.18207
8.226,-286.73206
8.228,-285.73853
8.23,-283.68015
8.232,-281.6792
8.234,-280.43607
8.236,-281.4837
8.238,-285.06894
8.24,-290.68494
8.242,-296.7919
8.244,-302.94266
8.246,-308.2785
8.248,-312.1986
8.25,-313.86505
8.252,-313.88617
8.254,-312.5213
8.256,-310.19733
8.258,-307.12662
8.26,-304.46292
8.262,-302.73157
8.264,-302.19223
8.266,-302.64276
8.268,-304.13403
8.27,-306.03656
8.272,-307.69574
8.274,-308.6232
8.276,-309.05972
8.278,-309.03864
8.28,-308.69638
8.282,-307.74762
8.284,-307.13034
8.286,-307.11398
8.288,-307.69574
8.29,-307.6361
8.292,-307.52505
8.294,-307.3345
8.296,-307.19543
8.298,-306.5027
8.3,-306.31754
8.302,-306.8115
8.304,-307.69574
8.306,-307.62262
8.308,-306.53134
8.31,-304.2104
8.312,-301.19162
8.314,-298.153
8.316,-297.16245
8.318,-299.06018
8.32,-303.19287
8.322,-306.6665
8.324,-306.61688
8.326,-299.65848
8.328,-283.68048
8.33,-258.1092
8.332,-225.5272
8.334,-188.87221
8.336,-150.59581
8.338,-111.17383
8.34,-70.82947
8.342,-28.878912
8.344,14.008912
8.346,54.809967
8.348,86.06592
8.35,98.72613
8.352,84.053474
8.354,37.00399
8.356,-43.08449
8.358,-149.91605
8.36,-271.67282
8.362,-392.9808
8.364,-499.72348
8.366,-580.34534
8.368,-628.3998
8.37,-642.7407
8.372,-628.472
8.374,-593.5818
8.376,-547.3482
8.378,-497.87604
8.38,-452.26093
8.382,-414.22577
8.384,-384.74475
8.386,-362.31552
8.388,-345.54385
8.39,-332.4656
8.392,-321.70465
8.394,-312.21555
8.396,-304.66235
8.398,-299.32608
8.4,-296.18842
8.402,-294.2832
8.404,-293.3548
8.406,-292.53104
8.408,-291.18524
8.41,-288.72986
8.412,-286.06235
8.414,-283.75528
8.416,-282.1795
8.418,-280.90698
8.42,-279.86438
8.422,-278.4559
8.424,-276.1757
8.426,-272.60144
8.428,-268.2781
8.43,-264.02838
8.432,-260.66583
8.434,-258.38214
8.436,-257.22754
8.438,-256.94025
8.44,-257.1636
8.442,-257.21997
8.444,-257.55933
8.446,-258.23404
8.448,-259.16486
8.45,-259.38153
8.452,-259.24362
8.454,-258.00165
8.456,-255.16232
8.458,-250.35841
8.46,-245.42659
8.462,-241.67198
8.464,-240.15277
8.466,-240.78407
8.468,-243.73508
8.47,-247.73978
8.472,-251.15977
8.474,-252.19394
8.476,-250.80952
8.478,-247.3079
8.48,-242.65437
8.482,-237.66888
8.484,-233.94975
8.486,-232.00621
8.488,-231.64737
8.49,-231.78233
8.492,-232.17464
8.494,-232.31996
8.496,-232.14769
8.498,-231.62181
8.5,-231.85692
8.502,-233.25792
8.504,-235.64992
8.506,-237.8087
8.508,-239.03401
8.51,-238.18245
8.512,-234.64928
8.514,-228.3566
8.516,-220.99678
8.518,-214.26074
8.52,-209.63336
8.522,-207.4697
8.524,-208.01453
8.526,-210.21445
8.528,-212.63527
8.53,-213.69072
8.532,-213.33551
8.534,-211.77422
8.536,-209.63336
8.538,-207.19182
8.54,-205.33498
8.542,-204.07994
8.544,-203.12923
8.546,-201.77713
8.548,-200.40929
8.55,-199.24742
8.552,-198.62636
8.554,-198.39267
8.556,-199.03864
8.558,-200.28642
8.56,-201.62827
8.562,-202.16528
8.564,-202.1418
8.566,-201.67928
8.568,-201.12794
8.57,-200.49678
8.572,-200.57129
8.574,-201.39679
8.576,-202.6289
8.578,-203.2335
8.58,-203.0503
8.582,-201.6899
8.584,-199.12668
8.586,-195.32654
8.588,-191.53712
8.59,-188.61223
8.592,-187.11903
8.594,-186.69075
8.596,-187.4624
8.598,-188.82114
8.6,-190.12094
8.602,-190.52765
8.604,-190.55264
8.606,-190.60397
8.608,-191.12158
8.61,-191.87457
8.612,-193.25623
8.614,-194.97046
8.616,-196.62509
8.618,-197.5188
8.62,-198.17947
8.622,-198.93987
8.624,-200.12732
8.626,-201.41602
8.628,-203.1686
8.63,-205.1578
8.632,-207.13177
8.634,-208.53848
8.636,-210.03047
8.638,-211.9827
8.64,-214.63654
8.642,-217.43608
8.644,-220.45369
8.646,-223.17091
8.648,-225.14323
8.65,-225.80089
8.652,-226.00438
8.654,-226.53178
8.656,-228.14514
8.658,-230.79398
8.66,-234.88466
8.662,-239.92961
8.664,-245.15596
8.666,-249.35362
8.668,-252.5916
8.67,-254.92352
8.672,-256.66327
8.674,-257.72424
8.676,-258.8519
8.678,-260.1925
8.68,-261.66647
8.682,-262.60367
8.684,-263.3147
8.686,-263.81088
8.688,-264.16806
8.69,-264.01215
8.692,-263.93417
8.694,-264.10968
8.696,-264.66837
8.698,-265.23502
8.7,-266.37906
8.702,-268.20508
8.704,-270.67218
8.706,-273.1003
8.708,-275.66617
8.71,-278.10364
8.712,-280.17825
8.714,-281.27594
8.716,-281.9327
8.718,-282.348
8.72,-282.67984
8.722,-282.48856
8.724,-282.2506
8.726,-281.97293
8.728,-281.6792
8.73,-280.98254
8.732,-280.6071
8.734,-280.81277
8.736,-281.6792
8.738,-282.5342
8.74,-283.5462
8.742,-284.35654
8.744,-284.6811
8.746,-283.95267
8.748,-282.97223
8.75,-282.23547
8.752,-282.1795
8.754,-282.4881
8.756,-283.6385
8.758,-285.34723
8.76,-287.1827
8.762,-288.2363
8.764,-288.88672
8.766,-289.17572
8.768,-289.18396
8.77,-288.42725
8.772,-287.4699
8.774,-286.35553
8.776,-285.18143
8.778,-283.67352
8.78,-282.81656
8.782,-283.08035
8.784,-284.6811
8.786,-286.91107
8.788,-289.805
8.79,-292.64062
8.792,-294.68747
8.794,-294.95462
8.796,-294.04407
8.798,-292.4153
8.8,-290.68494
8.802,-288.86374
8.804,-287.89127
8.806,-287.8797
8.808,-288.68365
8.81,-289.52054
8.812,-290.78387
8.814,-292.38123
8.816,-294.18716
8.818,-295.46933
8.82,-296.59424
8.822,-297.37994
8.824,-297.6894
8.826,-296.9972
8.828,-296.11832
8.83,-295.42136
8.832,-295.18777
8.834,-294.9693
8.836,-295.24316
8.838,-295.76398
8.84,-296.18842
8.842,-295.70642
8.844,-294.8806
8.846,-293.9368
8.848,-293.18652
8.85,-292.38
8.852,-292.2965
8.854,-292.96524
8.856,-294.18716
8.858,-295.11053
8.86,-296.06036
8.862,-296.9253
8.864,-297.6894
8.866,-297.87912
8.868,-298.22287
8.87,-298.84204
8.872,-299.69064
8.874,-300.01947
8.876,-300.21292
8.878,-300.12457
8.88,-299.69064
8.882,-298.45938
8.884,-297.31113
8.886,-296.63138
8.888,-296.68875
8.89,-297.01883
8.892,-298.0451
8.894,-299.42917
8.896,-300.69128
8.898,-300.8867
8.9,-300.4121
8.902,-299.39883
8.904,-298.1897
8.906,-296.72214
8.908,-296.03476
8.91,-296.39044
8.912,-297.6894
8.914,-298.99686
8.916,-300.33414
8.918,-301.18445
8.92,-301.19162
8.922,-299.77222
8.924,-297.8453
8.926,-295.97504
8.928,-294.68747
8.93,-293.7743
8.932,-293.91827
8.934,-294.99216
8.936,-296.68875
8.938,-298.1458
8.94,-299.80618
8.942,-301.66373
8.944,-303.6932
8.946,-305.22064
8.948,-306.64633
8.95,-307.72565
8.952,-308.19608
8.954,-307.34882
8.956,-305.82086
8.958,-303.75153
8.96,-301.19162
8.962,-297.5231
8.964,-293.27908
8.966,-288.55112
8.968,-283.68048
8.97,-278.7772
8.972,-275.28857
8.974,-273.8972
8.976,-274.67474
8.978,-276.40268
8.98,-278.52045
8.982,-279.84695
8.984,-279.67792
8.986,-277.63483
8.988,-275.37756
8.99,-274.3641
8.992,-275.67538
8.994,-278.92532
8.996,-283.89716
8.998,-289.14124
9.0,-293.18652
9.002,-294.6956
9.004,-294.51743
9.006,-293.75064
9.008,-293.68683
9.01,-294.74277
9.012,-297.4521
9.014,-301.0043
9.016,-304.1935
9.018,-305.85208
9.02,-306.05115
9.022,-305.0951
9.024,-303.6932
9.026,-302.52045
9.028,-302.27954
9.03,-302.71796
9.032,-303.19287
9.034,-302.78485
9.036,-301.79324
9.038,-300.4477
9.04,-299.19034
9.042,-297.5947
9.044,-296.81055
9.046,-297.05402
9.048,-298.1897
9.05,-298.87277
9.052,-299.5026
9.054,-299.9334
9.056,-300.19098
9.058,-299.74524
9.06,-299.57693
9.062,-300.02536
9.064,-301.19162
9.066,-302.28302
9.068,-303.55286
9.07,-304.63428
9.072,-305.19415
9.074,-304.42145
9.076,-302.59085
9.078,-299.08902
9.08,-292.6862
9.082,-281.06277
9.084,-262.90613
9.086,-236.85022
9.088,-202.6289
9.09,-160.89882
9.092,-114.74377
9.094,-67.38338
9.096,-22.014004
9.098,19.018436
9.1,52.360294
9.102,74.7629
9.104,82.0522
9.106,69.73041
9.108,32.436375
9.11,-32.49503
9.112,-123.57861
9.114,-233.56418
9.116,-351.51465
9.118,-463.20413
9.12,-554.85297
9.122,-615.9315
9.124,-643.009
9.126,-638.51556
9.128,-609.888
9.13,-566.5568
9.132,-518.8091
9.134,-474.0292
9.136,-436.27756
9.138,-406.0426
9.14,-382.8731
9.142,-364.8837
9.144,-350.2228
9.146,-337.1164
9.148,-325.57834
9.15,-315.56036
9.152,-307.19543
9.154,-300.11075
9.156,-294.89386
9.158,-291.37936
9.16,-289.18396
9.162,-287.33798
9.164,-285.90543
9.166,-284.469
9.168,-282.67984
9.17,-279.9133
9.172,-276.5907
9.174,-272.90555
9.176,-269.17123
9.178,-265.4951
9.18,-262.6007
9.182,-261.04883
9.184,-261.16614
9.186,-262.61478
9.188,-264.9819
9.19,-267.58984
9.192,-269.67154
9.194,-270.22626
9.196,-269.32382
9.198,-267.24356
9.2,-264.66837
9.202,-261.85538
9.204,-260.41342
9.206,-260.60995
9.208,-262.16678
9.21,-263.835
9.212,-265.7956
9.214,-267.27014
9.216,-267.6703
9.218,-266.31787
9.22,-264.21988
9.222,-261.8667
9.224,-259.6652
9.226,-257.3375
9.228,-255.4274
9.23,-253.65512
9.232,-251.6601
9.234,-248.80469
9.236,-245.72626
9.238,-242.73239
9.24,-240.15277
9.242,-237.7984
9.244,-236.25922
9.246,-235.44136
9.248,-235.1496
9.25,-234.82121
9.252,-234.96315
9.254,-235.60744
9.256,-236.65054
9.258,-237.38884
9.26,-237.89082
9.262,-237.73094
9.264,-236.65054
9.266,-234.33974
9.268,-231.76042
9.27,-229.54771
9.272,-228.14514
9.274,-227.17616
9.276,-226.76855
9.278,-226.29417
9.28,-225.14323
9.282,-222.65315
9.284,-219.56859
9.286,-216.51369
9.288,-214.13623
9.29,-212.40977
9.292,-211.84373
9.294,-212.09811
9.296,-212.63527
9.298,-212.58583
9.3,-212.26674
9.302,-211.74274
9.304,-211.13431
9.306,-210.07796
9.308,-208.99062
9.31,-207.72057
9.312,-206.13113
9.314,-203.85751
9.316,-201.7504
9.318,-200.35687
9.32,-200.12732
9.322,-200.77522
9.324,-202.5232
9.326,-204.75244
9.328,-206.63145
9.33,-207.02992
9.332,-206.14247
9.334,-204.2656
9.336,-202.12859
9.338,-200.21983
9.34,-199.81041
9.342,-201.23308
9.344,-204.12985
9.346,-207.10587
9.348,-209.51317
9.35,-210.46272
9.352,-209.63336
9.354,-206.99261
9.356,-204.11772
9.358,-202.34192
9.36,-202.6289
9.362,-204.70265
9.364,-208.40782
9.366,-212.51822
9.368,-215.63718
9.37,-216.28036
9.372,-214.72105
9.374,-211.61742
9.376,-208.1324
9.378,-205.01006
9.38,-203.68724
9.382,-204.61212
9.384,-207.63208
9.386,-211.69798
9.388,-216.56256
9.39,-221.56999
9.392,-226.14386
9.394,-229.35622
9.396,-231.37886
9.398,-232.12035
9.4,-231.64737
9.402,-229.75815
9.404,-227.46123
9.406,-225.51236
9.408,-224.64291
9.41,-224.90787
9.412,-227.03102
9.414,-230.93147
9.416,-236.15022
9.418,-241.50359
9.42,-246.79887
9.422,-251.58997
9.424,-255.66264
9.426,-258.55496
9.428,-260.94537
9.43,-263.1069
9.432,-265.1687
9.434,-266.59277
9.436,-267.77826
9.438,-268.7498
9.44,-269.67154
9.442,-270.40106
9.444,-271.89966
9.446,-274.62354
9.448,-278.67728
9.45,-283.1715
9.452,-287.77634
9.454,-291.4534
9.456,-293.18652
9.458,-291.8529
9.46,-288.043
9.462,-282.67157
9.464,-277.17633
9.466,-272.61774
9.468,-270.69525
9.47,-271.8886
9.472,-275.67538
9.474,-280.21857
9.476,-284.4145
9.478,-287.04025
9.48,-287.683
9.482,-286.40292
9.484,-285.0341
9.486,-285.02853
9.488,-287.1827
9.49,-290.7058
9.492,-294.8931
9.494,-298.1507
9.496,-299.19034
9.498,-297.15625
9.5,-293.42953
9.502,-289.7068
9.504,-287.683
9.506,-287.76147
9.508,-290.31317
9.51,-294.17282
9.512,-297.6894
9.514,-298.9565
9.516,-298.10605
9.518,-295.76303
9.52,-293.18652
9.522,-291.14398
9.524,-291.03763
9.526,-292.9466
9.528,-296.18842
9.53,-299.154
9.532,-301.48703
9.534,-302.6881
9.536,-302.69257
9.538,-301.21542
9.54,-299.29953
9.542,-297.37457
9.544,-295.6881
9.546,-293.80237
9.548,-292.4064
9.55,-291.65942
9.552,-291.68555
9.554,-292.00888
9.556,-293.24518
9.558,-295.3676
9.56,-298.1897
9.562,-300.85568
9.564,-303.58405
9.566,-305.9966
9.568,-307.69574
9.57,-307.84692
9.572,-307.0416
9.574,-305.63028
9.576,-304.1935
9.578,-302.854
9.58,-302.81946
9.582,-304.36102
9.584,-307.19543
9.586,-310.00073
9.588,-312.40894
9.59,-313.613
9.592,-313.19925
9.594,-310.7902
9.596,-307.737
9.598,-305.08234
9.6,-303.6932
9.602,-303.4054
9.604,-304.62924
9.606,-306.7015
9.608,-308.69638
9.61,-309.28467
9.612,-308.78186
9.614,-307.51233
9.616,-306.1948
9.618,-305.09827
9.62,-305.4445
9.622,-307.33548
9.624,-310.19733
9.626,-312.4265
9.628,-313.53314
9.63,-312.81525
9.632,-310.19733
9.634,-305.7734
9.636,-301.33963
9.638,-298.19913
9.64,-297.18906
9.642,-297.8362
9.644,-300.1376
9.646,-303.09317
9.648,-305.69446
9.65,-306.79456
9.652,-307.06036
9.654,-307.01248
9.656,-307.19543
9.658,-307.2816
9.66,-307.71274
9.662,-308.02316
9.664,-307.69574
9.666,-305.97775
9.668,-303.78668
9.67,-301.8083
9.672,-300.69128
9.674,-300.17395
9.676,-300.67337
9.678,-301.5941
9.68,-302.19223
9.682,-301.46902
9.684,-300.07367
9.686,-298.57007
9.688,-297.6894
9.69,-297.48386
9.692,-298.70905
9.694,-301.02878
9.696,-303.6932
9.698,-305.36133
9.7,-306.11603
9.702,-305.9328
9.704,-305.19415
9.706,-303.98294
9.708,-303.53128
9.71,-304.1651
9.712,-305.69446
9.714,-306.96768
9.716,-307.88785
9.718,-307.97958
9.72,-307.19543
9.722,-305.46738
9.724,-304.21994
9.726,-304.22455
9.728,-305.69446
9.73,-307.5548
9.732,-309.3647
9.734,-309.99005
9.736,-308.69638
9.738,-305.01053
9.74,-300.49207
9.742,-296.52243
9.744,-294.18716
9.746,-293.1936
9.748,-293.49304
9.75,-293.78458
9.752,-292.6862
9.754,-288.87137
9.756,-283.19107
9.758,-276.7995
9.76,-271.17252
9.762,-266.96072
9.764,-265.25864
9.766,-265.77917
9.768,-267.6703
9.77,-269.49258
9.772,-271.34888
9.774,-273.29245
9.776,-275.67538
9.778,-278.28763
9.78,-281.79184
9.782,-285.8329
9.784,-289.6843
9.786,-292.03668
9.788,-293.04184
9.79,-292.7611
9.792,-291.68555
9.794,-290.09442
9.796,-289.31964
9.798,-289.84665
9.8,-291.68555
9.802,-294.12015
9.804,-296.91782
9.806,-299.2995
9.808,-300.69128
9.81,-300.84885
9.812,-300.4279
9.814,-299.8913
9.816,-299.69064
9.818,-299.999
9.82,-301.17215
9.822,-302.7862
9.824,-304.1935
9.826,-304.21844
9.828,-303.3733
9.83,-301.92184
9.832,-300.19098
9.834,-297.3796
9.836,-294.4364
9.838,-291.59503
9.84,-289.18396
9.842,-286.86163
9.844,-285.95972
9.846,-286.9511
9.848,-289.6843
9.85,-292.6365
9.852,-295.13345
9.854,-296.10406
9.856,-295.18777
9.858,-292.40106
9.86,-289.5341
9.862,-287.55112
9.864,-286.18207
9.866,-283.01477
9.868,-275.65292
9.87,-261.20422
9.872,-238.1515
9.874,-206.66963
9.876,-170.01653
9.878,-131.62856
9.88,-94.05984
9.882,-57.524662
9.884,-21.829865
9.886,13.77125
9.888,48.030556
9.89,76.74644
9.892,91.31082
9.894,82.370255
9.896,42.527054
9.898,-30.049212
9.9,-131.46082
9.902,-250.8243
9.904,-373.23743
9.906,-482.93063
9.908,-568.36664
9.91,-622.82086
9.912,-645.4106
9.914,-639.6121
9.916,-612.9337
9.918,-573.2635
9.92,-527.8358
9.922,-481.9403
9.924,-440.1833
9.926,-404.9771
9.928,-377.24
9.93,-356.2131
9.932,-341.284
9.934,-330.74887
9.936,-322.7053
9.938,-315.01913
9.94,-307.19962
9.942,-298.96066
9.944,-290.68494
9.946,-282.76794
9.948,-276.75793
9.95,-273.37695
9.952,-272.67346
9.954,-273.50388
9.956,-275.08893
9.958,-276.01935
9.96,-275.17505
9.962,-271.8196
9.964,-266.7577
9.966,-261.23807
9.968,-256.66327
9.97,-253.77757
9.972,-252.97661
9.974,-253.89326
9.976,-255.66264
9.978,-257.05417
9.98,-257.5044
9.982,-256.92926
9.984,-255.66264
9.986,-253.67427
9.988,-251.94003
9.99,-250.50453
9.992,-249.15851
9.994,-247.03557
9.996,-245.04074
9.998,-243.20163
10.0,-241.65373
10.002,-240.1045
10.004,-239.65456
10.006,-240.2993
10.008,-241.65373
10.01,-242.6239
10.012,-243.2523
10.014,-243.12785
10.016,-242.15405
10.018,-240.18309
10.02,-238.37236
10.022,-237.28836
10.024,-237.15086
10.026,-237.31137
10.028,-237.7147
10.03,-237.66762
10.032,-236.65054
10.034,-234.19847
10.036,-231.25975
10.038,-228.55096
10.04,-226.64418
10.042,-225.29169
10.044,-224.67511
10.046,-224.16576
10.048,-223.14195
10.05,-220.99162
10.052,-218.52951
10.054,-216.50172
10.056,-215.63718
10.058,-215.88702
10.06,-217.47119
10.062,-219.58443
10.064,-221.14069
10.066,-220.84735
10.068,-218.85468
10.07,-215.51064
10.072,-211.63463
10.074,-207.8211
10.076,-205.37022
10.078,-204.68668
10.08,-205.63081
10.082,-207.26526
10.084,-209.36618
10.086,-211.31058
10.088,-212.63527
10.09,-212.70822
10.092,-212.0252
10.094,-210.76945
10.096,-209.13304
10.098,-206.85245
10.1,-204.57204
10.102,-202.4568
10.104,-200.62762
10.106,-198.75607
10.108,-197.43814
10.11,-196.75284
10.112,-196.62509
10.114,-196.39769
10.116,-196.24799
10.118,-195.89438
10.12,-195.12413
10.122,-193.47644
10.124,-191.65001
10.126,-190.06483
10.128,-189.12032
10.13,-188.61101
10.132,-189.06592
10.134,-190.34567
10.136,-192.12222
10.138,-193.56392
10.14,-194.89433
10.142,-196.06375
10.144,-197.1254
10.146,-197.7107
10.148,-198.43211
10.15,-199.40312
10.152,-200.62762
10.154,-201.56435
10.156,-202.663
10.158,-203.98978
10.16,-205.63081
10.162,-207.2044
10.164,-209.32072
10.166,-212.12521
10.168,-215.63718
10.17,-219.23218
10.172,-223.19063
10.174,-227.26941
10.176,-231.14705
10.178,-233.98874
10.18,-236.04752
10.182,-237.25732
10.184,-237.65118
10.186,-236.8866
10.188,-235.74101
10.19,-234.67345
10.192,-234.14896
10.194,-234.07884
10.196,-235.24323
10.198,-237.80867
10.2,-241.65373
10.202,-245.90053
10.204,-250.47685
10.206,-254.87268
10.208,-258.66455
10.21,-261.15616
10.212,-262.89923
10.214,-264.2642
10.216,-265.669
10.218,-266.948
10.22,-268.72678
10.222,-271.02386
10.224,-273.6741
10.226,-275.94577
10.228,-278.1323
10.23,-280.20407
10.232,-282.1795
10.234,-283.6062
10.236,-285.0566
10.238,-286.70114
10.24,-288.68365
10.242,-290.6077
10.244,-292.9969
10.246,-295.7915
10.248,-298.69
10.25,-300.68665
10.252,-301.79614
10.254,-301.7736
10.256,-300.69128
10.258,-298.4773
10.26,-296.37427
10.262,-295.1428
10.264,-295.18777
10.266,-295.87375
10.268,-297.16653
10.27,-298.32642
10.272,-298.69
10.274,-297.4668
10.276,-295.4695
10.278,-293.44345
10.28,-292.18588
10.282,-291.69034
10.284,-292.53052
10.286,-294.28638
10.288,-296.18842
10.29,-296.93915
10.292,-296.6893
10.294,-295.5861
10.296,-294.18716
10.298,-292.7003
10.3,-292.35187
10.302,-293.44058
10.304,-295.6881
10.306,-297.81406
10.308,-299.5278
10.31,-300.21045
10.312,-299.69064
10.314,-297.80783
10.316,-296.00858
10.318,-295.26917
10.32,-296.18842
10.322,-298.17117
10.324,-301.16986
10.326,-304.18488
10.328,-306.1948
10.33,-306.031
10.332,-304.38266
10.334,-301.9557
10.336,-299.69064
10.338,-297.83453
10.34,-297.41666
10.342,-298.37155
10.344,-300.19098
10.346,-301.6558
10.348,-302.85342
10.35,-303.54956
10.352,-303.6932
10.354,-302.79587
10.356,-301.6091
10.358,-300.33716
10.36,-299.19034
10.362,-297.88324
10.364,-297.3743
10.366,-297.9731
10.368,-299.69064
10.37,-301.6094
10.372,-303.7303
10.374,-305.4155
10.376,-306.1948
10.378,-305.4495
10.38,-304.22003
10.382,-303.2523
10.384,-303.19287
10.386,-303.76544
10.388,-305.4065
10.39,-307.6073
10.392,-309.69702
10.394,-310.60526
10.396,-310.81522
10.398,-310.5663
10.4,-310.19733
10.402,-309.39835
10.404,-308.85617
10.406,-308.50797
10.408,-308.19608
10.41,-307.2872
10.412,-306.51538
10.414,-306.1153
10.416,-306.1948
10.418,-306.07855
10.42,-306.0758
10.422,-305.8559
10.424,-305.19415
10.426,-303.61227
10.428,-302.18213
10.43,-301.5555
10.432,-302.19223
10.434,-303.56815
10.436,-305.90543
10.438,-308.5276
10.44,-310.69766
10.442,-311.39047
10.444,-311.2393
10.446,-310.67496
10.448,-310.19733
10.45,-309.55344
10.452,-309.367
10.454,-309.38382
10.456,-309.1967
10.458,-307.97192
10.46,-306.3759
10.462,-304.7931
10.464,-303.6932
10.466,-302.91235
10.468,-303.1524
10.47,-304.22922
10.472,-305.69446
10.474,-306.53177
10.476,-307.01428
10.478,-307.05258
10.48,-306.6951
10.482,-305.5358
10.484,-304.37112
10.486,-303.38663
10.488,-302.69257
10.49,-301.83023
10.492,-301.55283
10.494,-302.0051
10.496,-303.19287
10.498,-304.4099
10.5,-306.01636
10.502,-307.71735
10.504,-309.1967
10.506,-309.68726
10.508,-309.80588
10.51,-309.7398
10.512,-309.69702
10.514,-309.2914
10.516,-309.2393
10.518,-309.57474
10.52,-310.19733
10.522,-310.37793
10.524,-310.57178
10.526,-310.6052
10.528,-310.19733
10.53,-308.43707
10.532,-305.65695
10.534,-301.72394
10.536,-296.68875
10.538,-290.3092
10.54,-283.8357
10.542,-278.0618
10.544,-273.6741
10.546,-270.55392
10.548,-269.4653
10.55,-270.29282
10.552,-272.67346
10.554,-275.59897
10.556,-279.2905
10.558,-283.43372
10.56,-287.683
10.562,-291.10913
10.564,-294.01392
10.566,-296.2181
10.568,-297.6894
10.57,-298.07748
10.572,-298.37308
10.574,-299.00858
10.576,-300.19098
10.578,-301.3561
10.58,-302.65988
10.582,-303.5822
10.584,-303.6932
10.586,-302.64166
10.588,-301.14917
10.59,-299.67886
10.592,-298.69
10.594,-298.3828
10.596,-299.12894
10.598,-300.56732
10.6,-302.19223
10.602,-303.37466
10.604,-304.52512
10.606,-305.76654
10.608,-307.19543
10.61,-307.93033
10.612,-308.67047
10.614,-309.33105
10.616,-309.69702
10.618,-308.5385
10.62,-306.6376
10.622,-304.33652
10.624,-302.19223
10.626,-300.1254
10.628,-299.36136
10.63,-300.1596
10.632,-302.19223
10.634,-304.01135
10.636,-305.18817
10.638,-304.981
10.64,-303.19287
10.642,-299.6781
10.644,-295.71292
10.646,-291.61725
10.648,-286.68237
10.65,-278.5301
10.652,-265.30374
10.654,-244.92984
10.656,-216.63782
10.658,-180.96289
10.66,-141.12035
10.662,-100.29375
10.664,-61.03883
10.666,-24.260593
10.668,8.645495
10.67,36.21943
10.672,55.03501
10.674,59.664177
10.676,42.03809
10.678,-4.3845024
10.68,-82.0522
10.682,-186.50645
10.684,-307.61395
10.686,-429.80646
10.688,-536.3412
10.69,-613.0718
10.692,-653.362
10.694,-657.5555
10.696,-632.4023
10.698,-587.8639
10.7,-535.56696
10.702,-484.51178
10.704,-440.2801
10.706,-404.5628
10.708,-377.64383
10.71,-357.8855
10.712,-343.21835
10.714,-331.29532
10.716,-321.3472
10.718,-312.59076
10.72,-304.69385
10.722,-297.22287
10.724,-291.05566
10.726,-286.5172
10.728,-283.68048
10.73,-281.82382
10.732,-280.99878
10.734,-280.6232
10.736,-280.17825
10.738,-278.96875
10.74,-277.48874
10.742,-275.98547
10.744,-274.67474
10.746,-273.30167
10.748,-272.09915
10.75,-271.05905
10.752,-270.17188
10.754,-269.19058
10.756,-268.31906
10.758,-267.76917
10.76,-267.6703
10.762,-267.62503
10.764,-267.7255
10.766,-267.7917
10.768,-267.6703
10.77,-266.68265
10.772,-265.70157
10.774,-264.71732
10.776,-263.66772
10.778,-261.8785
10.78,-260.3
10.782,-258.79678
10.784,-257.1636
10.786,-254.79483
10.788,-252.53995
10.79,-250.61095
10.792,-249.15851
10.794,-247.77441
10.796,-246.9737
10.798,-246.53767
10.8,-246.1566
10.802,-245.16055
10.804,-244.02837
10.806,-242.8304
10.808,-241.65373
10.81,-240.14992
10.812,-238.88193
10.814,-237.87796
10.816,-237.15086
10.818,-236.3592
10.82,-236.11421
10.822,-236.44237
10.824,-237.15086
10.826,-237.44006
10.828,-237.40761
10.83,-236.79915
10.832,-235.64992
10.834,-233.9558
10.836,-232.85696
10.838,-232.8984
10.84,-234.14896
10.842,-235.66953
10.844,-236.98622
10.846,-237.04932
10.848,-235.1496
10.85,-230.89995
10.852,-225.5781
10.854,-220.43753
10.856,-216.63782
10.858,-214.37317
10.86,-213.98912
10.862,-214.64432
10.864,-215.13686
10.866,-214.04584
10.868,-211.47746
10.87,-207.84447
10.872,-204.12985
10.874,-201.08482
10.876,-200.04381
10.878,-201.1442
10.88,-203.62955
10.882,-205.70703
10.884,-206.45123
10.886,-205.04343
10.888,-201.62827
10.89,-196.93767
10.892,-193.217
10.894,-192.06903
10.896,-194.12349
10.898,-198.26115
10.9,-203.26836
10.902,-207.18324
10.904,-208.63272
10.906,-207.02899
10.908,-204.02347
10.91,-201.42194
10.912,-200.62762
10.914,-201.41446
10.916,-203.26189
10.918,-204.47852
10.92,-203.62955
10.922,-199.97078
10.924,-195.22922
10.926,-191.60675
10.928,-191.12158
10.93,-194.06476
10.932,-200.06543
10.934,-206.9396
10.936,-212.13495
10.938,-213.43211
10.94,-211.2209
10.942,-207.02147
10.944,-203.12923
10.946,-201.06367
10.948,-202.23575
10.95,-206.2394
10.952,-211.63463
10.954,-216.2416
10.956,-219.41188
10.958,-220.99733
10.96,-221.641
10.962,-221.8488
10.964,-222.97704
10.966,-225.46227
10.968,-229.14577
10.97,-232.98679
10.972,-236.8722
10.974,-240.45828
10.976,-243.655
10.978,-246.10382
10.98,-248.52165
10.982,-251.17686
10.984,-254.16168
10.986,-256.8831
10.988,-259.63882
10.99,-262.27356
10.992,-264.66837
10.994,-266.31772
10.996,-267.89044
10.998,-269.7402
11.0,-272.17316
11.002,-274.8278
11.004,-278.09668
11.006,-281.70325
11.008,-285.18143
11.01,-287.55142
11.012,-289.00876
11.014,-289.62134
11.016,-289.6843
11.018,-289.1167
11.02,-288.8293
11.022,-289.15503
11.024,-290.1846
11.026,-291.29688
11.028,-292.74326
11.03,-294.29507
11.032,-295.6881
11.034,-296.193
11.036,-296.18753
11.038,-295.77393
11.04,-295.18777
11.042,-294.25424
11.044,-293.7976
11.046,-293.99838
11.048,-294.68747
11.05,-294.89053
11.052,-294.60733
11.054,-293.62433
11.056,-292.18588
11.058,-290.51138
11.06,-290.1383
11.062,-291.85916
11.064,-295.6881
11.066,-300.17703
11.068,-304.3152
11.07,-306.59177
11.072,-306.1948
11.074,-302.9588
11.076,-298.92056
11.078,-296.02695
11.08,-295.6881
11.082,-297.5577
11.084,-301.08
11.086,-304.37958
11.088,-305.69446
11.09,-303.73572
11.092,-299.75278
11.094,-295.46463
11.096,-292.6862
11.098,-291.89005
11.1,-293.45102
11.102,-296.10602
11.104,-298.1897
11.106,-297.97592
11.108,-295.96594
11.11,-293.09766
11.112,-290.68494
11.114,-289.1637
11.116,-289.3414
11.118,-290.66504
11.12,-292.18588
11.122,-292.6394
11.124,-292.56412
11.126,-292.51923
11.128,-293.18652
11.13,-294.35345
11.132,-296.34906
11.134,-298.42398
11.136,-299.69064
11.138,-299.09958
11.14,-297.44476
11.142,-295.51538
11.144,-294.18716
11.146,-293.43323
11.148,-293.80548
11.15,-294.78967
11.152,-295.6881
11.154,-295.52036
11.156,-294.96945
11.158,-294.5266
11.16,-294.68747
11.162,-295.09747
11.164,-296.13968
11.166,-297.33597
11.168,-298.1897
11.17,-297.9817
11.172,-297.62488
11.174,-297.71353
11.176,-298.69
11.178,-300.00613
11.18,-301.7751
11.182,-303.2422
11.184,-303.6932
11.186,-302.31024
11.188,-300.0529
11.19,-297.74268
11.192,-296.18842
11.194,-295.27646
11.196,-295.4694
11.198,-296.1942
11.2,-296.68875
11.202,-295.898
11.204,-294.45758
11.206,-292.95978
11.208,-292.18588
11.21,-292.19513
11.212,-293.7259
11.214,-296.3603
11.216,-299.19034
11.218,-300.6493
11.22,-300.62823
11.222,-298.99963
11.224,-296.18842
11.226,-292.4965
11.228,-289.4977
11.23,-287.97437
11.232,-288.18332
11.234,-289.28094
11.236,-291.20724
11.238,-293.21582
11.24,-294.68747
11.242,-294.82523
11.244,-294.43268
11.246,-294.044
11.248,-294.18716
11.25,-294.60187
11.252,-295.8575
11.254,-297.59198
11.256,-299.19034
11.258,-299.49857
11.26,-298.81714
11.262,-297.24884
11.264,-295.18777
11.266,-292.65152
11.268,-290.79135
11.27,-289.96625
11.272,-290.1846
11.274,-290.63547
11.276,-291.556
11.278,-292.64554
11.28,-293.68683
11.282,-294.082
11.284,-294.44675
11.286,-294.83673
11.288,-295.18777
11.29,-294.84042
11.292,-294.2274
11.294,-293.31567
11.296,-292.18588
11.298,-290.5626
11.3,-289.44
11.302,-289.24292
11.304,-290.1846
11.306,-291.65042
11.308,-293.86505
11.31,-296.2641
11.312,-298.1897
11.314,-298.62512
11.316,-298.0915
11.318,-297.0279
11.32,-296.18842
11.322,-295.85428
11.324,-297.19513
11.326,-300.2242
11.328,-304.1935
11.33,-307.25766
11.332,-308.6393
11.334,-307.46005
11.336,-303.6932
11.338,-297.7617
11.34,-291.96393
11.342,-288.0833
11.344,-287.1827
11.346,-288.60437
11.348,-291.68805
11.35,-294.51166
11.352,-295.18777
11.354,-292.11118
11.356,-286.07684
11.358,-278.4608
11.36,-271.17252
11.362,-265.40323
11.364,-262.75882
11.366,-263.28873
11.368,-266.1693
11.37,-269.63376
11.372,-273.20352
11.374,-276.2709
11.376,-278.67728
11.378,-280.03717
11.38,-281.2636
11.382,-282.62473
11.384,-284.1808
11.386,-285.31268
11.388,-286.5247
11.39,-287.81152
11.392,-289.18396
11.394,-290.1792
11.396,-291.3427
11.398,-292.58127
11.4,-293.68683
11.402,-294.1423
11.404,-294.22983
11.406,-293.87796
11.408,-293.18652
11.41,-292.32123
11.412,-292.04642
11.414,-292.54367
11.416,-293.68683
11.418,-294.88104
11.42,-296.0107
11.422,-296.54208
11.424,-296.18842
11.426,-294.4024
11.428,-292.63672
11.43,-291.8784
11.432,-292.6862
11.434,-293.83643
11.436,-295.38156
11.438,-296.48798
11.44,-296.68875
11.442,-295.4723
11.444,-294.5352
11.446,-295.09116
11.448,-297.6894
11.45,-301.1477
11.452,-304.58838
11.454,-306.40372
11.456,-305.69446
11.458,-302.27084
11.46,-298.12656
11.462,-294.70782
11.464,-292.18588
11.466,-288.27597
11.468,-280.29147
11.47,-264.86163
11.472,-240.15277
11.474,-206.49504
11.476,-167.85648
11.478,-128.7111
11.48,-92.55888
11.482,-60.089104
11.484,-30.9398
11.486,-3.731513
11.488,21.013369
11.49,39.56788
11.492,43.44589
11.494,23.28234
11.496,-28.017824
11.498,-111.277405
11.5,-220.82027
11.502,-343.5875
11.504,-462.7944
11.506,-561.8289
11.508,-629.82446
11.51,-662.2498
11.512,-661.4208
11.514,-634.2
11.516,-590.8339
11.518,-540.74567
11.52,-491.31256
11.522,-446.75363
11.524,-409.87057
11.526,-381.00757
11.528,-359.22852
11.53,-342.47192
11.532,-329.5999
11.534,-319.169
11.536,-310.19733
11.538,-301.81277
11.54,-294.6855
11.542,-289.107
11.544,-285.18143
11.546,-282.20105
11.548,-280.1911
11.55,-278.52396
11.552,-276.67603
11.554,-274.01645
11.556,-271.20712
11.558,-268.6492
11.56,-266.66965
11.562,-265.03738
11.564,-263.94098
11.566,-263.21225
11.568,-262.66708
11.57,-261.9293
11.572,-261.20645
11.574,-260.73105
11.576,-260.66583
11.578,-260.65198
11.58,-260.6507
11.582,-260.396
11.584,-259.6652
11.586,-257.845
11.588,-255.82346
11.59,-253.84467
11.592,-252.16042
11.594,-250.33878
11.596,-249.44962
11.598,-249.22672
11.6,-249.15851
11.602,-248.23701
11.604,-247.01277
11.606,-245.45244
11.608,-243.655
11.61,-241.3717
11.612,-239.49844
11.614,-238.24316
11.616,-237.65118
11.618,-237.21254
11.62,-237.32632
11.622,-237.7534
11.624,-238.1515
11.626,-237.74734
11.628,-236.81595
11.63,-235.26396
11.632,-233.14832
11.634,-230.31306
11.636,-227.66896
11.638,-225.66876
11.64,-224.64291
11.642,-224.33804
11.644,-225.16037
11.646,-226.78226
11.648,-228.64546
11.65,-229.74384
11.652,-230.05281
11.654,-229.33292
11.656,-227.64482
11.658,-224.95467
11.66,-222.29422
11.662,-220.14088
11.664,-218.63908
11.666,-217.175
11.668,-215.76096
11.67,-213.96475
11.672,-211.63463
11.674,-208.6963
11.676,-206.31458
11.678,-205.20367
11.68,-205.63081
11.682,-206.80768
11.684,-208.30508
11.686,-209.11945
11.688,-208.63272
11.69,-206.60666
11.692,-204.40044
11.694,-203.17186
11.696,-203.62955
11.698,-205.17543
11.7,-207.24112
11.702,-208.42278
11.704,-207.63208
11.706,-204.30165
11.708,-199.80736
11.71,-195.65923
11.712,-193.12286
11.714,-192.15375
11.716,-192.53392
11.718,-192.937
11.72,-192.12222
11.722,-189.27876
11.724,-185.66913
11.726,-182.92506
11.728,-182.61618
11.73,-184.95503
11.732,-189.75288
11.734,-195.21815
11.736,-199.12668
11.738,-199.375
11.74,-196.13914
11.742,-190.64876
11.744,-185.11777
11.746,-181.40665
11.748,-181.54022
11.75,-185.70836
11.752,-192.62254
11.754,-199.57317
11.756,-204.77802
11.758,-206.83183
11.76,-205.63081
11.762,-201.9214
11.764,-198.24753
11.766,-196.73117
11.768,-198.62636
11.77,-203.36911
11.772,-210.09805
11.774,-216.82222
11.776,-221.641
11.778,-223.04034
11.78,-221.6727
11.782,-218.81274
11.784,-216.1375
11.786,-214.55153
11.788,-215.15913
11.79,-217.78065
11.792,-221.641
11.794,-225.40747
11.796,-229.02968
11.798,-232.52213
11.8,-236.15022
11.802,-239.64778
11.804,-243.36308
11.806,-246.89369
11.808,-249.65883
11.81,-250.79927
11.812,-250.8399
11.814,-250.46399
11.816,-250.65945
11.818,-251.88425
11.82,-255.12349
11.822,-260.30124
11.824,-266.66965
11.826,-272.60605
11.828,-277.43958
11.83,-280.4974
11.832,-281.6792
11.834,-280.9841
11.836,-279.71436
11.838,-278.7715
11.84,-278.67728
11.842,-278.9214
11.844,-279.49002
11.846,-279.74576
11.848,-279.1776
11.85,-277.23416
11.852,-274.8475
11.854,-272.88754
11.856,-272.17316
11.858,-272.62622
11.86,-274.58545
11.862,-277.4118
11.864,-280.17825
11.866,-281.57208
11.868,-281.69772
11.87,-280.7296
11.872,-279.1776
11.874,-277.14078
11.876,-275.56116
11.878,-274.62134
11.88,-274.1744
11.882,-273.42218
11.884,-272.67722
11.886,-272.0053
11.888,-271.67282
11.89,-271.5439
11.892,-272.48486
11.894,-274.61887
11.896,-277.67664
11.898,-280.5475
11.9,-283.06955
11.902,-284.70093
11.904,-285.18143
11.906,-284.12186
11.908,-282.59088
11.91,-281.2735
11.912,-280.67856
11.914,-280.4241
11.916,-280.88562
11.918,-281.6356
11.92,-282.1795
11.922,-281.6922
11.924,-280.82892
11.926,-280.00247
11.928,-279.67792
11.93,-279.62988
11.932,-280.47357
11.934,-281.97623
11.936,-283.68048
11.938,-284.60522
11.94,-285.09207
11.942,-285.21246
11.944,-285.18143
11.946,-284.7051
11.948,-284.53958
11.95,-284.7407
11.952,-285.18143
11.954,-285.13666
11.956,-285.07733
11.958,-285.0541
11.96,-285.18143
11.962,-285.07333
11.964,-285.43457
11.966,-286.33765
11.968,-287.683
11.97,-288.7245
11.972,-289.8143
11.974,-290.82562
11.976,-291.68555
11.978,-291.87167
11.98,-292.08624
11.982,-292.5032
11.984,-293.18652
11.986,-293.529
11.988,-293.98502
11.99,-294.4185
11.992,-294.68747
11.994,-294.20306
11.996,-293.64966
11.998,-293.25305
12.0,-293.18652
12.002,-292.98642
12.004,-293.18024
12.006,-293.64658
12.008,-294.18716
12.01,-294.1118
12.012,-293.9954
12.014,-293.97894
12.016,-294.18716
12.018,-294.13684
12.02,-294.36636
12.022,-294.77432
12.024,-295.18777
12.026,-294.93896
12.028,-294.61612
12.03,-294.33957
12.032,-294.18716
12.034,-293.62253
12.036,-293.1855
12.038,-292.8644
12.04,-292.6862
12.042,-292.2527
12.044,-292.41077
12.046,-293.3999
12.048,-295.18777
12.05,-296.89664
12.052,-298.57428
12.054,-299.74814
12.056,-300.19098
12.058,-299.5462
12.06,-298.9397
12.062,-298.93936
12.064,-299.69064
12.066,-300.19983
12.068,-300.23035
12.07,-298.99393
12.072,-296.18842
12.074,-291.78094
12.076,-287.65747
12.078,-285.31985
12.08,-285.68173
12.082,-288.02957
12.084,-291.75192
12.086,-295.13153
12.088,-296.68875
12.09,-295.35675
12.092,-292.46866
12.094,-289.58197
12.096,-288.18332
12.098,-288.39603
12.1,-290.38733
12.102,-292.9362
12.104,-294.68747
12.106,-294.40604
12.108,-293.03992
12.11,-291.7438
12.112,-291.68555
12.114,-292.78564
12.116,-295.11426
12.118,-297.3891
12.12,-298.1897
12.122,-296.19482
12.124,-292.39926
12.126,-288.1821
12.128,-285.18143
12.13,-283.99615
12.132,-285.4639
12.134,-288.9213
12.136,-293.18652
12.138,-296.64938
12.14,-299.441
12.142,-301.6852
12.144,-303.6932
12.146,-305.0469
12.148,-306.1131
12.15,-306.44696
12.152,-305.69446
12.154,-303.4643
12.156,-301.11456
12.158,-299.7493
12.16,-300.19098
12.162,-302.01883
12.164,-305.0265
12.166,-307.8772
12.168,-309.1967
12.17,-307.69052
12.172,-304.13892
12.174,-299.5516
12.176,-295.18777
12.178,-291.48825
12.18,-289.46033
12.182,-288.99393
12.184,-289.6843
12.186,-290.68134
12.188,-292.62714
12.19,-295.77927
12.192,-300.19098
12.194,-304.88278
12.196,-309.55142
12.198,-313.11337
12.2,-314.7002
12.202,-313.5413
12.204,-310.84393
12.206,-307.725
12.208,-305.19415
12.21,-303.14105
12.212,-301.91635
12.214,-300.8377
12.216,-299.19034
12.218,-296.15817
12.22,-292.76837
12.222,-289.87912
12.224,-288.18332
12.226,-287.19257
12.228,-286.88965
12.23,-286.21494
12.232,-284.1808
12.234,-279.90836
12.236,-274.6837
12.238,-269.93286
12.24,-267.16995
12.242,-266.81104
12.244,-269.55188
12.246,-274.61392
12.248,-280.67856
12.25,-285.90686
12.252,-290.20895
12.254,-293.53015
12.256,-296.18842
12.258,-298.00702
12.26,-299.7656
12.262,-301.40408
12.264,-302.69257
12.266,-303.07797
12.268,-303.17572
12.27,-303.28326
12.272,-303.6932
12.274,-304.30856
12.276,-305.38962
12.278,-306.50296
12.28,-307.19543
12.282,-307.15112
12.284,-306.93256
12.286,-306.85602
12.288,-307.19543
12.29,-307.6004
12.292,-308.5826
12.294,-309.9097
12.296,-311.19797
12.298,-311.1771
12.3,-310.65463
12.302,-310.01694
12.304,-309.69702
12.306,-309.04745
12.308,-308.86984
12.31,-309.02615
12.312,-309.1967
12.314,-308.41293
12.316,-307.3476
12.318,-306.41214
12.32,-306.1948
12.322,-306.63153
12.324,-308.52438
12.326,-311.55264
12.328,-314.7002
12.33,-315.8595
12.332,-313.9071
12.334,-307.35727
12.336,-295.18777
12.338,-276.48602
12.34,-252.16777
12.342,-223.05077
12.344,-190.12094
12.346,-153.81723
12.348,-115.74077
12.35,-77.08111
12.352,-39.525143
12.354,-5.2072954
12.356,21.249458
12.358,34.57595
12.36,29.018461
12.362,0.12216076
12.364,-55.36427
12.366,-136.24995
12.368,-236.65054
12.37,-345.87137
12.372,-451.77905
12.374,-541.63055
12.376,-605.38513
12.378,-637.34155
12.38,-638.7122
12.382,-615.153
12.384,-575.366
12.386,-528.1438
12.388,-481.93124
12.39,-441.79395
12.392,-409.76068
12.394,-385.00687
12.396,-366.6256
12.398,-352.86044
12.4,-342.2177
12.402,-333.14655
12.404,-325.6138
12.406,-319.2316
12.408,-313.69955
12.41,-308.33633
12.412,-303.77136
12.414,-300.17905
12.416,-297.6894
12.418,-295.7687
12.42,-294.8004
12.422,-294.42813
12.424,-294.18716
12.426,-293.24768
12.428,-291.91064
12.43,-290.31094
12.432,-288.68365
12.434,-286.89542
12.436,-285.3733
12.438,-284.2854
12.44,-283.68048
12.442,-283.1848
12.444,-282.8865
12.446,-282.85336
12.448,-283.18015
12.45,-283.45786
12.452,-284.15228
12.454,-285.14847
12.456,-286.18207
12.458,-286.25253
12.46,-286.00027
12.462,-285.16644
12.464,-283.68048
12.466,-281.16782
12.468,-279.0603
12.47,-277.73996
12.472,-277.17633
12.474,-276.39212
12.476,-275.4552
12.478,-273.78864
12.48,-271.17252
12.482,-267.49036
12.484,-264.29163
12.486,-262.63864
12.488,-263.16742
12.49,-265.27377
12.492,-268.67932
12.494,-272.07193
12.496,-274.1744
12.498,-273.826
12.5,-271.7603
12.502,-268.8518
12.504,-266.1693
12.506,-264.03607
12.508,-263.22195
12.51,-263.34885
12.512,-263.66772
12.514,-263.02808
12.516,-261.7218
12.518,-259.95767
12.52,-258.16425
12.522,-256.2636
12.524,-254.93924
12.526,-254.0311
12.528,-253.16106
12.53,-251.54605
12.532,-249.70624
12.534,-247.93881
12.536,-246.6569
12.538,-245.73618
12.54,-245.8011
12.542,-246.61484
12.544,-247.65755
12.546,-247.91635
12.548,-247.5705
12.55,-246.5797
12.552,-245.15596
12.554,-243.22708
12.556,-241.7923
12.558,-241.2276
12.56,-241.65373
12.562,-242.46126
12.564,-243.82747
12.566,-245.25558
12.568,-246.1566
12.57,-245.5736
12.572,-243.83939
12.574,-241.17705
12.576,-238.1515
12.578,-235.0714
12.58,-233.28946
12.582,-233.3308
12.584,-235.1496
12.586,-237.64078
12.588,-240.38501
12.59,-242.43634
12.592,-243.15468
12.594,-241.97823
12.596,-239.99234
12.598,-238.11292
12.6,-237.15086
12.602,-236.9538
12.604,-237.87358
12.606,-239.2461
12.608,-240.15277
12.61,-239.30782
12.612,-237.01334
12.614,-233.67752
12.616,-230.14641
12.618,-226.89499
12.62,-225.34003
12.622,-225.96382
12.624,-228.64546
12.626,-232.21799
12.628,-236.34119
12.63,-240.19044
12.632,-243.15468
12.634,-244.46037
12.636,-244.82199
12.638,-244.71968
12.64,-244.65564
12.642,-244.47891
12.644,-244.94876
12.646,-246.17998
12.648,-248.15787
12.65,-250.27504
12.652,-253.01201
12.654,-256.2536
12.656,-259.6652
12.658,-262.19223
12.66,-263.85492
12.662,-264.43835
12.664,-264.16806
12.666,-263.26096
12.668,-263.35608
12.67,-265.5155
12.672,-270.17188
12.674,-276.32303
12.676,-283.299
12.678,-289.64014
12.68,-294.18716
12.682,-296.06854
12.684,-296.44955
12.686,-296.60028
12.688,-297.6894
12.69,-299.67813
12.692,-302.7421
12.694,-305.93442
12.696,-308.19608
12.698,-308.4234
12.7,-307.38058
12.702,-305.97797
12.704,-305.19415
12.706,-305.02032
12.708,-305.82892
12.71,-306.9769
12.712,-307.69574
12.714,-307.07266
12.716,-305.95587
12.718,-305.2101
12.72,-305.69446
12.722,-307.22156
12.724,-309.97467
12.726,-313.0183
12.728,-315.20053
12.73,-315.1687
12.732,-313.43323
12.734,-310.74203
12.736,-308.19608
12.738,-306.2225
12.74,-305.88388
12.742,-307.08432
12.744,-309.1967
12.746,-310.86325
12.748,-312.06955
12.75,-312.64114
12.752,-312.6989
12.754,-311.95477
12.756,-311.27536
12.758,-310.85602
12.76,-310.69766
12.762,-310.12683
12.764,-309.7155
12.766,-309.54117
12.768,-309.69702
12.77,-309.66913
12.772,-310.123
12.774,-311.03055
12.776,-312.1986
12.778,-312.75623
12.78,-313.08893
12.782,-313.07687
12.784,-312.6989
12.786,-311.49677
12.788,-310.41687
12.79,-309.87946
12.792,-310.19733
12.794,-310.89795
12.796,-312.5243
12.798,-314.7889
12.8,-317.20178
12.802,-318.64218
12.804,-319.39365
12.806,-319.3759
12.808,-318.70276
12.81,-317.05566
12.812,-315.48984
12.814,-314.44263
12.816,-314.1999
12.818,-314.2688
12.82,-315.226
12.822,-316.84894
12.824,-318.70276
12.826,-319.68658
12.828,-320.07416
12.83,-319.822
12.832,-319.20306
12.834,-318.1743
12.836,-318.0779
12.838,-319.4313
12.84,-322.205
12.842,-325.17694
12.844,-327.98737
12.846,-329.68286
12.848,-329.70975
12.85,-327.6378
12.852,-324.95465
12.854,-322.84598
12.856,-322.205
12.858,-322.64963
12.86,-324.32498
12.862,-326.31595
12.864,-327.70847
12.866,-327.4749
12.868,-326.58765
12.87,-325.8972
12.872,-326.20752
12.874,-327.2372
12.876,-329.2915
12.878,-331.5791
12.88,-333.21198
12.882,-333.1122
12.884,-332.10992
12.886,-330.90823
12.888,-330.21005
12.89,-329.7183
12.892,-329.8525
12.894,-330.04047
12.896,-329.70975
12.898,-328.15182
12.9,-326.53702
12.902,-325.80536
12.904,-326.70782
12.906,-328.75354
12.908,-331.92288
12.91,-335.00885
12.912,-336.7142
12.914,-335.6643
12.916,-332.59595
12.918,-328.38925
12.92,-324.20624
12.922,-320.43176
12.924,-318.21667
12.926,-317.57776
12.928,-318.20242
12.93,-319.19873
12.932,-321.20245
12.934,-324.37445
12.936,-328.7091
12.938,-333.1945
12.94,-337.64508
12.942,-340.9856
12.944,-342.2177
12.946,-340.27194
12.948,-336.17227
12.95,-331.02295
12.952,-326.20752
12.954,-322.32315
12.956,-320.6804
12.958,-321.22034
12.96,-323.2056
12.962,-324.9932
12.964,-326.33472
12.966,-326.749
12.968,-326.20752
12.97,-324.49753
12.972,-322.89944
12.974,-322.0293
12.976,-322.205
12.978,-322.78247
12.98,-324.08688
12.982,-325.60107
12.984,-326.70782
12.986,-326.31067
12.988,-324.89816
12.99,-322.69742
12.992,-320.2037
12.994,-317.4701
12.996,-315.82596
12.998,-315.7268
13.0,-317.20178
13.002,-319.2938
13.004,-322.05548
13.006,-324.86716
13.008,-327.20816
13.01,-328.2496
13.012,-328.71918
13.014,-328.9395
13.016,-329.20944
13.018,-329.0894
13.02,-329.23608
13.022,-329.52197
13.024,-329.70975
13.026,-328.99393
13.028,-328.01675
13.03,-326.8881
13.032,-325.7072
13.034,-323.93195
13.036,-322.24115
13.038,-320.66122
13.04,-319.20306
13.042,-317.3733
13.044,-316.0672
13.046,-315.61142
13.048,-316.20114
13.05,-317.2287
13.052,-319.10873
13.054,-321.44016
13.056,-323.70593
13.058,-324.90976
13.06,-325.49118
13.062,-325.5249
13.064,-325.20688
13.066,-324.21387
13.068,-323.36996
13.07,-322.7434
13.072,-322.205
13.074,-320.98834
13.076,-319.564
13.078,-317.92905
13.08,-316.20114
13.082,-314.0785
13.084,-312.56967
13.086,-312.05203
13.088,-312.6989
13.09,-313.8609
13.092,-315.92944
13.094,-318.5304
13.096,-321.20435
13.098,-322.97086
13.1,-324.2572
13.102,-325.0077
13.104,-325.20688
13.106,-324.28162
13.108,-322.99374
13.11,-321.5522
13.112,-320.2037
13.114,-318.65225
13.116,-317.84445
13.118,-317.93027
13.12,-318.70276
13.122,-319.03812
13.124,-318.85806
13.126,-317.53128
13.128,-314.7002
13.13,-309.91357
13.132,-304.45605
13.134,-299.27457
13.136,-295.18777
13.138,-292.0337
13.14,-290.39462
13.142,-289.82416
13.144,-289.6843
13.146,-288.92004
13.148,-288.13342
13.15,-287.7095
13.152,-288.18332
13.154,-289.40512
13.156,-292.14438
13.158,-296.12878
13.16,-300.69128
13.162,-304.46194
13.164,-307.43677
13.166,-309.33386
13.168,-310.19733
13.17,-309.8301
13.172,-309.36893
13.174,-309.36768
13.176,-310.19733
13.178,-311.6109
13.18,-313.94583
13.182,-316.70764
13.184,-319.20306
13.186,-320.56808
13.188,-320.77444
13.19,-319.60825
13.192,-317.20178
13.194,-313.86243
13.196,-310.7663
13.198,-308.57944
13.2,-307.69574
13.202,-307.55133
13.204,-308.69556
13.206,-310.78888
13.208,-313.19925
13.21,-314.1881
13.212,-314.07446
13.214,-312.8979
13.216,-311.19797
13.218,-309.0452
13.22,-308.16388
13.222,-309.14963
13.224,-311.6983
13.226,-313.9589
13.228,-315.0597
13.23,-313.96146
13.232,-310.69766
13.234,-305.96997
13.236,-302.41257
13.238,-301.65652
13.24,-303.6932
13.242,-305.81186
13.244,-304.855
13.246,-296.84186
13.248,-279.1776
13.25,-251.28952
13.252,-216.36263
13.254,-178.4127
13.256,-141.08975
13.258,-105.82989
13.26,-73.338425
13.262,-42.950493
13.264,-15.009548
13.266,8.061471
13.268,19.702995
13.27,12.348403
13.272,-20.51305
13.274,-81.02117
13.276,-166.85301
13.278,-269.4214
13.28,-376.23935
13.282,-473.4319
13.284,-550.51263
13.286,-600.84235
13.288,-622.89624
13.29,-619.13153
13.292,-596.1373
13.294,-561.10376
13.296,-520.83136
13.298,-480.26004
13.3,-443.698
13.302,-413.0778
13.304,-388.7473
13.306,-369.42938
13.308,-354.4204
13.31,-342.37384
13.312,-332.21133
13.314,-322.81836
13.316,-314.64767
13.318,-307.77927
13.32,-302.19223
13.322,-297.15005
13.324,-292.85812
13.326,-288.94614
13.328,-285.18143
13.33,-281.1421
13.332,-277.74045
13.334,-275.4736
13.336,-274.67474
13.338,-274.96957
13.34,-276.43027
13.342,-278.55023
13.344,-280.67856
13.346,-281.8905
13.348,-282.042
13.35,-281.1957
13.352,-279.67792
13.354,-277.5967
13.356,-275.60065
13.358,-274.07492
13.36,-273.17377
13.362,-272.26215
13.364,-271.73636
13.366,-271.285
13.368,-270.67218
13.37,-269.22272
13.372,-268.08487
13.374,-267.4016
13.376,-267.16995
13.378,-266.70514
13.38,-266.71436
13.382,-266.96613
13.384,-267.16995
13.386,-266.6233
13.388,-265.97748
13.39,-265.30942
13.392,-264.66837
13.394,-263.58032
13.396,-262.61465
13.398,-261.6893
13.4,-260.66583
13.402,-258.99203
13.404,-257.26596
13.406,-255.61894
13.408,-254.16168
13.41,-252.50534
13.412,-251.18468
13.414,-250.12294
13.416,-249.15851
13.418,-247.7225
13.42,-246.3564
13.422,-245.24884
13.424,-244.65564
13.426,-244.38326
13.428,-245.09119
13.43,-246.66614
13.432,-248.65819
13.434,-249.96684
13.436,-250.45938
13.438,-249.71144
13.44,-247.65755
13.442,-244.24153
13.444,-240.70471
13.446,-237.84096
13.448,-236.15022
13.45,-235.23744
13.452,-235.20892
13.454,-235.40161
13.456,-235.1496
13.458,-233.67664
13.46,-231.63974
13.462,-229.58594
13.464,-228.14514
13.466,-227.32509
13.468,-227.72075
13.47,-229.0273
13.472,-230.64673
13.474,-231.52719
13.476,-231.8127
13.478,-231.46268
13.48,-230.64673
13.482,-229.18742
13.484,-227.85777
13.486,-226.83398
13.488,-226.14386
13.49,-225.2905
13.492,-224.76797
13.494,-224.58089
13.496,-224.64291
13.498,-224.3065
13.5,-223.86607
13.502,-223.1657
13.504,-222.14131
13.506,-220.44156
13.508,-218.89
13.51,-217.881
13.512,-217.63846
13.514,-217.62595
13.516,-218.10097
13.518,-218.71423
13.52,-219.1394
13.522,-218.75093
13.524,-218.2303
13.526,-217.93106
13.528,-218.13878
13.53,-218.43938
13.532,-219.20927
13.534,-220.20207
13.536,-221.14069
13.538,-221.39282
13.54,-221.60025
13.542,-222.09193
13.544,-223.14195
13.546,-224.31602
13.548,-225.97833
13.55,-227.85953
13.552,-229.64609
13.554,-230.6669
13.556,-231.57013
13.558,-232.76016
13.56,-234.64928
13.562,-236.9476
13.564,-240.1264
13.566,-243.87646
13.568,-247.65755
13.57,-250.40811
13.572,-252.32332
13.574,-253.4638
13.576,-254.16168
13.578,-254.40363
13.58,-255.24219
13.582,-257.11896
13.584,-260.1655
13.586,-263.68658
13.588,-267.76968
13.59,-271.93176
13.592,-275.67538
13.594,-278.1313
13.596,-279.6686
13.598,-280.4312
13.6,-280.67856
13.602,-280.201
13.604,-279.83255
13.606,-279.91382
13.608,-280.67856
13.61,-281.7406
13.612,-283.61288
13.614,-286.19833
13.616,-289.18396
13.618,-291.6053
13.62,-293.52066
13.622,-294.70435
13.624,-295.18777
13.626,-294.78018
13.628,-294.55713
13.63,-295.10672
13.632,-296.68875
13.634,-298.58606
13.636,-300.7345
13.638,-302.45163
13.64,-303.19287
13.642,-302.3146
13.644,-300.75552
13.646,-299.30692
13.648,-298.69
13.65,-298.68872
13.652,-299.63782
13.654,-300.91327
13.656,-301.69193
13.658,-300.8174
13.66,-298.7355
13.662,-295.92764
13.664,-293.18652
13.666,-290.78033
13.668,-289.88226
13.67,-290.7493
13.672,-293.18652
13.674,-296.12067
13.676,-299.46588
13.678,-302.54773
13.68,-304.69385
13.682,-304.81488
13.684,-303.28278
13.686,-300.34726
13.688,-296.68875
13.69,-292.79355
13.692,-290.41754
13.694,-290.47775
13.696,-293.18652
13.698,-297.35077
13.7,-302.28973
13.702,-306.49634
13.704,-308.69638
13.706,-307.777
13.708,-304.7651
13.71,-300.89755
13.712,-297.6894
13.714,-295.8306
13.716,-296.52228
13.718,-299.49954
13.72,-303.6932
13.722,-307.10938
13.724,-309.14758
13.726,-309.26242
13.728,-307.69574
13.73,-304.8315
13.732,-302.57382
13.734,-302.0514
13.736,-303.6932
13.738,-306.51816
13.74,-310.08163
13.742,-313.13858
13.744,-314.7002
13.746,-313.89154
13.748,-311.79248
13.75,-309.40576
13.752,-307.69574
13.754,-306.61667
13.756,-306.7047
13.758,-307.45276
13.76,-308.19608
13.762,-307.97125
13.764,-307.48444
13.766,-307.22928
13.768,-307.69574
13.77,-308.50623
13.772,-310.00427
13.774,-311.61703
13.776,-312.6989
13.778,-312.37033
13.78,-311.42383
13.782,-310.48624
13.784,-310.19733
13.786,-310.3131
13.788,-311.27557
13.79,-312.49628
13.792,-313.19925
13.794,-312.29254
13.796,-310.35666
13.798,-307.911
13.8,-305.69446
13.802,-303.80298
13.804,-303.1534
13.806,-303.62354
13.808,-304.69385
13.81,-305.18307
13.812,-305.3069
13.814,-305.05038
13.816,-304.69385
13.818,-304.1287
13.82,-304.38773
13.822,-305.65585
13.824,-307.69574
13.826,-309.3769
13.828,-310.65207
13.83,-311.00317
13.832,-310.19733
13.834,-307.862
13.836,-305.1526
13.838,-302.76343
13.84,-301.19162
13.842,-300.02994
13.844,-299.68295
13.846,-299.72934
13.848,-299.69064
13.85,-298.74432
13.852,-297.58932
13.854,-296.60666
13.856,-296.18842
13.858,-295.98773
13.86,-296.53342
13.862,-297.45532
13.864,-298.1897
13.866,-297.7105
13.868,-296.49484
13.87,-294.81595
13.872,-293.18652
13.874,-291.6376
13.876,-291.24368
13.878,-292.17285
13.88,-294.18716
13.882,-296.2183
13.884,-298.3192
13.886,-300.06284
13.888,-301.19162
13.89,-301.13577
13.892,-300.68634
13.894,-300.13596
13.896,-299.69064
13.898,-298.8817
13.9,-298.28387
13.902,-297.78647
13.904,-297.18906
13.906,-295.79138
13.908,-294.18472
13.91,-292.55392
13.912,-291.18524
13.914,-289.8942
13.916,-289.55518
13.918,-290.24222
13.92,-291.68555
13.922,-292.86215
13.924,-293.78806
13.926,-294.08716
13.928,-293.68683
13.93,-292.37952
13.932,-291.3198
13.934,-291.04318
13.936,-291.68555
13.938,-292.36572
13.94,-293.02216
13.942,-293.04742
13.944,-292.18588
13.946,-290.23114
13.948,-288.65985
13.95,-288.4723
13.952,-290.1846
13.954,-292.96185
13.956,-296.34683
13.958,-298.96814
13.96,-299.69064
13.962,-297.65494
13.964,-294.1393
13.966,-290.52957
13.968,-288.18332
13.97,-287.27036
13.972,-288.18314
13.974,-289.93124
13.976,-291.18524
13.978,-290.37863
13.98,-287.87088
13.982,-284.1868
13.984,-280.17825
13.986,-276.032
13.988,-272.63098
13.99,-269.81512
13.992,-267.16995
13.994,-263.89957
13.996,-260.79837
13.998,-258.49384
14.0,-257.6639
14.002,-258.1801
14.004,-260.5505
14.006,-264.2844
14.008,-268.67093
14.01,-272.60736
14.012,-276.49988
14.014,-280.48438
14.016,-284.6811
14.018,-288.451
14.02,-291.92123
14.022,-294.4968
14.024,-295.6881
14.026,-295.07394
14.028,-293.53867
14.03,-291.7276
14.032,-290.1846
14.034,-288.98373
14.036,-288.32413
14.038,-287.80087
14.04,-287.1827
14.042,-286.67285
14.044,-287.2046
14.046,-289.24088
14.048,-292.6862
14.05,-296.3
14.052,-299.3894
14.054,-300.74747
14.056,-299.69064
14.058,-295.55026
14.06,-290.48602
14.062,-286.48984
14.064,-285.18143
14.066,-286.16037
14.068,-289.36914
14.07,-293.05765
14.072,-295.18777
14.074,-293.7119
14.076,-289.24142
14.078,-283.27435
14.08,-278.17697
14.082,-275.65585
14.084,-277.48273
14.086,-283.12527
14.088,-290.1846
14.09,-294.5479
14.092,-293.15488
14.094,-283.55765
14.096,-265.1687
14.098,-238.81213
14.1,-207.62697
14.102,-174.22838
14.104,-140.08913
14.106,-104.587234
14.108,-67.09955
14.11,-26.641905
14.112,16.010185
14.114,57.595966
14.116,90.67114
14.118,106.45058
14.12,96.56143
14.122,56.05078
14.124,-16.2289
14.126,-115.27117
14.128,-231.14705
14.13,-350.4833
14.132,-460.56067
14.134,-550.0777
14.136,-611.3889
14.138,-640.89307
14.14,-640.5897
14.142,-615.68634
14.144,-573.86505
14.146,-523.3236
14.148,-472.7645
14.15,-428.43842
14.152,-393.7505
14.154,-368.6374
14.156,-351.7117
14.158,-339.7888
14.16,-329.70975
14.162,-318.96255
14.164,-307.6259
14.166,-296.56924
14.168,-287.1827
14.17,-280.09454
14.172,-276.11887
14.174,-274.58298
14.176,-274.1744
14.178,-273.1107
14.18,-271.1073
14.182,-268.11743
14.184,-264.66837
14.186,-261.17432
14.188,-258.68134
14.19,-257.55206
14.192,-257.6639
14.194,-258.26178
14.196,-258.92062
14.198,-259.27377
14.2,-259.16486
14.202,-258.39087
14.204,-257.16257
14.206,-255.81728
14.208,-254.662
14.21,-253.4666
14.212,-252.70499
14.214,-252.31161
14.216,-252.16042
14.218,-251.53539
14.22,-251.29231
14.222,-251.25189
14.224,-251.15977
14.226,-250.24832
14.228,-249.33336
14.23,-248.33525
14.232,-247.15723
14.234,-245.31453
14.236,-243.60635
14.238,-242.19658
14.24,-241.15341
14.242,-240.01158
14.244,-239.23927
14.246,-238.67697
14.248,-238.1515
14.25,-237.1821
14.252,-236.3349
14.254,-235.67982
14.256,-235.1496
14.258,-234.11783
14.26,-232.80473
14.262,-230.9931
14.264,-228.64546
14.266,-225.6347
14.268,-222.93326
14.27,-221.03607
14.272,-220.14005
14.274,-219.65712
14.276,-219.50006
14.278,-218.99768
14.28,-217.63846
14.282,-214.9727
14.284,-211.88913
14.286,-209.08035
14.288,-207.13177
14.29,-205.886
14.292,-205.5878
14.294,-205.70007
14.296,-205.63081
14.298,-204.70311
14.3,-203.54431
14.302,-202.67438
14.304,-202.6289
14.306,-203.27553
14.308,-204.84119
14.31,-206.61687
14.312,-207.63208
14.314,-206.69469
14.316,-204.00516
14.318,-199.99356
14.32,-195.62445
14.322,-191.71115
14.324,-189.73166
14.326,-190.14626
14.328,-192.62254
14.33,-195.76393
14.332,-198.70438
14.334,-200.2392
14.336,-199.627
14.338,-196.43901
14.34,-191.80873
14.342,-186.8414
14.344,-182.61618
14.346,-179.44345
14.348,-177.97244
14.35,-177.90565
14.352,-178.61363
14.354,-179.04715
14.356,-179.30573
14.358,-179.41328
14.36,-179.61426
14.362,-179.75969
14.364,-180.47496
14.366,-181.70285
14.368,-183.11649
14.37,-183.84048
14.372,-184.03586
14.374,-183.7083
14.376,-183.11649
14.378,-182.23595
14.38,-182.00937
14.382,-182.79541
14.384,-184.61745
14.386,-186.70305
14.388,-189.01741
14.39,-191.09834
14.392,-192.62254
14.394,-193.065
14.396,-193.15756
14.398,-193.37427
14.4,-194.12349
14.402,-195.12265
14.404,-196.7756
14.406,-198.87688
14.408,-201.12794
14.41,-202.83572
14.412,-204.44057
14.414,-206.13974
14.416,-208.1324
14.418,-210.01756
14.42,-212.21515
14.422,-214.62782
14.424,-217.13814
14.426,-219.2638
14.428,-221.62073
14.43,-224.51625
14.432,-228.14514
14.434,-232.00171
14.436,-236.26004
14.438,-240.58417
14.44,-244.65564
14.442,-247.87772
14.444,-250.82333
14.446,-253.83284
14.448,-257.1636
14.45,-260.35938
14.452,-263.59854
14.454,-266.49637
14.456,-268.67093
14.458,-269.4963
14.46,-269.64117
14.462,-269.66858
14.464,-270.17188
14.466,-271.06006
14.468,-272.82025
14.47,-275.19235
14.472,-277.67664
14.474,-279.30606
14.476,-280.26324
14.478,-280.6263
14.48,-280.67856
14.482,-280.30878
14.484,-280.30823
14.486,-280.92007
14.488,-282.1795
14.49,-283.47714
14.492,-285.06644
14.494,-286.72897
14.496,-288.18332
14.498,-288.663
14.5,-288.45172
14.502,-287.56445
14.504,-286.18207
14.506,-284.16525
14.508,-282.43787
14.51,-281.4008
14.512,-281.17886
14.514,-281.08084
14.516,-281.20813
14.518,-281.16202
14.52,-280.67856
14.522,-279.29614
14.524,-277.93674
14.526,-277.2245
14.528,-277.67664
14.53,-278.97678
14.532,-281.4335
14.534,-284.45108
14.536,-287.1827
14.538,-288.3254
14.54,-288.001
14.542,-286.29007
14.544,-283.68048
14.546,-280.40292
14.548,-277.81314
14.55,-276.5151
14.552,-276.67603
14.554,-277.5152
14.556,-279.0771
14.558,-280.79346
14.56,-282.1795
14.562,-282.47308
14.564,-282.3117
14.566,-281.96786
14.568,-281.6792
14.57,-281.02316
14.572,-280.53723
14.574,-280.125
14.576,-279.67792
14.578,-278.69537
14.58,-277.9868
14.582,-277.90347
14.584,-278.67728
14.586,-279.77664
14.588,-281.52347
14.59,-283.4926
14.592,-285.18143
14.594,-285.7075
14.596,-285.5676
14.598,-284.96616
14.6,-284.1808
14.602,-282.92072
14.604,-281.89343
14.606,-281.1544
14.608,-280.67856
14.61,-279.96234
14.612,-279.7029
14.614,-280.0913
14.616,-281.17886
14.618,-282.28543
14.62,-283.65866
14.622,-284.90872
14.624,-285.68173
14.626,-285.32492
14.628,-284.59763
14.63,-283.9201
14.632,-283.68048
14.634,-283.55313
14.636,-284.04837
14.638,-284.89746
14.64,-285.68173
14.642,-285.52216
14.644,-284.89792
14.646,-284.0082
14.648,-283.18015
14.65,-282.21628
14.652,-281.91318
14.654,-282.308
14.656,-283.18015
14.658,-283.65442
14.66,-283.98038
14.662,-283.99765
14.664,-283.68048
14.666,-282.63977
14.668,-281.6993
14.67,-281.15695
14.672,-281.17886
14.674,-281.24503
14.676,-281.82227
14.678,-282.72473
14.68,-283.68048
14.682,-283.91263
14.684,-283.87393
14.686,-283.59824
14.688,-283.18015
14.69,-282.2374
14.692,-281.50876
14.694,-281.1467
14.696,-281.17886
14.698,-281.01962
14.7,-281.16483
14.702,-281.57156
14.704,-282.1795
14.706,-282.42743
14.708,-282.9077
14.71,-283.66818
14.712,-284.6811
14.714,-285.33856
14.716,-286.11844
14.718,-286.94043
14.72,-287.683
14.722,-287.70654
14.724,-287.5412
14.726,-287.20312
14.728,-286.68237
14.73,-285.44226
14.732,-284.10773
14.734,-282.80734
14.736,-281.6792
14.738,-280.3623
14.74,-279.6486
14.742,-279.74066
14.744,-280.67856
14.746,-281.7997
14.748,-283.40762
14.75,-285.16397
14.752,-286.68237
14.754,-287.13638
14.756,-287.01373
14.758,-286.45306
14.76,-285.68173
14.762,-284.4445
14.764,-283.5352
14.766,-283.1112
14.768,-283.18015
14.77,-283.16974
14.772,-283.51776
14.774,-284.09143
14.776,-284.6811
14.778,-284.56934
14.78,-284.1699
14.782,-283.49414
14.784,-282.67984
14.786,-281.49353
14.788,-280.86682
14.79,-281.09436
14.792,-282.1795
14.794,-283.29617
14.796,-284.5668
14.798,-285.59576
14.8,-286.18207
14.802,-285.91946
14.804,-285.8152
14.806,-286.3479
14.808,-287.683
14.81,-289.00388
14.812,-290.268
14.814,-290.80344
14.816,-290.1846
14.818,-288.00116
14.82,-285.54663
14.822,-283.8462
14.824,-283.68048
14.826,-284.66782
14.828,-286.78598
14.83,-288.89432
14.832,-289.6843
14.834,-287.69635
14.836,-283.35477
14.838,-277.3111
14.84,-270.67218
14.842,-264.0791
14.844,-259.00183
14.846,-255.87936
14.848,-254.662
14.85,-254.51222
14.852,-255.68393
14.854,-257.96637
14.856,-261.16614
14.858,-264.52435
14.86,-268.34933
14.862,-272.3416
14.864,-276.1757
14.866,-279.10727
14.868,-281.67487
14.87,-284.00104
14.872,-286.18207
14.874,-287.757
14.876,-289.14444
14.878,-290.17282
14.88,-290.68494
14.882,-290.39795
14.884,-289.90973
14.886,-289.44214
14.888,-289.18396
14.89,-289.1206
14.892,-289.5526
14.894,-290.1973
14.896,-290.68494
14.898,-290.60992
14.9,-290.2841
14.902,-289.76425
14.904,-289.18396
14.906,-288.09485
14.908,-287.45023
14.91,-287.50748
14.912,-288.18332
14.914,-288.0556
14.916,-287.46405
14.918,-286.2576
14.92,-284.6811
14.922,-282.59445
14.924,-281.60965
14.926,-282.4706
14.928,-285.18143
14.93,-288.2632
14.932,-290.9431
14.934,-292.05554
14.936,-291.18524
14.938,-288.3811
14.94,-285.42957
14.942,-283.30127
14.944,-281.6792
14.946,-278.07513
14.948,-269.96848
14.95,-254.44992
14.952,-230.14641
14.954,-197.57149
14.956,-160.46742
14.958,-122.8046
14.96,-87.5557
14.962,-55.09385
14.964,-25.00599
14.966,4.0180883
14.968,31.520052
14.97,54.11887
14.972,63.873665
14.974,51.786934
14.976,10.506684
14.978,-61.96617
14.98,-161.94182
14.982,-278.6726
14.984,-397.25272
14.986,-501.8362
14.988,-580.8527
14.99,-627.811
14.992,-642.4087
14.994,-629.0113
14.996,-596.13214
14.998,-552.5201
15.0,-505.82178
15.002,-461.10214
15.004,-422.13434
15.006,-390.11444
15.008,-364.73203
15.01,-344.38104
15.012,-328.28238
15.014,-315.31158
15.016,-304.69385
15.018,-295.57254
15.02,-288.40628
15.022,-283.16953
15.024,-279.67792
15.026,-277.1008
15.028,-275.52472
15.03,-274.51096
15.032,-273.6741
15.034,-272.32727
15.036,-270.8554
15.038,-269.29044
15.04,-267.6703
15.042,-265.69473
15.044,-263.754
15.046,-262.03442
15.048,-260.66583
15.05,-259.3921
15.052,-258.2913
15.054,-257.37274
15.056,-256.66327
15.058,-255.92155
15.06,-255.41
15.062,-255.30551
15.064,-255.66264
15.066,-255.79805
15.068,-256.02982
15.07,-255.92395
15.072,-255.16232
15.074,-253.11186
15.076,-251.11015
15.078,-249.55035
15.08,-248.65819
15.082,-247.893
15.084,-247.86145
15.086,-248.12589
15.088,-248.15787
15.09,-247.13911
15.092,-245.69756
15.094,-244.09482
15.096,-242.65437
15.098,-241.19415
15.1,-240.367
15.102,-240.09438
15.104,-240.15277
15.106,-239.91057
15.108,-239.78139
15.11,-239.73016
15.112,-239.65245
15.114,-238.93674
15.116,-237.85632
15.118,-236.25386
15.12,-234.14896
15.122,-231.44817
15.124,-229.21297
15.126,-228.0232
15.128,-228.14514
15.13,-228.9868
15.132,-230.43422
15.134,-231.70943
15.136,-232.14769
15.138,-231.11867
15.14,-229.38084
15.142,-227.54103
15.144,-226.14386
15.146,-224.99884
15.148,-224.37617
15.15,-223.77187
15.152,-222.64163
15.154,-220.33739
15.156,-217.58002
15.158,-214.97278
15.16,-213.13559
15.162,-212.00842
15.164,-211.98251
15.166,-212.5838
15.168,-213.13559
15.17,-212.6918
15.172,-211.58536
15.174,-210.08226
15.176,-208.63272
15.178,-207.22406
15.18,-206.52641
15.182,-206.44627
15.184,-206.63145
15.186,-206.25635
15.188,-205.57863
15.19,-204.63765
15.192,-203.62955
15.194,-202.36142
15.196,-201.52168
15.198,-201.16719
15.2,-201.12794
15.202,-200.64995
15.204,-199.95398
15.206,-198.9318
15.208,-197.62572
15.21,-195.78046
15.212,-194.24911
15.214,-193.44424
15.216,-193.62317
15.218,-194.33644
15.22,-195.93468
15.222,-198.15218
15.224,-200.62762
15.226,-202.5285
15.228,-204.17062
15.23,-205.53429
15.232,-206.63145
15.234,-206.95985
15.236,-207.06386
15.238,-207.06725
15.24,-207.13177
15.242,-206.97583
15.244,-207.41515
15.246,-208.76962
15.248,-211.13431
15.25,-213.79846
15.252,-216.86612
15.254,-219.92397
15.256,-222.64163
15.258,-224.41748
15.26,-225.97462
15.262,-227.76381
15.264,-230.14641
15.266,-232.70935
15.268,-235.77052
15.27,-239.02745
15.272,-242.15405
15.274,-244.48961
15.276,-246.6779
15.278,-249.12036
15.28,-252.16042
15.282,-255.38281
15.284,-259.09576
15.286,-262.97806
15.288,-266.66965
15.29,-269.478
15.292,-272.00034
15.294,-274.61847
15.296,-277.67664
15.298,-280.78732
15.3,-284.27515
15.302,-287.85178
15.304,-291.18524
15.306,-293.59515
15.308,-295.67538
15.31,-297.77643
15.312,-300.19098
15.314,-302.46222
15.316,-304.86728
15.318,-307.06442
15.32,-308.69638
15.322,-309.0987
15.324,-308.93692
15.326,-308.66367
15.328,-308.69638
15.33,-308.70618
15.332,-309.07544
15.334,-309.52054
15.336,-309.69702
15.338,-308.92065
15.34,-307.85596
15.342,-306.95978
15.344,-306.6951
15.346,-306.79184
15.348,-307.72488
15.35,-309.19232
15.352,-310.69766
15.354,-311.24933
15.356,-311.16983
15.358,-310.56622
15.36,-309.69702
15.362,-308.31436
15.364,-307.20096
15.366,-306.50052
15.368,-306.1948
15.37,-305.65
15.372,-305.377
15.374,-305.3964
15.376,-305.69446
15.378,-305.66385
15.38,-305.79797
15.382,-306.01465
15.384,-306.1948
15.386,-305.70453
15.388,-305.19034
15.39,-304.8113
15.392,-304.69385
15.394,-304.3197
15.396,-304.2811
15.398,-304.47928
15.4,-304.69385
15.402,-304.11142
15.404,-303.2578
15.406,-302.21988
15.408,-301.19162
15.41,-299.87347
15.412,-299.21695
15.414,-299.48196
15.416,-300.69128
15.418,-302.06052
15.42,-303.86276
15.422,-305.70532
15.424,-307.19543
15.426,-307.5166
15.428,-307.2896
15.43,-306.7497
15.432,-306.1948
15.434,-305.32236
15.436,-304.95383
15.438,-305.13773
15.44,-305.69446
15.442,-305.7427
15.444,-305.6455
15.446,-305.29004
15.448,-304.69385
15.45,-303.45728
15.452,-302.51846
15.454,-302.21274
15.456,-302.69257
15.458,-303.32254
15.46,-304.52737
15.462,-306.06766
15.464,-307.69574
15.466,-308.70364
15.468,-309.7683
15.47,-311.0667
15.472,-312.6989
15.474,-314.04694
15.476,-315.56976
15.478,-317.04333
15.48,-318.20242
15.482,-318.3008
15.484,-317.97632
15.486,-317.39725
15.488,-316.70148
15.49,-315.364
15.492,-313.99985
15.494,-312.60806
15.496,-311.19797
15.498,-309.32132
15.5,-307.8904
15.502,-307.27808
15.504,-307.69574
15.506,-308.5222
15.508,-310.09622
15.51,-311.9861
15.512,-313.69955
15.514,-314.32434
15.516,-314.44144
15.518,-314.29498
15.52,-314.1999
15.522,-313.8396
15.524,-313.95044
15.526,-314.48312
15.528,-315.20053
15.53,-315.25717
15.532,-315.13983
15.534,-314.90775
15.536,-314.7002
15.538,-314.09897
15.54,-313.88104
15.542,-314.11914
15.544,-314.7002
15.546,-314.81195
15.548,-314.8886
15.55,-314.85086
15.552,-314.7002
15.554,-313.96582
15.556,-313.50238
15.558,-313.55157
15.56,-314.1999
15.562,-314.7841
15.564,-315.7367
15.566,-316.80515
15.568,-317.70212
15.57,-317.67874
15.572,-317.33212
15.574,-316.79224
15.576,-316.20114
15.578,-315.13467
15.58,-314.2809
15.582,-313.66306
15.584,-313.19925
15.586,-312.24545
15.588,-311.38568
15.59,-310.68393
15.592,-310.19733
15.594,-309.4186
15.596,-309.04083
15.598,-309.13492
15.6,-309.69702
15.602,-310.12668
15.604,-311.0764
15.606,-312.60632
15.608,-314.7002
15.61,-316.68655
15.612,-319.02737
15.614,-321.48453
15.616,-323.70593
15.618,-324.76456
15.62,-325.0867
15.622,-324.68256
15.624,-323.70593
15.626,-321.8574
15.628,-320.10626
15.63,-318.71872
15.632,-317.70212
15.634,-316.23804
15.636,-314.57404
15.638,-312.32733
15.64,-309.1967
15.642,-304.55948
15.644,-299.34985
15.646,-294.16995
15.648,-289.6843
15.65,-285.88504
15.652,-283.74805
15.654,-283.29758
15.656,-284.1808
15.658,-285.27084
15.66,-286.68997
15.662,-288.16696
15.664,-289.6843
15.666,-290.9108
15.668,-292.85278
15.67,-295.8034
15.672,-299.69064
15.674,-303.4961
15.676,-307.11948
15.678,-309.85104
15.68,-311.19797
15.682,-310.6736
15.684,-309.26602
15.686,-307.70453
15.688,-306.6951
15.69,-306.45596
15.692,-307.41245
15.694,-309.06854
15.696,-310.69766
15.698,-311.61435
15.7,-311.90244
15.702,-311.53168
15.704,-310.69766
15.706,-309.45984
15.708,-308.65436
15.71,-308.43524
15.712,-308.69638
15.714,-308.33328
15.716,-308.10156
15.718,-308.18222
15.72,-308.69638
15.722,-308.53647
15.724,-308.38232
15.726,-308.12042
15.728,-307.69574
15.73,-306.45874
15.732,-305.4684
15.734,-305.16403
15.736,-305.69446
15.738,-306.16516
15.74,-306.63867
15.742,-306.58017
15.744,-305.69446
15.746,-303.47684
15.748,-300.70798
15.75,-297.17102
15.752,-291.68555
15.754,-281.55032
15.756,-264.821
15.758,-239.61282
15.76,-205.63081
15.762,-164.1057
15.764,-119.05377
15.766,-74.35613
15.768,-33.021008
15.77,3.914704
15.772,35.2204
15.774,59.782764
15.776,74.547424
15.778,74.36705
15.78,51.315266
15.782,-1.0538449
15.784,-85.05411
15.786,-195.9808
15.788,-323.3375
15.79,-451.1484
15.792,-562.3577
15.794,-642.7131
15.796,-685.6672
15.798,-691.7666
15.8,-667.9249
15.802,-624.1133
15.804,-571.74976
15.806,-519.5285
15.808,-472.80078
15.81,-433.2813
15.812,-401.5975
15.814,-376.7096
15.816,-357.22726
15.818,-341.35568
15.82,-328.58853
15.822,-318.0794
15.824,-309.1967
15.826,-301.13123
15.828,-294.4445
15.83,-289.284
15.832,-285.68173
15.834,-282.95956
15.836,-281.23114
15.838,-279.96155
15.84,-278.67728
15.842,-276.7568
15.844,-274.75854
15.846,-272.99387
15.848,-271.67282
15.85,-270.45517
15.852,-269.3383
15.854,-268.1158
15.856,-266.66965
15.858,-264.82007
15.86,-262.91733
15.862,-261.4213
15.864,-260.66583
15.866,-260.3363
15.868,-260.4073
15.87,-260.47336
15.872,-260.1655
15.874,-258.7301
15.876,-257.13196
15.878,-255.55429
15.88,-254.16168
15.882,-252.43657
15.884,-251.39459
15.886,-250.7748
15.888,-250.15913
15.89,-248.73018
15.892,-247.23195
15.894,-245.81848
15.896,-244.65564
15.898,-243.39255
15.9,-242.61702
15.902,-242.1397
15.904,-241.65373
15.906,-240.4981
15.908,-239.17871
15.91,-237.83313
15.912,-236.65054
15.914,-235.38911
15.916,-234.63318
15.918,-234.30095
15.92,-234.14896
15.922,-233.5022
15.924,-232.6636
15.926,-231.54886
15.928,-230.14641
15.93,-228.13387
15.932,-226.13428
15.934,-224.28206
15.936,-222.64163
15.938,-220.84831
15.94,-219.37976
15.942,-218.18692
15.944,-217.13814
15.946,-215.70084
15.948,-214.24005
15.95,-212.71523
15.952,-211.13431
15.954,-209.2046
15.956,-207.56207
15.958,-206.35963
15.96,-205.63081
15.962,-204.89992
15.964,-204.4705
15.966,-204.12697
15.968,-203.62955
15.97,-202.42932
15.972,-201.00037
15.974,-199.49757
15.976,-198.12604
15.978,-196.6887
15.98,-195.81
15.982,-195.51556
15.984,-195.62445
15.986,-195.42007
15.988,-195.04805
15.99,-194.30083
15.992,-193.12286
15.994,-191.25153
15.996,-189.49086
15.998,-188.21573
16.0,-187.61935
16.002,-187.21327
16.004,-187.21072
16.006,-187.27913
16.008,-187.11903
16.01,-186.17921
16.012,-185.08775
16.014,-184.157
16.016,-183.6168
16.018,-183.04454
16.02,-182.78745
16.022,-182.67995
16.024,-182.61618
16.026,-182.22269
16.028,-182.29297
16.03,-183.21223
16.032,-185.11777
16.034,-187.29085
16.036,-189.68019
16.038,-191.73755
16.04,-193.12286
16.042,-193.45015
16.044,-193.75581
16.046,-194.81549
16.048,-197.1254
16.05,-200.1141
16.052,-203.61133
16.054,-206.71411
16.056,-208.63272
16.058,-208.62881
16.06,-207.66284
16.062,-206.8004
16.064,-207.13177
16.066,-208.80988
16.068,-212.26
16.07,-216.8559
16.072,-221.641
16.074,-225.30685
16.076,-228.01332
16.078,-230.07974
16.08,-232.14769
16.082,-234.35352
16.084,-237.50116
16.086,-241.56885
16.088,-246.1566
16.09,-250.23665
16.092,-253.8642
16.094,-256.96002
16.096,-259.6652
16.098,-261.7513
16.1,-263.92834
16.102,-266.3961
16.104,-269.17123
16.106,-271.65903
16.108,-274.17883
16.11,-276.6913
16.112,-279.1776
16.114,-281.15543
16.116,-283.11038
16.118,-285.11844
16.12,-287.1827
16.122,-288.75226
16.124,-290.21295
16.126,-291.53864
16.128,-292.6862
16.13,-293.1345
16.132,-293.38242
16.134,-293.54205
16.136,-293.68683
16.138,-293.34464
16.14,-293.0189
16.142,-292.77975
16.144,-292.6862
16.146,-292.3213
16.148,-292.28943
16.15,-292.73923
16.152,-293.68683
16.154,-294.48605
16.156,-295.40082
16.158,-296.2036
16.16,-296.68875
16.162,-296.26007
16.164,-295.53308
16.166,-294.7665
16.168,-294.18716
16.17,-293.39014
16.172,-292.92056
16.174,-292.72763
16.176,-292.6862
16.178,-292.1681
16.18,-291.7458
16.182,-291.5532
16.184,-291.68555
16.186,-291.6187
16.188,-291.8471
16.19,-292.2595
16.192,-292.6862
16.194,-292.46634
16.196,-292.19995
16.198,-292.0532
16.2,-292.18588
16.202,-292.14526
16.204,-292.53705
16.206,-293.28748
16.208,-294.18716
16.21,-294.44287
16.212,-294.51102
16.214,-294.4007
16.216,-294.18716
16.218,-293.44672
16.22,-292.95114
16.222,-292.85788
16.224,-293.18652
16.226,-293.29254
16.228,-293.65002
16.23,-294.15512
16.232,-294.68747
16.234,-294.62305
16.236,-294.59955
16.238,-294.7525
16.24,-295.18777
16.242,-295.40353
16.244,-296.02258
16.246,-297.00763
16.248,-298.1897
16.25,-298.77948
16.252,-299.1907
16.254,-299.33844
16.256,-299.19034
16.258,-298.24896
16.26,-297.28442
16.262,-296.53986
16.264,-296.18842
16.266,-295.76944
16.268,-295.90823
16.27,-296.58865
16.272,-297.6894
16.274,-298.4939
16.276,-299.47815
16.278,-300.57605
16.28,-301.69193
16.282,-302.1737
16.284,-302.57123
16.286,-302.9055
16.288,-303.19287
16.29,-302.91705
16.292,-302.77322
16.294,-302.86826
16.296,-303.19287
16.298,-303.08832
16.3,-303.01694
16.302,-302.89673
16.304,-302.69257
16.306,-301.94006
16.308,-301.45654
16.31,-301.50653
16.312,-302.19223
16.314,-302.86032
16.316,-303.85315
16.318,-304.88303
16.32,-305.69446
16.322,-305.65137
16.324,-305.4924
16.326,-305.4686
16.328,-305.69446
16.33,-305.50485
16.332,-305.2545
16.334,-304.69385
16.336,-303.6932
16.338,-301.84448
16.34,-300.21948
16.342,-299.39258
16.344,-299.69064
16.346,-300.4638
16.348,-301.86395
16.35,-303.28375
16.352,-304.1935
16.354,-303.87863
16.356,-303.24042
16.358,-302.86093
16.36,-303.19287
16.362,-303.77182
16.364,-304.81415
16.366,-305.6714
16.368,-305.69446
16.37,-304.08734
16.372,-301.73102
16.374,-299.34885
16.376,-297.6894
16.378,-296.66525
16.38,-296.8413
16.382,-297.75208
16.384,-298.69
16.386,-298.5465
16.388,-297.80658
16.39,-296.82996
16.392,-296.18842
16.394,-295.84912
16.396,-296.6878
16.398,-298.61716
16.4,-301.19162
16.402,-303.27994
16.404,-305.05984
16.406,-306.3591
16.408,-307.19543
16.41,-307.16837
16.412,-307.1238
16.414,-307.27658
16.416,-307.69574
16.418,-307.77563
16.42,-308.01584
16.422,-308.25235
16.424,-308.19608
16.426,-306.94574
16.428,-304.82877
16.43,-301.72864
16.432,-297.6894
16.434,-292.41837
16.436,-287.02338
16.438,-282.11234
16.44,-278.17697
16.442,-274.94998
16.444,-273.12543
16.446,-272.61652
16.448,-273.17377
16.45,-273.97137
16.452,-275.44504
16.454,-277.5347
16.456,-280.17825
16.458,-282.7381
16.46,-285.70395
16.462,-288.9314
16.464,-292.18588
16.466,-294.68347
16.468,-296.8675
16.47,-298.70264
16.472,-300.19098
16.474,-300.9138
16.476,-301.4733
16.478,-301.90674
16.48,-302.19223
16.482,-302.05078
16.484,-301.88315
16.486,-301.61505
16.488,-301.19162
16.49,-300.55402
16.492,-300.17215
16.494,-300.0673
16.496,-300.19098
16.498,-300.2539
16.5,-300.67432
16.502,-301.37057
16.504,-302.19223
16.506,-302.22128
16.508,-302.27548
16.51,-302.57657
16.512,-303.19287
16.514,-303.00616
16.516,-302.5162
16.518,-301.56378
16.52,-300.19098
16.522,-298.0484
16.524,-296.42
16.526,-295.92096
16.528,-296.68875
16.53,-297.65674
16.532,-298.5564
16.534,-298.6441
16.536,-297.6894
16.538,-295.60165
16.54,-293.7435
16.542,-292.43643
16.544,-290.68494
16.546,-285.47092
16.548,-274.0861
16.55,-253.77603
16.552,-223.64227
16.554,-184.83737
16.556,-141.77011
16.558,-98.9021
16.56,-59.537876
16.562,-24.377464
16.564,6.343194
16.566,32.813976
16.568,53.033737
16.57,62.145603
16.572,51.547924
16.574,13.333108
16.576,-56.535965
16.578,-154.7585
16.58,-271.5672
16.582,-391.04526
16.584,-495.81543
16.586,-571.3288
16.588,-611.06604
16.59,-615.9511
16.592,-593.3775
16.594,-553.5409
16.596,-507.58582
16.598,-463.41208
16.6,-425.27054
16.602,-393.80685
16.604,-368.94983
16.606,-349.46872
16.608,-334.21262
16.61,-321.82327
16.612,-312.1999
16.614,-304.7069
16.616,-298.69
16.618,-293.15845
16.62,-288.4951
16.622,-284.79056
16.624,-282.1795
16.626,-280.18954
16.628,-279.19263
16.63,-278.83417
16.632,-278.67728
16.634,-277.95914
16.636,-277.06097
16.638,-276.09305
16.64,-275.17505
16.642,-274.0225
16.644,-272.9108
16.646,-271.9274
16.648,-271.17252
16.65,-270.4719
16.652,-270.0287
16.654,-269.94888
16.656,-270.17188
16.658,-270.10477
16.66,-269.65906
16.662,-268.66495
16.664,-267.16995
16.666,-264.88354
16.668,-263.0271
16.67,-261.92734
16.672,-261.66647
16.674,-261.478
16.676,-261.94623
16.678,-262.53085
16.68,-262.66708
16.682,-261.53882
16.684,-259.9405
16.686,-258.20132
16.688,-256.66327
16.69,-255.09114
16.692,-254.1138
16.694,-253.56851
16.696,-253.16106
16.698,-252.2234
16.7,-251.25685
16.702,-250.36874
16.704,-249.65883
16.706,-248.71533
16.708,-247.95532
16.71,-247.1805
16.712,-246.1566
16.714,-244.35777
16.716,-242.40845
16.718,-240.58464
16.72,-239.15215
16.722,-237.8484
16.724,-237.15735
16.726,-236.87303
16.728,-236.65054
16.73,-235.7673
16.732,-234.58778
16.734,-233.16634
16.736,-231.64737
16.738,-229.80058
16.74,-228.26247
16.742,-227.07532
16.744,-226.14386
16.746,-224.91803
16.748,-223.78746
16.75,-222.707
16.752,-221.641
16.754,-220.17471
16.756,-218.82668
16.758,-217.64366
16.76,-216.63782
16.762,-215.41245
16.764,-214.49931
16.766,-213.9275
16.768,-213.63591
16.77,-213.07967
16.772,-212.62209
16.774,-212.16672
16.776,-211.63463
16.778,-210.58896
16.78,-209.59932
16.782,-208.77402
16.784,-208.1324
16.786,-207.17024
16.788,-206.29295
16.79,-205.45029
16.792,-204.63017
16.794,-203.4673
16.796,-202.64159
16.798,-202.35039
16.8,-202.6289
16.802,-202.85457
16.804,-203.22282
16.806,-203.40846
16.808,-203.12923
16.81,-201.8194
16.812,-200.17416
16.814,-198.62706
16.816,-197.62572
16.818,-196.99701
16.82,-197.33723
16.822,-198.50851
16.824,-200.12732
16.826,-201.24081
16.828,-202.02426
16.83,-202.43077
16.832,-202.6289
16.834,-202.45016
16.836,-202.79163
16.838,-203.99277
16.84,-206.13113
16.842,-208.51112
16.844,-211.27611
16.846,-214.08084
16.848,-216.63782
16.85,-218.32462
16.852,-219.7603
16.854,-221.26723
16.856,-223.14195
16.858,-225.03467
16.86,-227.43208
16.862,-230.21576
16.864,-233.14832
16.866,-235.49448
16.868,-237.67416
16.87,-239.82704
16.872,-242.15405
16.874,-244.33421
16.876,-246.96712
16.878,-250.10577
16.88,-253.66136
16.882,-256.96686
16.884,-260.36218
16.886,-263.7897
16.888,-267.16995
16.89,-269.89334
16.892,-272.36472
16.894,-274.6047
16.896,-276.67603
16.898,-278.20187
16.9,-279.85403
16.902,-281.83942
16.904,-284.1808
16.906,-286.1826
16.908,-288.04095
16.91,-289.55884
16.912,-290.68494
16.914,-291.08636
16.916,-291.63498
16.918,-292.77484
16.92,-294.68747
16.922,-296.66425
16.924,-298.71384
16.926,-300.33432
16.928,-301.19162
16.93,-300.81213
16.932,-300.16815
16.934,-299.9612
16.936,-300.69128
16.938,-301.87265
16.94,-303.56833
16.942,-305.0738
16.944,-305.69446
16.946,-304.58545
16.948,-302.53085
16.95,-300.28757
16.952,-298.69
16.954,-297.76187
16.956,-298.13867
16.958,-299.4905
16.96,-301.19162
16.962,-302.11383
16.964,-302.54547
16.966,-302.62866
16.968,-302.69257
16.97,-302.5082
16.972,-302.82117
16.974,-303.62088
16.976,-304.69385
16.978,-305.2351
16.98,-305.70865
16.982,-306.16937
16.984,-306.6951
16.986,-306.76077
16.988,-306.9234
16.99,-307.10944
16.992,-307.19543
16.994,-306.56885
16.996,-305.94574
16.998,-305.58414
17.0,-305.69446
17.002,-305.79092
17.004,-306.40137
17.006,-307.31595
17.008,-308.19608
17.01,-308.16873
17.012,-307.727
17.014,-306.9898
17.016,-306.1948
17.018,-305.07022
17.02,-304.52045
17.022,-304.74054
17.024,-305.69446
17.026,-306.58612
17.028,-307.7353
17.03,-308.85907
17.032,-309.69702
17.034,-309.54416
17.036,-309.07654
17.038,-308.53867
17.04,-308.19608
17.042,-307.7042
17.044,-307.8184
17.046,-308.55054
17.048,-309.69702
17.05,-310.3622
17.052,-310.85223
17.054,-310.98627
17.056,-310.69766
17.058,-309.51553
17.06,-308.3251
17.062,-307.47382
17.064,-307.19543
17.066,-306.99023
17.068,-307.4011
17.07,-308.23892
17.072,-309.1967
17.074,-309.41342
17.076,-309.3624
17.078,-309.08258
17.08,-308.69638
17.082,-307.8178
17.084,-307.27173
17.086,-307.22784
17.088,-307.69574
17.09,-307.99634
17.092,-308.60144
17.094,-309.38297
17.096,-310.19733
17.098,-310.3883
17.1,-310.57214
17.102,-310.82846
17.104,-311.19797
17.106,-311.12564
17.108,-311.21536
17.11,-311.4424
17.112,-311.6983
17.114,-311.29462
17.116,-310.7934
17.118,-310.2377
17.12,-309.69702
17.122,-308.71094
17.124,-308.06012
17.126,-307.88974
17.128,-308.19608
17.13,-308.26672
17.132,-308.55432
17.134,-308.91006
17.136,-309.1967
17.138,-308.79126
17.14,-308.39874
17.142,-308.17526
17.144,-308.19608
17.146,-307.86264
17.148,-307.72537
17.15,-307.70538
17.152,-307.69574
17.154,-307.0897
17.156,-306.5601
17.158,-306.2397
17.16,-306.1948
17.162,-305.8739
17.164,-305.78754
17.166,-305.7949
17.168,-305.69446
17.17,-304.8104
17.172,-303.74243
17.174,-302.64188
17.176,-301.69193
17.178,-300.52823
17.18,-299.89322
17.182,-299.82468
17.184,-300.19098
17.186,-300.23004
17.188,-300.44434
17.19,-300.88074
17.192,-301.69193
17.194,-302.54028
17.196,-304.26788
17.198,-306.92252
17.2,-310.19733
17.202,-312.92517
17.204,-315.041
17.206,-316.02957
17.208,-315.70084
17.21,-313.77185
17.212,-311.57944
17.214,-310.01248
17.216,-309.69702
17.218,-310.177
17.22,-311.62018
17.222,-313.14865
17.224,-313.69955
17.226,-311.874
17.228,-308.0226
17.23,-302.52545
17.232,-296.18842
17.234,-289.42197
17.236,-283.71747
17.238,-279.61636
17.24,-277.17633
17.242,-275.53885
17.244,-274.9172
17.246,-275.01154
17.248,-275.67538
17.25,-276.40424
17.252,-278.0348
17.254,-280.7943
17.256,-284.6811
17.258,-288.8642
17.26,-293.46768
17.262,-297.9285
17.264,-301.69193
17.266,-303.89764
17.268,-305.0564
17.27,-305.3797
17.272,-305.19415
17.274,-304.53107
17.276,-304.06943
17.278,-303.82602
17.28,-303.6932
17.282,-303.48465
17.284,-303.5466
17.286,-303.8137
17.288,-304.1935
17.29,-304.5146
17.292,-305.02188
17.294,-305.48633
17.296,-305.69446
17.298,-305.01865
17.3,-304.43948
17.302,-304.42996
17.304,-305.19415
17.306,-305.4413
17.308,-305.60272
17.31,-305.36746
17.312,-304.69385
17.314,-303.04102
17.316,-301.92957
17.318,-302.10208
17.32,-303.6932
17.322,-305.3587
17.324,-306.5967
17.326,-306.44925
17.328,-304.69385
17.33,-301.52008
17.332,-298.9123
17.334,-297.92807
17.336,-298.1897
17.338,-296.93896
17.34,-291.23117
17.342,-277.60828
17.344,-254.16168
17.346,-220.99069
17.348,-181.66667
17.35,-140.16023
17.352,-99.56334
17.354,-60.37442
17.356,-22.31057
17.358,15.860167
17.36,53.534058
17.362,86.98455
17.364,107.550514
17.366,105.15144
17.368,71.0452
17.37,1.7540483
17.372,-100.35814
17.374,-225.32635
17.376,-358.2279
17.378,-482.23676
17.38,-583.91626
17.382,-654.19727
17.384,-689.9389
17.386,-692.94305
17.388,-670.00934
17.39,-629.3473
17.392,-579.3686
17.394,-526.97046
17.396,-478.3595
17.398,-437.02908
17.4,-404.25717
17.402,-378.9691
17.404,-359.92303
17.406,-344.84503
17.408,-331.71103
17.41,-318.84833
17.412,-306.67218
17.414,-295.82022
17.416,-287.1827
17.418,-280.95065
17.42,-277.80893
17.422,-277.23688
17.424,-278.17697
17.426,-278.9535
17.428,-279.06393
17.43,-277.9793
17.432,-275.67538
17.434,-272.23938
17.436,-268.69986
17.438,-265.84534
17.44,-264.16806
17.442,-263.4474
17.444,-263.43655
17.446,-263.66534
17.448,-263.66772
17.45,-262.90344
17.452,-261.45963
17.454,-259.71893
17.456,-258.16425
17.458,-256.64798
17.46,-255.83492
17.462,-255.47653
17.464,-255.16232
17.466,-253.9161
17.468,-252.66823
17.47,-251.40219
17.472,-250.15913
17.474,-248.48502
17.476,-247.42416
17.478,-246.9156
17.48,-246.6569
17.482,-245.79857
17.484,-244.77647
17.486,-243.52672
17.488,-242.15405
17.49,-240.48512
17.492,-239.43698
17.494,-239.2013
17.496,-239.65245
17.498,-239.97287
17.5,-240.13014
17.502,-239.62088
17.504,-238.1515
17.506,-235.39786
17.508,-232.3263
17.51,-229.57391
17.512,-227.64482
17.514,-226.33206
17.516,-225.96068
17.518,-226.08015
17.52,-226.14386
17.522,-225.39087
17.524,-224.25362
17.526,-222.93085
17.528,-221.641
17.53,-220.07938
17.532,-218.62515
17.534,-217.04985
17.536,-215.13686
17.538,-212.50456
17.54,-209.92856
17.542,-207.86214
17.544,-206.63145
17.546,-205.88353
17.548,-205.82942
17.55,-206.04182
17.552,-206.13113
17.554,-205.58621
17.556,-205.10742
17.558,-205.0658
17.56,-205.63081
17.562,-206.17188
17.564,-206.5984
17.566,-206.23817
17.568,-204.63017
17.57,-201.42847
17.572,-197.79343
17.574,-194.74529
17.576,-193.12286
17.578,-192.77773
17.58,-193.77989
17.582,-195.23357
17.584,-196.12477
17.586,-195.37227
17.588,-193.49208
17.59,-191.12743
17.592,-189.12032
17.594,-187.66263
17.596,-187.41731
17.598,-188.10301
17.6,-189.12032
17.602,-189.44397
17.604,-189.3262
17.606,-188.9372
17.608,-188.62
17.61,-188.1948
17.612,-188.27788
17.614,-188.81888
17.616,-189.62064
17.618,-190.04779
17.62,-190.6173
17.622,-191.56653
17.624,-193.12286
17.626,-194.88591
17.628,-197.26216
17.63,-200.08708
17.632,-203.12923
17.634,-205.72678
17.636,-208.35379
17.638,-211.13931
17.64,-214.13623
17.642,-216.72346
17.644,-219.15118
17.646,-221.1832
17.648,-222.64163
17.65,-223.04022
17.652,-223.2004
17.654,-223.71266
17.656,-225.14323
17.658,-227.33151
17.66,-230.74782
17.662,-235.06618
17.664,-239.65245
17.666,-243.30519
17.668,-246.0315
17.67,-247.83986
17.672,-249.15851
17.674,-250.21161
17.676,-252.22609
17.678,-255.72679
17.68,-260.66583
17.682,-265.90723
17.684,-270.93808
17.686,-274.86615
17.688,-277.17633
17.69,-277.4734
17.692,-276.9522
17.694,-276.7108
17.696,-277.67664
17.698,-279.74115
17.7,-283.10638
17.702,-287.05444
17.704,-290.68494
17.706,-292.8502
17.708,-293.9271
17.71,-294.44077
17.712,-295.18777
17.714,-296.36813
17.716,-298.78397
17.718,-302.27426
17.72,-306.1948
17.722,-309.1828
17.724,-311.04718
17.726,-311.5149
17.728,-310.69766
17.73,-308.48932
17.732,-305.9824
17.734,-303.76285
17.736,-302.19223
17.738,-300.86108
17.74,-300.20044
17.742,-300.05505
17.744,-300.19098
17.746,-299.87152
17.748,-299.53647
17.75,-299.26492
17.752,-299.19034
17.754,-298.92618
17.756,-299.1521
17.758,-299.9435
17.76,-301.19162
17.762,-302.09467
17.764,-302.93698
17.766,-303.51746
17.768,-303.6932
17.77,-302.87894
17.772,-301.7837
17.774,-300.65097
17.776,-299.69064
17.778,-298.48837
17.78,-297.73257
17.782,-297.4843
17.784,-297.6894
17.786,-297.681
17.788,-297.9931
17.79,-298.65002
17.792,-299.69064
17.794,-300.595
17.796,-302.03125
17.798,-303.97955
17.8,-306.1948
17.802,-307.6717
17.804,-308.5821
17.806,-308.61966
17.808,-307.69574
17.81,-305.45724
17.812,-303.06848
17.814,-301.17093
17.816,-300.19098
17.818,-299.636
17.82,-299.91956
17.822,-300.70987
17.824,-301.69193
17.826,-302.20514
17.828,-303.04346
17.83,-304.5086
17.832,-306.6951
17.834,-308.78265
17.836,-310.88452
17.838,-312.47073
17.84,-313.19925
17.842,-312.5783
17.844,-311.766
17.846,-311.49124
17.848,-312.1986
17.85,-313.21198
17.852,-314.5606
17.854,-315.44077
17.856,-315.20053
17.858,-313.18033
17.86,-310.6218
17.862,-308.62653
17.864,-308.19608
17.866,-309.20715
17.868,-311.96765
17.87,-315.54395
17.872,-318.70276
17.874,-319.89578
17.876,-319.4607
17.878,-317.90833
17.88,-316.20114
17.882,-314.7527
17.884,-314.8075
17.886,-316.35666
17.888,-318.70276
17.89,-320.20312
17.892,-320.54892
17.894,-319.31668
17.896,-316.70148
17.898,-312.90338
17.9,-309.63705
17.902,-307.91248
17.904,-308.19608
17.906,-309.69812
17.908,-312.3031
17.91,-315.07776
17.912,-317.20178
17.914,-317.71252
17.916,-317.46198
17.918,-317.08618
17.92,-317.20178
17.922,-317.5086
17.924,-318.48358
17.926,-319.60785
17.928,-320.2037
17.93,-319.21967
17.932,-317.33774
17.934,-315.0953
17.936,-313.19925
17.938,-311.65012
17.94,-311.30887
17.942,-311.998
17.944,-313.19925
17.946,-313.81378
17.948,-314.13577
17.95,-314.19135
17.952,-314.1999
17.954,-313.8867
17.956,-314.10007
17.958,-314.91653
17.96,-316.20114
17.962,-317.1566
17.964,-318.18726
17.966,-319.1108
17.968,-319.70337
17.97,-319.1779
17.972,-318.10452
17.974,-316.65216
17.976,-315.20053
17.978,-313.74176
17.98,-313.55518
17.982,-315.0749
17.984,-318.20242
17.986,-321.68713
17.988,-325.1355
17.99,-327.5353
17.992,-328.2088
17.994,-326.5415
17.996,-323.88553
17.998,-321.4127
18.0,-320.2037
18.002,-320.22375
18.004,-321.91913
18.006,-324.37692
18.008,-326.20752
18.01,-325.49002
18.012,-322.124
18.014,-316.23148
18.016,-308.69638
18.018,-300.3262
18.02,-293.2357
18.022,-288.5549
18.024,-286.68237
18.026,-286.6968
18.028,-288.40182
18.03,-290.83655
18.032,-293.18652
18.034,-294.4804
18.036,-295.4899
18.038,-296.7224
18.04,-298.69
18.042,-301.0791
18.044,-304.4484
18.046,-308.37912
18.048,-312.1986
18.05,-314.7217
18.052,-316.2225
18.054,-316.76224
18.056,-316.70148
18.058,-316.17532
18.06,-316.1749
18.062,-316.8966
18.064,-318.20242
18.066,-319.55734
18.068,-320.94022
18.07,-321.91092
18.072,-322.205
18.074,-321.76096
18.076,-321.18115
18.078,-320.64203
18.08,-320.2037
18.082,-319.35803
18.084,-318.7434
18.086,-318.39157
18.088,-318.20242
18.09,-316.9701
18.092,-315.5401
18.094,-314.16678
18.096,-313.19925
18.098,-312.02393
18.1,-311.7606
18.102,-312.563
18.104,-314.1999
18.106,-315.4146
18.108,-316.33127
18.11,-316.71304
18.112,-316.70148
18.114,-316.14948
18.116,-316.20734
18.118,-316.98264
18.12,-317.70212
18.122,-316.13977
18.124,-310.7891
18.126,-299.7952
18.128,-282.1795
18.13,-257.6633
18.132,-228.22836
18.134,-195.629
18.136,-161.1025
18.138,-124.364845
18.14,-85.56594
18.142,-44.412388
18.144,-2.0012732
18.146,38.61526
18.148,70.42716
18.15,85.14152
18.152,74.547424
18.154,33.401184
18.156,-40.204876
18.158,-141.95772
18.16,-262.16678
18.162,-386.93637
18.164,-502.44846
18.166,-596.0088
18.168,-658.9192
18.17,-687.3111
18.172,-683.9627
18.174,-655.4625
18.176,-610.8886
18.178,-559.1828
18.18,-508.93573
18.182,-465.42282
18.184,-430.77405
18.186,-403.96527
18.188,-383.5073
18.19,-366.91714
18.192,-352.22406
18.194,-338.00763
18.196,-325.00983
18.198,-313.994
18.2,-305.69446
18.202,-299.88135
18.204,-296.8086
18.206,-295.61536
18.208,-295.18777
18.21,-294.10184
18.212,-292.4544
18.214,-290.34015
18.216,-288.18332
18.218,-286.08713
18.22,-284.78024
18.222,-284.27963
18.224,-284.1808
18.226,-283.53134
18.228,-281.9654
18.23,-279.388
18.232,-276.1757
18.234,-272.81058
18.236,-270.24908
18.238,-269.27533
18.24,-270.17188
18.242,-272.11145
18.244,-274.69235
18.246,-276.83752
18.248,-277.67664
18.25,-276.22455
18.252,-273.76782
18.254,-270.88477
18.256,-268.1706
18.258,-265.44373
18.26,-263.7934
18.262,-262.90732
18.264,-262.16678
18.266,-260.50827
18.268,-258.4571
18.27,-256.20056
18.272,-254.16168
18.274,-252.37032
18.276,-251.77927
18.278,-252.3631
18.28,-253.66136
18.282,-254.54088
18.284,-254.8856
18.286,-254.28265
18.288,-252.66074
18.29,-249.9014
18.292,-247.08495
18.294,-244.74922
18.296,-243.15468
18.298,-241.80765
18.3,-240.8879
18.302,-239.9559
18.304,-238.65182
18.306,-236.48813
18.308,-234.2414
18.31,-232.34917
18.312,-231.14705
18.314,-230.2965
18.316,-230.07185
18.318,-230.02177
18.32,-229.64609
18.322,-228.26427
18.324,-226.45573
18.326,-224.60344
18.328,-223.14195
18.33,-221.94783
18.332,-221.53374
18.334,-221.60127
18.336,-221.641
18.338,-220.77734
18.34,-219.30342
18.342,-217.3254
18.344,-215.13686
18.346,-212.678
18.348,-210.73863
18.35,-209.4333
18.352,-208.63272
18.354,-207.65378
18.356,-206.73758
18.358,-205.7448
18.36,-204.63017
18.362,-203.02232
18.364,-201.56894
18.366,-200.42525
18.368,-199.627
18.37,-198.65652
18.372,-197.93205
18.374,-197.41896
18.376,-197.1254
18.378,-196.67981
18.38,-196.73866
18.382,-197.42119
18.384,-198.62636
18.386,-199.5441
18.388,-200.23473
18.39,-200.326
18.392,-199.627
18.394,-197.77928
18.396,-195.7536
18.398,-194.20157
18.4,-193.62317
18.402,-193.68367
18.404,-194.71526
18.406,-196.34227
18.408,-198.12604
18.41,-199.29395
18.412,-200.3966
18.414,-201.74615
18.416,-203.62955
18.418,-205.61465
18.42,-208.0164
18.422,-210.48892
18.424,-212.63527
18.426,-213.73987
18.428,-214.44157
18.43,-215.2264
18.432,-216.63782
18.434,-218.54283
18.436,-221.51898
18.438,-225.37144
18.44,-229.64609
18.442,-233.33496
18.444,-236.61278
18.446,-239.48631
18.448,-242.15405
18.45,-244.39261
18.452,-246.95769
18.454,-250.04976
18.456,-253.66136
18.458,-257.11856
18.46,-260.68698
18.462,-264.23587
18.464,-267.6703
18.466,-270.45398
18.468,-273.124
18.47,-275.83176
18.472,-278.67728
18.474,-281.18237
18.476,-283.7984
18.478,-286.49872
18.48,-289.18396
18.482,-291.2308
18.484,-293.00925
18.486,-294.50488
18.488,-295.6881
18.49,-296.03168
18.492,-296.03702
18.494,-295.85684
18.496,-295.6881
18.498,-295.2659
18.5,-295.3346
18.502,-296.1317
18.504,-297.6894
18.506,-299.3087
18.508,-301.14316
18.51,-302.86276
18.512,-304.1935
18.514,-304.531
18.516,-304.51382
18.518,-304.47324
18.52,-304.69385
18.522,-304.77615
18.524,-305.1779
18.526,-305.73325
18.528,-306.1948
18.53,-305.8569
18.532,-305.26392
18.534,-304.63092
18.536,-304.1935
18.538,-303.57703
18.54,-303.3638
18.542,-303.47583
18.544,-303.6932
18.546,-303.23322
18.548,-302.5399
18.55,-301.65817
18.552,-300.69128
18.554,-299.21915
18.556,-297.97446
18.558,-297.10934
18.56,-296.68875
18.562,-296.17368
18.564,-296.17926
18.566,-296.7194
18.568,-297.6894
18.57,-298.3236
18.572,-298.9935
18.574,-299.50436
18.576,-299.69064
18.578,-298.94464
18.58,-298.01135
18.582,-297.17444
18.584,-296.68875
18.586,-296.15622
18.588,-296.2624
18.59,-296.99207
18.592,-298.1897
18.594,-299.07825
18.596,-300.10974
18.598,-301.1869
18.6,-302.19223
18.602,-302.44183
18.604,-302.50284
18.606,-302.40442
18.608,-302.19223
18.61,-301.39502
18.612,-300.82684
18.614,-300.7197
18.616,-301.19162
18.618,-301.65594
18.62,-302.61325
18.622,-303.88126
18.624,-305.19415
18.626,-305.7436
18.628,-306.0476
18.63,-306.16452
18.632,-306.1948
18.634,-305.68878
18.636,-305.3874
18.638,-305.39407
18.64,-305.69446
18.642,-305.64307
18.644,-305.79398
18.646,-306.1504
18.648,-306.6951
18.65,-306.8437
18.652,-307.22098
18.654,-307.85687
18.656,-308.69638
18.658,-309.06796
18.66,-309.48398
18.662,-309.88617
18.664,-310.19733
18.666,-309.8224
18.668,-309.42563
18.67,-309.16803
18.672,-309.1967
18.674,-309.06448
18.676,-309.46384
18.678,-310.40048
18.68,-311.6983
18.682,-312.4939
18.684,-313.11084
18.686,-313.3693
18.688,-313.19925
18.69,-312.13522
18.692,-311.07138
18.694,-310.3575
18.696,-310.19733
18.698,-310.0261
18.7,-310.29633
18.702,-310.77457
18.704,-311.19797
18.706,-310.85645
18.708,-310.43085
18.71,-310.1476
18.712,-310.19733
18.714,-310.08905
18.716,-310.40002
18.718,-311.00507
18.72,-311.6983
18.722,-311.74335
18.724,-311.72928
18.726,-311.71838
18.728,-311.6983
18.73,-310.9811
18.732,-310.03528
18.734,-308.76932
18.736,-307.19543
18.738,-304.97214
18.74,-303.17242
18.742,-302.31607
18.744,-302.69257
18.746,-303.6693
18.748,-305.46985
18.75,-307.5129
18.752,-309.1967
18.754,-309.62842
18.756,-309.44366
18.758,-308.99622
18.76,-308.69638
18.762,-308.30225
18.764,-308.4804
18.766,-309.06247
18.768,-309.69702
18.77,-309.53024
18.772,-309.0508
18.774,-308.37216
18.776,-307.69574
18.778,-306.6834
18.78,-306.09485
18.782,-305.97092
18.784,-306.1948
18.786,-306.04706
18.788,-306.09827
18.79,-306.44012
18.792,-307.19543
18.794,-307.90176
18.796,-309.19244
18.798,-310.9202
18.8,-312.6989
18.802,-313.47617
18.804,-313.49927
18.806,-312.67508
18.808,-311.19797
18.81,-308.97415
18.812,-307.23492
18.814,-306.46237
18.816,-306.6951
18.818,-306.9155
18.82,-306.93658
18.822,-305.9058
18.824,-303.19287
18.826,-298.1457
18.828,-291.9282
18.83,-285.57742
18.832,-280.17825
18.834,-275.95483
18.836,-273.79697
18.838,-273.4357
18.84,-274.1744
18.842,-274.68958
18.844,-275.13495
18.846,-275.51294
18.848,-276.1757
18.85,-277.09253
18.852,-279.3582
18.854,-283.15503
18.856,-288.18332
18.858,-293.21
18.86,-298.00446
18.862,-301.82904
18.864,-304.1935
18.866,-304.56476
18.868,-303.80032
18.87,-302.47137
18.872,-301.19162
18.874,-300.23557
18.876,-300.25034
18.878,-301.05692
18.88,-302.19223
18.882,-303.05664
18.884,-303.58932
18.886,-303.49026
18.888,-302.69257
18.89,-301.16193
18.892,-299.77884
18.894,-298.9111
18.896,-298.69
18.898,-298.1813
18.9,-298.08517
18.902,-298.4334
18.904,-299.19034
18.906,-299.21484
18.908,-299.25705
18.91,-299.38168
18.912,-299.69064
18.914,-299.57474
18.916,-299.9086
18.918,-300.83276
18.92,-302.19223
18.922,-302.9385
18.924,-303.159
18.926,-302.56204
18.928,-301.19162
18.93,-298.84982
18.932,-296.43118
18.934,-293.66534
18.936,-289.18396
18.938,-280.07922
18.94,-264.25372
18.942,-239.82693
18.944,-206.63145
18.946,-166.06366
18.948,-122.23371
18.95,-78.967445
18.952,-39.024826
18.954,-3.0358841
18.956,28.237314
18.958,54.060738
18.96,71.54552
18.962,75.416214
18.964,57.326523
18.966,10.18337
18.968,-69.04392
18.97,-176.26707
18.972,-301.3702
18.974,-428.4743
18.976,-540.34375
18.978,-622.3492
18.98,-667.46747
18.982,-675.80133
18.984,-653.916
18.986,-611.56854
18.988,-560.1117
18.99,-508.3334
18.992,-461.79376
18.994,-422.46246
18.996,-391.19833
18.998,-367.0922
19.0,-348.72183
19.002,-334.09363
19.004,-322.43762
19.006,-312.69592
19.008,-304.1935
19.01,-296.2831
19.012,-289.8581
19.014,-285.4158
19.016,-283.18015
19.018,-282.37955
19.02,-282.77576
19.022,-283.343
19.024,-283.18015
19.026,-281.47345
19.028,-278.92862
19.03,-276.26132
19.032,-274.1744
19.034,-272.69574
19.036,-271.95816
19.038,-271.60202
19.04,-271.17252
19.042,-270.1143
19.044,-268.5544
19.046,-266.916
19.048,-265.669
19.05,-264.7163
19.052,-264.23907
19.054,-263.98868
19.056,-263.66772
19.058,-262.52475
19.06,-261.47092
19.062,-260.64905
19.064,-260.1655
19.066,-259.40674
19.068,-259.25583
19.07,-259.3379
19.072,-259.16486
19.074,-257.9113
19.076,-256.39246
19.078,-254.88489
19.08,-253.66136
19.082,-252.39882
19.084,-251.65904
19.086,-251.19623
19.088,-250.65945
19.09,-249.37375
19.092,-247.89471
19.094,-246.42
19.096,-245.15596
19.098,-243.79216
19.1,-242.80365
19.102,-242.00893
19.104,-241.15341
19.106,-239.66818
19.108,-238.11957
19.11,-236.71388
19.112,-235.64992
19.114,-234.61755
19.116,-234.07974
19.118,-233.8524
19.12,-233.64864
19.122,-232.82133
19.124,-231.77348
19.126,-230.53464
19.128,-229.14577
19.13,-227.21812
19.132,-225.24376
19.134,-223.21672
19.136,-221.14069
19.138,-218.711
19.14,-216.65286
19.142,-215.2433
19.144,-214.63654
19.146,-214.38731
19.148,-214.78476
19.15,-215.49924
19.152,-216.1375
19.154,-215.97934
19.156,-215.42947
19.158,-214.59303
19.16,-213.63591
19.162,-212.27892
19.164,-211.10558
19.166,-210.10458
19.168,-209.13304
19.17,-207.58467
19.172,-205.89874
19.174,-204.18097
19.176,-202.6289
19.178,-201.03983
19.18,-200.1441
19.182,-200.05385
19.184,-200.62762
19.186,-201.0582
19.188,-201.44632
19.19,-201.50694
19.192,-201.12794
19.194,-199.96204
19.196,-198.88643
19.198,-198.3554
19.2,-198.62636
19.202,-199.16013
19.204,-200.16617
19.206,-201.2654
19.208,-202.12859
19.21,-202.16705
19.212,-202.13457
19.214,-202.49904
19.216,-203.62955
19.218,-205.09819
19.22,-207.18475
19.222,-209.50182
19.224,-211.63463
19.226,-212.86713
19.228,-213.83673
19.23,-214.96533
19.232,-216.63782
19.234,-218.47568
19.236,-220.85757
19.238,-223.51375
19.24,-226.14386
19.242,-228.09695
19.244,-230.03563
19.246,-232.31252
19.248,-235.1496
19.25,-237.9451
19.252,-240.85728
19.254,-243.50633
19.256,-245.65628
19.258,-246.92395
19.26,-248.3611
19.262,-250.7589
19.264,-254.662
19.266,-259.5419
19.268,-265.2929
19.27,-270.98755
19.272,-275.67538
19.274,-278.28723
19.276,-279.44406
19.278,-279.91666
19.28,-280.67856
19.282,-281.9817
19.284,-284.57312
19.286,-288.20197
19.288,-292.18588
19.29,-295.24484
19.292,-297.37704
19.294,-298.57855
19.296,-299.19034
19.298,-299.20633
19.3,-299.60767
19.302,-300.7482
19.304,-302.69257
19.306,-304.7606
19.308,-307.19077
19.31,-309.7531
19.312,-312.1986
19.314,-313.78036
19.316,-314.8648
19.318,-315.47153
19.32,-315.70084
19.322,-315.20743
19.324,-314.74948
19.326,-314.56323
19.328,-314.7002
19.33,-314.50037
19.332,-314.2989
19.334,-314.0128
19.336,-313.69955
19.338,-313.0705
19.34,-313.04147
19.342,-313.9316
19.344,-315.70084
19.346,-317.3338
19.348,-318.645
19.35,-318.91782
19.352,-317.70212
19.354,-314.5145
19.356,-310.60208
19.358,-307.00934
19.36,-304.69385
19.362,-303.62137
19.364,-304.34766
19.366,-306.33118
19.368,-308.69638
19.37,-310.03958
19.372,-310.50232
19.374,-310.10907
19.376,-309.1967
19.378,-307.66232
19.38,-306.53915
19.382,-306.06552
19.384,-306.1948
19.386,-306.13486
19.388,-306.31946
19.39,-306.6795
19.392,-307.19543
19.394,-307.294
19.396,-307.6228
19.398,-308.14716
19.4,-308.69638
19.402,-308.46994
19.404,-307.99527
19.406,-307.34192
19.408,-306.6951
19.41,-305.75647
19.412,-305.49225
19.414,-306.1478
19.416,-307.69574
19.418,-309.26648
19.42,-311.061
19.422,-312.65247
19.424,-313.69955
19.426,-313.5208
19.428,-312.9848
19.43,-312.56235
19.432,-312.6989
19.434,-313.06534
19.436,-314.27896
19.438,-316.0207
19.44,-317.70212
19.442,-318.135
19.444,-317.59137
19.446,-316.14047
19.448,-314.1999
19.45,-311.8584
19.452,-310.46713
19.454,-310.5578
19.456,-312.1986
19.458,-314.41354
19.46,-317.1325
19.462,-319.60458
19.464,-321.20435
19.466,-321.0904
19.468,-320.08255
19.47,-318.74527
19.472,-317.70212
19.474,-316.8473
19.476,-316.97693
19.478,-317.9267
19.48,-319.20306
19.482,-319.64542
19.484,-319.4631
19.486,-318.57877
19.488,-317.20178
19.49,-315.1978
19.492,-313.71747
19.494,-313.18658
19.496,-313.69955
19.498,-314.45508
19.5,-315.65335
19.502,-316.8568
19.504,-317.70212
19.506,-317.47552
19.508,-316.94403
19.51,-316.42966
19.512,-316.20114
19.514,-315.80173
19.516,-315.80453
19.518,-316.02954
19.52,-316.20114
19.522,-315.53992
19.524,-314.682
19.526,-313.82684
19.528,-313.19925
19.53,-312.38733
19.532,-312.09122
19.534,-312.2617
19.536,-312.6989
19.538,-312.60754
19.54,-312.48837
19.542,-312.34488
19.544,-312.1986
19.546,-311.49692
19.548,-310.9127
19.55,-310.48468
19.552,-310.19733
19.554,-309.4918
19.556,-309.04684
19.558,-308.9494
19.56,-309.1967
19.562,-309.1711
19.564,-309.3487
19.566,-309.57983
19.568,-309.69702
19.57,-309.08496
19.572,-308.42798
19.574,-307.91333
19.576,-307.69574
19.578,-307.31448
19.58,-307.3678
19.582,-307.74152
19.584,-308.19608
19.586,-307.94193
19.588,-307.51715
19.59,-307.03156
19.592,-306.6951
19.594,-306.20932
19.596,-306.44385
19.598,-307.5008
19.6,-309.1967
19.602,-310.56027
19.604,-311.7441
19.606,-312.36475
19.608,-312.1986
19.61,-310.74356
19.612,-308.9895
19.614,-307.4875
19.616,-306.6951
19.618,-306.2556
19.62,-306.6518
19.622,-307.39554
19.624,-307.69574
19.626,-306.17343
19.628,-302.9241
19.63,-297.93246
19.632,-291.68555
19.634,-284.54416
19.636,-278.25055
19.638,-273.7977
19.64,-271.67282
19.642,-271.20505
19.644,-272.419
19.646,-274.50378
19.648,-276.67603
19.65,-277.93326
19.652,-278.91055
19.654,-280.00665
19.656,-281.6792
19.658,-283.67255
19.66,-286.58826
19.662,-290.1124
19.664,-293.68683
19.666,-296.2538
19.668,-298.08087
19.67,-299.15982
19.672,-299.69064
19.674,-299.64374
19.676,-299.7309
19.678,-299.96967
19.68,-300.19098
19.682,-300.06824
19.684,-299.83176
19.686,-299.37158
19.688,-298.69
19.69,-297.8808
19.692,-297.463
19.694,-297.4439
19.696,-297.6894
19.698,-297.53207
19.7,-297.59818
19.702,-297.995
19.704,-298.69
19.706,-298.46246
19.708,-297.9813
19.71,-297.31113
19.712,-296.68875
19.714,-295.61438
19.716,-295.27338
19.718,-295.90253
19.72,-297.18906
19.722,-297.66763
19.724,-297.05435
19.726,-294.9301
19.728,-291.68555
19.73,-287.96954
19.732,-285.88278
19.734,-286.331
19.736,-288.68365
19.738,-290.02872
19.74,-287.40546
19.742,-277.42786
19.744,-258.16425
19.746,-229.47466
19.748,-194.41476
19.75,-156.3872
19.752,-118.07511
19.754,-79.87782
19.756,-41.586937
19.758,-2.0118222
19.76,38.52451
19.762,76.960724
19.764,105.4717
19.766,114.418755
19.768,94.56016
19.77,40.699707
19.772,-47.394398
19.774,-162.51859
19.776,-291.68555
19.778,-418.44327
19.78,-527.93524
19.782,-608.444
19.784,-653.916
19.786,-664.01935
19.788,-644.7513
19.79,-604.9157
19.792,-554.35266
19.794,-501.45602
19.796,-453.30737
19.798,-413.4817
19.8,-382.7435
19.802,-359.38956
19.804,-341.79385
19.806,-327.7692
19.808,-315.70084
19.81,-304.34906
19.812,-294.20093
19.814,-285.55957
19.816,-278.67728
19.818,-273.1291
19.82,-269.25626
19.822,-266.72928
19.824,-265.1687
19.826,-263.8427
19.828,-263.03912
19.83,-262.57443
19.832,-262.16678
19.834,-261.13916
19.836,-259.53302
19.838,-257.30957
19.84,-254.662
19.842,-251.75343
19.844,-249.22966
19.846,-247.62599
19.848,-247.15723
19.85,-247.36958
19.852,-247.70581
19.854,-247.5897
19.856,-246.6569
19.858,-244.49599
19.86,-242.03714
19.862,-239.90929
19.864,-238.65182
19.866,-237.87486
19.868,-238.30762
19.87,-239.20229
19.872,-239.65245
19.874,-238.54
19.876,-236.72205
19.878,-234.59296
19.88,-232.648
19.882,-230.81676
19.884,-229.82356
19.886,-229.41885
19.888,-229.14577
19.89,-228.22578
19.892,-227.09367
19.894,-225.85547
19.896,-224.64291
19.898,-223.12157
19.9,-221.66467
19.902,-220.06134
19.904,-218.13878
19.906,-215.59906
19.908,-213.24596
19.91,-211.51112
19.912,-210.634
19.914,-210.1529
19.916,-210.10294
19.918,-209.91216
19.92,-209.13304
19.922,-207.36487
19.924,-205.44005
19.926,-203.91568
19.928,-203.12923
19.93,-202.62111
19.932,-202.265
19.934,-201.29466
19.936,-199.12668
19.938,-195.3958
19.94,-191.17578
19.942,-187.46529
19.944,-185.11777
19.946,-184.10754
19.948,-184.51326
19.95,-185.49365
19.952,-186.11841
19.954,-185.50375
19.956,-184.16617
19.958,-182.66643
19.96,-181.61554
19.962,-180.94167
19.964,-180.83908
19.966,-180.65063
19.968,-179.61426
19.97,-176.94763
19.972,-173.28183
19.974,-169.3626
19.976,-166.10567
19.978,-163.83423
19.98,-163.19102
19.982,-163.85023
19.984,-165.10503
19.986,-165.85178
19.988,-166.08336
19.99,-165.76263
19.992,-165.10503
19.994,-164.00558
19.996,-163.12076
19.998,-162.5224
20.0,-162.10312
20.002,-161.30069
20.004,-160.51736
20.006,-159.8866
20.008,-159.60153
20.01,-159.39801
20.012,-159.81056
20.014,-160.79555
20.016,-162.10312
20.018,-162.92621
20.02,-163.4028
20.022,-163.42961
20.024,-163.10376
20.026,-162.28128
20.028,-161.83684
20.03,-162.21284
20.032,-163.60408
20.034,-165.45041
20.036,-167.85579
20.038,-170.48459
20.04,-173.11012
20.042,-175.29486
20.044,-177.70277
20.046,-180.63138
20.048,-184.11713
20.05,-187.36041
20.052,-190.21718
20.054,-192.1914
20.056,-193.12286
20.058,-192.94618
20.06,-192.97675
20.062,-194.30254
20.064,-197.62572
20.066,-202.4671
20.068,-208.47551
20.07,-214.53662
20.072,-219.63972
20.074,-222.92078
20.076,-225.1789
20.078,-227.41608
20.08,-230.64673
20.082,-234.93175
20.084,-240.44524
20.086,-246.37227
20.088,-251.6601
20.09,-255.10155
20.092,-256.9858
20.094,-257.8891
20.096,-258.66455
20.098,-259.55347
20.1,-261.18045
20.102,-263.2674
20.104,-265.1687
20.106,-265.80862
20.108,-265.3397
20.11,-264.06738
20.112,-262.66708
20.114,-261.47913
20.116,-261.53964
20.118,-263.1545
20.12,-266.1693
20.122,-269.62714
20.124,-273.3012
20.126,-276.62912
20.128,-279.1776
20.13,-280.25748
20.132,-280.2975
20.134,-279.50995
20.136,-278.17697
20.138,-276.14587
20.14,-274.18054
20.142,-272.6117
20.144,-271.67282
20.146,-271.0285
20.148,-271.15094
20.15,-271.95758
20.152,-273.17377
20.154,-273.91626
20.156,-274.27435
20.158,-274.02936
20.16,-273.17377
20.162,-271.48157
20.164,-269.9314
20.166,-269.0612
20.168,-269.17123
20.17,-269.70016
20.172,-270.8046
20.174,-271.9651
20.176,-272.67346
20.178,-272.16864
20.18,-271.1132
20.182,-269.9523
20.184,-269.17123
20.186,-268.58893
20.188,-268.8132
20.19,-269.6453
20.192,-270.67218
20.194,-270.97086
20.196,-270.8985
20.198,-270.5521
20.2,-270.17188
20.202,-269.5089
20.204,-269.30417
20.206,-269.59076
20.208,-270.17188
20.21,-270.21713
20.212,-270.06607
20.214,-269.68
20.216,-269.17123
20.218,-268.25876
20.22,-267.82535
20.222,-268.1246
20.224,-269.17123
20.226,-270.2313
20.228,-271.53094
20.23,-272.75735
20.232,-273.6741
20.234,-273.7184
20.236,-273.66147
20.238,-273.87823
20.24,-274.67474
20.242,-275.63693
20.244,-277.20682
20.246,-279.05408
20.248,-280.67856
20.25,-281.0965
20.252,-280.66745
20.254,-279.55505
20.256,-278.17697
20.258,-276.57147
20.26,-275.85513
20.262,-276.39523
20.264,-278.17697
20.266,-280.31464
20.268,-282.80316
20.27,-285.07904
20.272,-286.68237
20.274,-286.895
20.276,-286.42352
20.278,-285.69498
20.28,-285.18143
20.282,-284.73514
20.284,-285.08847
20.286,-286.1814
20.288,-287.683
20.29,-288.6287
20.292,-289.19556
20.294,-289.21127
20.296,-288.68365
20.298,-287.2888
20.3,-285.92383
20.302,-284.9737
20.304,-284.6811
20.306,-284.59146
20.308,-285.18832
20.31,-286.30807
20.312,-287.683
20.314,-288.5205
20.316,-289.2214
20.318,-289.76587
20.32,-290.1846
20.322,-290.01984
20.324,-289.9323
20.326,-290.00168
20.328,-290.1846
20.33,-289.83554
20.332,-289.40506
20.334,-288.85184
20.336,-288.18332
20.338,-286.97235
20.34,-286.0049
20.342,-285.53546
20.344,-285.68173
20.346,-285.85727
20.348,-286.43668
20.35,-287.1518
20.352,-287.683
20.354,-287.26703
20.356,-286.43558
20.358,-285.33746
20.36,-284.1808
20.362,-282.6541
20.364,-281.54797
20.366,-281.03784
20.368,-281.17886
20.37,-281.4039
20.372,-282.23947
20.374,-283.58005
20.376,-285.18143
20.378,-286.17654
20.38,-286.88156
20.382,-287.1936
20.384,-287.1827
20.386,-286.58514
20.388,-286.38373
20.39,-286.9165
20.392,-288.18332
20.394,-289.26254
20.396,-290.12915
20.398,-290.2089
20.4,-289.18396
20.402,-286.70508
20.404,-284.02393
20.406,-282.08887
20.408,-281.6792
20.41,-282.60132
20.412,-285.14322
20.414,-288.5236
20.416,-291.68555
20.418,-293.20547
20.42,-293.2107
20.422,-291.85043
20.424,-289.6843
20.426,-286.94882
20.428,-284.90582
20.43,-283.97897
20.432,-284.1808
20.434,-284.70224
20.436,-285.76874
20.438,-287.13486
20.44,-288.68365
20.442,-289.90833
20.444,-291.49777
20.446,-293.49496
20.448,-295.6881
20.45,-297.11087
20.452,-297.88342
20.454,-297.736
20.456,-296.68875
20.458,-294.59564
20.46,-292.73306
20.462,-291.81735
20.464,-292.18588
20.466,-293.07626
20.468,-294.34747
20.47,-295.02356
20.472,-294.18716
20.474,-290.8395
20.476,-285.7934
20.478,-279.88565
20.48,-274.1744
20.482,-269.0484
20.484,-265.6258
20.486,-263.96057
20.488,-263.66772
20.49,-263.68173
20.492,-264.1671
20.494,-264.98608
20.496,-266.1693
20.498,-267.28207
20.5,-269.01028
20.502,-271.3605
20.504,-274.1744
20.506,-276.69196
20.508,-279.3271
20.51,-282.009
20.512,-284.6811
20.514,-286.8498
20.516,-288.9723
20.518,-290.95734
20.52,-292.6862
20.522,-293.87286
20.524,-294.88727
20.526,-295.67456
20.528,-296.18842
20.53,-296.3806
20.532,-296.60306
20.534,-296.75726
20.536,-296.68875
20.538,-296.1136
20.54,-295.45886
20.542,-294.78857
20.544,-294.18716
20.546,-293.03198
20.548,-292.33383
20.55,-292.39868
20.552,-293.18652
20.554,-293.2713
20.556,-292.82242
20.558,-291.44553
20.56,-289.18396
20.562,-285.94382
20.564,-283.49274
20.566,-282.93295
20.568,-284.6811
20.57,-287.60468
20.572,-291.02396
20.574,-293.62888
20.576,-294.68747
20.578,-293.85385
20.58,-292.5195
20.582,-291.22986
20.584,-289.18396
20.586,-283.35934
20.588,-270.78763
20.59,-248.3986
20.592,-215.13686
20.594,-172.35165
20.596,-124.98712
20.598,-78.24188
20.6,-36.022915
20.602,0.76354945
20.604,32.238815
20.606,59.27734
20.608,80.55125
20.61,91.466805
20.612,83.140236
20.614,46.841614
20.616,-22.514322
20.618,-122.54651
20.62,-243.84895
20.622,-370.2923
20.624,-483.80777
20.626,-568.9298
20.628,-618.136
20.63,-631.4333
20.632,-615.3915
20.634,-579.5344
20.636,-534.5023
20.638,-488.1452
20.64,-445.28326
20.642,-407.80634
20.644,-377.17603
20.646,-353.59882
20.648,-336.7142
20.65,-325.03372
20.652,-317.42685
20.654,-311.892
20.656,-306.6951
20.658,-300.55167
20.66,-294.33582
20.662,-289.0791
20.664,-285.68173
20.666,-283.7952
20.668,-283.0922
20.67,-282.1399
20.672,-279.67792
20.674,-274.95517
20.676,-269.19012
20.678,-263.8443
20.68,-260.1655
20.682,-258.17963
20.684,-257.36914
20.686,-256.4233
20.688,-254.16168
20.69,-250.0194
20.692,-244.89497
20.694,-240.53212
20.696,-238.65182
20.698,-239.76921
20.7,-243.53438
20.702,-248.34332
20.704,-252.16042
20.706,-252.846
20.708,-250.62106
20.71,-246.08571
20.712,-240.65309
20.714,-235.37267
20.716,-232.4631
20.718,-232.25894
20.72,-234.14896
20.722,-236.51918
20.724,-239.00722
20.726,-240.83664
20.728,-241.65373
20.73,-241.08391
20.732,-240.00932
20.734,-238.69016
20.736,-237.15086
20.738,-234.81596
20.74,-232.0303
20.742,-228.74034
20.744,-225.14323
20.746,-221.35335
20.748,-218.59453
20.75,-217.47049
20.752,-218.13878
20.754,-219.80865
20.756,-222.14818
20.758,-224.18121
20.76,-225.14323
20.762,-224.4327
20.764,-222.87506
20.766,-221.11734
20.768,-219.63972
20.77,-218.09593
20.772,-216.52751
20.774,-214.33098
20.776,-211.13431
20.778,-206.82582
20.78,-202.78291
20.782,-200.24667
20.784,-200.12732
20.786,-202.15692
20.788,-205.93878
20.79,-209.9599
20.792,-212.63527
20.794,-212.63292
20.796,-210.41
20.798,-206.8423
20.8,-203.12923
20.802,-199.85023
20.804,-197.78735
20.806,-196.61829
20.808,-195.62445
20.81,-193.8053
20.812,-191.47156
20.814,-189.02153
20.816,-187.11903
20.818,-185.96011
20.82,-186.19225
20.822,-187.49693
20.824,-189.12032
20.826,-189.8223
20.828,-189.46591
20.83,-187.95201
20.832,-185.61809
20.834,-182.6902
20.836,-180.3318
20.838,-179.08952
20.84,-179.11395
20.842,-179.73163
20.844,-180.93102
20.846,-182.20096
20.848,-183.11649
20.85,-183.0283
20.852,-182.4543
20.854,-181.60234
20.856,-180.6149
20.858,-179.05879
20.86,-177.32768
20.862,-175.44585
20.864,-173.61044
20.866,-171.82967
20.868,-171.22504
20.87,-172.4255
20.872,-175.61171
20.874,-179.86217
20.876,-184.67113
20.878,-188.89635
20.88,-191.6219
20.882,-192.0852
20.884,-191.22842
20.886,-190.07216
20.888,-189.62064
20.89,-189.94691
20.892,-191.46863
20.894,-193.72342
20.896,-196.12477
20.898,-197.8903
20.9,-199.6721
20.902,-202.07126
20.904,-205.63081
20.906,-210.00233
20.908,-215.25558
20.91,-220.70271
20.912,-225.64354
20.914,-229.2742
20.916,-232.25665
20.918,-235.20644
20.92,-238.65182
20.922,-242.20361
20.924,-245.85439
20.926,-248.88689
20.928,-250.65945
20.93,-250.5627
20.932,-249.61716
20.934,-248.94705
20.936,-249.65883
20.938,-251.87962
20.94,-255.8797
20.942,-260.85468
20.944,-265.669
20.946,-268.91928
20.948,-270.68683
20.95,-271.34607
20.952,-271.67282
20.954,-271.99756
20.956,-273.27023
20.958,-275.6033
20.96,-278.67728
20.962,-281.4899
20.964,-284.03537
20.966,-286.1078
20.968,-287.683
20.97,-288.38196
20.972,-288.7867
20.974,-289.03845
20.976,-289.18396
20.978,-288.75806
20.98,-288.22766
20.982,-287.68054
20.984,-287.1827
20.986,-286.29202
20.988,-285.52896
20.99,-284.97852
20.992,-284.6811
20.994,-284.1594
20.996,-283.94812
20.998,-284.11975
21.0,-284.6811
21.002,-285.0711
21.004,-285.67697
21.006,-286.31583
21.008,-286.68237
21.01,-285.93317
21.012,-284.40887
21.014,-282.20245
21.016,-279.67792
21.018,-276.9337
21.02,-275.21768
21.022,-275.0992
21.024,-276.67603
21.026,-278.99133
21.028,-281.7918
21.03,-284.22845
21.032,-285.68173
21.034,-285.50653
21.036,-284.63425
21.038,-283.70538
21.04,-283.18015
21.042,-282.56577
21.044,-282.04736
21.046,-281.0634
21.048,-279.1776
21.05,-275.91327
21.052,-272.52676
21.054,-270.11304
21.056,-269.67154
21.058,-271.15405
21.06,-274.86877
21.062,-279.845
21.064,-284.6811
21.066,-287.56793
21.068,-288.36002
21.07,-287.14932
21.072,-284.6811
21.074,-281.523
21.076,-279.35806
21.078,-278.89645
21.08,-280.17825
21.082,-282.12396
21.084,-284.47003
21.086,-286.465
21.088,-287.683
21.09,-287.66385
21.092,-287.4364
21.094,-287.54187
21.096,-288.18332
21.098,-288.57376
21.1,-288.6382
21.102,-287.75723
21.104,-285.68173
21.106,-282.29788
21.108,-279.20514
21.11,-277.60245
21.112,-278.17697
21.114,-280.19043
21.116,-283.19983
21.118,-285.8699
21.12,-287.1827
21.122,-286.47528
21.124,-285.10385
21.126,-284.2611
21.128,-284.6811
21.13,-285.56305
21.132,-286.2977
21.134,-285.4438
21.136,-282.1795
21.138,-276.51205
21.14,-270.9438
21.142,-268.03882
21.144,-269.67154
21.146,-275.497
21.148,-284.34906
21.15,-293.24582
21.152,-299.19034
21.154,-299.96506
21.156,-296.42505
21.158,-290.51044
21.16,-284.6811
21.162,-280.18756
21.164,-278.03647
21.166,-277.35925
21.168,-276.67603
21.17,-274.3932
21.172,-271.20422
21.174,-268.38992
21.176,-267.6703
21.178,-269.75735
21.18,-275.30096
21.182,-283.02267
21.184,-290.68494
21.186,-295.48035
21.188,-296.5574
21.19,-293.8785
21.192,-288.68365
21.194,-282.46283
21.196,-277.9172
21.198,-276.54004
21.2,-278.67728
21.202,-282.9984
21.204,-288.56348
21.206,-293.71884
21.208,-297.18906
21.21,-297.95044
21.212,-296.90005
21.214,-294.8771
21.216,-292.6862
21.218,-290.2338
21.22,-288.06235
21.222,-285.92746
21.224,-283.68048
21.226,-281.08264
21.228,-279.49286
21.23,-279.86426
21.232,-282.67984
21.234,-287.01324
21.236,-292.2775
21.238,-296.92734
21.24,-299.69064
21.242,-299.6389
21.244,-297.99872
21.246,-296.01288
21.248,-294.68747
21.25,-293.65964
21.252,-292.8073
21.254,-291.05405
21.256,-287.683
21.258,-282.5028
21.26,-277.60898
21.262,-275.13058
21.264,-276.67603
21.266,-281.92813
21.268,-290.00842
21.27,-298.3296
21.272,-304.1935
21.274,-305.4302
21.276,-302.65137
21.278,-297.37738
21.28,-291.68555
21.282,-286.69873
21.284,-283.58777
21.286,-281.911
21.288,-280.67856
21.29,-278.61365
21.292,-276.42914
21.294,-275.0631
21.296,-275.67538
21.298,-278.41653
21.3,-283.6777
21.302,-290.3293
21.304,-296.68875
21.306,-300.68408
21.308,-302.16052
21.31,-301.35736
21.312,-299.19034
21.314,-296.26398
21.316,-294.15616
21.318,-293.4428
21.32,-294.18716
21.322,-295.55377
21.324,-297.74774
21.326,-300.32007
21.328,-302.69257
21.33,-303.64288
21.332,-303.14706
21.334,-300.8284
21.336,-296.68875
21.338,-290.69632
21.34,-284.4493
21.342,-279.14072
21.344,-275.67538
21.346,-273.84647
21.348,-274.0002
21.35,-275.5226
21.352,-277.67664
21.354,-279.39288
21.356,-281.20538
21.358,-283.378
21.36,-286.18207
21.362,-289.1066
21.364,-292.49496
21.366,-295.8722
21.368,-298.69
21.37,-300.09958
21.372,-300.7111
21.374,-300.91827
21.376,-301.19162
21.378,-301.51257
21.38,-302.39166
21.382,-303.57974
21.384,-304.69385
21.386,-305.29703
21.388,-305.7176
21.39,-305.99756
21.392,-306.1948
21.394,-306.2309
21.396,-306.29794
21.398,-306.05447
21.4,-305.19415
21.402,-303.24457
21.404,-301.27634
21.406,-300.06323
21.408,-300.19098
21.41,-300.8149
21.412,-302.44662
21.414,-304.59216
21.416,-306.6951
21.418,-307.53687
21.42,-307.8838
21.422,-308.03482
21.424,-308.19608
21.426,-307.67404
21.428,-306.91092
21.43,-305.84586
21.432,-304.69385
21.434,-303.4269
21.436,-303.28537
21.438,-304.48016
21.44,-306.1948
21.442,-305.93744
21.444,-301.7156
21.446,-291.20087
21.448,-273.17377
21.45,-247.51924
21.452,-216.74167
21.454,-183.32065
21.456,-149.09485
21.458,-113.99575
21.46,-77.89974
21.462,-39.92101
21.464,-0.5003183
21.466,37.753025
21.468,67.930626
21.47,81.52471
21.472,70.04456
21.474,28.194016
21.476,-45.54259
21.478,-146.05714
21.48,-262.66708
21.482,-380.6644
21.484,-486.00433
21.486,-566.6427
21.488,-615.3915
21.49,-630.4592
21.492,-616.7026
21.494,-582.27386
21.496,-536.8415
21.498,-488.82907
21.5,-445.4414
21.502,-410.2116
21.504,-383.7441
21.506,-364.12506
21.508,-349.74768
21.51,-338.5721
21.512,-329.20944
21.514,-320.53342
21.516,-313.11176
21.518,-307.14194
21.52,-302.69257
21.522,-299.11603
21.524,-296.76083
21.526,-295.37067
21.528,-294.68747
21.53,-294.01047
21.532,-293.73236
21.534,-293.70322
21.536,-293.68683
21.538,-293.01007
21.54,-291.905
21.542,-290.4131
21.544,-288.68365
21.546,-286.60583
21.548,-284.63864
21.55,-283.10226
21.552,-282.1795
21.554,-281.5629
21.556,-281.1857
21.558,-280.92752
21.56,-280.67856
21.562,-279.89
21.564,-279.07394
21.566,-278.3092
21.568,-277.67664
21.57,-276.57098
21.572,-275.93997
21.574,-275.5783
21.576,-275.17505
21.578,-273.93152
21.58,-272.7592
21.582,-271.8023
21.584,-271.17252
21.586,-270.40747
21.588,-270.1752
21.59,-270.34952
21.592,-270.67218
21.594,-270.39133
21.596,-269.9685
21.598,-269.38556
21.6,-268.67093
21.602,-267.4289
21.604,-266.31702
21.606,-265.40445
21.608,-264.66837
21.61,-263.5853
21.612,-262.66776
21.614,-261.8879
21.616,-261.16614
21.618,-259.94156
21.62,-258.706
21.622,-257.44623
21.624,-256.16296
21.626,-254.46127
21.628,-253.00471
21.63,-251.90773
21.632,-251.15977
21.634,-250.18764
21.636,-249.36487
21.638,-248.55348
21.64,-247.65755
21.642,-246.2476
21.644,-245.00768
21.646,-244.12329
21.648,-243.655
21.65,-243.07375
21.652,-242.73482
21.654,-242.46684
21.656,-242.15405
21.658,-241.38644
21.66,-240.90988
21.662,-240.97864
21.664,-241.65373
21.666,-242.26236
21.668,-242.8882
21.67,-243.00221
21.672,-242.15405
21.674,-239.74913
21.676,-236.6431
21.678,-233.52483
21.68,-231.14705
21.682,-229.60039
21.684,-229.62732
21.686,-231.01314
21.688,-233.14832
21.69,-234.79211
21.692,-235.84486
21.694,-235.97726
21.696,-235.1496
21.698,-233.09895
21.7,-230.81909
21.702,-228.85687
21.704,-227.64482
21.706,-226.91498
21.708,-227.24742
21.71,-228.46927
21.712,-230.14641
21.714,-231.18695
21.716,-231.64183
21.718,-231.27873
21.72,-230.14641
21.722,-228.07372
21.724,-226.21587
21.726,-225.25824
21.728,-225.64354
21.73,-226.89249
21.732,-229.25745
21.734,-232.22215
21.736,-235.1496
21.738,-236.9739
21.74,-238.05939
21.742,-238.63458
21.744,-239.15215
21.746,-239.56638
21.748,-240.82991
21.75,-243.10486
21.752,-246.1566
21.754,-248.90051
21.756,-251.31989
21.758,-253.08078
21.76,-254.16168
21.762,-254.35416
21.764,-254.83394
21.766,-256.30652
21.768,-259.16486
21.77,-262.78705
21.772,-267.2384
21.774,-271.89496
21.776,-276.1757
21.778,-279.24326
21.78,-281.79147
21.782,-284.2951
21.784,-287.1827
21.786,-290.0517
21.788,-293.25284
21.79,-296.42776
21.792,-299.19034
21.794,-300.8378
21.796,-302.13278
21.798,-303.60077
21.8,-305.69446
21.802,-308.00073
21.804,-310.81876
21.806,-313.7087
21.808,-316.20114
21.81,-317.53317
21.812,-318.41785
21.814,-319.34177
21.816,-320.704
21.818,-322.01755
21.82,-323.54794
21.822,-324.88715
21.824,-325.7072
21.826,-325.47327
21.828,-325.17398
21.83,-325.46024
21.832,-326.70782
21.834,-328.18927
21.836,-329.78244
21.838,-330.6565
21.84,-330.21005
21.842,-327.90872
21.844,-325.1056
21.846,-323.03345
21.848,-322.7053
21.85,-323.85132
21.852,-326.49936
21.854,-329.5311
21.856,-331.71103
21.858,-331.7008
21.86,-330.18582
21.862,-328.00638
21.864,-326.20752
21.866,-324.93488
21.868,-324.93732
21.87,-325.7833
21.872,-326.70782
21.874,-326.48337
21.876,-325.6106
21.878,-324.49063
21.88,-323.70593
21.882,-323.09372
21.884,-323.40445
21.886,-324.4225
21.888,-325.7072
21.89,-326.2771
21.892,-326.69354
21.894,-327.12256
21.896,-327.70847
21.898,-327.7971
21.9,-327.82672
21.902,-327.52448
21.904,-326.70782
21.906,-324.8939
21.908,-323.27203
21.91,-322.55203
21.912,-323.2056
21.914,-324.60245
21.916,-326.9207
21.918,-329.38657
21.92,-331.2107
21.922,-331.34424
21.924,-330.6197
21.926,-329.67288
21.928,-329.20944
21.93,-329.06943
21.932,-329.96268
21.934,-331.54636
21.936,-333.21198
21.938,-333.7924
21.94,-333.79242
21.942,-333.45645
21.944,-333.21198
21.946,-332.8371
21.948,-333.21753
21.95,-334.29678
21.952,-335.71356
21.954,-336.38602
21.956,-336.68002
21.958,-336.56946
21.96,-336.2139
21.962,-335.27493
21.964,-334.7456
21.966,-334.88257
21.968,-335.71356
21.97,-336.44806
21.972,-337.51846
21.974,-338.69153
21.976,-339.71613
21.978,-339.79282
21.98,-339.5949
21.982,-339.3169
21.984,-339.2158
21.986,-338.9381
21.988,-339.3661
21.99,-340.54816
21.992,-342.2177
21.994,-343.25803
21.996,-343.83264
21.998,-343.65265
22.0,-342.71802
22.002,-340.76584
22.004,-339.12683
22.006,-338.49292
22.008,-339.2158
22.01,-340.5445
22.012,-342.62256
22.014,-344.7396
22.016,-346.22025
22.018,-346.0971
22.02,-345.1991
22.022,-344.0556
22.024,-343.21835
22.026,-342.40027
22.028,-342.30795
22.03,-342.71072
22.032,-343.21835
22.034,-342.92514
22.036,-342.53662
22.038,-342.36044
22.04,-342.71802
22.042,-343.12955
22.044,-344.1836
22.046,-345.54938
22.048,-346.72058
22.05,-346.6326
22.052,-345.84494
22.054,-344.58066
22.056,-343.21835
22.058,-341.5249
22.06,-340.4922
22.062,-340.25818
22.064,-340.71674
22.066,-341.00516
22.068,-341.60623
22.07,-342.3922
22.072,-343.21835
22.074,-343.3254
22.076,-343.29022
22.078,-343.08456
22.08,-342.71802
22.082,-341.71274
22.084,-340.97928
22.086,-340.7836
22.088,-341.21707
22.09,-341.56433
22.092,-342.22632
22.094,-342.88235
22.096,-343.21835
22.098,-342.4765
22.1,-341.451
22.102,-340.44043
22.104,-339.71613
22.106,-338.8238
22.108,-338.52567
22.11,-338.8406
22.112,-339.71613
22.114,-340.48856
22.116,-341.87546
22.118,-343.86768
22.12,-346.22025
22.122,-347.83017
22.124,-348.83975
22.126,-348.84448
22.128,-347.7212
22.13,-345.16046
22.132,-342.59912
22.134,-340.9267
22.136,-340.71674
22.138,-341.3451
22.14,-342.90488
22.142,-344.39862
22.144,-344.7193
22.146,-342.4718
22.148,-338.25992
22.15,-332.68527
22.152,-326.70782
22.154,-320.68982
22.156,-316.09027
22.158,-313.28635
22.16,-312.1986
22.162,-311.85446
22.164,-312.58124
22.166,-314.11096
22.168,-316.20114
22.17,-318.01083
22.172,-320.07864
22.174,-322.32895
22.176,-324.70657
22.178,-326.61255
22.18,-328.86337
22.182,-331.58905
22.184,-334.71292
22.186,-337.3577
22.188,-339.73764
22.19,-341.44135
22.192,-342.2177
22.194,-341.7595
22.196,-340.9478
22.198,-340.1825
22.2,-339.71613
22.202,-339.36026
22.204,-339.35074
22.206,-339.2587
22.208,-338.71548
22.21,-337.4638
22.212,-336.31763
22.214,-335.76654
22.216,-336.2139
22.218,-337.0877
22.22,-339.12918
22.222,-342.0605
22.224,-345.2196
22.226,-346.70312
22.228,-346.7756
22.23,-345.41757
22.232,-343.21835
22.234,-340.4214
22.236,-338.9942
22.238,-339.68695
22.24,-342.2177
22.242,-344.6171
22.244,-345.8799
22.246,-344.87714
22.248,-341.71738
22.25,-337.28848
22.252,-334.42746
22.254,-334.61407
22.256,-337.2145
22.258,-338.484
22.26,-334.3374
22.262,-320.40134
22.264,-294.68747
22.266,-258.18475
22.268,-216.22807
22.27,-174.5116
22.272,-137.0872
22.274,-104.135826
22.276,-74.1235
22.278,-44.11429
22.28,-13.508594
22.282,14.135464
22.284,29.128798
22.286,20.140322
22.288,-22.014004
22.29,-99.53014
22.292,-207.14005
22.294,-330.98175
22.296,-452.78806
22.298,-554.40027
22.3,-624.1567
22.302,-657.50336
22.304,-657.4182
22.306,-631.5909
22.308,-591.0435
22.31,-545.3201
22.312,-501.3189
22.314,-462.32877
22.316,-430.37323
22.318,-405.211
22.32,-385.7454
22.322,-370.0795
22.324,-357.6562
22.326,-347.56595
22.328,-339.2158
22.33,-331.80945
22.332,-326.05008
22.334,-322.05133
22.336,-319.70337
22.338,-318.06522
22.34,-317.20682
22.342,-316.56042
22.344,-315.70084
22.346,-313.97446
22.348,-312.14105
22.35,-310.49866
22.352,-309.1967
22.354,-307.74222
22.356,-306.32474
22.358,-304.81723
22.36,-303.19287
22.362,-301.22992
22.364,-299.43317
22.366,-298.1866
22.368,-297.6894
22.37,-297.48276
22.372,-297.4843
22.374,-297.4326
22.376,-297.18906
22.378,-296.20898
22.38,-295.46936
22.382,-295.142
22.384,-295.18777
22.386,-294.64673
22.388,-294.1646
22.39,-293.2763
22.392,-291.68555
22.394,-288.95483
22.396,-286.5421
22.398,-285.1631
22.4,-285.18143
22.402,-285.86502
22.404,-287.2062
22.406,-288.25375
22.408,-288.18332
22.41,-286.21402
22.412,-283.4338
22.414,-280.78558
22.416,-279.1776
22.418,-278.5635
22.42,-279.3449
22.422,-280.73846
22.424,-281.6792
22.426,-280.83612
22.428,-278.59048
22.43,-275.41357
22.432,-272.17316
22.434,-269.2899
22.436,-267.91763
22.438,-268.06982
22.44,-269.17123
22.442,-269.87766
22.444,-270.01474
22.446,-269.23944
22.448,-267.6703
22.45,-265.35306
22.452,-263.54834
22.454,-262.79523
22.456,-263.16742
22.458,-263.76807
22.46,-264.4338
22.462,-264.4084
22.464,-263.16742
22.466,-260.19794
22.468,-256.6035
22.47,-253.29538
22.472,-251.15977
22.474,-250.26396
22.476,-251.20265
22.478,-253.47162
22.48,-256.16296
22.482,-257.85004
22.484,-258.4789
22.486,-257.9645
22.488,-256.66327
22.49,-254.71227
22.492,-253.31383
22.494,-252.83572
22.496,-253.16106
22.498,-253.27734
22.5,-253.0902
22.502,-252.10707
22.504,-250.15913
22.506,-247.01204
22.508,-243.89307
22.51,-241.59445
22.512,-240.65309
22.514,-240.6351
22.516,-241.7434
22.518,-243.33035
22.52,-244.65564
22.522,-244.66911
22.524,-243.87672
22.526,-242.67648
22.528,-241.65373
22.53,-240.79367
22.532,-240.97797
22.534,-242.21101
22.536,-244.15532
22.538,-245.76364
22.54,-247.21138
22.542,-248.34082
22.544,-249.15851
22.546,-249.22249
22.548,-249.30223
22.55,-249.59323
22.552,-250.15913
22.554,-250.40123
22.556,-250.86525
22.558,-251.60611
22.56,-252.66074
22.562,-253.4717
22.564,-254.64368
22.566,-256.223
22.568,-258.16425
22.57,-259.78677
22.572,-261.58176
22.574,-263.5446
22.576,-265.669
22.578,-267.3957
22.58,-269.38324
22.582,-271.78488
22.584,-274.67474
22.586,-277.45343
22.588,-280.61316
22.59,-284.0727
22.592,-287.683
22.594,-290.72137
22.596,-293.68735
22.598,-296.65396
22.6,-299.69064
22.602,-302.26205
22.604,-304.94977
22.606,-307.78073
22.608,-310.69766
22.61,-313.03976
22.612,-315.3052
22.614,-317.52374
22.616,-319.70337
22.618,-321.2685
22.62,-322.80945
22.622,-324.4311
22.624,-326.20752
22.626,-327.60886
22.628,-329.24536
22.63,-331.14948
22.632,-333.21198
22.634,-334.6306
22.636,-335.74792
22.638,-336.4507
22.64,-336.7142
22.642,-336.07132
22.644,-335.37616
22.646,-335.007
22.648,-335.21326
22.65,-335.4609
22.652,-336.19632
22.654,-337.20676
22.656,-338.21515
22.658,-338.43738
22.66,-338.4587
22.662,-338.48093
22.664,-338.71548
22.666,-338.6986
22.668,-339.03497
22.67,-339.62314
22.672,-340.21643
22.674,-339.95383
22.676,-339.31485
22.678,-338.35626
22.68,-337.2145
22.682,-335.47113
22.684,-333.99265
22.686,-333.02637
22.688,-332.71167
22.69,-332.4901
22.692,-332.99326
22.694,-334.14572
22.696,-335.71356
22.698,-336.7571
22.7,-337.66238
22.702,-338.31122
22.704,-338.71548
22.706,-338.4356
22.708,-338.4387
22.71,-339.01663
22.712,-340.21643
22.714,-341.18335
22.716,-342.193
22.718,-342.82178
22.72,-342.71802
22.722,-341.15988
22.724,-339.10034
22.726,-337.09595
22.728,-335.71356
22.73,-334.73022
22.732,-334.93912
22.734,-336.12137
22.736,-337.71484
22.738,-338.43384
22.74,-338.48962
22.742,-337.81488
22.744,-336.7142
22.746,-335.16653
22.748,-334.53073
22.75,-335.25067
22.752,-337.2145
22.754,-339.15134
22.756,-340.8333
22.758,-341.4771
22.76,-340.71674
22.762,-338.2154
22.764,-335.53607
22.766,-333.78543
22.768,-333.71228
22.77,-334.75665
22.772,-336.96527
22.774,-339.30093
22.776,-340.71674
22.778,-340.04016
22.78,-338.18835
22.782,-336.06058
22.784,-334.71292
22.786,-334.2855
22.788,-335.61743
22.79,-338.23895
22.792,-341.21707
22.794,-342.9887
22.796,-343.68677
22.798,-343.31088
22.8,-342.2177
22.802,-340.30276
22.804,-338.65842
22.806,-337.48663
22.808,-336.7142
22.81,-335.59326
22.812,-334.6861
22.814,-334.03812
22.816,-333.71228
22.818,-333.1646
22.82,-333.04007
22.822,-333.27136
22.824,-333.71228
22.826,-333.66318
22.828,-333.7806
22.83,-334.13358
22.832,-334.71292
22.834,-334.8272
22.836,-335.04617
22.838,-335.33466
22.84,-335.71356
22.842,-335.7065
22.844,-336.22244
22.846,-337.4336
22.848,-339.2158
22.85,-340.5291
22.852,-341.44656
22.854,-341.43973
22.856,-340.21643
22.858,-337.31683
22.86,-334.04193
22.862,-331.27045
22.864,-329.70975
22.866,-329.01758
22.868,-329.58087
22.87,-330.65277
22.872,-331.2107
22.874,-329.75507
22.876,-326.553
22.878,-321.81442
22.88,-316.20114
22.882,-310.02017
22.884,-304.85397
22.886,-301.35104
22.888,-299.69064
22.89,-299.0502
22.892,-299.65176
22.894,-301.0134
22.896,-302.69257
22.898,-303.83316
22.9,-305.0867
22.902,-306.64145
22.904,-308.69638
22.906,-310.7925
22.908,-313.61566
22.91,-317.03638
22.912,-320.704
22.914,-323.5853
22.916,-325.93137
22.918,-327.50116
22.92,-328.2088
22.922,-327.70145
22.924,-326.83624
22.926,-325.92477
22.928,-325.20688
22.93,-324.5657
22.932,-324.49893
22.934,-324.8159
22.936,-325.20688
22.938,-325.23407
22.94,-325.15277
22.942,-324.8255
22.944,-324.20624
22.946,-322.9762
22.948,-322.00415
22.95,-321.56668
22.952,-321.70465
22.954,-321.24664
22.956,-320.85626
22.958,-320.50247
22.96,-320.2037
22.962,-319.04233
22.964,-318.01956
22.966,-317.37643
22.968,-317.20178
22.97,-316.6835
22.972,-316.38974
22.974,-316.2496
22.976,-316.20114
22.978,-315.61987
22.98,-315.22086
22.982,-315.1057
22.984,-315.20053
22.986,-314.5793
22.988,-313.13437
22.99,-309.703
22.992,-302.69257
22.994,-289.85245
22.996,-270.50143
22.998,-244.20718
23.0,-211.63463
23.002,-173.97832
23.004,-134.30414
23.006,-95.126335
23.008,-58.53724
23.01,-25.757978
23.012,0.5253553
23.014,17.158863
23.016,19.512413
23.018,2.4229438
23.02,-40.002186
23.022,-110.31236
23.024,-206.13113
23.026,-318.708
23.028,-435.54523
23.03,-541.3622
23.032,-622.39594
23.034,-669.37396
23.036,-681.14703
23.038,-662.6775
23.04,-623.3966
23.042,-573.55585
23.044,-522.98566
23.046,-477.6124
23.048,-439.7798
23.05,-408.73572
23.052,-383.71265
23.054,-363.34583
23.056,-346.72058
23.058,-332.83054
23.06,-321.89923
23.062,-313.41824
23.064,-306.6951
23.066,-300.6051
23.068,-295.44183
23.07,-291.24902
23.072,-288.18332
23.074,-285.8147
23.076,-284.55063
23.078,-284.00378
23.08,-283.68048
23.082,-282.8039
23.084,-281.78665
23.086,-280.84293
23.088,-280.17825
23.09,-279.4896
23.092,-278.8809
23.094,-278.16446
23.096,-277.17633
23.098,-275.60663
23.1,-273.81134
23.102,-272.21362
23.104,-271.17252
23.106,-270.37497
23.108,-270.0824
23.11,-269.96588
23.112,-269.67154
23.114,-268.35587
23.116,-267.01804
23.118,-265.76013
23.12,-264.66837
23.122,-263.18674
23.124,-262.3245
23.126,-261.92337
23.128,-261.66647
23.13,-260.76617
23.132,-259.86505
23.134,-258.98825
23.136,-258.16425
23.138,-256.94174
23.14,-255.9217
23.142,-255.03824
23.144,-254.16168
23.146,-252.75975
23.148,-251.41122
23.15,-250.20026
23.152,-249.15851
23.154,-247.81372
23.156,-246.6127
23.158,-245.43816
23.16,-244.15532
23.162,-242.28763
23.164,-240.45665
23.166,-238.85738
23.168,-237.65118
23.17,-236.50041
23.172,-235.89589
23.174,-235.69633
23.176,-235.64992
23.178,-235.09988
23.18,-234.45692
23.182,-233.76785
23.184,-233.14832
23.186,-232.31885
23.188,-231.90678
23.19,-231.91483
23.192,-232.14769
23.194,-231.854
23.196,-231.22011
23.198,-230.01762
23.2,-228.14514
23.202,-225.27255
23.204,-222.21094
23.206,-219.38036
23.208,-217.13814
23.21,-215.2727
23.212,-214.34174
23.214,-214.22714
23.216,-214.63654
23.218,-214.79071
23.22,-214.95956
23.222,-215.06746
23.224,-215.13686
23.226,-214.80994
23.228,-214.70415
23.23,-214.86066
23.232,-215.13686
23.234,-214.80061
23.236,-214.0893
23.238,-212.86296
23.24,-211.13431
23.242,-208.65332
23.244,-206.34953
23.246,-204.72519
23.248,-204.12985
23.25,-204.18332
23.252,-205.255
23.254,-207.04462
23.256,-209.13304
23.258,-210.65492
23.26,-211.94237
23.262,-213.05365
23.264,-214.13623
23.266,-214.83163
23.268,-215.75082
23.27,-216.90399
23.272,-218.13878
23.274,-218.72028
23.276,-219.02536
23.278,-219.10535
23.28,-219.1394
23.282,-218.90404
23.284,-219.24586
23.286,-220.46533
23.288,-222.64163
23.29,-225.10498
23.292,-228.05626
23.294,-231.17699
23.296,-234.14896
23.298,-236.23729
23.3,-237.94604
23.302,-239.49538
23.304,-241.15341
23.306,-242.63832
23.308,-244.60583
23.31,-247.1375
23.312,-250.15913
23.314,-252.98856
23.316,-255.97778
23.318,-259.06165
23.32,-262.16678
23.322,-264.70984
23.324,-267.12512
23.326,-269.4341
23.328,-271.67282
23.33,-273.41614
23.332,-275.34387
23.334,-277.71854
23.336,-280.67856
23.338,-283.6571
23.34,-286.92548
23.342,-290.20575
23.344,-293.18652
23.346,-295.12708
23.348,-296.46823
23.35,-297.3023
23.352,-297.6894
23.354,-297.11902
23.356,-296.13608
23.358,-294.9967
23.36,-294.18716
23.362,-293.8943
23.364,-295.33365
23.366,-298.889
23.368,-304.1935
23.37,-309.56918
23.372,-313.95294
23.374,-316.0116
23.376,-315.20053
23.378,-311.58096
23.38,-307.23517
23.382,-304.0314
23.384,-303.19287
23.386,-304.1927
23.388,-306.37454
23.39,-308.01193
23.392,-307.69574
23.394,-304.61093
23.396,-300.38342
23.398,-296.9792
23.4,-296.18842
23.402,-298.18094
23.404,-302.7823
23.406,-308.16302
23.408,-312.1986
23.41,-312.93713
23.412,-310.9189
23.414,-307.4081
23.416,-304.1935
23.418,-302.1587
23.42,-302.34415
23.422,-304.13342
23.424,-306.1948
23.426,-306.67563
23.428,-305.59143
23.43,-303.28336
23.432,-300.69128
23.434,-298.29688
23.436,-297.4249
23.438,-298.20898
23.44,-300.19098
23.442,-302.0856
23.444,-303.88385
23.446,-305.2803
23.448,-306.1948
23.45,-306.11197
23.452,-305.76678
23.454,-305.2766
23.456,-304.69385
23.458,-303.5095
23.46,-302.50897
23.462,-301.882
23.464,-301.69193
23.466,-301.2961
23.468,-301.15616
23.47,-301.1454
23.472,-301.19162
23.474,-300.8017
23.476,-300.84796
23.478,-301.61945
23.48,-303.19287
23.482,-304.78998
23.484,-306.57785
23.486,-308.03674
23.488,-308.69638
23.49,-307.7898
23.492,-306.17007
23.494,-304.4178
23.496,-303.19287
23.498,-302.44858
23.5,-303.0711
23.502,-304.97617
23.504,-307.69574
23.506,-309.99396
23.508,-311.88724
23.51,-313.00085
23.512,-313.19925
23.514,-312.0516
23.516,-310.57346
23.518,-309.3048
23.52,-308.69638
23.522,-308.4551
23.524,-309.2251
23.526,-310.79916
23.528,-312.6989
23.53,-313.79944
23.532,-314.20178
23.534,-313.65784
23.536,-312.1986
23.538,-309.63312
23.54,-307.18707
23.542,-305.55267
23.544,-305.19415
23.546,-305.65683
23.548,-307.28848
23.55,-309.54373
23.552,-311.6983
23.554,-312.55203
23.556,-312.43057
23.558,-311.49017
23.56,-310.19733
23.562,-308.61334
23.564,-307.98187
23.566,-308.6957
23.568,-310.69766
23.57,-312.9438
23.572,-315.36823
23.574,-317.2922
23.576,-318.20242
23.578,-317.37918
23.58,-315.74933
23.582,-313.96402
23.584,-312.6989
23.586,-311.8401
23.588,-312.10864
23.59,-313.15726
23.592,-314.1999
23.594,-313.69586
23.596,-311.5305
23.598,-307.43643
23.6,-301.69193
23.602,-294.5347
23.604,-287.7929
23.606,-282.71637
23.608,-280.17825
23.61,-279.89236
23.612,-282.1892
23.614,-286.3037
23.616,-291.18524
23.618,-295.2669
23.62,-298.56314
23.622,-300.95514
23.624,-302.69257
23.626,-303.6756
23.628,-305.02585
23.63,-307.05777
23.632,-309.69702
23.634,-311.99692
23.636,-314.02942
23.638,-315.34348
23.64,-315.70084
23.642,-314.80325
23.644,-313.54556
23.646,-312.39117
23.648,-311.6983
23.65,-311.43008
23.652,-311.91995
23.654,-312.81787
23.656,-313.69955
23.658,-314.18832
23.66,-314.6237
23.662,-315.0796
23.664,-315.70084
23.666,-316.15897
23.668,-317.26538
23.67,-319.05997
23.672,-321.20435
23.674,-322.0533
23.676,-321.91937
23.678,-320.69565
23.68,-318.70276
23.682,-315.71356
23.684,-313.41504
23.686,-312.54633
23.688,-313.19925
23.69,-314.07532
23.692,-314.85333
23.694,-314.77914
23.696,-313.69955
23.698,-311.6332
23.7,-310.25873
23.702,-310.37744
23.704,-311.6983
23.706,-311.99637
23.708,-309.22122
23.71,-300.68155
23.712,-284.6811
23.714,-260.72964
23.716,-231.18163
23.718,-198.60997
23.72,-165.10503
23.722,-130.85812
23.724,-95.84262
23.726,-59.02436
23.728,-20.51305
23.73,17.43058
23.732,48.145145
23.734,63.11426
23.736,53.534058
23.738,13.525388
23.74,-59.12147
23.742,-159.94016
23.744,-278.67728
23.746,-400.73453
23.748,-511.76474
23.75,-599.0383
23.752,-654.4163
23.754,-675.08124
23.756,-664.97076
23.758,-631.5876
23.76,-584.37177
23.762,-532.00323
23.764,-482.32065
23.766,-439.72885
23.768,-405.75812
23.77,-379.30682
23.772,-359.27255
23.774,-343.76443
23.776,-331.2107
23.778,-320.1184
23.78,-310.58334
23.782,-302.45157
23.784,-295.6881
23.786,-289.84143
23.788,-285.57755
23.79,-282.9233
23.792,-281.6792
23.794,-280.92258
23.796,-280.56888
23.798,-279.9774
23.8,-278.67728
23.802,-276.20685
23.804,-273.35013
23.806,-270.80676
23.808,-269.17123
23.81,-268.3416
23.812,-268.2938
23.814,-268.57324
23.816,-268.67093
23.818,-268.00204
23.82,-266.69104
23.822,-265.1148
23.824,-263.66772
23.826,-262.05264
23.828,-260.6667
23.83,-259.2562
23.832,-257.6639
23.834,-255.39684
23.836,-253.89038
23.838,-253.4877
23.84,-254.16168
23.842,-254.86317
23.844,-255.71371
23.846,-255.7379
23.848,-254.16168
23.85,-250.37007
23.852,-245.72862
23.854,-241.4309
23.856,-238.65182
23.858,-237.64348
23.86,-238.93929
23.862,-241.71559
23.864,-244.65564
23.866,-246.0705
23.868,-245.76587
23.87,-243.75195
23.872,-240.65309
23.874,-237.01706
23.876,-234.29391
23.878,-233.024
23.88,-233.14832
23.882,-233.70636
23.884,-234.45187
23.886,-234.72069
23.888,-234.14896
23.89,-232.41542
23.892,-230.47337
23.894,-228.91655
23.896,-228.14514
23.898,-227.801
23.9,-228.06178
23.902,-228.37392
23.904,-228.14514
23.906,-226.62039
23.908,-224.33626
23.91,-221.67937
23.912,-219.1394
23.914,-216.70769
23.916,-215.05795
23.918,-214.12514
23.92,-213.63591
23.922,-212.88222
23.924,-212.20132
23.926,-211.60417
23.928,-211.13431
23.93,-210.37508
23.932,-209.72968
23.934,-209.0439
23.936,-208.1324
23.938,-206.52058
23.94,-204.83646
23.942,-203.42606
23.944,-202.6289
23.946,-202.21275
23.948,-202.62978
23.95,-203.60168
23.952,-204.63017
23.954,-204.75311
23.956,-204.11322
23.958,-202.66895
23.96,-200.62762
23.962,-197.95166
23.964,-195.62639
23.966,-194.11043
23.968,-193.62317
23.97,-193.65732
23.972,-194.46881
23.974,-195.74117
23.976,-197.1254
23.978,-197.90778
23.98,-198.53853
23.982,-199.19704
23.984,-200.12732
23.986,-201.07365
23.988,-202.6688
23.99,-204.92372
23.992,-207.63208
23.994,-209.95912
23.996,-212.04068
23.998,-213.64333
24.0,-214.63654
24.002,-214.54843
24.004,-214.0511
24.006,-213.47571
24.008,-213.13559
24.01,-212.79654
24.012,-213.11786
24.014,-214.23134
24.016,-216.1375
24.018,-218.25063
24.02,-220.90338
24.022,-223.94557
24.024,-227.1445
24.026,-229.73625
24.028,-232.00789
24.03,-233.94333
24.032,-235.64992
24.034,-236.86667
24.036,-238.40564
24.038,-240.61728
24.04,-243.655
24.042,-246.92587
24.044,-250.59958
24.046,-254.30684
24.048,-257.6639
24.05,-259.93198
24.052,-261.57803
24.054,-262.8741
24.056,-264.16806
24.058,-265.27026
24.06,-266.85477
24.062,-269.01724
24.064,-271.67282
24.066,-274.1246
24.068,-276.6737
24.07,-279.22748
24.072,-281.6792
24.074,-283.3914
24.076,-284.7011
24.078,-285.50067
24.08,-285.68173
24.082,-284.71616
24.084,-283.2737
24.086,-281.7641
24.088,-280.67856
24.09,-279.98062
24.092,-280.52426
24.094,-282.47992
24.096,-285.68173
24.098,-289.15146
24.1,-292.77682
24.102,-295.96378
24.104,-298.1897
24.106,-298.6175
24.108,-297.7924
24.11,-296.1161
24.112,-294.18716
24.114,-292.1265
24.116,-290.999
24.118,-291.07605
24.12,-292.18588
24.122,-293.27087
24.124,-294.25323
24.126,-294.73862
24.128,-294.68747
24.13,-293.94357
24.132,-293.7464
24.134,-294.76004
24.136,-297.18906
24.138,-300.07175
24.14,-303.07858
24.142,-305.2034
24.144,-305.69446
24.146,-303.87387
24.148,-300.94125
24.15,-298.02246
24.152,-296.18842
24.154,-295.46426
24.156,-296.35992
24.158,-298.24042
24.16,-300.19098
24.162,-300.9325
24.164,-300.87195
24.166,-300.40607
24.168,-300.19098
24.17,-300.25348
24.172,-301.44452
24.174,-303.6084
24.176,-306.1948
24.178,-307.9829
24.18,-309.10434
24.182,-309.45615
24.184,-309.1967
24.186,-308.07736
24.188,-307.05945
24.19,-306.41183
24.192,-306.1948
24.194,-305.76236
24.196,-305.63715
24.198,-305.79327
24.2,-306.1948
24.202,-306.23898
24.204,-306.5203
24.206,-307.0346
24.208,-307.69574
24.21,-307.82422
24.212,-307.98434
24.214,-308.24347
24.216,-308.69638
24.218,-308.8899
24.22,-309.5508
24.222,-310.71613
24.224,-312.1986
24.226,-313.05032
24.228,-313.49097
24.23,-313.2388
24.232,-312.1986
24.234,-309.993
24.236,-307.75488
24.238,-306.15527
24.24,-305.69446
24.242,-305.9573
24.244,-307.33484
24.246,-309.31088
24.248,-311.19797
24.25,-311.87152
24.252,-311.69742
24.254,-310.83987
24.256,-309.69702
24.258,-308.21982
24.26,-307.44455
24.262,-307.619
24.264,-308.69638
24.266,-309.88205
24.268,-311.4693
24.27,-313.1685
24.272,-314.7002
24.274,-315.3028
24.276,-315.5317
24.278,-315.46204
24.28,-315.20053
24.282,-314.3176
24.284,-313.60593
24.286,-313.22525
24.288,-313.19925
24.29,-312.87122
24.292,-312.77826
24.294,-312.8893
24.296,-313.19925
24.298,-313.1994
24.3,-313.68607
24.302,-314.84625
24.304,-316.70148
24.306,-318.48724
24.308,-320.48642
24.31,-322.24026
24.312,-323.2056
24.314,-322.3476
24.316,-320.10205
24.318,-316.60092
24.32,-312.1986
24.322,-306.82843
24.324,-301.68436
24.326,-297.24124
24.328,-293.68683
24.33,-290.38037
24.332,-287.761
24.334,-285.6976
24.336,-284.1808
24.338,-282.8483
24.34,-282.70776
24.342,-284.13312
24.344,-287.1827
24.346,-290.93457
24.348,-295.347
24.35,-299.65384
24.352,-303.19287
24.354,-305.09592
24.356,-306.1973
24.358,-307.0495
24.36,-308.19608
24.362,-309.39484
24.364,-311.2057
24.366,-313.29572
24.368,-315.20053
24.37,-316.21472
24.372,-316.7946
24.374,-317.0695
24.376,-317.20178
24.378,-317.067
24.38,-317.01663
24.382,-316.80142
24.384,-316.20114
24.386,-315.1103
24.388,-314.2215
24.39,-313.86148
24.392,-314.1999
24.394,-314.57593
24.396,-315.40417
24.398,-316.29416
24.4,-316.70148
24.402,-315.15488
24.404,-312.40994
24.406,-308.96985
24.408,-305.69446
24.41,-302.71094
24.412,-301.55655
24.414,-302.5434
24.416,-305.19415
24.418,-307.7551
24.42,-309.66034
24.422,-310.24365
24.424,-309.69702
24.426,-308.46854
24.428,-308.45676
24.43,-310.31726
24.432,-313.19925
24.434,-314.08136
24.436,-310.23785
24.438,-298.8108
24.44,-278.67728
24.442,-250.56265
24.444,-218.29332
24.446,-185.53864
24.448,-154.59834
24.45,-124.83784
24.452,-94.764534
24.454,-61.962708
24.456,-26.01655
24.458,10.129256
24.46,38.104954
24.462,47.600006
24.464,29.018461
24.466,-22.49072
24.468,-106.31009
24.47,-214.1234
24.472,-332.21133
24.474,-444.2624
24.476,-536.8006
24.478,-600.3549
24.48,-631.4017
24.482,-631.6118
24.484,-608.049
24.486,-569.2768
24.488,-523.83325
24.49,-478.2021
24.492,-437.67276
24.494,-404.4823
24.496,-378.74094
24.498,-358.68546
24.5,-343.1677
24.502,-330.6612
24.504,-320.2037
24.506,-310.98856
24.508,-303.79446
24.51,-298.88434
24.512,-296.18842
24.514,-294.689
24.516,-294.1916
24.518,-293.88745
24.52,-293.18652
24.522,-291.44147
24.524,-289.50937
24.526,-287.94186
24.528,-287.1827
24.53,-286.95688
24.532,-287.48294
24.534,-288.38754
24.536,-289.18396
24.538,-289.13248
24.54,-288.29782
24.542,-286.86914
24.544,-285.18143
24.546,-283.25818
24.548,-281.48892
24.55,-280.09485
24.552,-279.1776
24.554,-278.22488
24.556,-277.75345
24.558,-277.6335
24.56,-277.67664
24.562,-277.03754
24.564,-276.50485
24.566,-275.80554
24.568,-274.67474
24.57,-272.46936
24.572,-270.27777
24.574,-268.43396
24.576,-267.16995
24.578,-266.0488
24.58,-265.6284
24.582,-265.6298
24.584,-265.669
24.586,-264.99173
24.588,-264.13547
24.59,-263.27744
24.592,-262.66708
24.594,-262.0716
24.596,-262.14432
24.598,-262.7881
24.6,-263.66772
24.602,-263.8916
24.604,-263.60864
24.606,-262.56622
24.608,-260.66583
24.61,-257.57748
24.612,-254.1636
24.614,-250.8814
24.616,-248.15787
24.618,-245.86464
24.62,-244.66664
24.622,-244.4184
24.624,-244.65564
24.626,-244.30109
24.628,-243.32059
24.63,-241.41522
24.632,-238.65182
24.634,-235.06604
24.636,-231.97816
24.638,-230.18983
24.64,-230.14641
24.642,-231.31131
24.644,-233.63844
24.646,-236.23509
24.648,-238.1515
24.65,-238.27397
24.652,-237.01028
24.654,-234.75114
24.656,-232.14769
24.658,-229.4069
24.66,-227.5302
24.662,-226.6768
24.664,-226.64418
24.666,-226.56688
24.668,-226.59286
24.67,-226.48909
24.672,-226.14386
24.674,-225.10164
24.676,-223.99538
24.678,-222.97745
24.68,-222.14131
24.682,-221.06274
24.684,-220.34164
24.686,-220.0446
24.688,-220.14005
24.69,-220.02977
24.692,-220.12093
24.694,-220.33804
24.696,-220.64037
24.698,-220.58585
24.7,-220.86871
24.702,-221.69995
24.704,-223.14195
24.706,-224.56407
24.708,-226.25777
24.71,-228.00432
24.712,-229.64609
24.714,-230.68387
24.716,-231.81282
24.718,-233.27838
24.72,-235.1496
24.722,-236.73601
24.724,-238.24535
24.726,-239.41982
24.728,-240.15277
24.73,-240.08253
24.732,-240.17453
24.734,-240.9482
24.736,-242.65437
24.738,-244.5979
24.74,-246.79045
24.742,-248.63121
24.744,-249.65883
24.746,-249.30563
24.748,-248.56175
24.75,-248.26303
24.752,-249.15851
24.754,-251.04724
24.756,-254.23285
24.758,-258.0656
24.76,-261.66647
24.762,-263.79898
24.764,-264.80362
24.766,-265.14792
24.768,-265.669
24.77,-266.70682
24.772,-269.3233
24.774,-273.53052
24.776,-278.67728
24.778,-283.16312
24.78,-286.44516
24.782,-287.93552
24.784,-287.683
24.786,-285.87
24.788,-284.1883
24.79,-283.87405
24.792,-285.68173
24.794,-289.09073
24.796,-293.94156
24.798,-299.17413
24.8,-303.6932
24.802,-306.26263
24.804,-307.3315
24.806,-307.4075
24.808,-307.19543
24.81,-306.7324
24.812,-306.77682
24.814,-307.218
24.816,-307.69574
24.818,-307.35925
24.82,-306.73608
24.822,-306.18546
24.824,-306.1948
24.826,-306.6137
24.828,-308.10837
24.83,-310.47794
24.832,-313.19925
24.834,-315.1115
24.836,-316.3047
24.838,-316.6379
24.84,-316.20114
24.842,-314.7025
24.844,-313.0565
24.846,-311.636
24.848,-310.69766
24.85,-309.84094
24.852,-309.72928
24.854,-310.39557
24.856,-311.6983
24.858,-312.78665
24.86,-313.90976
24.862,-314.78625
24.864,-315.20053
24.866,-314.52472
24.868,-313.48187
24.87,-312.31613
24.872,-311.19797
24.874,-309.61285
24.876,-308.1559
24.878,-306.84064
24.88,-305.69446
24.882,-304.2591
24.884,-303.3902
24.886,-303.34525
24.888,-304.1935
24.89,-305.1859
24.892,-306.61182
24.894,-308.0758
24.896,-309.1967
24.898,-309.19592
24.9,-308.80206
24.902,-308.35394
24.904,-308.19608
24.906,-307.973
24.908,-308.35056
24.91,-309.19394
24.912,-310.19733
24.914,-310.47867
24.916,-310.55765
24.918,-310.55646
24.92,-310.69766
24.922,-310.62698
24.924,-311.1482
24.926,-312.25992
24.928,-313.69955
24.93,-314.47775
24.932,-314.8793
24.934,-314.76456
24.936,-314.1999
24.938,-312.9018
24.94,-311.9591
24.942,-311.82654
24.944,-312.6989
24.946,-313.86462
24.948,-315.58624
24.95,-317.36948
24.952,-318.70276
24.954,-318.68097
24.956,-317.98288
24.958,-316.9906
24.96,-316.20114
24.962,-315.46823
24.964,-315.69888
24.966,-316.89502
24.968,-318.70276
24.97,-319.96747
24.972,-320.7979
24.974,-320.89563
24.976,-320.2037
24.978,-318.352
24.98,-316.41812
24.982,-314.9197
24.984,-314.1999
24.986,-313.78787
24.988,-314.21768
24.99,-315.2851
24.992,-316.70148
24.994,-317.66275
24.996,-318.67313
24.998,-319.71255
25.0,-320.704
25.002,-320.9375
25.004,-320.8486
25.006,-320.29614
25.008,-319.20306
25.01,-317.11597
25.012,-315.0099
25.014,-313.394
25.016,-312.6989
25.018,-312.58252
25.02,-313.66104
25.022,-315.6871
25.024,-318.20242
25.026,-320.152
25.028,-321.88168
25.03,-323.36203
25.032,-324.70657
25.034,-325.51797
25.036,-326.61353
25.038,-328.06296
25.04,-329.70975
25.042,-330.6563
25.044,-331.2491
25.046,-331.30075
25.048,-330.7104
25.05,-328.92242
25.052,-326.75412
25.054,-324.458
25.056,-322.205
25.058,-319.47534
25.06,-316.93152
25.062,-314.54562
25.064,-312.1986
25.066,-309.17505
25.068,-306.12497
25.07,-303.21875
25.072,-300.69128
25.074,-298.22607
25.076,-296.70383
25.078,-296.24078
25.08,-296.68875
25.082,-297.11124
25.084,-297.8296
25.086,-298.68124
25.088,-299.69064
25.09,-300.49796
25.092,-302.09247
25.094,-304.70892
25.096,-308.19608
25.098,-311.42264
25.1,-314.28595
25.102,-316.15027
25.104,-316.70148
25.106,-315.59375
25.108,-314.19174
25.11,-313.4763
25.112,-314.1999
25.114,-316.1357
25.116,-319.35675
25.118,-322.80127
25.12,-325.20688
25.122,-325.40445
25.124,-323.657
25.126,-320.53122
25.128,-317.20178
25.13,-314.88696
25.132,-315.08698
25.134,-317.9758
25.136,-322.7053
25.138,-327.14847
25.14,-330.37296
25.142,-331.31573
25.144,-329.70975
25.146,-325.23294
25.148,-320.17368
25.15,-316.35886
25.152,-315.20053
25.154,-316.33893
25.156,-320.01004
25.158,-324.89062
25.16,-329.20944
25.162,-330.719
25.164,-329.39948
25.166,-325.74866
25.168,-321.20435
25.17,-316.99078
25.172,-315.22928
25.174,-316.3346
25.176,-319.20306
25.178,-320.87814
25.18,-319.1288
25.182,-311.60498
25.184,-297.18906
25.186,-275.71777
25.188,-249.4504
25.19,-220.32938
25.192,-189.62064
25.194,-156.93365
25.196,-122.37376
25.198,-85.76751
25.2,-48.530872
25.202,-14.064
25.204,10.419026
25.206,16.973898
25.208,-1.5009549
25.21,-48.35486
25.212,-123.221115
25.214,-219.66231
25.216,-326.70782
25.218,-430.5663
25.22,-519.2606
25.222,-583.39557
25.224,-618.3934
25.226,-624.3596
25.228,-607.04895
25.23,-574.2622
25.232,-534.3399
25.234,-493.81586
25.236,-458.02097
25.238,-428.95187
25.24,-406.25845
25.242,-387.67947
25.244,-371.92886
25.246,-357.7198
25.248,-344.7193
25.25,-332.92004
25.252,-323.8844
25.254,-318.3271
25.256,-316.20114
25.258,-316.0931
25.26,-317.20605
25.262,-318.09058
25.264,-317.70212
25.266,-315.24084
25.268,-311.8183
25.27,-308.46805
25.272,-306.1948
25.274,-305.13065
25.276,-305.70468
25.278,-307.36633
25.28,-309.1967
25.282,-309.92258
25.284,-309.27893
25.286,-307.3584
25.288,-304.69385
25.29,-301.67148
25.292,-299.15347
25.294,-297.62576
25.296,-297.18906
25.298,-297.058
25.3,-297.38028
25.302,-297.69992
25.304,-297.6894
25.306,-296.58536
25.308,-295.49063
25.31,-294.52072
25.312,-293.68683
25.314,-292.34476
25.316,-291.33514
25.318,-290.52902
25.32,-289.6843
25.322,-288.04166
25.324,-286.21808
25.326,-284.23804
25.328,-282.1795
25.33,-279.689
25.332,-277.60135
25.334,-276.08826
25.336,-275.17505
25.338,-274.2887
25.34,-273.87137
25.342,-273.74402
25.344,-273.6741
25.346,-272.97095
25.348,-272.09732
25.35,-271.00662
25.352,-269.67154
25.354,-267.64822
25.356,-265.62183
25.358,-263.75427
25.36,-262.16678
25.362,-260.47607
25.364,-259.3317
25.366,-258.7582
25.368,-258.66455
25.37,-258.42157
25.372,-258.44098
25.374,-258.57733
25.376,-258.66455
25.378,-258.10092
25.38,-257.4057
25.382,-256.59552
25.384,-255.66264
25.386,-254.12476
25.388,-252.57008
25.39,-251.06302
25.392,-249.65883
25.394,-247.96812
25.396,-246.68198
25.398,-245.91725
25.4,-245.65628
25.402,-245.27814
25.404,-245.12918
25.406,-244.99098
25.408,-244.65564
25.41,-243.5455
25.412,-242.29439
25.414,-241.10713
25.416,-240.15277
25.418,-239.028
25.42,-238.28207
25.422,-237.86229
25.424,-237.65118
25.426,-237.07256
25.428,-236.67807
25.43,-236.53783
25.432,-236.65054
25.434,-236.4321
25.436,-236.31615
25.438,-236.23097
25.44,-236.15022
25.442,-235.66418
25.444,-235.5347
25.446,-236.01022
25.448,-237.15086
25.45,-238.2608
25.452,-239.53307
25.454,-240.59615
25.456,-241.15341
25.458,-240.62299
25.46,-239.80885
25.462,-239.183
25.464,-239.15215
25.466,-239.36777
25.468,-240.30145
25.47,-241.68944
25.472,-243.15468
25.474,-243.89043
25.476,-244.43341
25.478,-245.06873
25.48,-246.1566
25.482,-247.43124
25.484,-249.51105
25.486,-252.23376
25.488,-255.16232
25.49,-257.22516
25.492,-258.57428
25.494,-259.1467
25.496,-259.16486
25.498,-258.54898
25.5,-258.40402
25.502,-259.22464
25.504,-261.16614
25.506,-263.4734
25.508,-266.21457
25.51,-268.9061
25.512,-271.17252
25.514,-272.37988
25.516,-273.308
25.518,-274.43866
25.52,-276.1757
25.522,-278.13486
25.524,-280.7336
25.526,-283.6985
25.528,-286.68237
25.53,-288.91608
25.532,-290.9484
25.534,-292.98996
25.536,-295.18777
25.538,-296.94794
25.54,-298.59805
25.542,-299.89908
25.544,-300.69128
25.546,-300.52957
25.548,-300.36514
25.55,-300.78668
25.552,-302.19223
25.554,-304.03925
25.556,-306.4745
25.558,-308.8955
25.56,-310.69766
25.562,-311.02335
25.564,-310.59097
25.566,-309.95758
25.568,-309.69702
25.57,-309.56653
25.572,-310.08972
25.574,-310.95224
25.576,-311.6983
25.578,-311.45477
25.58,-310.84445
25.582,-310.27188
25.584,-310.19733
25.586,-310.3328
25.588,-311.2556
25.59,-312.70172
25.592,-314.1999
25.594,-314.74048
25.596,-314.7607
25.598,-314.45953
25.6,-314.1999
25.602,-313.77686
25.604,-314.04825
25.606,-315.0897
25.608,-316.70148
25.61,-317.93497
25.612,-319.0586
25.614,-319.8592
25.616,-320.2037
25.618,-319.46918
25.62,-318.39603
25.622,-317.2262
25.624,-316.20114
25.626,-314.95166
25.628,-314.349
25.63,-314.59338
25.632,-315.70084
25.634,-316.9041
25.636,-318.58096
25.638,-320.45206
25.64,-322.205
25.642,-322.99176
25.644,-323.40298
25.646,-323.57602
25.648,-323.70593
25.65,-323.4009
25.652,-323.5341
25.654,-324.29575
25.656,-325.7072
25.658,-327.02994
25.66,-328.71606
25.662,-330.54208
25.664,-332.21133
25.666,-332.8327
25.668,-332.90884
25.67,-332.48502
25.672,-331.71103
25.674,-330.22845
25.676,-329.03223
25.678,-328.46994
25.68,-328.7091
25.682,-329.10773
25.684,-330.15213
25.686,-331.61673
25.688,-333.21198
25.69,-334.09225
25.692,-334.83136
25.694,-335.50818
25.696,-336.2139
25.698,-336.40094
25.7,-336.7883
25.702,-337.41397
25.704,-338.21515
25.706,-338.4751
25.708,-338.80347
25.71,-339.22266
25.712,-339.71613
25.714,-339.61563
25.716,-339.5694
25.718,-339.60742
25.72,-339.71613
25.722,-339.254
25.724,-338.9445
25.726,-338.90967
25.728,-339.2158
25.73,-339.24713
25.732,-339.64987
25.734,-340.36597
25.736,-341.21707
25.738,-341.36954
25.74,-341.333
25.742,-341.09375
25.744,-340.71674
25.746,-339.7613
25.748,-339.10886
25.75,-338.9381
25.752,-339.2158
25.754,-339.1335
25.756,-339.06104
25.758,-338.78424
25.76,-338.21515
25.762,-336.90155
25.764,-335.87466
25.766,-335.57373
25.768,-336.2139
25.77,-337.07986
25.772,-338.48834
25.774,-339.99734
25.776,-341.21707
25.778,-341.4138
25.78,-341.51266
25.782,-341.99112
25.784,-343.21835
25.786,-344.6523
25.788,-346.71664
25.79,-348.9297
25.792,-350.7231
25.794,-351.0984
25.796,-350.7452
25.798,-349.99658
25.8,-349.22217
25.802,-348.01227
25.804,-347.03183
25.806,-346.0553
25.808,-344.7193
25.81,-342.14102
25.812,-339.01117
25.814,-335.60013
25.816,-332.21133
25.818,-328.43637
25.82,-325.03687
25.822,-321.98956
25.824,-319.20306
25.826,-316.0738
25.828,-313.52655
25.83,-311.9635
25.832,-311.6983
25.834,-312.21326
25.836,-314.0484
25.838,-316.87082
25.84,-320.2037
25.842,-323.00916
25.844,-325.73154
25.846,-328.3178
25.848,-330.7104
25.85,-332.19666
25.852,-333.27438
25.854,-333.8033
25.856,-333.71228
25.858,-332.66745
25.86,-331.61945
25.862,-331.01758
25.864,-331.2107
25.866,-332.0815
25.868,-333.92413
25.87,-336.19897
25.872,-338.21515
25.874,-339.28036
25.876,-339.5513
25.878,-338.97552
25.88,-337.71484
25.882,-335.6717
25.884,-333.94254
25.886,-332.92377
25.888,-332.71167
25.89,-332.15598
25.892,-331.96695
25.894,-332.14246
25.896,-332.71167
25.898,-332.71967
25.9,-333.06818
25.902,-333.79156
25.904,-334.71292
25.906,-334.75314
25.908,-334.3506
25.91,-333.45096
25.912,-332.21133
25.914,-330.35544
25.916,-329.01175
25.918,-328.51224
25.92,-328.7091
25.922,-328.2583
25.924,-326.53046
25.926,-321.9134
25.928,-312.6989
25.93,-296.90683
25.932,-274.45398
25.934,-245.4296
25.936,-210.634
25.938,-170.8548
25.94,-128.44861
25.942,-85.313065
25.944,-43.52769
25.946,-5.1512914
25.948,25.536495
25.95,43.66766
25.952,43.52769
25.954,20.111412
25.956,-31.048643
25.958,-110.19563
25.96,-212.63527
25.962,-328.1083
25.964,-443.99576
25.966,-546.0998
25.968,-622.39594
25.97,-665.2339
25.972,-674.4574
25.974,-655.17554
25.976,-616.39215
25.978,-567.78906
25.98,-518.92017
25.982,-475.74475
25.984,-440.7804
25.986,-413.27078
25.988,-392.15988
25.99,-375.4863
25.992,-361.73013
25.994,-349.56854
25.996,-339.39038
25.998,-331.1634
26.0,-324.70657
26.002,-319.12015
26.004,-314.57007
26.006,-310.67642
26.008,-307.19543
26.01,-303.5831
26.012,-300.60092
26.014,-298.45547
26.016,-297.18906
26.018,-296.1936
26.02,-295.63913
26.022,-295.22244
26.024,-294.68747
26.026,-293.61047
26.028,-292.41272
26.03,-291.49646
26.032,-291.18524
26.034,-291.2162
26.036,-291.42917
26.038,-291.40277
26.04,-290.68494
26.042,-288.56485
26.044,-285.58032
26.046,-282.22296
26.048,-279.1776
26.05,-276.41165
26.052,-275.21927
26.054,-275.3712
26.056,-276.1757
26.058,-276.17862
26.06,-275.72278
26.062,-274.42108
26.064,-272.17316
26.066,-268.69336
26.068,-265.26065
26.07,-262.45264
26.072,-260.66583
26.074,-259.57468
26.076,-259.75946
26.078,-260.94363
26.08,-262.66708
26.082,-263.9768
26.084,-265.07513
26.086,-265.70084
26.088,-265.669
26.09,-264.4523
26.092,-262.67325
26.094,-260.5041
26.096,-258.16425
26.098,-255.48607
26.1,-253.31934
26.102,-251.88065
26.104,-251.15977
26.106,-250.50273
26.108,-250.09149
26.11,-249.56375
26.112,-248.65819
26.114,-246.93394
26.116,-245.19444
26.118,-243.84102
26.12,-243.15468
26.122,-242.72153
26.124,-242.858
26.126,-243.15616
26.128,-243.15468
26.13,-242.11333
26.132,-240.58205
26.134,-238.8278
26.136,-237.15086
26.138,-235.29108
26.14,-233.82796
26.142,-232.67253
26.144,-231.64737
26.146,-230.17519
26.148,-228.84071
26.15,-227.80342
26.152,-227.1445
26.154,-226.33304
26.156,-225.69797
26.158,-225.02255
26.16,-224.1426
26.162,-222.6192
26.164,-221.23781
26.166,-220.35425
26.168,-220.14005
26.17,-219.96866
26.172,-219.94063
26.174,-219.49551
26.176,-218.13878
26.178,-215.23454
26.18,-211.66109
26.182,-208.1799
26.184,-205.63081
26.186,-204.16075
26.188,-204.5716
26.19,-206.73137
26.192,-210.13368
26.194,-213.63184
26.196,-217.21596
26.198,-220.5938
26.2,-223.64227
26.202,-225.85703
26.204,-227.84982
26.206,-229.75427
26.208,-231.64737
26.21,-233.06955
26.212,-234.63911
26.214,-236.4863
26.216,-238.65182
26.218,-240.5528
26.22,-242.5616
26.222,-244.50359
26.224,-246.1566
26.226,-246.83675
26.228,-247.06934
26.23,-247.07603
26.232,-247.15723
26.234,-247.1022
26.236,-247.68428
26.238,-249.06058
26.24,-251.15977
26.242,-253.20937
26.244,-255.42796
26.246,-257.61685
26.248,-259.6652
26.25,-261.09012
26.252,-262.5698
26.254,-264.3746
26.256,-266.66965
26.258,-268.93845
26.26,-271.52695
26.262,-274.20642
26.264,-276.67603
26.266,-278.18912
26.268,-279.18927
26.27,-279.90274
26.272,-280.67856
26.274,-281.37662
26.276,-282.76447
26.278,-284.94064
26.28,-287.683
26.282,-290.0113
26.284,-291.93765
26.286,-293.1703
26.288,-293.68683
26.29,-293.26364
26.292,-292.9568
26.294,-293.3395
26.296,-294.68747
26.298,-296.3423
26.3,-298.3865
26.302,-300.30368
26.304,-301.69193
26.306,-301.95932
26.308,-301.95963
26.31,-302.23944
26.312,-303.19287
26.314,-304.31238
26.316,-305.7565
26.318,-306.9222
26.32,-307.19543
26.322,-305.7496
26.324,-303.35846
26.326,-300.72934
26.328,-298.69
26.33,-297.32925
26.332,-297.43045
26.334,-298.76315
26.336,-300.69128
26.338,-301.92325
26.34,-302.5113
26.342,-302.3563
26.344,-301.69193
26.346,-300.4144
26.348,-299.57928
26.35,-299.51016
26.352,-300.19098
26.354,-300.7754
26.356,-301.466
26.358,-301.9816
26.36,-302.19223
26.362,-301.62747
26.364,-301.16776
26.366,-301.14618
26.368,-301.69193
26.37,-302.10004
26.372,-302.64328
26.374,-302.9454
26.376,-302.69257
26.378,-301.25342
26.38,-299.5126
26.382,-297.9963
26.384,-297.18906
26.386,-296.78168
26.388,-297.367
26.39,-298.66202
26.392,-300.19098
26.394,-300.9555
26.396,-301.4122
26.398,-301.721
26.4,-302.19223
26.402,-302.5679
26.404,-303.6771
26.406,-305.49792
26.408,-307.69574
26.41,-309.18365
26.412,-310.12927
26.414,-310.30316
26.416,-309.69702
26.418,-307.9635
26.42,-306.16315
26.422,-304.79736
26.424,-304.1935
26.426,-303.8558
26.428,-304.3141
26.43,-305.361
26.432,-306.6951
26.434,-307.468
26.436,-308.1952
26.438,-308.922
26.44,-309.69702
26.442,-309.95935
26.444,-310.315
26.446,-310.74707
26.448,-311.19797
26.45,-311.09534
26.452,-311.13898
26.454,-311.48602
26.456,-312.1986
26.458,-312.6574
26.46,-313.2943
26.462,-313.88852
26.464,-314.1999
26.466,-313.56277
26.468,-312.7059
26.47,-311.96646
26.472,-311.6983
26.474,-311.5934
26.476,-312.38483
26.478,-314.01425
26.48,-316.20114
26.482,-317.98795
26.484,-319.68405
26.486,-321.11978
26.488,-322.205
26.49,-322.35953
26.492,-322.3484
26.494,-322.3992
26.496,-322.7053
26.498,-322.8203
26.5,-323.47702
26.502,-324.67728
26.504,-326.20752
26.506,-327.10477
26.508,-327.591
26.51,-327.35626
26.512,-326.20752
26.514,-323.5656
26.516,-320.33136
26.518,-316.92712
26.52,-313.69955
26.522,-310.23676
26.524,-307.2134
26.526,-304.57428
26.528,-302.19223
26.53,-299.41922
26.532,-297.0378
26.534,-295.3628
26.536,-294.68747
26.538,-294.59732
26.54,-295.76376
26.542,-298.0647
26.544,-301.19162
26.546,-304.17422
26.548,-307.36783
26.55,-310.598
26.552,-313.69955
26.554,-315.9102
26.556,-317.7967
26.558,-319.37708
26.56,-320.704
26.562,-321.32907
26.564,-322.05344
26.566,-323.02408
26.568,-324.20624
26.57,-325.03262
26.572,-325.6743
26.574,-325.78348
26.576,-325.20688
26.578,-324.01492
26.58,-323.09976
26.582,-322.9231
26.584,-323.70593
26.586,-325.1827
26.588,-327.3092
26.59,-329.37018
26.592,-330.7104
26.594,-330.38074
26.596,-329.5169
26.598,-328.9271
26.6,-329.20944
26.602,-329.3709
26.604,-329.78555
26.606,-329.8608
26.608,-329.20944
26.61,-327.18387
26.612,-325.32578
26.614,-324.661
26.616,-325.7072
26.618,-327.4488
26.62,-329.55594
26.622,-331.07083
26.624,-331.71103
26.626,-331.59106
26.628,-332.7239
26.63,-336.02994
26.632,-340.71674
26.634,-343.2244
26.636,-339.8058
26.638,-326.3208
26.64,-300.69128
26.642,-263.43912
26.644,-219.18091
26.646,-172.96527
26.648,-128.5818
26.65,-86.56799
26.652,-46.373966
26.654,-6.5290217
26.656,32.02037
26.658,64.52373
26.66,80.78002
26.662,69.708374
26.664,23.01464
26.666,-60.289055
26.668,-173.80177
26.67,-302.94702
26.672,-429.27307
26.674,-534.868
26.676,-608.51886
26.678,-646.0273
26.68,-650.41376
26.682,-629.0412
26.684,-592.3663
26.686,-549.4091
26.688,-506.82242
26.69,-468.063
26.692,-435.70325
26.694,-410.2506
26.696,-391.2489
26.698,-377.0738
26.7,-366.9616
26.702,-359.44202
26.704,-353.2247
26.706,-346.94724
26.708,-341.08188
26.71,-335.89993
26.712,-331.71103
26.714,-328.04114
26.716,-325.33417
26.718,-323.19293
26.72,-321.20435
26.722,-318.6636
26.724,-316.34137
26.726,-314.60617
26.728,-313.69955
26.73,-313.15005
26.732,-313.03748
26.734,-312.99844
26.736,-312.6989
26.738,-311.66077
26.74,-310.19458
26.742,-308.73715
26.744,-307.69574
26.746,-306.90665
26.748,-306.46802
26.75,-306.26782
26.752,-306.1948
26.754,-305.62473
26.756,-305.3574
26.758,-305.42285
26.76,-305.69446
26.762,-305.19394
26.764,-304.59885
26.766,-303.51102
26.768,-301.69193
26.77,-298.70853
26.772,-296.0401
26.774,-294.40512
26.776,-294.18716
26.778,-294.69077
26.78,-295.9652
26.782,-297.08258
26.784,-297.18906
26.786,-295.40134
26.788,-292.68945
26.79,-289.84833
26.792,-287.683
26.794,-286.13492
26.796,-285.75385
26.798,-286.0143
26.8,-286.18207
26.802,-285.2194
26.804,-283.6568
26.806,-281.8319
26.808,-280.17825
26.81,-278.46133
26.812,-277.25845
26.814,-276.2917
26.816,-275.17505
26.818,-273.20248
26.82,-271.1121
26.822,-269.31052
26.824,-268.1706
26.826,-267.32874
26.828,-267.21985
26.83,-267.47556
26.832,-267.6703
26.834,-267.07748
26.836,-266.40997
26.838,-266.01782
26.84,-266.1693
26.842,-266.34445
26.844,-266.82397
26.846,-267.10223
26.848,-266.66965
26.85,-264.7916
26.852,-262.31995
26.854,-259.8885
26.856,-258.16425
26.858,-257.0417
26.86,-257.1385
26.862,-258.07495
26.864,-259.16486
26.866,-259.1942
26.868,-258.41138
26.87,-256.9235
26.872,-255.16232
26.874,-253.1791
26.876,-252.12448
26.878,-252.31937
26.88,-253.66136
26.882,-255.14963
26.884,-256.78656
26.886,-258.06705
26.888,-258.66455
26.89,-257.9865
26.892,-256.9314
26.894,-256.0113
26.896,-255.66264
26.898,-255.52861
26.9,-256.20346
26.902,-257.51904
26.904,-259.16486
26.906,-260.27228
26.908,-261.3217
26.91,-262.4101
26.912,-263.66772
26.914,-264.59274
26.916,-265.81696
26.918,-267.3593
26.92,-269.17123
26.922,-270.62482
26.924,-272.37375
26.926,-274.55154
26.928,-277.17633
26.93,-279.50848
26.932,-281.9137
26.934,-284.18896
26.936,-286.18207
26.938,-287.3156
26.94,-288.3962
26.942,-289.78024
26.944,-291.68555
26.946,-293.4906
26.948,-295.5415
26.95,-297.53528
26.952,-299.19034
26.954,-299.84702
26.956,-300.36053
26.958,-301.29373
26.96,-303.19287
26.962,-305.79822
26.964,-309.676
26.966,-314.51093
26.968,-319.70337
26.97,-324.0217
26.972,-327.58325
26.974,-330.27188
26.976,-332.21133
26.978,-333.11047
26.98,-333.89517
26.982,-334.88837
26.984,-336.2139
26.986,-337.24048
26.988,-338.44724
26.99,-339.7863
26.992,-341.21707
26.994,-342.16153
26.996,-343.26453
26.998,-344.6241
27.0,-346.22025
27.002,-347.3269
27.004,-348.32745
27.006,-349.0276
27.008,-349.22217
27.01,-348.2157
27.012,-346.7121
27.014,-345.06378
27.016,-343.71866
27.018,-342.53452
27.02,-342.46384
27.022,-343.6191
27.024,-345.71994
27.026,-347.5729
27.028,-349.10178
27.03,-349.7535
27.032,-349.22217
27.034,-346.97586
27.036,-344.07312
27.038,-341.1479
27.04,-338.71548
27.042,-336.42822
27.044,-334.9322
27.046,-334.09558
27.048,-333.71228
27.05,-333.06717
27.052,-332.9009
27.054,-333.422
27.056,-334.71292
27.058,-336.0027
27.06,-337.59738
27.062,-339.00653
27.064,-339.71613
27.066,-338.80838
27.068,-337.0701
27.07,-334.9955
27.072,-333.21198
27.074,-331.654
27.076,-331.3195
27.078,-332.1611
27.08,-333.71228
27.082,-334.67908
27.084,-335.18463
27.086,-334.99213
27.088,-334.21262
27.09,-332.66302
27.092,-331.64072
27.094,-331.63657
27.096,-332.71167
27.098,-333.85715
27.1,-335.1092
27.102,-335.8506
27.104,-335.71356
27.106,-334.17892
27.108,-332.51395
27.11,-331.50934
27.112,-331.71103
27.114,-332.55258
27.116,-334.26755
27.118,-336.08722
27.12,-337.2145
27.122,-336.6146
27.124,-335.16742
27.126,-333.59302
27.128,-332.71167
27.13,-332.47888
27.132,-333.65286
27.134,-335.82477
27.136,-338.21515
27.138,-339.43713
27.14,-339.75272
27.142,-339.2264
27.144,-338.21515
27.146,-336.55994
27.148,-335.3373
27.15,-334.74768
27.152,-334.71292
27.154,-334.39795
27.156,-334.28165
27.158,-334.2576
27.16,-334.21262
27.162,-333.42734
27.164,-332.5287
27.166,-331.5797
27.168,-330.7104
27.17,-329.55518
27.172,-329.08023
27.174,-329.49982
27.176,-330.7104
27.178,-331.7133
27.18,-332.5808
27.182,-332.82135
27.184,-332.21133
27.186,-330.40897
27.188,-328.69263
27.19,-327.81326
27.192,-328.2088
27.194,-329.21805
27.196,-330.92343
27.198,-332.50848
27.2,-333.21198
27.202,-332.12808
27.204,-330.22647
27.206,-328.30237
27.208,-327.20816
27.21,-326.91397
27.212,-328.1576
27.214,-330.519
27.216,-333.21198
27.218,-334.85126
27.22,-335.66617
27.222,-335.679
27.224,-335.21326
27.226,-334.11804
27.228,-333.45135
27.23,-333.37497
27.232,-333.71228
27.234,-333.49194
27.236,-333.0235
27.238,-332.11447
27.24,-330.7104
27.242,-328.30045
27.244,-325.70663
27.246,-323.03928
27.248,-320.2037
27.25,-316.376
27.252,-312.03198
27.254,-307.2061
27.256,-302.19223
27.258,-296.99503
27.26,-293.0817
27.262,-291.2036
27.264,-291.68555
27.266,-293.70435
27.268,-297.19284
27.27,-301.17545
27.272,-304.69385
27.274,-306.583
27.276,-307.50964
27.278,-307.99298
27.28,-308.69638
27.282,-309.549
27.284,-311.37
27.286,-313.9347
27.288,-316.70148
27.29,-318.58313
27.292,-319.85773
27.294,-320.50443
27.296,-320.704
27.298,-320.39236
27.3,-320.25204
27.302,-320.2476
27.304,-320.2037
27.306,-319.8242
27.308,-319.48523
27.31,-319.13354
27.312,-318.70276
27.314,-317.9628
27.316,-317.3235
27.318,-316.7312
27.32,-316.20114
27.322,-315.2509
27.324,-315.0591
27.326,-316.06238
27.328,-318.20242
27.33,-319.78302
27.332,-320.6924
27.334,-320.21042
27.336,-318.20242
27.338,-314.50882
27.34,-311.2264
27.342,-309.75977
27.344,-310.69766
27.346,-312.7818
27.348,-315.1488
27.35,-316.22287
27.352,-315.20053
27.354,-311.98618
27.356,-308.69427
27.358,-306.75385
27.36,-306.1948
27.362,-304.45908
27.364,-298.54535
27.366,-284.68515
27.368,-260.66583
27.37,-226.52815
27.372,-186.18887
27.374,-144.25641
27.376,-104.56652
27.378,-68.219376
27.38,-35.2596
27.382,-4.420288
27.384,24.015278
27.386,46.87556
27.388,56.263428
27.39,43.215477
27.392,0.5003183
27.394,-73.5428
27.396,-174.75768
27.398,-291.8842
27.4,-409.76068
27.402,-512.7227
27.404,-589.8607
27.406,-635.4866
27.408,-649.91345
27.41,-637.62177
27.412,-606.7307
27.414,-565.18353
27.416,-519.8307
27.418,-475.30768
27.42,-435.57773
27.422,-402.4231
27.424,-376.23935
27.426,-355.87436
27.428,-340.55627
27.43,-328.66397
27.432,-318.70276
27.434,-309.22067
27.436,-300.51776
27.438,-292.85666
27.44,-286.68237
27.442,-281.86456
27.444,-279.01566
27.446,-277.82526
27.448,-277.67664
27.45,-277.43454
27.452,-277.0399
27.454,-276.16296
27.456,-274.67474
27.458,-272.30804
27.46,-269.61548
27.462,-266.97006
27.464,-264.66837
27.466,-262.58182
27.468,-260.82916
27.47,-259.38
27.472,-258.16425
27.474,-256.85117
27.476,-255.62387
27.478,-254.66641
27.48,-254.16168
27.482,-253.67339
27.484,-253.74774
27.486,-254.05217
27.488,-254.16168
27.49,-253.14957
27.492,-251.90005
27.494,-250.39313
27.496,-248.65819
27.498,-246.29733
27.5,-244.32245
27.502,-242.81018
27.504,-241.65373
27.506,-240.22581
27.508,-238.99483
27.51,-237.83478
27.512,-236.65054
27.514,-235.03003
27.516,-233.61052
27.518,-232.4832
27.52,-231.64737
27.522,-230.6411
27.524,-229.84235
27.526,-229.0798
27.528,-228.14514
27.53,-226.51357
27.532,-224.65341
27.534,-222.6528
27.536,-220.64037
27.538,-218.39865
27.54,-216.55406
27.542,-215.1624
27.544,-214.13623
27.546,-212.94551
27.548,-211.88629
27.55,-210.81734
27.552,-209.63336
27.554,-207.95895
27.556,-206.33694
27.558,-204.87881
27.56,-203.62955
27.562,-202.20552
27.564,-200.98657
27.566,-199.84871
27.568,-198.62636
27.57,-196.84065
27.572,-194.93721
27.574,-192.99687
27.576,-191.12158
27.578,-189.05627
27.58,-187.35818
27.582,-186.06964
27.584,-185.11777
27.586,-183.99886
27.588,-183.02629
27.59,-182.09534
27.592,-181.11522
27.594,-179.68288
27.596,-178.30334
27.598,-177.08786
27.6,-176.11203
27.602,-175.03406
27.604,-174.29793
27.606,-173.86311
27.608,-173.61044
27.61,-173.01617
27.612,-172.42545
27.614,-171.79915
27.616,-171.10886
27.618,-169.97202
27.62,-168.91246
27.622,-168.07944
27.624,-167.60663
27.626,-167.20087
27.628,-167.3605
27.63,-168.06088
27.632,-169.10757
27.634,-169.79486
27.636,-170.26115
27.638,-170.3568
27.64,-170.10822
27.642,-169.3548
27.644,-168.9398
27.646,-169.29254
27.648,-170.60854
27.65,-172.35709
27.652,-174.57776
27.654,-176.7994
27.656,-178.61363
27.658,-179.46982
27.66,-179.9699
27.662,-180.55028
27.664,-181.61554
27.666,-182.95695
27.668,-184.87799
27.67,-187.06929
27.672,-189.12032
27.674,-190.35101
27.676,-191.14552
27.678,-191.78029
27.68,-192.62254
27.682,-193.59091
27.684,-195.20964
27.686,-197.45038
27.688,-200.12732
27.69,-202.64839
27.692,-205.2634
27.694,-207.94292
27.696,-210.634
27.698,-212.83554
27.7,-214.74294
27.702,-216.20332
27.704,-217.13814
27.706,-217.27913
27.708,-217.30444
27.71,-217.6479
27.712,-218.63908
27.714,-220.00618
27.716,-221.95186
27.718,-224.1365
27.72,-226.14386
27.722,-227.30275
27.724,-227.9061
27.726,-228.11192
27.728,-228.14514
27.73,-227.82353
27.732,-227.58217
27.734,-227.3931
27.736,-227.1445
27.738,-226.38777
27.74,-225.53596
27.742,-224.74123
27.744,-224.1426
27.746,-223.42845
27.748,-222.94135
27.75,-222.56863
27.752,-222.14131
27.754,-221.16895
27.756,-220.06718
27.758,-218.99783
27.76,-218.13878
27.762,-217.2391
27.764,-216.74089
27.766,-216.59468
27.768,-216.63782
27.77,-216.29672
27.772,-215.85905
27.774,-215.30186
27.776,-214.63654
27.778,-213.51321
27.78,-212.42294
27.782,-211.44923
27.784,-210.634
27.786,-209.61243
27.788,-208.85277
27.79,-208.38033
27.792,-208.1324
27.794,-207.58485
27.796,-207.03958
27.798,-206.40547
27.8,-205.63081
27.802,-204.36023
27.804,-203.20717
27.806,-202.40656
27.808,-202.12859
27.81,-202.03262
27.812,-202.52658
27.814,-203.47212
27.816,-204.63017
27.818,-205.34546
27.82,-205.92598
27.822,-206.34647
27.824,-206.63145
27.826,-206.43744
27.828,-206.31224
27.83,-206.36235
27.832,-206.63145
27.834,-206.71547
27.836,-207.07942
27.838,-207.73897
27.84,-208.63272
27.842,-209.22827
27.844,-209.83282
27.846,-210.33519
27.848,-210.634
27.85,-210.28818
27.852,-209.82059
27.854,-209.39368
27.856,-209.13304
27.858,-208.69698
27.86,-208.54808
27.862,-208.69992
27.864,-209.13304
27.866,-209.43938
27.868,-210.06883
27.87,-211.0154
27.872,-212.13495
27.874,-212.77193
27.876,-213.10295
27.878,-213.02393
27.88,-212.63527
27.882,-211.88403
27.884,-211.71577
27.886,-212.59619
27.888,-214.63654
27.89,-217.08856
27.892,-219.69908
27.894,-221.72745
27.896,-222.64163
27.898,-221.97562
27.9,-220.6413
27.902,-219.4548
27.904,-219.1394
27.906,-219.59822
27.908,-221.07681
27.91,-222.99966
27.912,-224.64291
27.914,-225.07007
27.916,-224.67015
27.918,-223.84215
27.92,-223.14195
27.922,-222.58817
27.924,-222.74443
27.926,-223.41013
27.928,-224.1426
27.93,-224.11208
27.932,-223.57289
27.934,-222.6547
27.936,-221.641
27.938,-220.43785
27.94,-219.63602
27.942,-219.24855
27.944,-219.1394
27.946,-218.79292
27.948,-218.60417
27.95,-218.68195
27.952,-219.1394
27.954,-219.63057
27.956,-220.54446
27.958,-221.77151
27.96,-223.14195
27.962,-224.11517
27.964,-225.09503
27.966,-226.11513
27.968,-227.1445
27.97,-227.6566
27.972,-227.98053
27.974,-228.10246
27.976,-228.14514
27.978,-227.9924
27.98,-228.52051
27.982,-230.07382
27.984,-232.648
27.986,-235.39397
27.988,-238.03746
27.99,-239.81091
27.992,-240.15277
27.994,-238.54189
27.996,-235.84863
27.998,-232.82068
28.0,-230.14641
28.002,-227.74403
28.004,-225.96039
28.006,-224.3121
28.008,-222.14131
28.01,-218.53874
28.012,-213.94623
28.014,-208.87054
28.016,-204.12985
28.018,-200.16817
28.02,-198.09856
28.022,-198.17088
28.024,-200.12732
28.026,-202.93602
28.028,-206.35512
28.03,-209.85164
28.032,-213.13559
28.034,-215.77432
28.036,-218.39656
28.038,-221.19328
28.04,-224.1426
28.042,-226.5823
28.044,-228.56772
28.046,-229.7861
28.048,-230.14641
28.05,-229.62238
28.052,-229.07744
28.054,-229.00523
28.056,-229.64609
28.058,-230.81198
28.06,-232.20683
28.062,-233.03114
28.064,-232.648
28.066,-231.0382
28.068,-228.83934
28.07,-226.78836
28.072,-225.64354
28.074,-225.69719
28.076,-227.40811
28.078,-230.34113
28.08,-233.64864
28.082,-235.64084
28.084,-236.48184
28.086,-236.31143
28.088,-235.64992
28.09,-234.2883
28.092,-233.3937
28.094,-233.23
28.096,-233.64864
28.098,-233.63828
28.1,-233.32751
28.102,-232.60886
28.104,-231.64737
28.106,-230.3299
28.108,-229.50858
28.11,-229.3762
28.112,-229.64609
28.114,-229.05688
28.116,-226.783
28.118,-221.31706
28.12,-211.13431
28.122,-194.59392
28.124,-171.50894
28.126,-141.94281
28.128,-106.567795
28.13,-66.10963
28.132,-22.46613
28.134,22.722275
28.136,67.54297
28.138,109.815216
28.14,145.3143
28.142,168.8361
28.144,174.11076
28.146,155.25566
28.148,107.227135
28.15,29.071539
28.152,-75.047745
28.154,-195.24501
28.156,-318.50412
28.158,-430.01822
28.16,-516.8288
28.162,-570.30524
28.164,-589.00464
28.166,-577.16656
28.168,-543.34564
28.17,-497.38306
28.172,-449.05453
28.174,-404.94446
28.176,-368.23425
28.178,-338.83414
28.18,-315.79517
28.182,-297.24707
28.184,-281.6792
28.186,-267.9311
28.188,-256.331
28.19,-247.05286
28.192,-240.15277
28.194,-235.01988
28.196,-231.61288
28.198,-229.34085
28.2,-227.64482
28.202,-225.80449
28.204,-224.13594
28.206,-222.72372
28.208,-221.641
28.21,-220.54567
28.212,-219.55847
28.214,-218.48271
28.216,-217.13814
28.218,-215.29695
28.22,-213.24825
28.222,-211.51617
28.224,-210.634
28.226,-210.74461
28.228,-211.6872
28.23,-213.15286
28.232,-214.63654
28.234,-215.31401
28.236,-215.06523
28.238,-213.90265
28.24,-212.13495
28.242,-209.69739
28.244,-207.77568
28.246,-206.47508
28.248,-205.63081
28.25,-204.48036
28.252,-203.69019
28.254,-203.11429
28.256,-202.6289
28.258,-201.77371
28.26,-201.1905
28.262,-200.85944
28.264,-200.62762
28.266,-199.90074
28.268,-198.97476
28.27,-197.72545
28.272,-196.12477
28.274,-193.96333
28.276,-191.95747
28.278,-190.43674
28.28,-189.62064
28.282,-189.22083
28.284,-189.4986
28.286,-190.11815
28.288,-190.62126
28.29,-190.27412
28.292,-189.29987
28.294,-187.80295
28.296,-186.11841
28.298,-184.39449
28.3,-183.48428
28.302,-183.6122
28.304,-184.61745
28.306,-185.6788
28.308,-186.5357
28.31,-186.6162
28.312,-185.61809
28.314,-183.32553
28.316,-180.6389
28.318,-178.22754
28.32,-176.61235
28.322,-175.64711
28.324,-175.54732
28.326,-175.87222
28.328,-176.11203
28.33,-175.60722
28.332,-174.75763
28.334,-173.82903
28.336,-173.11012
28.338,-172.38168
28.34,-171.93396
28.342,-171.46674
28.344,-170.60854
28.346,-168.79015
28.348,-166.5024
28.35,-164.12253
28.352,-162.10312
28.354,-160.4254
28.356,-159.62892
28.358,-159.61932
28.36,-160.10185
28.362,-160.37282
28.364,-160.6326
28.366,-160.86014
28.368,-161.1025
28.37,-161.01128
28.372,-161.00626
28.374,-161.06381
28.376,-161.1025
28.378,-160.65761
28.38,-160.21072
28.382,-159.96075
28.384,-160.10185
28.386,-160.32451
28.388,-161.06172
28.39,-162.22777
28.392,-163.60408
28.394,-164.50415
28.396,-165.22621
28.398,-165.85374
28.4,-166.60599
28.402,-167.34125
28.404,-168.76625
28.406,-171.05783
28.408,-174.11076
28.41,-177.1099
28.412,-179.99799
28.414,-182.39668
28.416,-184.11713
28.418,-184.81502
28.42,-185.32794
28.422,-186.26433
28.424,-188.11967
28.426,-190.63988
28.428,-194.10219
28.43,-198.11601
28.432,-202.12859
28.434,-205.20732
28.436,-207.5641
28.438,-209.39607
28.44,-211.13431
28.442,-212.84358
28.444,-215.3317
28.446,-218.80582
28.448,-223.14195
28.45,-227.51663
28.452,-231.89896
28.454,-235.99072
28.456,-239.65245
28.458,-242.48566
28.46,-245.09776
28.462,-247.77054
28.464,-250.65945
28.466,-253.29095
28.468,-255.89168
28.47,-258.25488
28.472,-260.1655
28.474,-261.07526
28.476,-261.48145
28.478,-261.7125
28.48,-262.16678
28.482,-262.75577
28.484,-264.0856
28.486,-266.15405
28.488,-268.67093
28.49,-270.72626
28.492,-272.31155
28.494,-273.25797
28.496,-273.6741
28.498,-273.47006
28.5,-273.55344
28.502,-274.2958
28.504,-275.67538
28.506,-276.78442
28.508,-277.38556
28.51,-276.91718
28.512,-275.17505
28.514,-272.03836
28.516,-268.8218
28.518,-266.60315
28.52,-266.1693
28.522,-267.21823
28.524,-269.71707
28.526,-272.72128
28.528,-275.17505
28.53,-275.8761
28.532,-275.22043
28.534,-273.72986
28.536,-272.17316
28.538,-270.70947
28.54,-270.13052
28.542,-270.28662
28.544,-270.67218
28.546,-270.23785
28.548,-269.22357
28.55,-267.74377
28.552,-266.1693
28.554,-264.44846
28.556,-263.4922
28.558,-263.45218
28.56,-264.16806
28.562,-264.7826
28.564,-265.50586
28.566,-266.1536
28.568,-266.66965
28.57,-266.61218
28.572,-266.7253
28.574,-267.22003
28.576,-268.1706
28.578,-268.97787
28.58,-270.04562
28.582,-271.1855
28.584,-272.17316
28.586,-272.31693
28.588,-272.1768
28.59,-271.90237
28.592,-271.67282
28.594,-271.12982
28.596,-270.98718
28.598,-271.34464
28.6,-272.17316
28.602,-272.84613
28.604,-273.80765
28.606,-274.96765
28.608,-276.1757
28.61,-276.73233
28.612,-277.081
28.614,-277.2094
28.616,-277.17633
28.618,-276.61234
28.62,-276.35376
28.622,-276.67905
28.624,-277.67664
28.626,-278.66818
28.628,-279.94092
28.63,-281.19562
28.632,-282.1795
28.634,-282.2981
28.636,-282.28625
28.638,-282.4892
28.64,-283.18015
28.642,-283.9229
28.644,-285.1699
28.646,-286.69336
28.648,-288.18332
28.65,-288.87726
28.652,-289.31738
28.654,-289.6868
28.656,-290.1846
28.658,-290.3959
28.66,-290.88535
28.662,-291.55316
28.664,-292.18588
28.666,-292.05203
28.668,-291.67087
28.67,-291.16428
28.672,-290.68494
28.674,-289.82172
28.676,-289.21005
28.678,-288.86035
28.68,-288.68365
28.682,-288.059
28.684,-287.6137
28.686,-287.57086
28.688,-288.18332
28.69,-289.12018
28.692,-291.04294
28.694,-293.85684
28.696,-297.18906
28.698,-299.92035
28.7,-302.0819
28.702,-303.2584
28.704,-303.19287
28.706,-301.31165
28.708,-298.5153
28.71,-295.40677
28.712,-292.6862
28.714,-290.46268
28.716,-289.79898
28.718,-290.82898
28.72,-293.18652
28.722,-295.58105
28.724,-297.7343
28.726,-299.01266
28.728,-299.19034
28.73,-298.02026
28.732,-296.78345
28.734,-296.2261
28.736,-296.68875
28.738,-297.42764
28.74,-298.35028
28.742,-298.7355
28.744,-298.1897
28.746,-296.4336
28.748,-294.913
28.75,-294.6553
28.752,-296.18842
28.754,-298.62045
28.756,-301.44012
28.758,-303.2855
28.76,-303.19287
28.762,-300.6454
28.764,-297.4355
28.766,-295.4218
28.768,-296.18842
28.77,-299.72635
28.772,-305.90915
28.774,-313.05374
28.776,-319.20306
28.778,-322.40082
28.78,-322.95972
28.782,-321.5566
28.784,-319.20306
28.786,-316.06427
28.788,-312.94
28.79,-309.5819
28.792,-305.69446
28.794,-300.85916
28.796,-296.49097
28.798,-293.70322
28.8,-293.18652
28.802,-294.09906
28.804,-295.7975
28.806,-296.50677
28.808,-294.68747
28.81,-289.281
28.812,-281.87607
28.814,-274.57202
28.816,-269.67154
28.818,-268.18686
28.82,-271.05618
28.822,-277.3216
28.824,-285.18143
28.826,-292.20746
28.828,-297.85687
28.83,-301.88696
28.832,-304.69385
28.834,-306.32394
28.836,-307.88037
28.838,-309.54697
28.84,-311.19797
28.842,-312.17133
28.844,-312.98978
28.846,-313.78445
28.848,-314.7002
28.85,-315.50253
28.852,-316.44217
28.854,-317.1298
28.856,-317.20178
28.858,-316.46274
28.86,-315.5951
28.862,-315.03897
28.864,-315.20053
28.866,-315.98767
28.868,-317.86536
28.87,-320.4708
28.872,-323.2056
28.874,-324.62253
28.876,-325.3354
28.878,-325.59198
28.88,-325.7072
28.882,-324.8622
28.884,-323.88867
28.886,-322.81528
28.888,-321.70465
28.89,-320.03592
28.892,-319.0442
28.894,-319.3455
28.896,-321.20435
28.898,-323.68292
28.9,-326.64658
28.902,-329.22263
28.904,-330.7104
28.906,-330.2024
28.908,-328.3342
28.91,-324.96744
28.912,-319.20306
28.914,-308.66953
28.916,-291.85715
28.918,-267.21503
28.92,-234.64928
28.922,-195.36176
28.924,-153.20634
28.926,-111.64278
28.928,-73.04647
28.93,-37.69377
28.932,-6.3437653
28.934,19.929989
28.936,37.523872
28.938,40.365402
28.94,19.468668
28.942,-32.08275
28.944,-116.073845
28.946,-226.18922
28.948,-349.97272
28.95,-469.92786
28.952,-568.8619
28.954,-634.13763
28.956,-662.44666
28.958,-657.9835
28.96,-630.40106
28.962,-590.35425
28.964,-547.84875
28.966,-508.5156
28.968,-474.30173
28.97,-444.39807
28.972,-418.79517
28.974,-397.4315
28.976,-380.74222
28.978,-368.4366
28.98,-360.64075
28.982,-355.8967
28.984,-352.22406
28.986,-347.41992
28.988,-341.53735
28.99,-335.1045
28.992,-329.20944
28.994,-324.25745
28.996,-321.19827
28.998,-319.63016
29.0,-318.70276
29.002,-317.18936
29.004,-315.44543
29.006,-313.9084
29.008,-313.19925
29.01,-313.29843
29.012,-314.43784
29.014,-316.14896
29.016,-317.70212
29.018,-318.1034
29.02,-317.23892
29.022,-315.4046
29.024,-313.19925
29.026,-310.8168
29.028,-309.06128
29.03,-308.18997
29.032,-308.19608
29.034,-308.2138
29.036,-308.88422
29.038,-309.8383
29.04,-310.69766
29.042,-310.5424
29.044,-310.33588
29.046,-310.06952
29.048,-309.69702
29.05,-308.60596
29.052,-307.66577
29.054,-306.89798
29.056,-306.1948
29.058,-304.8417
29.06,-303.37137
29.062,-301.67657
29.064,-299.69064
29.066,-296.9527
29.068,-294.33978
29.07,-292.1691
29.072,-290.68494
29.074,-289.49905
29.076,-289.19522
29.078,-289.56152
29.08,-290.1846
29.082,-290.09674
29.084,-289.50735
29.086,-288.21152
29.088,-286.18207
29.09,-283.12454
29.092,-280.03732
29.094,-277.42242
29.096,-275.67538
29.098,-274.49295
29.1,-274.43448
29.102,-275.18848
29.104,-276.1757
29.106,-276.24442
29.108,-275.49
29.11,-273.74057
29.112,-271.17252
29.114,-267.81415
29.116,-264.98044
29.118,-263.337
29.12,-263.16742
29.122,-263.77155
29.124,-265.15576
29.126,-266.5388
29.128,-267.16995
29.13,-266.1148
29.132,-264.05804
29.134,-261.52032
29.136,-259.16486
29.138,-257.03488
29.14,-256.01913
29.142,-256.0437
29.144,-256.66327
29.146,-256.748
29.148,-256.3966
29.15,-255.36984
29.152,-253.66136
29.154,-250.95207
29.156,-248.24242
29.158,-246.01787
29.16,-244.65564
29.162,-243.82916
29.164,-244.22168
29.166,-245.76535
29.168,-248.15787
29.17,-250.37212
29.172,-252.52055
29.174,-254.21231
29.176,-255.16232
29.178,-254.71289
29.18,-253.63174
29.182,-252.31175
29.184,-251.15977
29.186,-249.92491
29.188,-249.44887
29.19,-249.87373
29.192,-251.15977
29.194,-252.56155
29.196,-254.52165
29.198,-256.9371
29.2,-259.6652
29.202,-261.95346
29.204,-264.26053
29.206,-266.5257
29.208,-268.67093
29.21,-270.04868
29.212,-271.3048
29.214,-272.6196
29.216,-274.1744
29.218,-275.53708
29.22,-277.43872
29.222,-279.9983
29.224,-283.18015
29.226,-286.2306
29.228,-289.5268
29.23,-292.90527
29.232,-296.18842
29.234,-298.65802
29.236,-300.8827
29.238,-303.00726
29.24,-305.19415
29.242,-307.00778
29.244,-309.15015
29.246,-311.72986
29.248,-314.7002
29.25,-317.3132
29.252,-319.96774
29.254,-322.60043
29.256,-325.20688
29.258,-327.28204
29.26,-329.55954
29.262,-332.20892
29.264,-335.21326
29.266,-337.77255
29.268,-340.12958
29.27,-342.0072
29.272,-343.21835
29.274,-343.20633
29.276,-342.8214
29.278,-342.53116
29.28,-342.71802
29.282,-342.96533
29.284,-343.79022
29.286,-344.98303
29.288,-346.22025
29.29,-346.64694
29.292,-346.77942
29.294,-346.75238
29.296,-346.72058
29.298,-346.18964
29.3,-345.77585
29.302,-345.47113
29.304,-345.2196
29.306,-344.43042
29.308,-343.85602
29.31,-343.74084
29.312,-344.21896
29.314,-344.6346
29.316,-345.3944
29.318,-346.20035
29.32,-346.72058
29.322,-346.14832
29.324,-345.18356
29.326,-344.1117
29.328,-343.21835
29.33,-342.05832
29.332,-341.32315
29.334,-340.93848
29.336,-340.71674
29.338,-339.87878
29.34,-339.09088
29.342,-338.4977
29.344,-338.21515
29.346,-337.64124
29.348,-337.42426
29.35,-337.49222
29.352,-337.71484
29.354,-337.37347
29.356,-337.2001
29.358,-337.3097
29.36,-337.71484
29.362,-337.6652
29.364,-337.6717
29.366,-337.56662
29.368,-337.2145
29.37,-336.00208
29.372,-334.8663
29.374,-334.18118
29.376,-334.21262
29.378,-334.3844
29.38,-335.24792
29.382,-336.49884
29.384,-337.71484
29.386,-337.91916
29.388,-337.73666
29.39,-337.3887
29.392,-337.2145
29.394,-336.9114
29.396,-337.42252
29.398,-338.78503
29.4,-340.71674
29.402,-342.10306
29.404,-343.1926
29.406,-343.73837
29.408,-343.71866
29.41,-342.74313
29.412,-341.97272
29.414,-341.8939
29.416,-342.71802
29.418,-343.67084
29.42,-345.04965
29.422,-346.3765
29.424,-347.2209
29.426,-346.77945
29.428,-345.93323
29.43,-345.12192
29.432,-344.7193
29.434,-344.2439
29.436,-344.27365
29.438,-344.54184
29.44,-344.7193
29.442,-344.00922
29.444,-343.22546
29.446,-342.70767
29.448,-342.71802
29.45,-342.67072
29.452,-343.07877
29.454,-343.6765
29.456,-344.21896
29.458,-344.06775
29.46,-344.1898
29.462,-345.00928
29.464,-346.72058
29.466,-348.48245
29.468,-350.4227
29.47,-351.8565
29.472,-352.22406
29.474,-350.78134
29.476,-348.6768
29.478,-346.74503
29.48,-345.71994
29.482,-345.28824
29.484,-345.95096
29.486,-347.15536
29.488,-348.22153
29.49,-348.0915
29.492,-347.50705
29.494,-346.90366
29.496,-346.72058
29.498,-346.49857
29.5,-346.73996
29.502,-346.991
29.504,-346.72058
29.506,-345.03836
29.508,-342.8714
29.51,-340.8674
29.512,-339.71613
29.514,-339.21796
29.516,-340.0655
29.518,-341.82034
29.52,-343.71866
29.522,-344.39456
29.524,-344.16522
29.526,-343.1342
29.528,-341.71738
29.53,-339.84723
29.532,-338.7359
29.534,-338.70258
29.536,-339.71613
29.538,-340.86624
29.54,-342.46948
29.542,-344.19012
29.544,-345.71994
29.546,-346.22424
29.548,-346.34357
29.55,-346.15112
29.552,-345.71994
29.554,-344.5007
29.556,-343.326
29.558,-342.36362
29.56,-341.71738
29.562,-340.8291
29.564,-340.453
29.566,-340.62036
29.568,-341.21707
29.57,-341.39963
29.572,-341.64197
29.574,-341.78647
29.576,-341.71738
29.578,-340.81445
29.58,-339.9389
29.582,-339.35162
29.584,-339.2158
29.586,-338.92944
29.588,-339.10675
29.59,-339.60648
29.592,-340.21643
29.594,-340.15427
29.596,-340.07898
29.598,-340.0839
29.6,-340.21643
29.602,-339.8211
29.604,-339.5086
29.606,-339.18365
29.608,-338.71548
29.61,-337.42905
29.612,-336.1435
29.614,-335.14835
29.616,-334.71292
29.618,-334.38748
29.62,-334.9001
29.622,-336.12628
29.624,-337.71484
29.626,-338.593
29.628,-339.11203
29.63,-339.14026
29.632,-338.71548
29.634,-337.43228
29.636,-336.319
29.638,-335.70657
29.64,-335.71356
29.642,-335.64017
29.644,-335.93808
29.646,-336.36823
29.648,-336.7142
29.65,-336.31525
29.652,-335.9625
29.654,-335.88602
29.656,-336.2139
29.658,-336.3212
29.66,-336.69986
29.662,-337.09396
29.664,-337.2145
29.666,-336.3155
29.668,-335.1904
29.67,-334.1965
29.672,-333.71228
29.674,-333.39914
29.676,-334.02167
29.678,-335.4315
29.68,-337.2145
29.682,-338.25323
29.684,-338.87363
29.686,-338.98706
29.688,-338.71548
29.69,-337.74057
29.692,-337.14938
29.694,-337.2861
29.696,-338.21515
29.698,-339.0907
29.7,-340.18716
29.702,-341.047
29.704,-341.21707
29.706,-339.79352
29.708,-337.4579
29.71,-334.4796
29.712,-331.2107
29.714,-327.37967
29.716,-323.9477
29.718,-321.07217
29.72,-318.70276
29.722,-316.0717
29.724,-313.7494
29.726,-311.76038
29.728,-310.19733
29.73,-308.60928
29.732,-307.90198
29.734,-308.26743
29.736,-309.69702
29.738,-311.37683
29.74,-313.70612
29.742,-316.40692
29.744,-319.20306
29.746,-321.30927
29.748,-323.37854
29.75,-325.49988
29.752,-327.70847
29.754,-329.3958
29.756,-331.116
29.758,-332.7625
29.76,-334.21262
29.762,-334.99945
29.764,-335.73035
29.766,-336.4655
29.768,-337.2145
29.77,-337.70013
29.772,-338.27997
29.774,-338.70883
29.776,-338.71548
29.778,-338.0159
29.78,-337.0537
29.782,-335.9085
29.784,-334.71292
29.786,-333.17285
29.788,-332.2293
29.79,-332.10492
29.792,-332.71167
29.794,-332.70157
29.796,-332.6001
29.798,-332.3661
29.8,-332.21133
29.802,-331.63297
29.804,-331.9746
29.806,-333.5842
29.808,-336.2139
29.81,-338.2923
29.812,-339.44998
29.814,-338.94476
29.816,-336.7142
29.818,-332.88004
29.82,-329.3492
29.822,-327.14374
29.824,-326.20752
29.826,-324.49078
29.828,-320.16794
29.83,-310.64157
29.832,-294.18716
29.834,-270.13474
29.836,-240.7371
29.838,-208.50456
29.84,-175.61171
29.842,-142.4156
29.844,-109.17868
29.846,-74.940865
29.848,-39.525143
29.85,-4.412179
29.852,24.708258
29.854,40.377815
29.856,34.52196
29.858,1.4023498
29.86,-61.92032
29.862,-152.30942
29.864,-261.16614
29.866,-375.41327
29.868,-481.87994
29.87,-568.3188
29.872,-626.3985
29.874,-652.53424
29.876,-649.6884
29.878,-624.3011
29.88,-584.8721
29.882,-539.3224
29.884,-495.11694
29.886,-456.54355
29.888,-425.27054
29.89,-400.47055
29.892,-381.53607
29.894,-367.02853
29.896,-355.7263
29.898,-346.23273
29.9,-338.6614
29.902,-332.62152
29.904,-327.70847
29.906,-323.0441
29.908,-319.0987
29.91,-315.93552
29.912,-313.69955
29.914,-311.99295
29.916,-311.38297
29.918,-311.6253
29.92,-312.1986
29.922,-312.0401
29.924,-311.1036
29.926,-309.26205
29.928,-306.6951
29.93,-303.46957
29.932,-300.39594
29.934,-298.04242
29.936,-296.68875
29.938,-295.9106
29.94,-295.4675
29.942,-294.98154
29.944,-294.18716
29.946,-292.5635
29.948,-290.85535
29.95,-289.45462
29.952,-288.68365
29.954,-287.9696
29.956,-288.1349
29.958,-288.718
29.96,-289.18396
29.962,-288.61246
29.964,-288.03995
29.966,-287.69836
29.968,-287.683
29.97,-287.30878
29.972,-286.9668
29.974,-286.2094
29.976,-284.6811
29.978,-281.8874
29.98,-278.93048
29.982,-276.50928
29.984,-275.17505
29.986,-274.58966
29.988,-275.03677
29.99,-275.8319
29.992,-276.1757
29.994,-275.0594
29.996,-273.03867
29.998,-270.54483
30.0,-268.1706
30.002,-265.93
30.004,-264.5916
30.006,-263.98724
30.008,-263.66772
30.01,-262.70392
30.012,-261.4583
30.014,-260.02435
30.016,-258.66455
30.018,-257.21124
30.02,-256.43192
30.022,-256.33148
30.024,-256.66327
30.026,-256.60376
30.028,-256.41122
30.03,-255.93933
30.032,-255.16232
30.034,-253.70923
30.036,-252.3052
30.038,-251.11223
30.04,-250.15913
30.042,-248.89377
30.044,-247.7696
30.046,-246.71053
30.048,-245.65628
30.05,-244.14122
30.052,-242.85884
30.054,-241.99768
30.056,-241.65373
30.058,-241.30371
30.06,-241.36058
30.062,-241.58595
30.064,-241.65373
30.066,-240.7933
30.068,-239.46933
30.07,-237.82909
30.072,-236.15022
30.074,-234.2782
30.076,-233.11804
30.078,-232.91086
30.08,-233.64864
30.082,-234.59128
30.084,-235.96072
30.086,-237.42221
30.088,-238.65182
30.09,-238.90605
30.092,-238.71469
30.094,-238.23238
30.096,-237.65118
30.098,-236.62091
30.1,-235.86789
30.102,-235.53561
30.104,-235.64992
30.106,-235.62498
30.108,-236.00124
30.11,-236.83234
30.112,-238.1515
30.114,-239.41876
30.116,-241.20126
30.118,-243.49098
30.12,-246.1566
30.122,-248.42702
30.124,-250.66165
30.126,-252.75989
30.128,-254.662
30.13,-255.82195
30.132,-256.9156
30.134,-258.15146
30.136,-259.6652
30.138,-260.9287
30.14,-262.46832
30.142,-264.24875
30.144,-266.1693
30.146,-267.56775
30.148,-269.00977
30.15,-270.65387
30.152,-272.67346
30.154,-274.64957
30.156,-277.2301
30.158,-280.45428
30.16,-284.1808
30.162,-287.57407
30.164,-290.8937
30.166,-293.966
30.168,-296.68875
30.17,-298.50867
30.172,-300.12234
30.174,-301.78784
30.176,-303.6932
30.178,-305.35675
30.18,-307.29996
30.182,-309.46234
30.184,-311.6983
30.186,-313.30344
30.188,-314.7733
30.19,-316.20407
30.192,-317.70212
30.194,-318.78937
30.196,-320.06223
30.198,-321.5566
30.2,-323.2056
30.202,-324.33517
30.204,-325.4351
30.206,-326.545
30.208,-327.70847
30.21,-328.3988
30.212,-329.25043
30.214,-330.35406
30.216,-331.71103
30.218,-332.67496
30.22,-333.72845
30.222,-334.7912
30.224,-335.71356
30.226,-335.75934
30.228,-335.4439
30.23,-334.86682
30.232,-334.21262
30.234,-333.153
30.236,-332.5527
30.238,-332.6012
30.24,-333.21198
30.242,-333.44812
30.244,-333.4731
30.246,-332.944
30.248,-331.71103
30.25,-329.3449
30.252,-326.9749
30.254,-325.26746
30.256,-324.70657
30.258,-324.80325
30.26,-325.94992
30.262,-327.63586
30.264,-329.20944
30.266,-329.53354
30.268,-329.11005
30.27,-328.18954
30.272,-327.20816
30.274,-326.00064
30.276,-325.56247
30.278,-326.0213
30.28,-327.20816
30.282,-328.16626
30.284,-329.2547
30.286,-330.30173
30.288,-331.2107
30.29,-331.34317
30.292,-331.42944
30.294,-331.55484
30.296,-331.71103
30.298,-331.22156
30.3,-330.7549
30.302,-330.39062
30.304,-330.21005
30.306,-329.67676
30.308,-329.611
30.31,-330.13327
30.312,-331.2107
30.314,-332.0516
30.316,-333.1243
30.318,-334.23886
30.32,-335.21326
30.322,-335.35336
30.324,-335.46213
30.326,-335.8277
30.328,-336.7142
30.33,-337.6603
30.332,-339.36258
30.334,-341.6731
30.336,-344.21896
30.338,-345.92288
30.34,-347.07727
30.342,-347.51288
30.344,-347.2209
30.346,-345.762
30.348,-344.1629
30.35,-342.87018
30.352,-342.2177
30.354,-341.7426
30.356,-342.09528
30.358,-343.06732
30.36,-344.21896
30.362,-344.41818
30.364,-343.96753
30.366,-342.8165
30.368,-341.21707
30.37,-339.10016
30.372,-337.82773
30.374,-337.98553
30.376,-339.71613
30.378,-342.04327
30.38,-344.8786
30.382,-347.35248
30.384,-348.72183
30.386,-348.06702
30.388,-346.303
30.39,-344.10986
30.392,-342.2177
30.394,-340.53094
30.396,-339.88095
30.398,-340.09067
30.4,-340.71674
30.402,-340.7087
30.404,-340.50677
30.406,-340.13882
30.408,-339.71613
30.41,-338.733
30.412,-337.9111
30.414,-337.25452
30.416,-336.7142
30.418,-335.7103
30.42,-335.1212
30.422,-335.23734
30.424,-336.2139
30.426,-337.36264
30.428,-339.06604
30.43,-340.8638
30.432,-342.2177
30.434,-342.12268
30.436,-341.17883
30.438,-339.60556
30.44,-337.71484
30.442,-335.18262
30.444,-332.88898
30.446,-330.91708
30.448,-329.20944
30.45,-327.09903
30.452,-325.3418
30.454,-324.1491
30.456,-323.70593
30.458,-323.49323
30.46,-324.15628
30.462,-325.51663
30.464,-327.20816
30.466,-328.19095
30.468,-328.84384
30.47,-329.0279
30.472,-328.7091
30.474,-327.35422
30.476,-325.87524
30.478,-324.57898
30.48,-323.70593
30.482,-322.7975
30.484,-322.62268
30.486,-323.16385
30.488,-324.20624
30.49,-324.80518
30.492,-325.3429
30.494,-325.65714
30.496,-325.7072
30.498,-325.01062
30.5,-324.52432
30.502,-324.55447
30.504,-325.20688
30.506,-325.7388
30.508,-326.5416
30.51,-327.2956
30.512,-327.70847
30.514,-327.06314
30.516,-326.2011
30.518,-325.4776
30.52,-325.20688
30.522,-324.94696
30.524,-325.34894
30.526,-326.21948
30.528,-327.20816
30.53,-327.38458
30.532,-327.31354
30.534,-327.15985
30.536,-327.20816
30.538,-327.16345
30.54,-327.91556
30.542,-329.51486
30.544,-331.71103
30.546,-333.45233
30.548,-334.9531
30.55,-335.91742
30.552,-336.2139
30.554,-335.3224
30.556,-334.2074
30.558,-333.25494
30.56,-332.71167
30.562,-332.0309
30.564,-331.7681
30.566,-331.7416
30.568,-331.71103
30.57,-330.94846
30.572,-330.13275
30.574,-329.4785
30.576,-329.20944
30.578,-328.91266
30.58,-329.22903
30.582,-329.96826
30.584,-330.7104
30.586,-330.42288
30.588,-329.43307
30.59,-327.75546
30.592,-325.7072
30.594,-323.30185
30.596,-321.88177
30.598,-321.98978
30.6,-323.70593
30.602,-326.02274
30.604,-328.82513
30.606,-331.27905
30.608,-332.71167
30.61,-332.2961
30.612,-330.96985
30.614,-329.389
30.616,-328.2088
30.618,-327.26562
30.62,-327.28937
30.622,-328.07126
30.624,-329.20944
30.626,-329.767
30.628,-330.26758
30.63,-330.75427
30.632,-331.2107
30.634,-330.85672
30.636,-329.9991
30.638,-328.22662
30.64,-325.20688
30.642,-320.34668
30.644,-314.73236
30.646,-309.10962
30.648,-304.1935
30.65,-299.84723
30.652,-296.8258
30.654,-294.91174
30.656,-293.68683
30.658,-292.22784
30.66,-291.14615
30.662,-290.69366
30.664,-291.18524
30.666,-292.2465
30.668,-294.54172
30.67,-297.84344
30.672,-301.69193
30.674,-305.00357
30.676,-308.05396
30.678,-310.65704
30.68,-312.6989
30.682,-313.59006
30.684,-313.8915
30.686,-313.5871
30.688,-312.6989
30.69,-311.066
30.692,-309.484
30.694,-308.27054
30.696,-307.69574
30.698,-307.79572
30.7,-308.94943
30.702,-310.7855
30.704,-312.6989
30.706,-313.95447
30.708,-314.48776
30.71,-314.04297
30.712,-312.6989
30.714,-310.3243
30.716,-308.4625
30.718,-307.97498
30.72,-309.1967
30.722,-310.76825
30.724,-312.69717
30.726,-314.16486
30.728,-314.7002
30.73,-313.65555
30.732,-312.53372
30.734,-312.25775
30.736,-313.19925
30.738,-314.24893
30.74,-315.00793
30.742,-314.5527
30.744,-312.6989
30.746,-309.7102
30.748,-307.66266
30.75,-307.5521
30.752,-308.69638
30.754,-307.77658
30.756,-301.30078
30.758,-285.4922
30.76,-258.66455
30.762,-221.74426
30.764,-179.6065
30.766,-137.46007
30.768,-99.06302
30.77,-64.64284
30.772,-32.839924
30.774,-0.8799104
30.776,32.02037
30.778,62.906647
30.78,83.02043
30.782,81.6728
30.784,49.53151
30.786,-16.898699
30.788,-114.61733
30.79,-232.53284
30.792,-354.72568
30.794,-464.11685
30.796,-548.2671
30.798,-600.187
30.8,-619.39404
30.802,-610.1382
30.804,-580.8642
30.806,-540.19916
30.808,-495.81543
30.81,-453.05905
30.812,-416.3997
30.814,-387.75082
30.816,-367.2336
30.818,-353.04956
30.82,-343.6543
30.822,-336.6943
30.824,-330.21005
30.826,-322.63965
30.828,-314.6165
30.83,-306.9624
30.832,-300.69128
30.834,-296.01215
30.836,-293.68533
30.838,-293.32797
30.84,-294.18716
30.842,-295.01807
30.844,-295.83322
30.846,-296.41864
30.848,-296.68875
30.85,-296.20572
30.852,-295.2837
30.854,-294.04315
30.856,-292.6862
30.858,-291.1894
30.86,-290.0289
30.862,-289.5191
30.864,-289.6843
30.866,-289.8816
30.868,-289.66516
30.87,-288.62833
30.872,-286.68237
30.874,-283.6247
30.876,-280.7193
30.878,-278.62488
30.88,-277.67664
30.882,-277.0672
30.884,-277.14505
30.886,-276.96317
30.888,-275.67538
30.89,-272.46176
30.892,-268.65805
30.894,-265.2475
30.896,-263.16742
30.898,-262.41608
30.9,-263.48868
30.902,-265.61047
30.904,-267.6703
30.906,-268.24213
30.908,-267.5392
30.91,-265.80258
30.912,-263.66772
30.914,-261.40732
30.916,-260.12845
30.918,-259.98083
30.92,-260.66583
30.922,-261.1778
30.924,-261.54785
30.926,-261.43094
30.928,-260.66583
30.93,-258.82663
30.932,-256.64377
30.934,-254.35591
30.936,-252.16042
30.938,-249.78471
30.94,-247.94124
30.942,-246.74397
30.944,-246.1566
30.946,-245.57335
30.948,-245.29556
30.95,-245.07045
30.952,-244.65564
30.954,-243.46649
30.956,-242.07384
30.958,-240.60603
30.96,-239.15215
30.962,-237.28513
30.964,-235.55096
30.966,-233.98592
30.968,-232.648
30.97,-231.21628
30.972,-230.42372
30.974,-230.42381
30.976,-231.14705
30.978,-231.8405
30.98,-232.61371
30.982,-233.11226
30.984,-233.14832
30.986,-232.34659
30.988,-231.6337
30.99,-231.48752
30.992,-232.14769
30.994,-233.00049
30.996,-234.09218
30.998,-234.81209
31.0,-234.64928
31.002,-232.9815
31.004,-230.68129
31.006,-228.38884
31.008,-226.64418
31.01,-225.12447
31.012,-224.15462
31.014,-223.29768
31.016,-222.14131
31.018,-220.12036
31.02,-218.20317
31.022,-217.15797
31.024,-217.63846
31.026,-219.33391
31.028,-222.46638
31.03,-226.34557
31.032,-230.14641
31.034,-232.73566
31.036,-234.50877
31.038,-235.71448
31.04,-236.65054
31.042,-236.89888
31.044,-236.92923
31.046,-236.65768
31.048,-236.15022
31.05,-235.28368
31.052,-235.35677
31.054,-237.19695
31.056,-241.15341
31.058,-246.2545
31.06,-251.8847
31.062,-256.59937
31.064,-259.16486
31.066,-258.58432
31.068,-256.01172
31.07,-252.95879
31.072,-251.15977
31.074,-251.36021
31.076,-254.50632
31.078,-260.0487
31.08,-266.66965
31.082,-272.29428
31.084,-276.34622
31.086,-278.5041
31.088,-279.1776
31.09,-278.73056
31.092,-278.7559
31.094,-280.12576
31.096,-283.18015
31.098,-287.16217
31.1,-292.01355
31.102,-297.06393
31.104,-301.69193
31.106,-304.97275
31.108,-307.37082
31.11,-309.15918
31.112,-310.69766
31.114,-311.75668
31.116,-313.03436
31.118,-314.56693
31.12,-316.20114
31.122,-317.1758
31.124,-317.88107
31.126,-318.35175
31.128,-318.70276
31.13,-318.55203
31.132,-318.59747
31.134,-318.98062
31.136,-319.70337
31.138,-320.13446
31.14,-320.7138
31.142,-321.4144
31.144,-322.205
31.146,-322.5149
31.148,-322.9235
31.15,-323.4889
31.152,-324.20624
31.154,-324.48752
31.156,-324.8438
31.158,-325.27023
31.16,-325.7072
31.162,-325.52518
31.164,-325.26172
31.166,-324.9706
31.168,-324.70657
31.17,-323.97244
31.172,-323.4454
31.174,-323.2067
31.176,-323.2056
31.178,-322.72037
31.18,-322.15292
31.182,-321.3555
31.184,-320.2037
31.186,-318.1064
31.188,-315.8507
31.19,-313.7695
31.192,-312.1986
31.194,-310.82996
31.196,-310.4384
31.198,-310.99225
31.2,-312.1986
31.202,-313.03207
31.204,-313.7082
31.206,-313.96387
31.208,-313.69955
31.21,-312.45523
31.212,-311.19855
31.214,-310.35025
31.216,-310.19733
31.218,-310.23535
31.22,-310.97598
31.222,-312.11658
31.224,-313.19925
31.226,-313.21835
31.228,-312.6108
31.23,-311.48962
31.232,-310.19733
31.234,-308.65112
31.236,-308.0026
31.238,-308.55768
31.24,-310.19733
31.242,-311.84064
31.244,-313.46762
31.246,-314.51593
31.248,-314.7002
31.25,-313.5964
31.252,-312.39896
31.254,-311.79483
31.256,-312.1986
31.258,-312.99374
31.26,-314.35788
31.262,-315.6289
31.264,-316.20114
31.266,-315.2817
31.268,-313.7997
31.27,-312.40543
31.272,-311.6983
31.274,-311.38055
31.276,-311.9345
31.278,-312.9009
31.28,-313.69955
31.282,-313.3966
31.284,-312.67728
31.286,-311.9613
31.288,-311.6983
31.29,-311.54694
31.292,-312.03308
31.294,-312.76468
31.296,-313.19925
31.298,-312.38684
31.3,-310.97754
31.302,-309.39645
31.304,-308.19608
31.306,-307.24625
31.308,-307.3464
31.31,-308.32687
31.312,-309.69702
31.314,-310.3228
31.316,-310.45166
31.318,-310.0223
31.32,-309.1967
31.322,-307.7147
31.324,-306.52832
31.326,-305.86246
31.328,-305.69446
31.33,-305.25217
31.332,-304.93427
31.334,-304.5988
31.336,-304.1935
31.338,-303.24237
31.34,-302.60513
31.342,-302.55228
31.344,-303.19287
31.346,-303.86398
31.348,-304.96243
31.35,-306.18436
31.352,-307.19543
31.354,-307.21384
31.356,-306.88803
31.358,-306.45615
31.36,-306.1948
31.362,-305.76007
31.364,-305.9065
31.366,-306.6201
31.368,-307.69574
31.37,-308.29086
31.372,-308.839
31.374,-309.2978
31.376,-309.69702
31.378,-309.5533
31.38,-309.5926
31.382,-309.85333
31.384,-310.19733
31.386,-309.8132
31.388,-309.11646
31.39,-308.05002
31.392,-306.6951
31.394,-304.74655
31.396,-303.21118
31.398,-302.4737
31.4,-302.69257
31.402,-303.19293
31.404,-304.28876
31.406,-305.58963
31.408,-306.6951
31.41,-306.80228
31.412,-306.56668
31.414,-306.26318
31.416,-306.1948
31.418,-306.01474
31.42,-306.39883
31.422,-307.23074
31.424,-308.19608
31.426,-308.38657
31.428,-308.2213
31.43,-307.75375
31.432,-307.19543
31.434,-306.29413
31.436,-305.95596
31.438,-306.3148
31.44,-307.19543
31.442,-307.6354
31.444,-307.82526
31.446,-307.51483
31.448,-306.6951
31.45,-305.09677
31.452,-303.85803
31.454,-303.4948
31.456,-304.1935
31.458,-305.14383
31.46,-306.3957
31.462,-307.26883
31.464,-307.19543
31.466,-305.44318
31.468,-303.0019
31.47,-300.64764
31.472,-299.19034
31.474,-298.6248
31.476,-299.6682
31.478,-301.94702
31.48,-304.69385
31.482,-306.5292
31.484,-307.49182
31.486,-307.46387
31.488,-306.6951
31.49,-305.14722
31.492,-303.95456
31.494,-303.4729
31.496,-303.6932
31.498,-303.78482
31.5,-303.92877
31.502,-303.7888
31.504,-303.19287
31.506,-301.69763
31.508,-300.2572
31.51,-299.3229
31.512,-299.19034
31.514,-299.36032
31.516,-300.24545
31.518,-301.49664
31.52,-302.69257
31.522,-302.98953
31.524,-302.99265
31.526,-302.95676
31.528,-303.19287
31.53,-303.37375
31.532,-304.167
31.534,-305.40723
31.536,-306.6951
31.538,-307.02557
31.54,-306.71313
31.542,-305.72064
31.544,-304.1935
31.546,-301.86185
31.548,-299.68005
31.55,-297.93207
31.552,-296.68875
31.554,-295.2784
31.556,-294.07532
31.558,-292.81247
31.56,-291.18524
31.562,-288.41922
31.564,-285.1236
31.566,-281.56387
31.568,-278.17697
31.57,-274.9538
31.572,-273.04828
31.574,-272.80835
31.576,-274.1744
31.578,-276.1481
31.58,-278.689
31.582,-281.1771
31.584,-283.18015
31.586,-284.08316
31.588,-284.80878
31.59,-285.87918
31.592,-287.683
31.594,-289.78857
31.596,-292.50598
31.598,-295.33066
31.6,-297.6894
31.602,-298.85275
31.604,-299.25446
31.606,-299.09457
31.608,-298.69
31.61,-298.1948
31.612,-298.10028
31.614,-298.21304
31.616,-298.1897
31.618,-297.7249
31.62,-297.09436
31.622,-296.35608
31.624,-295.6881
31.626,-294.92676
31.628,-294.95734
31.63,-295.94684
31.632,-297.6894
31.634,-298.73593
31.636,-299.39432
31.638,-299.49918
31.64,-299.19034
31.642,-297.98587
31.644,-297.24814
31.646,-297.4824
31.648,-298.69
31.65,-299.63715
31.652,-300.1709
31.654,-299.7109
31.656,-298.1897
31.658,-295.60153
31.66,-293.49542
31.662,-292.60144
31.664,-292.6862
31.666,-291.7445
31.668,-287.96994
31.67,-278.8591
31.672,-262.66708
31.674,-238.57762
31.676,-208.36409
31.678,-174.07935
31.68,-137.58752
31.682,-99.33982
31.684,-59.973953
31.686,-19.383524
31.688,21.513685
31.69,60.108154
31.692,90.06594
31.694,103.76186
31.696,93.55952
31.698,54.5724
31.7,-14.945679
31.702,-110.89187
31.704,-224.1426
31.706,-341.70615
31.708,-450.80115
31.71,-539.81067
31.712,-600.88226
31.714,-630.5822
31.716,-631.4367
31.718,-609.2395
31.72,-571.8638
31.722,-526.9648
31.724,-482.0127
31.726,-441.70862
31.728,-408.2597
31.73,-381.3197
31.732,-360.3432
31.734,-343.77768
31.736,-330.21005
31.738,-318.2391
31.74,-308.04077
31.742,-299.5429
31.744,-292.6862
31.746,-286.83514
31.748,-282.29996
31.75,-278.8232
31.752,-276.1757
31.754,-273.7989
31.756,-272.19885
31.758,-271.37653
31.76,-271.17252
31.762,-270.89322
31.764,-270.5234
31.766,-269.81323
31.768,-268.67093
31.77,-266.94788
31.772,-265.14075
31.774,-263.76163
31.776,-263.16742
31.778,-263.1315
31.78,-263.34985
31.782,-263.3535
31.784,-262.66708
31.786,-260.59094
31.788,-257.63446
31.79,-254.25957
31.792,-251.15977
31.794,-248.43167
31.796,-247.43594
31.798,-248.05577
31.8,-249.65883
31.802,-250.83109
31.804,-251.74496
31.806,-251.90929
31.808,-251.15977
31.81,-249.24287
31.812,-247.34361
31.814,-245.9284
31.816,-245.15596
31.818,-244.40489
31.82,-243.81091
31.822,-242.85693
31.824,-241.15341
31.826,-238.26828
31.828,-235.12639
31.83,-232.38654
31.832,-230.64673
31.834,-229.81952
31.836,-230.2812
31.838,-231.4922
31.84,-232.648
31.842,-232.62263
31.844,-231.5137
31.846,-229.38283
31.848,-226.64418
31.85,-223.52092
31.852,-221.0781
31.854,-219.63998
31.856,-219.1394
31.858,-218.82527
31.86,-218.66893
31.862,-218.20836
31.864,-217.13814
31.866,-215.04942
31.868,-212.66751
31.87,-210.40302
31.872,-208.63272
31.874,-207.21625
31.876,-206.65552
31.878,-206.76105
31.88,-207.13177
31.882,-206.93002
31.884,-206.2676
31.886,-204.99031
31.888,-203.12923
31.89,-200.50203
31.892,-197.92397
31.894,-195.73605
31.896,-194.12349
31.898,-192.69212
31.9,-191.78247
31.902,-191.18105
31.904,-190.62126
31.906,-189.49147
31.908,-188.20659
31.91,-186.86497
31.912,-185.61809
31.914,-184.22557
31.916,-183.30243
31.918,-182.94675
31.92,-183.11649
31.922,-183.2368
31.924,-183.58426
31.926,-183.95686
31.928,-184.11713
31.93,-183.4311
31.932,-182.32262
31.934,-180.95059
31.936,-179.61426
31.938,-178.26344
31.94,-177.7758
31.942,-178.41905
31.944,-180.11458
31.946,-181.97957
31.948,-183.89737
31.95,-185.3628
31.952,-186.11841
31.954,-185.84761
31.956,-185.55359
31.958,-185.96693
31.96,-187.61935
31.962,-190.13939
31.964,-193.65662
31.966,-197.5531
31.968,-201.12794
31.97,-203.42026
31.972,-204.83762
31.974,-205.74121
31.976,-206.63145
31.978,-207.43912
31.98,-208.79
31.982,-210.61638
31.984,-212.63527
31.986,-214.0797
31.988,-215.31139
31.99,-216.5442
31.992,-218.13878
31.994,-219.98433
31.996,-222.73856
31.998,-226.39636
32.0,-230.64673
32.002,-234.53772
32.004,-238.07532
32.006,-241.0867
32.008,-243.655
32.01,-245.62393
32.012,-247.84828
32.014,-250.6817
32.016,-254.16168
32.018,-257.5231
32.02,-260.67328
32.022,-263.14172
32.024,-264.66837
32.026,-264.90686
32.028,-264.82382
32.03,-265.19907
32.032,-266.66965
32.034,-269.00424
32.036,-272.38568
32.038,-276.2035
32.04,-279.67792
32.042,-281.732
32.044,-282.6066
32.046,-282.58322
32.048,-282.1795
32.05,-281.44818
32.052,-281.18076
32.054,-281.4774
32.056,-282.1795
32.058,-282.5577
32.06,-282.88208
32.062,-283.0985
32.064,-283.18015
32.066,-282.61508
32.068,-281.86307
32.07,-281.0008
32.072,-280.17825
32.074,-279.17078
32.076,-278.7618
32.078,-279.14957
32.08,-280.17825
32.082,-280.83408
32.084,-280.91757
32.086,-279.90076
32.088,-277.67664
32.09,-274.25455
32.092,-271.16486
32.094,-269.56406
32.096,-270.17188
32.098,-272.43094
32.1,-276.0408
32.102,-279.71802
32.104,-282.1795
32.106,-282.17105
32.108,-280.32404
32.11,-277.4635
32.112,-274.67474
32.114,-272.33572
32.116,-271.356
32.118,-271.52045
32.12,-272.17316
32.122,-272.09668
32.124,-271.50732
32.126,-270.546
32.128,-269.67154
32.13,-268.9013
32.132,-269.18842
32.134,-270.5731
32.136,-272.67346
32.138,-274.35577
32.14,-275.63974
32.142,-276.24472
32.144,-276.1757
32.146,-275.18698
32.148,-274.28955
32.15,-273.89886
32.152,-274.1744
32.154,-274.47162
32.156,-275.04852
32.158,-275.55203
32.16,-275.67538
32.162,-274.8081
32.164,-273.72086
32.166,-272.85907
32.168,-272.67346
32.17,-272.93854
32.172,-274.25858
32.174,-276.36526
32.176,-278.67728
32.178,-280.00037
32.18,-280.38193
32.182,-279.69205
32.184,-278.17697
32.186,-275.8939
32.188,-274.1694
32.19,-273.6719
32.192,-274.67474
32.194,-276.47696
32.196,-279.09634
32.198,-281.8663
32.2,-284.1808
32.202,-285.20837
32.204,-285.57837
32.206,-285.63202
32.208,-285.68173
32.21,-285.33438
32.212,-285.06998
32.214,-284.72925
32.216,-284.1808
32.218,-282.9821
32.22,-282.0177
32.222,-281.69684
32.224,-282.1795
32.226,-282.71872
32.228,-283.3342
32.23,-283.4397
32.232,-282.67984
32.234,-280.6897
32.236,-278.71893
32.238,-277.6817
32.24,-278.17697
32.242,-279.6461
32.244,-281.95947
32.246,-284.1033
32.248,-285.18143
32.25,-284.38254
32.252,-282.73322
32.254,-281.20837
32.256,-280.67856
32.258,-280.92682
32.26,-282.10736
32.262,-283.33322
32.264,-283.68048
32.266,-282.2181
32.268,-279.89417
32.27,-277.70367
32.272,-276.67603
32.274,-276.85214
32.276,-278.6301
32.278,-281.24585
32.28,-283.68048
32.282,-284.67313
32.284,-284.67108
32.286,-284.13147
32.288,-283.68048
32.29,-283.2172
32.292,-283.3208
32.294,-283.63986
32.296,-283.68048
32.298,-282.67087
32.3,-281.37695
32.302,-280.36398
32.304,-280.17825
32.306,-280.51767
32.308,-281.71674
32.31,-283.18054
32.312,-284.1808
32.314,-283.7146
32.316,-282.37396
32.318,-280.64972
32.32,-279.1776
32.322,-277.9348
32.324,-277.66763
32.326,-278.22052
32.328,-279.1776
32.33,-279.60953
32.332,-279.91428
32.334,-280.20007
32.336,-280.67856
32.338,-281.01767
32.34,-281.7877
32.342,-282.80167
32.344,-283.68048
32.346,-283.56155
32.348,-282.82593
32.35,-281.59238
32.352,-280.17825
32.354,-278.5293
32.356,-277.5759
32.358,-277.50916
32.36,-278.17697
32.362,-278.67438
32.364,-279.05533
32.366,-278.94058
32.368,-278.17697
32.37,-276.44717
32.372,-274.81464
32.374,-273.90955
32.376,-274.1744
32.378,-275.1889
32.38,-277.24692
32.382,-279.80334
32.384,-282.1795
32.386,-283.32468
32.388,-283.62115
32.39,-283.27353
32.392,-282.67984
32.394,-281.74976
32.396,-281.35522
32.398,-281.5724
32.4,-282.1795
32.402,-282.2775
32.404,-282.04666
32.406,-281.23056
32.408,-279.67792
32.41,-276.86456
32.412,-273.49933
32.414,-269.84634
32.416,-266.1693
32.418,-262.20947
32.42,-258.77887
32.422,-256.0797
32.424,-254.16168
32.426,-252.44026
32.428,-251.35672
32.43,-250.79904
32.432,-250.65945
32.434,-250.40013
32.436,-250.69408
32.438,-251.73853
32.44,-253.66136
32.442,-255.9634
32.444,-259.0835
32.446,-262.78033
32.448,-266.66965
32.45,-269.8586
32.452,-272.58316
32.454,-274.6979
32.456,-276.1757
32.458,-276.7772
32.46,-277.08743
32.462,-277.20654
32.464,-277.17633
32.466,-276.8983
32.468,-276.71912
32.47,-276.52646
32.472,-276.1757
32.474,-275.59564
32.476,-275.0635
32.478,-274.566
32.48,-274.1744
32.482,-273.7751
32.484,-274.18384
32.486,-275.57446
32.488,-277.67664
32.49,-278.90884
32.492,-279.29272
32.494,-278.4863
32.496,-276.67603
32.498,-273.75668
32.5,-271.56458
32.502,-271.11472
32.504,-272.67346
32.506,-274.93692
32.508,-277.21942
32.51,-278.3139
32.512,-277.67664
32.514,-275.24725
32.516,-272.8619
32.518,-271.8722
32.52,-272.67346
32.522,-273.63647
32.524,-272.76114
32.526,-266.95398
32.528,-253.66136
32.53,-231.4103
32.532,-201.67924
32.534,-166.84851
32.536,-129.58243
32.538,-91.26618
32.54,-52.996395
32.542,-14.346589
32.544,25.015915
32.546,64.3126
32.548,99.03625
32.55,122.413246
32.552,126.08021
32.554,102.71255
32.556,47.106586
32.558,-40.12215
32.56,-152.09676
32.562,-276.00616
32.564,-396.96362
32.566,-499.79575
32.568,-572.86444
32.57,-610.0264
32.572,-612.9057
32.574,-588.3138
32.576,-546.34753
32.578,-497.07986
32.58,-449.5973
32.582,-409.0906
32.584,-377.24
32.586,-352.716
32.588,-334.01257
32.59,-319.1281
32.592,-306.6951
32.594,-295.6449
32.596,-286.3945
32.598,-278.95465
32.6,-273.17377
32.602,-268.3062
32.604,-264.5669
32.606,-261.74054
32.608,-259.6652
32.61,-257.78506
32.612,-256.4518
32.614,-255.48856
32.616,-254.662
32.618,-253.43858
32.62,-252.11264
32.622,-250.80946
32.624,-249.65883
32.626,-248.45755
32.628,-247.34453
32.63,-246.38751
32.632,-245.65628
32.634,-245.02132
32.636,-244.55336
32.638,-244.41017
32.64,-244.65564
32.642,-244.82794
32.644,-245.02672
32.646,-245.01955
32.648,-244.65564
32.65,-243.36308
32.652,-242.14716
32.654,-241.08234
32.656,-240.15277
32.658,-238.78857
32.66,-237.83324
32.662,-237.18538
32.664,-236.65054
32.666,-235.62549
32.668,-234.69972
32.67,-233.88232
32.672,-233.14832
32.674,-232.0456
32.676,-231.02579
32.678,-229.95412
32.68,-228.64546
32.682,-226.60312
32.684,-224.3567
32.686,-222.1094
32.688,-220.14005
32.69,-218.38115
32.692,-217.5083
32.694,-217.52382
32.696,-218.13878
32.698,-218.50946
32.7,-218.55046
32.702,-217.83058
32.704,-216.1375
32.706,-213.23746
32.708,-209.99586
32.71,-206.97256
32.712,-204.63017
32.714,-202.85551
32.716,-202.0205
32.718,-201.78293
32.72,-201.62827
32.722,-200.75398
32.724,-199.3778
32.726,-197.57368
32.728,-195.62445
32.73,-193.57
32.732,-192.18802
32.734,-191.60196
32.736,-191.6219
32.738,-191.4788
32.74,-191.14174
32.742,-190.24454
32.744,-188.62
32.746,-186.02708
32.748,-183.27864
32.75,-180.85365
32.752,-179.11395
32.754,-177.83408
32.756,-177.32617
32.758,-177.24623
32.76,-177.11267
32.762,-176.12744
32.764,-174.5401
32.766,-172.44193
32.768,-170.10822
32.77,-167.52237
32.772,-165.47157
32.774,-164.17358
32.776,-163.60408
32.778,-163.14963
32.78,-162.97678
32.782,-162.85275
32.784,-162.60344
32.786,-161.75711
32.788,-160.84883
32.79,-160.07303
32.792,-159.60153
32.794,-159.12674
32.796,-159.14877
32.798,-159.67519
32.8,-160.60217
32.802,-161.33911
32.804,-162.22914
32.806,-163.29243
32.808,-164.60472
32.81,-165.83043
32.812,-167.51038
32.814,-169.6666
32.816,-172.10948
32.818,-174.02946
32.82,-175.5025
32.822,-176.34598
32.824,-176.61235
32.826,-176.18396
32.828,-176.07567
32.83,-176.9245
32.832,-179.11395
32.834,-182.17847
32.836,-186.16548
32.838,-190.51106
32.84,-194.62381
32.842,-197.67711
32.844,-200.09705
32.846,-202.25513
32.848,-204.63017
32.85,-207.1431
32.852,-210.3459
32.854,-214.12856
32.856,-218.13878
32.858,-221.52197
32.86,-224.42882
32.862,-226.89464
32.864,-229.14577
32.866,-231.06593
32.868,-233.35904
32.87,-236.23036
32.872,-239.65245
32.874,-242.97195
32.876,-246.29477
32.878,-249.40501
32.88,-252.16042
32.882,-254.10866
32.884,-255.7665
32.886,-257.38043
32.888,-259.16486
32.89,-260.808
32.892,-262.73816
32.894,-264.9134
32.896,-267.16995
32.898,-268.84808
32.9,-270.18152
32.902,-271.1183
32.904,-271.67282
32.906,-271.48795
32.908,-271.1321
32.91,-270.8125
32.912,-270.67218
32.914,-270.34143
32.916,-270.2857
32.918,-270.563
32.92,-271.17252
32.922,-271.60532
32.924,-272.23596
32.926,-272.98328
32.928,-273.6741
32.93,-273.622
32.932,-273.10965
32.934,-272.10126
32.936,-270.67218
32.938,-268.56473
32.94,-266.5726
32.942,-265.04425
32.944,-264.16806
32.946,-263.45203
32.948,-263.20657
32.95,-263.1946
32.952,-263.16742
32.954,-262.51297
32.956,-261.8061
32.958,-261.2842
32.96,-261.16614
32.962,-261.0687
32.964,-261.48578
32.966,-262.2722
32.968,-263.16742
32.97,-263.43436
32.972,-263.4875
32.974,-263.3693
32.976,-263.16742
32.978,-262.47473
32.98,-261.94086
32.982,-261.66232
32.984,-261.66647
32.986,-261.46558
32.988,-261.67325
32.99,-262.3957
32.992,-263.66772
32.994,-264.92667
32.996,-266.59152
32.998,-268.4508
33.0,-270.17188
33.002,-270.8889
33.004,-270.93628
33.006,-270.30887
33.008,-269.17123
33.01,-267.33185
33.012,-265.763
33.014,-264.8334
33.016,-264.66837
33.018,-264.62885
33.02,-265.0117
33.022,-265.5768
33.024,-266.1693
33.026,-266.3019
33.028,-266.72974
33.03,-267.68637
33.032,-269.17123
33.034,-270.37952
33.036,-271.3707
33.038,-271.70517
33.04,-271.17252
33.042,-269.48233
33.044,-267.82193
33.046,-267.02563
33.048,-267.6703
33.05,-269.28842
33.052,-271.91666
33.054,-274.68744
33.056,-276.67603
33.058,-276.80603
33.06,-275.69775
33.062,-274.02103
33.064,-272.67346
33.066,-271.9065
33.068,-272.63812
33.07,-274.75204
33.072,-277.67664
33.074,-280.15018
33.076,-282.12048
33.078,-283.30484
33.08,-283.68048
33.082,-282.90915
33.084,-281.85037
33.086,-280.85077
33.088,-280.17825
33.09,-279.52325
33.092,-279.61093
33.094,-280.5367
33.096,-282.1795
33.098,-283.68692
33.1,-285.14627
33.102,-286.1016
33.104,-286.18207
33.106,-284.7511
33.108,-282.5827
33.11,-280.1964
33.112,-278.17697
33.114,-276.49994
33.116,-276.0317
33.118,-276.83725
33.12,-278.67728
33.122,-280.604
33.124,-282.72464
33.126,-284.67746
33.128,-286.18207
33.13,-286.59085
33.132,-286.49924
33.134,-286.11575
33.136,-285.68173
33.138,-284.91632
33.14,-284.60028
33.142,-284.87317
33.144,-285.68173
33.146,-286.30118
33.148,-287.00647
33.15,-287.54007
33.152,-287.683
33.154,-286.83597
33.156,-285.6913
33.158,-284.54333
33.16,-283.68048
33.162,-282.78763
33.164,-282.53467
33.166,-282.89542
33.168,-283.68048
33.17,-284.1228
33.172,-284.58728
33.174,-284.96686
33.176,-285.18143
33.178,-284.69043
33.18,-284.1444
33.182,-283.73706
33.184,-283.68048
33.186,-283.65427
33.188,-284.38144
33.19,-285.8374
33.192,-287.683
33.194,-288.82034
33.196,-289.21643
33.198,-288.5041
33.2,-286.68237
33.202,-283.69632
33.204,-280.93448
33.206,-279.26874
33.208,-279.1776
33.21,-280.0287
33.212,-281.73776
33.214,-283.3954
33.216,-284.1808
33.218,-283.26163
33.22,-281.50427
33.222,-279.69894
33.224,-278.67728
33.226,-278.45657
33.228,-279.59515
33.23,-281.60184
33.232,-283.68048
33.234,-284.60834
33.236,-284.62076
33.238,-283.8475
33.24,-282.67984
33.242,-281.05542
33.244,-279.8822
33.246,-279.29276
33.248,-279.1776
33.25,-278.83093
33.252,-278.74042
33.254,-278.9842
33.256,-279.67792
33.258,-280.3604
33.26,-281.57828
33.262,-283.1451
33.264,-284.6811
33.266,-285.22595
33.268,-285.10266
33.27,-284.33728
33.272,-283.18015
33.274,-281.51318
33.276,-280.35132
33.278,-279.9521
33.28,-280.17825
33.282,-279.99673
33.284,-279.33316
33.286,-277.64288
33.288,-274.67474
33.29,-270.12274
33.292,-265.25128
33.294,-261.00342
33.296,-258.16425
33.298,-256.578
33.3,-256.72858
33.302,-258.1484
33.304,-260.1655
33.306,-261.6932
33.308,-263.0815
33.31,-264.47803
33.312,-266.1693
33.314,-267.85922
33.316,-270.17215
33.318,-272.9172
33.32,-275.67538
33.322,-277.52194
33.324,-278.82144
33.326,-279.7336
33.328,-280.67856
33.33,-281.8126
33.332,-284.01965
33.334,-287.3085
33.336,-291.18524
33.338,-294.6215
33.34,-297.02637
33.342,-297.625
33.344,-296.18842
33.346,-293.1638
33.348,-289.8705
33.35,-287.32843
33.352,-286.18207
33.354,-286.21896
33.356,-287.43094
33.358,-289.0206
33.36,-290.1846
33.362,-289.66013
33.364,-288.50336
33.366,-287.58014
33.368,-287.683
33.37,-288.08505
33.372,-289.25348
33.374,-290.52753
33.376,-291.18524
33.378,-290.1348
33.38,-288.36658
33.382,-286.76297
33.384,-286.18207
33.386,-286.3702
33.388,-287.57275
33.39,-288.8938
33.392,-289.18396
33.394,-286.92886
33.396,-282.13443
33.398,-274.52026
33.4,-263.66772
33.402,-248.2811
33.404,-227.9087
33.406,-201.73248
33.408,-169.6079
33.41,-131.92763
33.412,-91.17019
33.414,-49.76354
33.416,-10.006366
33.418,26.628185
33.42,57.518906
33.422,79.770775
33.424,89.056656
33.426,80.187386
33.428,46.6945
33.43,-15.354987
33.432,-105.567154
33.434,-217.35257
33.436,-339.82074
33.438,-458.3237
33.44,-558.3552
33.442,-628.5698
33.444,-664.71234
33.446,-668.43964
33.448,-646.4112
33.45,-607.3036
33.452,-560.72797
33.454,-513.7738
33.456,-470.7995
33.458,-433.28992
33.46,-402.1989
33.462,-377.1173
33.464,-357.22726
33.466,-341.04315
33.468,-328.0255
33.47,-317.1611
33.472,-307.69574
33.474,-298.90814
33.476,-291.6083
33.478,-286.288
33.48,-283.18015
33.482,-281.52008
33.484,-280.93735
33.486,-280.30237
33.488,-278.67728
33.49,-275.3899
33.492,-271.34412
33.494,-267.60257
33.496,-265.1687
33.498,-264.21808
33.5,-264.67
33.502,-265.78635
33.504,-266.66965
33.506,-266.46344
33.508,-265.15765
33.51,-263.311
33.512,-261.66647
33.514,-260.37576
33.516,-259.7333
33.518,-259.35135
33.52,-258.66455
33.522,-256.6915
33.524,-254.25943
33.526,-251.61781
33.528,-249.15851
33.53,-246.67114
33.532,-245.3484
33.534,-245.00601
33.536,-245.15596
33.538,-244.80527
33.54,-244.43544
33.542,-243.91864
33.544,-243.15468
33.546,-241.60638
33.548,-239.78322
33.55,-237.61862
33.552,-235.1496
33.554,-232.23932
33.556,-229.87729
33.558,-228.4808
33.56,-228.14514
33.562,-228.16344
33.564,-228.3819
33.566,-228.05373
33.568,-226.64418
33.57,-223.7489
33.572,-220.4044
33.574,-217.4593
33.576,-215.63718
33.578,-214.85219
33.58,-215.32417
33.582,-216.36462
33.584,-217.13814
33.586,-216.67435
33.588,-215.32008
33.59,-213.34283
33.592,-211.13431
33.594,-208.5997
33.596,-206.27303
33.598,-204.01329
33.6,-201.62827
33.602,-198.743
33.604,-196.13867
33.606,-194.3067
33.608,-193.62317
33.61,-193.75435
33.612,-194.7872
33.614,-196.01617
33.616,-196.62509
33.618,-195.65181
33.62,-193.45372
33.622,-190.40417
33.624,-187.11903
33.626,-183.82628
33.628,-181.39096
33.63,-179.8977
33.632,-179.11395
33.634,-178.29118
33.636,-177.62349
33.638,-177.04239
33.64,-176.61235
33.642,-176.06102
33.644,-175.97197
33.646,-176.37428
33.648,-177.11267
33.65,-177.50613
33.652,-177.7733
33.654,-177.80357
33.656,-177.61299
33.658,-176.94177
33.66,-176.53603
33.662,-176.71109
33.664,-177.61299
33.666,-178.71895
33.668,-180.23466
33.67,-181.82092
33.672,-183.11649
33.674,-183.43816
33.676,-183.26639
33.678,-182.87459
33.68,-182.61618
33.682,-182.35095
33.684,-182.74696
33.686,-183.87964
33.688,-185.61809
33.69,-187.24905
33.692,-188.96902
33.694,-190.6272
33.696,-192.12222
33.698,-192.95651
33.7,-193.66878
33.702,-194.47665
33.704,-195.62445
33.706,-196.89505
33.708,-198.93745
33.71,-201.88142
33.712,-205.63081
33.714,-209.4117
33.716,-213.23679
33.718,-216.7369
33.72,-219.63972
33.722,-221.41838
33.724,-222.7076
33.726,-223.9576
33.728,-225.64354
33.73,-227.66524
33.732,-230.59964
33.734,-234.37514
33.736,-238.65182
33.738,-242.50073
33.74,-245.93849
33.742,-248.8022
33.744,-251.15977
33.746,-252.8276
33.748,-254.61702
33.75,-256.8731
33.752,-259.6652
33.754,-262.29138
33.756,-264.78287
33.758,-266.79648
33.76,-268.1706
33.762,-268.59167
33.764,-268.91214
33.766,-269.66827
33.768,-271.17252
33.77,-272.89752
33.772,-274.84396
33.774,-276.43903
33.776,-277.17633
33.778,-276.42908
33.78,-274.95285
33.782,-273.454
33.784,-272.67346
33.786,-272.63138
33.788,-273.82434
33.79,-275.8946
33.792,-278.17697
33.794,-279.5256
33.796,-280.0039
33.798,-279.62534
33.8,-278.67728
33.802,-277.09027
33.804,-275.7053
33.806,-274.73923
33.808,-274.1744
33.81,-273.38782
33.812,-272.75793
33.814,-272.31683
33.816,-272.17316
33.818,-271.9914
33.82,-272.42026
33.822,-273.52582
33.824,-275.17505
33.826,-276.57568
33.828,-277.86697
33.83,-278.6798
33.832,-278.67728
33.834,-277.18094
33.836,-274.81223
33.838,-271.95816
33.84,-269.17123
33.842,-266.5598
33.844,-265.18274
33.846,-265.28534
33.848,-266.66965
33.85,-268.26218
33.852,-269.8945
33.854,-270.96948
33.856,-271.17252
33.858,-270.10983
33.86,-268.8397
33.862,-268.03415
33.864,-268.1706
33.866,-268.83676
33.868,-270.2819
33.87,-271.9422
33.872,-273.17377
33.874,-273.04315
33.876,-272.11026
33.878,-270.79227
33.88,-269.67154
33.882,-268.7598
33.884,-268.89615
33.886,-270.0131
33.888,-271.67282
33.89,-272.7716
33.892,-273.38046
33.894,-273.31418
33.896,-272.67346
33.898,-271.29837
33.9,-270.2095
33.902,-269.80154
33.904,-270.17188
33.906,-270.6065
33.908,-271.29803
33.91,-271.89807
33.912,-272.17316
33.914,-271.62646
33.916,-271.0663
33.918,-270.84824
33.92,-271.17252
33.922,-271.48715
33.924,-272.0714
33.926,-272.5734
33.928,-272.67346
33.93,-271.7833
33.932,-270.67944
33.934,-269.8324
33.936,-269.67154
33.938,-269.90646
33.94,-270.99582
33.942,-272.59155
33.944,-274.1744
33.946,-274.80453
33.948,-274.86844
33.95,-274.54437
33.952,-274.1744
33.954,-273.6087
33.956,-273.62888
33.958,-274.24194
33.96,-275.17505
33.962,-275.54514
33.964,-275.58627
33.966,-275.239
33.968,-274.67474
33.97,-273.7774
33.972,-273.5176
33.974,-274.18063
33.976,-275.67538
33.978,-277.04565
33.98,-278.18597
33.982,-278.50766
33.984,-277.67664
33.986,-275.31866
33.988,-272.5277
33.99,-270.0958
33.992,-268.67093
33.994,-268.03943
33.996,-268.58978
33.998,-269.84396
34.0,-271.17252
34.002,-271.59457
34.004,-271.51132
34.006,-271.10883
34.008,-270.67218
34.01,-269.92487
34.012,-269.48434
34.014,-269.28488
34.016,-269.17123
34.018,-268.58615
34.02,-268.21008
34.022,-268.33554
34.024,-269.17123
34.026,-270.19208
34.028,-271.61246
34.03,-272.84546
34.032,-273.17377
34.034,-271.5628
34.036,-268.47488
34.038,-264.3853
34.04,-260.1655
34.042,-256.35806
34.044,-254.40862
34.046,-254.76018
34.048,-257.1636
34.05,-260.27176
34.052,-263.46655
34.054,-265.66553
34.056,-266.1693
34.058,-264.42517
34.06,-261.5845
34.062,-258.6686
34.064,-256.66327
34.066,-255.7031
34.068,-256.44113
34.07,-258.49805
34.072,-261.16614
34.074,-263.26505
34.076,-264.9007
34.078,-265.99655
34.08,-266.66965
34.082,-266.63663
34.084,-266.54083
34.086,-266.40698
34.088,-266.1693
34.09,-265.36493
34.092,-264.63394
34.094,-264.1908
34.096,-264.16806
34.098,-264.08188
34.1,-264.28995
34.102,-264.5587
34.104,-264.66837
34.106,-264.09857
34.108,-263.56152
34.11,-263.35953
34.112,-263.66772
34.114,-263.94205
34.116,-264.43994
34.118,-264.78955
34.12,-264.66837
34.122,-263.5338
34.124,-262.1821
34.126,-261.09628
34.128,-260.66583
34.13,-260.53098
34.132,-261.01498
34.134,-261.71484
34.136,-262.16678
34.138,-261.6159
34.14,-260.64273
34.142,-259.5581
34.144,-258.66455
34.146,-257.59222
34.148,-256.68906
34.15,-255.55188
34.152,-253.66136
34.154,-250.17998
34.156,-245.66217
34.158,-240.5774
34.16,-235.64992
34.162,-231.18657
34.164,-228.36987
34.166,-227.5478
34.168,-228.64546
34.17,-230.79218
34.172,-233.95529
34.174,-237.57617
34.176,-241.15341
34.178,-243.87378
34.18,-246.14537
34.182,-248.03496
34.184,-249.65883
34.186,-250.65987
34.188,-251.69516
34.19,-252.86339
34.192,-254.16168
34.194,-255.11835
34.196,-256.1121
34.198,-257.01364
34.2,-257.6639
34.202,-257.74496
34.204,-257.5419
34.206,-256.99945
34.208,-256.16296
34.21,-255.2353
34.212,-254.72717
34.214,-254.72978
34.216,-255.16232
34.218,-255.72057
34.22,-256.49966
34.222,-257.2209
34.224,-257.6639
34.226,-257.1736
34.228,-256.64987
34.23,-256.55927
34.232,-257.1636
34.234,-257.46368
34.236,-257.7646
34.238,-257.6168
34.24,-256.66327
34.242,-254.18901
34.244,-251.23976
34.246,-248.63303
34.248,-247.15723
34.25,-246.75726
34.252,-248.01532
34.254,-250.65874
34.256,-254.16168
34.258,-257.4155
34.26,-260.2484
34.262,-261.77615
34.264,-260.66583
34.266,-254.699
34.268,-242.54945
34.27,-222.84113
34.272,-195.12413
34.274,-159.70657
34.276,-118.92132
34.278,-75.11897
34.28,-30.519415
34.282,13.468581
34.284,54.48528
34.286,89.98151
34.288,116.073845
34.29,127.8306
34.292,118.68443
34.294,83.56827
34.296,20.51305
34.298,-67.38203
34.3,-172.98007
34.302,-284.7905
34.304,-389.74796
34.306,-475.6453
34.308,-534.9564
34.31,-564.7119
34.312,-566.8606
34.314,-546.6245
34.316,-512.04175
34.318,-470.689
34.32,-428.77277
34.322,-390.08267
34.324,-357.3837
34.326,-331.38135
34.328,-311.6983
34.33,-296.95572
34.332,-286.48856
34.334,-279.11865
34.336,-273.6741
34.338,-268.68176
34.34,-263.8544
34.342,-258.82346
34.344,-253.66136
34.346,-248.45029
34.348,-244.44437
34.35,-242.29808
34.352,-242.15405
34.354,-243.10646
34.356,-244.5107
34.358,-245.16478
34.36,-244.15532
34.362,-240.9918
34.364,-236.51427
34.366,-231.98543
34.368,-228.64546
34.37,-226.96452
34.372,-226.80754
34.374,-227.49611
34.376,-228.14514
34.378,-227.86185
34.38,-226.70132
34.382,-225.21243
34.384,-224.1426
34.386,-223.50328
34.388,-223.91183
34.39,-224.84863
34.392,-225.64354
34.394,-225.35847
34.396,-225.01465
34.398,-225.00883
34.4,-225.64354
34.402,-226.40651
34.404,-227.57039
34.406,-228.3919
34.408,-228.14514
34.41,-226.13544
34.412,-223.27446
34.414,-220.35335
34.416,-218.13878
34.418,-216.61903
34.42,-216.15213
34.422,-216.19997
34.424,-216.1375
34.426,-215.26668
34.428,-214.20433
34.43,-213.38777
34.432,-213.13559
34.434,-212.99637
34.436,-212.89896
34.438,-212.12311
34.44,-210.13368
34.442,-206.60796
34.444,-202.72653
34.446,-199.5941
34.448,-198.12604
34.45,-198.2464
34.452,-199.90695
34.454,-202.07632
34.456,-203.62955
34.458,-203.54092
34.46,-202.33147
34.462,-200.72876
34.464,-199.627
34.466,-199.26675
34.468,-200.07556
34.47,-201.48532
34.472,-202.6289
34.474,-202.44484
34.476,-201.1751
34.478,-199.18651
34.48,-197.1254
34.482,-195.22533
34.484,-194.21587
34.486,-193.99289
34.488,-194.12349
34.49,-193.73764
34.492,-192.99371
34.494,-191.89682
34.496,-190.62126
34.498,-188.9959
34.5,-187.61334
34.502,-186.51662
34.504,-185.61809
34.506,-184.41177
34.508,-183.34624
34.51,-182.54333
34.512,-182.11586
34.514,-181.6871
34.516,-181.68283
34.518,-182.03514
34.52,-182.61618
34.522,-182.87154
34.524,-183.21655
34.526,-183.65916
34.528,-184.11713
34.53,-183.96085
34.532,-183.44012
34.534,-182.47186
34.536,-181.11522
34.538,-179.16577
34.54,-177.54422
34.542,-176.76376
34.544,-177.11267
34.546,-178.05608
34.548,-179.73203
34.55,-181.71567
34.552,-183.6168
34.554,-184.77234
34.556,-185.81956
34.558,-187.15785
34.56,-189.12032
34.562,-191.28653
34.564,-193.96136
34.566,-196.84776
34.568,-199.627
34.57,-201.65755
34.572,-203.57025
34.574,-205.77458
34.576,-208.63272
34.578,-211.76389
34.58,-215.50597
34.582,-219.57901
34.584,-223.64227
34.586,-226.9824
34.588,-230.1361
34.59,-233.42671
34.592,-237.15086
34.594,-240.8907
34.596,-244.94254
34.598,-248.99368
34.6,-252.66074
34.602,-255.20145
34.604,-257.158
34.606,-258.96695
34.608,-261.16614
34.61,-263.67136
34.612,-267.1267
34.614,-271.4329
34.616,-276.1757
34.618,-280.30276
34.62,-283.85416
34.622,-286.7478
34.624,-289.18396
34.626,-291.0596
34.628,-293.2804
34.63,-296.17505
34.632,-299.69064
34.634,-302.88058
34.636,-305.5727
34.638,-307.2532
34.64,-307.69574
34.642,-306.6078
34.644,-305.10648
34.646,-304.0739
34.648,-304.1935
34.65,-305.17627
34.652,-307.2377
34.654,-309.8056
34.656,-312.1986
34.658,-313.41043
34.66,-313.85312
34.662,-313.82538
34.664,-313.69955
34.666,-313.16888
34.668,-312.74976
34.67,-312.31372
34.672,-311.6983
34.674,-310.38037
34.676,-309.20276
34.678,-308.681
34.68,-309.1967
34.682,-310.23236
34.684,-311.9848
34.686,-313.85748
34.688,-315.20053
34.69,-315.0688
34.692,-314.10022
34.694,-312.78473
34.696,-311.6983
34.698,-310.68027
34.7,-310.4143
34.702,-310.7162
34.704,-311.19797
34.706,-310.94653
34.708,-310.47995
34.71,-309.98337
34.712,-309.69702
34.714,-309.19626
34.716,-309.1143
34.718,-309.34717
34.72,-309.69702
34.722,-309.45328
34.724,-309.31546
34.726,-309.50916
34.728,-310.19733
34.73,-310.79434
34.732,-311.761
34.734,-312.83334
34.736,-313.69955
34.738,-313.58627
34.74,-313.1988
34.742,-312.81476
34.744,-312.6989
34.746,-312.4048
34.748,-312.56638
34.75,-313.06778
34.752,-313.69955
34.754,-313.72546
34.756,-313.80176
34.758,-314.09024
34.76,-314.7002
34.762,-315.03128
34.764,-315.5938
34.766,-316.2163
34.768,-316.70148
34.77,-316.3824
34.772,-316.01935
34.774,-315.88712
34.776,-316.20114
34.778,-316.44455
34.78,-317.16888
34.782,-318.18225
34.784,-319.20306
34.786,-319.43036
34.788,-319.47684
34.79,-319.50803
34.792,-319.70337
34.794,-319.5964
34.796,-319.859
34.798,-320.4484
34.8,-321.20435
34.802,-321.38043
34.804,-321.55557
34.806,-321.80585
34.808,-322.205
34.81,-322.20724
34.812,-322.43622
34.814,-322.828
34.816,-323.2056
34.818,-322.79578
34.82,-322.16464
34.822,-321.40997
34.824,-320.704
34.826,-319.68115
34.828,-319.2036
34.83,-319.41016
34.832,-320.2037
34.834,-320.7087
34.836,-321.2116
34.838,-321.43423
34.84,-321.20435
34.842,-319.97543
34.844,-318.64963
34.846,-317.6259
34.848,-317.20178
34.85,-316.90475
34.852,-317.29745
34.854,-318.1698
34.856,-319.20306
34.858,-319.54706
34.86,-319.75693
34.862,-319.93427
34.864,-320.2037
34.866,-320.06036
34.868,-320.1593
34.87,-320.43433
34.872,-320.704
34.874,-320.20242
34.876,-319.5332
34.878,-318.81494
34.88,-318.20242
34.882,-317.2632
34.884,-316.7674
34.886,-316.77554
34.888,-317.20178
34.89,-317.31085
34.892,-317.62875
34.894,-318.11023
34.896,-318.70276
34.898,-318.77795
34.9,-318.97742
34.902,-319.30984
34.904,-319.70337
34.906,-319.474
34.908,-319.17484
34.91,-318.76828
34.912,-318.20242
34.914,-316.91592
34.916,-315.62033
34.918,-314.49268
34.92,-313.69955
34.922,-312.84085
34.924,-312.65732
34.926,-313.16928
34.928,-314.1999
34.93,-314.88113
34.932,-315.54596
34.934,-316.0096
34.936,-316.20114
34.938,-315.64404
34.94,-315.26126
34.942,-315.39157
34.944,-316.20114
34.946,-317.0249
34.948,-318.23605
34.95,-319.44473
34.952,-320.2037
34.954,-319.60303
34.956,-318.27353
34.958,-316.501
34.96,-314.7002
34.962,-312.71368
34.964,-311.5503
34.966,-311.40765
34.968,-312.1986
34.97,-313.02814
34.972,-314.15216
34.974,-315.18076
34.976,-315.70084
34.978,-314.7672
34.98,-312.8409
34.982,-309.93582
34.984,-306.1948
34.986,-301.32123
34.988,-296.42557
34.99,-292.0604
34.992,-288.68365
34.994,-286.01645
34.996,-284.8825
34.998,-285.3228
35.0,-287.1827
35.002,-289.60443
35.004,-292.93796
35.006,-296.91
35.008,-301.19162
35.01,-304.87863
35.012,-308.35025
35.014,-311.4773
35.016,-314.1999
35.018,-316.03305
35.02,-317.72348
35.022,-319.4321
35.024,-321.20435
35.026,-322.5986
35.028,-323.91983
35.03,-324.8752
35.032,-325.20688
35.034,-324.70236
35.036,-323.9011
35.038,-322.99878
35.04,-322.205
35.042,-321.6505
35.044,-321.76617
35.046,-322.38477
35.048,-323.2056
35.05,-323.5016
35.052,-323.86395
35.054,-324.4274
35.056,-325.20688
35.058,-324.99533
35.06,-324.51724
35.062,-323.84787
35.064,-323.2056
35.066,-321.9031
35.068,-321.2839
35.07,-321.7537
35.072,-323.2056
35.074,-324.17014
35.076,-324.42468
35.078,-323.29868
35.08,-320.704
35.082,-316.63605
35.084,-312.84668
35.086,-310.24323
35.088,-308.69638
35.09,-306.12363
35.092,-300.63577
35.094,-289.58557
35.096,-271.17252
35.098,-244.62715
35.1,-212.01764
35.102,-175.66446
35.104,-137.58752
35.106,-98.17276
35.108,-57.958046
35.11,-16.725363
35.112,24.515596
35.114,62.8227
35.116,91.27071
35.118,101.76727
35.12,86.55506
35.122,41.125565
35.124,-35.655655
35.126,-139.04553
35.128,-259.6652
35.13,-384.78958
35.132,-502.40994
35.134,-601.56604
35.136,-674.429
35.138,-716.5544
35.14,-728.6812
35.142,-714.4243
35.144,-679.93256
35.146,-632.2331
35.148,-579.66693
35.15,-528.8571
35.152,-484.3081
35.154,-447.50174
35.156,-418.8432
35.158,-396.65457
35.16,-378.74094
35.162,-362.80948
35.164,-348.63995
35.166,-336.29095
35.168,-326.20752
35.17,-318.2057
35.172,-312.75943
35.174,-309.24197
35.176,-306.6951
35.178,-303.76733
35.18,-300.5397
35.182,-297.06342
35.184,-293.68683
35.186,-290.42807
35.188,-287.9664
35.19,-286.42822
35.192,-285.68173
35.194,-285.14194
35.196,-284.76483
35.198,-284.5754
35.2,-284.6811
35.202,-284.86798
35.204,-285.15936
35.206,-285.48666
35.208,-285.68173
35.21,-285.05865
35.212,-283.9718
35.214,-282.44653
35.216,-280.67856
35.218,-278.31674
35.22,-276.7227
35.222,-275.93652
35.224,-275.67538
35.226,-274.84476
35.228,-274.10693
35.23,-273.11514
35.232,-271.67282
35.234,-269.34323
35.236,-267.3288
35.238,-266.05093
35.24,-265.669
35.242,-265.508
35.244,-265.7339
35.246,-265.67017
35.248,-264.66837
35.25,-261.97073
35.252,-258.4005
35.254,-254.66531
35.256,-251.6601
35.258,-249.73856
35.26,-249.88005
35.262,-251.93678
35.264,-255.16232
35.266,-258.04144
35.268,-260.05853
35.27,-260.50354
35.272,-259.16486
35.274,-255.96179
35.276,-252.18668
35.278,-248.71236
35.28,-246.1566
35.282,-244.29066
35.284,-243.42708
35.286,-243.07404
35.288,-242.65437
35.29,-241.34525
35.292,-239.63896
35.294,-237.79535
35.296,-236.15022
35.298,-234.50757
35.3,-233.44267
35.302,-232.77596
35.304,-232.14769
35.306,-230.78021
35.308,-229.06451
35.31,-227.1094
35.312,-225.14323
35.314,-222.96602
35.316,-221.30579
35.318,-220.23492
35.32,-219.63972
35.322,-218.84799
35.324,-218.2207
35.326,-217.67345
35.328,-217.13814
35.33,-216.08263
35.332,-215.04208
35.334,-214.0557
35.336,-213.13559
35.338,-211.8062
35.34,-210.69426
35.342,-209.94705
35.344,-209.63336
35.346,-209.20444
35.348,-209.127
35.35,-209.31357
35.352,-209.63336
35.354,-209.45372
35.356,-209.36383
35.358,-209.53346
35.36,-210.13368
35.362,-210.75095
35.364,-211.9959
35.366,-213.85489
35.368,-216.1375
35.37,-217.99176
35.372,-219.68584
35.374,-221.08029
35.376,-222.14131
35.378,-222.41725
35.38,-222.74399
35.382,-223.54005
35.384,-225.14323
35.386,-227.14883
35.388,-230.1082
35.39,-233.88507
35.392,-238.1515
35.394,-241.9293
35.396,-245.45563
35.398,-248.66515
35.4,-251.6601
35.402,-254.1197
35.404,-256.91446
35.406,-260.3885
35.408,-264.66837
35.41,-269.06052
35.412,-273.80563
35.414,-278.60693
35.416,-283.18015
35.418,-286.7928
35.42,-290.0135
35.422,-293.07678
35.424,-296.18842
35.426,-298.86417
35.428,-301.5798
35.43,-304.2435
35.432,-306.6951
35.434,-308.26172
35.436,-309.5165
35.438,-310.7281
35.44,-312.1986
35.442,-313.61475
35.444,-315.64648
35.446,-318.37082
35.448,-321.70465
35.45,-324.915
35.452,-328.3697
35.454,-332.00107
35.456,-335.71356
35.458,-338.81262
35.46,-341.67447
35.462,-344.18884
35.464,-346.22025
35.466,-347.10785
35.468,-347.39008
35.47,-347.2123
35.472,-346.72058
35.474,-345.46698
35.476,-344.15482
35.478,-343.00436
35.48,-342.2177
35.482,-341.41217
35.484,-341.34055
35.486,-342.13754
35.488,-343.71866
35.49,-345.1942
35.492,-346.74902
35.494,-348.02118
35.496,-348.72183
35.498,-348.14612
35.5,-347.0586
35.502,-345.80896
35.504,-344.7193
35.506,-343.38055
35.508,-342.48407
35.51,-341.98624
35.512,-341.71738
35.514,-340.89093
35.516,-340.11914
35.518,-339.5217
35.52,-339.2158
35.522,-338.62686
35.524,-338.37674
35.526,-338.33292
35.528,-338.21515
35.53,-337.10364
35.532,-335.57205
35.534,-333.8132
35.536,-332.21133
35.538,-330.61768
35.54,-330.21863
35.542,-331.30222
35.544,-333.71228
35.546,-336.2228
35.548,-338.7571
35.55,-340.58707
35.552,-341.21707
35.554,-339.947
35.556,-337.97098
35.558,-336.1286
35.56,-335.21326
35.562,-335.0501
35.564,-336.3894
35.566,-338.8535
35.568,-341.71738
35.57,-343.5565
35.572,-344.58728
35.574,-344.73456
35.576,-344.21896
35.578,-342.794
35.58,-341.6628
35.582,-341.24628
35.584,-341.71738
35.586,-342.36975
35.588,-343.75266
35.59,-345.64667
35.592,-347.7212
35.594,-348.96808
35.596,-349.86902
35.598,-350.4088
35.6,-350.7231
35.602,-350.4462
35.604,-350.67975
35.606,-351.7653
35.608,-353.72504
35.61,-355.58188
35.612,-357.51187
35.614,-359.01028
35.616,-359.72885
35.618,-359.01627
35.62,-357.96542
35.622,-357.20728
35.624,-357.22726
35.626,-357.5172
35.628,-358.57135
35.63,-359.97348
35.632,-361.2298
35.634,-361.37854
35.636,-361.18582
35.638,-361.0158
35.64,-361.2298
35.642,-361.34805
35.644,-361.9953
35.646,-362.9138
35.648,-363.73138
35.65,-363.53937
35.652,-363.0921
35.654,-362.71207
35.656,-362.73074
35.658,-362.6609
35.66,-363.20142
35.662,-364.16754
35.664,-365.23236
35.666,-365.45895
35.668,-365.50708
35.67,-365.54352
35.672,-365.73267
35.674,-365.46994
35.676,-365.40744
35.678,-365.40024
35.68,-365.23236
35.682,-364.1106
35.684,-362.86624
35.686,-361.81036
35.688,-361.2298
35.69,-360.62585
35.692,-360.70956
35.694,-361.33725
35.696,-362.23044
35.698,-362.4941
35.7,-362.7724
35.702,-363.15778
35.704,-363.73138
35.706,-363.8485
35.708,-364.15488
35.71,-364.5184
35.712,-364.73203
35.714,-363.9911
35.716,-363.08066
35.718,-362.24313
35.72,-361.73013
35.722,-361.0699
35.724,-361.14792
35.726,-362.05334
35.728,-363.73138
35.73,-365.36194
35.732,-367.5124
35.734,-369.94604
35.736,-372.23682
35.738,-373.18073
35.74,-373.09402
35.742,-371.8637
35.744,-369.7352
35.746,-366.6734
35.748,-364.34277
35.75,-363.59308
35.752,-364.73203
35.754,-366.6712
35.756,-369.1768
35.758,-371.04724
35.76,-371.23618
35.762,-368.6187
35.764,-364.30167
35.766,-359.29214
35.768,-354.72568
35.77,-350.78113
35.772,-348.54672
35.774,-347.87015
35.776,-348.22153
35.778,-348.3812
35.78,-348.8426
35.782,-349.71652
35.784,-351.22342
35.786,-352.83105
35.788,-355.23016
35.79,-358.172
35.792,-361.2298
35.794,-363.35376
35.796,-365.14542
35.798,-366.72153
35.8,-368.23425
35.802,-369.15033
35.804,-370.08902
35.806,-370.86237
35.808,-371.23618
35.81,-370.733
35.812,-370.05817
35.814,-369.46942
35.816,-369.2349
35.818,-369.3594
35.82,-370.31247
35.822,-371.76895
35.824,-373.23743
35.826,-374.1291
35.828,-374.6693
35.83,-374.7175
35.832,-374.23807
35.834,-372.66116
35.836,-371.11255
35.838,-370.056
35.84,-369.7352
35.842,-368.99725
35.844,-368.62973
35.846,-368.55136
35.848,-368.7346
35.85,-368.31555
35.852,-368.3736
35.854,-369.08374
35.856,-370.23553
35.858,-370.4756
35.86,-369.93747
35.862,-368.39493
35.864,-366.23297
35.866,-363.7177
35.868,-362.62653
35.87,-363.23492
35.872,-364.23172
35.874,-362.0231
35.876,-353.60254
35.878,-335.8748
35.88,-307.69574
35.882,-269.92432
35.884,-226.94853
35.886,-183.02449
35.888,-141.08975
35.89,-101.09413
35.892,-62.44012
35.894,-23.673058
35.896,14.509231
35.898,48.15126
35.9,68.05811
35.902,63.98771
35.904,27.517506
35.906,-43.86595
35.908,-146.76846
35.91,-270.09732
35.912,-398.25336
35.914,-514.38947
35.916,-606.2035
35.918,-666.30115
35.92,-693.44116
35.922,-690.9163
35.924,-666.5781
35.926,-628.6796
35.928,-584.8721
35.93,-540.67255
35.932,-501.06662
35.934,-468.4223
35.936,-443.282
35.938,-424.12436
35.94,-409.87253
35.942,-398.4888
35.944,-388.24698
35.946,-377.6139
35.948,-367.32468
35.95,-358.0877
35.952,-350.7231
35.954,-345.1303
35.956,-341.9972
35.958,-340.80908
35.96,-340.71674
35.962,-340.3333
35.964,-339.76614
35.966,-338.8737
35.968,-337.71484
35.97,-335.97943
35.972,-334.2616
35.974,-332.79022
35.976,-331.71103
35.978,-330.72412
35.98,-330.08334
35.982,-329.9087
35.984,-330.21005
35.986,-330.4674
35.988,-330.58408
35.99,-330.3734
35.992,-329.70975
35.994,-327.97552
35.996,-325.9925
35.998,-323.98276
36.0,-322.205
36.002,-320.19055
36.004,-319.21738
36.006,-319.1834
36.008,-319.70337
36.01,-319.66602
36.012,-319.69922
36.014,-319.58502
36.016,-319.20306
36.018,-318.02695
36.02,-317.02658
36.022,-316.40405
36.024,-316.20114
36.026,-315.76657
36.028,-315.57474
36.03,-315.33105
36.032,-314.7002
36.034,-312.95224
36.036,-310.72363
36.038,-308.21292
36.04,-305.69446
36.042,-302.96405
36.044,-300.87802
36.046,-299.51025
36.048,-298.69
36.05,-297.6073
36.052,-296.5498
36.054,-295.2818
36.056,-293.68683
36.058,-291.35327
36.06,-289.10626
36.062,-287.1875
36.064,-285.68173
36.066,-284.02164
36.068,-282.61285
36.07,-281.2292
36.072,-279.67792
36.074,-277.4492
36.076,-275.30792
36.078,-273.50275
36.08,-272.17316
36.082,-270.81738
36.084,-269.82434
36.086,-268.88666
36.088,-267.6703
36.09,-265.51764
36.092,-263.10638
36.094,-260.7247
36.096,-258.66455
36.098,-256.6193
36.1,-255.17911
36.102,-254.14516
36.104,-253.16106
36.106,-251.40112
36.108,-249.36761
36.11,-247.20337
36.112,-245.15596
36.114,-242.96446
36.116,-241.41759
36.118,-240.54366
36.12,-240.15277
36.122,-239.41922
36.124,-238.68633
36.126,-237.79771
36.128,-236.65054
36.13,-234.69434
36.132,-232.67404
36.134,-230.88239
36.136,-229.64609
36.138,-228.72473
36.14,-228.92502
36.142,-230.21239
36.144,-232.14769
36.146,-233.42554
36.148,-233.89137
36.15,-233.11267
36.152,-231.14705
36.154,-228.0502
36.156,-225.4776
36.158,-224.49866
36.16,-225.64354
36.162,-228.0844
36.164,-231.52165
36.166,-234.84059
36.168,-237.15086
36.17,-237.6513
36.172,-237.55107
36.174,-238.02542
36.176,-240.15277
36.178,-243.81602
36.18,-249.2462
36.182,-255.45201
36.184,-261.16614
36.186,-264.84338
36.188,-266.8491
36.19,-267.78925
36.192,-268.67093
36.194,-269.8572
36.196,-272.44217
36.198,-276.40283
36.2,-281.17886
36.202,-285.42642
36.204,-289.09503
36.206,-291.98038
36.208,-294.18716
36.21,-295.45285
36.212,-296.71906
36.214,-298.38202
36.216,-300.69128
36.218,-303.20456
36.22,-306.5067
36.222,-310.57962
36.224,-315.20053
36.226,-319.3976
36.228,-323.24533
36.23,-326.40332
36.232,-328.7091
36.234,-329.72775
36.236,-330.39075
36.238,-331.25293
36.24,-332.71167
36.242,-334.31012
36.244,-336.3601
36.246,-338.48022
36.248,-340.21643
36.25,-340.7118
36.252,-340.52478
36.254,-340.02686
36.256,-339.71613
36.258,-339.48755
36.26,-340.141
36.262,-341.66968
36.264,-343.71866
36.266,-345.16965
36.268,-346.05814
36.27,-346.0882
36.272,-345.2196
36.274,-343.13107
36.276,-340.8645
36.278,-338.94937
36.28,-337.71484
36.282,-336.64105
36.284,-336.18155
36.286,-336.11807
36.288,-336.2139
36.29,-335.75922
36.292,-335.4329
36.294,-335.4027
36.296,-335.71356
36.298,-335.6263
36.3,-335.46704
36.302,-334.91513
36.304,-333.71228
36.306,-331.2492
36.308,-328.48566
36.31,-325.97363
36.312,-324.20624
36.314,-322.8419
36.316,-322.51645
36.318,-322.95572
36.32,-323.70593
36.322,-323.7617
36.324,-323.6264
36.326,-323.38992
36.328,-323.2056
36.33,-322.58405
36.332,-322.20877
36.334,-321.984
36.336,-321.70465
36.338,-320.60825
36.34,-319.4157
36.342,-318.36295
36.344,-317.70212
36.346,-317.00845
36.348,-317.05933
36.35,-317.84222
36.352,-319.20306
36.354,-320.3483
36.356,-321.85794
36.358,-323.6871
36.36,-325.7072
36.362,-327.09262
36.364,-328.267
36.366,-329.02295
36.368,-329.20944
36.37,-328.2346
36.372,-327.01437
36.374,-325.9175
36.376,-325.20688
36.378,-324.35474
36.38,-323.97992
36.382,-323.97287
36.384,-324.20624
36.386,-324.04752
36.388,-324.28235
36.39,-325.03812
36.392,-326.20752
36.394,-326.80585
36.396,-326.98288
36.398,-326.32935
36.4,-324.70657
36.402,-321.82907
36.404,-319.1254
36.406,-317.5376
36.408,-317.70212
36.41,-319.0805
36.412,-321.80835
36.414,-325.00067
36.416,-327.70847
36.418,-328.73578
36.42,-328.72763
36.422,-328.18198
36.424,-327.70847
36.426,-327.12268
36.428,-327.13058
36.43,-327.47308
36.432,-327.70847
36.434,-326.93185
36.436,-325.8706
36.438,-324.96255
36.44,-324.70657
36.442,-324.81747
36.444,-325.9503
36.446,-327.77448
36.448,-329.70975
36.45,-330.60516
36.452,-330.8806
36.454,-330.6517
36.456,-330.21005
36.458,-329.28455
36.46,-328.77515
36.462,-328.78262
36.464,-329.20944
36.466,-329.30765
36.468,-329.61487
36.47,-330.1043
36.472,-330.7104
36.474,-330.7547
36.476,-330.74637
36.478,-330.5875
36.48,-330.21005
36.482,-329.11084
36.484,-328.1169
36.486,-327.46008
36.488,-327.20816
36.49,-326.67685
36.492,-326.27255
36.494,-325.8081
36.496,-325.20688
36.498,-324.0429
36.5,-323.34274
36.502,-323.5189
36.504,-324.70657
36.506,-326.07675
36.508,-327.74832
36.51,-329.11572
36.512,-329.70975
36.514,-328.86673
36.516,-327.64883
36.518,-326.74518
36.52,-326.70782
36.522,-327.09976
36.524,-328.26157
36.526,-329.55063
36.528,-330.21005
36.53,-329.14798
36.532,-326.99338
36.534,-324.16452
36.536,-321.20435
36.538,-317.9429
36.54,-315.16602
36.542,-312.71094
36.544,-310.19733
36.546,-306.72107
36.548,-302.91306
36.55,-299.08597
36.552,-295.6881
36.554,-292.56622
36.556,-290.66934
36.558,-290.09137
36.56,-290.68494
36.562,-291.61905
36.564,-293.35315
36.566,-295.76627
36.568,-298.69
36.57,-301.30966
36.572,-304.01184
36.574,-306.54898
36.576,-308.69638
36.578,-309.8091
36.58,-310.66193
36.582,-311.5443
36.584,-312.6989
36.586,-313.72507
36.588,-315.1597
36.59,-316.77026
36.592,-318.20242
36.594,-318.80032
36.596,-318.8779
36.598,-318.34058
36.6,-317.20178
36.602,-315.43927
36.604,-313.68427
36.606,-312.0747
36.608,-310.69766
36.61,-309.5149
36.612,-309.0204
36.614,-309.14682
36.616,-309.69702
36.618,-309.88547
36.62,-310.2883
36.622,-310.9225
36.624,-311.6983
36.626,-311.42563
36.628,-310.85007
36.63,-310.15738
36.632,-309.69702
36.634,-309.02255
36.636,-309.3422
36.638,-310.86023
36.64,-313.19925
36.642,-314.7674
36.644,-315.17157
36.646,-313.77878
36.648,-310.69766
36.65,-306.24707
36.652,-302.33588
36.654,-299.80508
36.656,-298.1897
36.658,-294.9479
36.66,-287.73312
36.662,-273.77194
36.664,-251.6601
36.666,-221.59314
36.668,-186.82634
36.67,-150.77849
36.672,-116.073845
36.674,-83.0312
36.676,-51.44341
36.678,-20.061657
36.68,11.007002
36.682,39.256638
36.684,57.804462
36.686,58.421337
36.688,33.521324
36.69,-20.548214
36.692,-103.184425
36.694,-207.4037
36.696,-321.70465
36.698,-432.16858
36.7,-527.00977
36.702,-597.23376
36.704,-638.4061
36.706,-650.22473
36.708,-637.26324
36.71,-605.8923
36.712,-563.3584
36.714,-516.0823
36.716,-470.3928
36.718,-430.2849
36.72,-397.75302
36.722,-372.4864
36.724,-353.91702
36.726,-340.16275
36.728,-329.20944
36.73,-318.9949
36.732,-309.29242
36.734,-300.049
36.736,-291.68555
36.738,-284.3263
36.74,-279.02588
36.742,-275.92487
36.744,-274.67474
36.746,-274.11484
36.748,-273.91727
36.75,-273.39804
36.752,-272.17316
36.754,-269.9202
36.756,-267.45273
36.758,-265.50665
36.76,-264.66837
36.762,-264.8031
36.764,-265.7665
36.766,-266.9639
36.768,-267.6703
36.77,-267.0373
36.772,-265.04977
36.774,-262.15775
36.776,-259.16486
36.778,-256.43524
36.78,-255.1214
36.782,-255.33104
36.784,-256.66327
36.786,-257.76022
36.788,-258.81805
36.79,-259.10544
36.792,-258.16425
36.794,-255.43748
36.796,-252.29953
36.798,-249.37743
36.8,-247.15723
36.802,-245.42282
36.804,-244.77695
36.806,-244.86742
36.808,-245.15596
36.81,-244.77101
36.812,-244.02887
36.814,-242.93575
36.816,-241.65373
36.818,-240.04646
36.82,-238.90909
36.822,-238.4341
36.824,-238.65182
36.826,-239.07219
36.828,-240.05075
36.83,-241.36194
36.832,-242.65437
36.834,-243.09872
36.836,-242.8489
36.838,-241.70245
36.84,-239.65245
36.842,-236.5256
36.844,-233.31625
36.846,-230.57191
36.848,-228.64546
36.85,-227.17009
36.852,-226.43141
36.854,-226.0531
36.856,-225.64354
36.858,-224.5955
36.86,-223.45251
36.862,-222.42761
36.864,-221.641
36.866,-220.5895
36.868,-219.32626
36.87,-217.22496
36.872,-213.63591
36.874,-207.80675
36.876,-200.36143
36.878,-191.96873
36.88,-183.6168
36.882,-175.9904
36.884,-170.48198
36.886,-167.65921
36.888,-167.60663
36.89,-169.58243
36.892,-173.48372
36.894,-178.59314
36.896,-184.11713
36.898,-188.89825
36.9,-192.94223
36.902,-196.1195
36.904,-198.62636
36.906,-200.47371
36.908,-202.77037
36.91,-205.98735
36.912,-210.13368
36.914,-214.19914
36.916,-217.87186
36.918,-220.34947
36.92,-221.14069
36.922,-219.79475
36.924,-217.4221
36.926,-214.84924
36.928,-212.63527
36.93,-210.28749
36.932,-207.86702
36.934,-204.77574
36.936,-200.62762
36.938,-195.08589
36.94,-189.52753
36.942,-185.19923
36.944,-183.11649
36.946,-183.08438
36.948,-185.16542
36.95,-188.37927
36.952,-191.6219
36.954,-193.67253
36.956,-195.08961
36.958,-196.60672
36.96,-199.12668
36.962,-202.72191
36.964,-207.85071
36.966,-213.95619
36.968,-220.14005
36.97,-225.11342
36.972,-229.0813
36.974,-232.48682
36.976,-236.15022
36.978,-240.35052
36.98,-246.03554
36.982,-253.17522
36.984,-261.16614
36.986,-268.53806
36.988,-274.9144
36.99,-279.81296
36.992,-283.18015
36.994,-284.83163
36.996,-285.91943
36.998,-287.1916
37.0,-289.18396
37.002,-291.55466
37.004,-294.72482
37.006,-298.41113
37.008,-302.19223
37.01,-305.13846
37.012,-307.5621
37.014,-309.52606
37.016,-311.19797
37.018,-312.23453
37.02,-313.28046
37.022,-314.44644
37.024,-315.70084
37.026,-316.42334
37.028,-316.98215
37.03,-317.39584
37.032,-317.70212
37.034,-317.4374
37.036,-317.16306
37.038,-317.03946
37.04,-317.20178
37.042,-317.2499
37.044,-317.8244
37.046,-319.11713
37.048,-321.20435
37.05,-323.4632
37.052,-326.19046
37.054,-329.08105
37.056,-331.71103
37.058,-333.10413
37.06,-333.5303
37.062,-332.99606
37.064,-331.71103
37.066,-329.49622
37.068,-327.40396
37.07,-325.8984
37.072,-325.20688
37.074,-324.71918
37.076,-324.81616
37.078,-325.23404
37.08,-325.7072
37.082,-325.5186
37.084,-325.30084
37.086,-325.18808
37.088,-325.20688
37.09,-324.6389
37.092,-323.85437
37.094,-322.60312
37.096,-320.704
37.098,-317.62268
37.1,-314.366
37.102,-311.538
37.104,-309.69702
37.106,-308.60397
37.108,-308.9453
37.11,-310.47778
37.112,-312.6989
37.114,-314.4791
37.116,-316.1055
37.118,-317.49155
37.12,-318.70276
37.122,-319.29376
37.124,-320.05737
37.126,-321.06516
37.128,-322.205
37.13,-322.67847
37.132,-322.95352
37.134,-322.96417
37.136,-322.7053
37.138,-321.67676
37.14,-320.70874
37.142,-320.01337
37.144,-319.70337
37.146,-319.21353
37.148,-319.14584
37.15,-319.38522
37.152,-319.70337
37.154,-319.28336
37.156,-318.65756
37.158,-317.90012
37.16,-317.20178
37.162,-316.26566
37.164,-316.0502
37.166,-316.7403
37.168,-318.20242
37.17,-319.426
37.172,-320.52228
37.174,-321.03424
37.176,-320.704
37.178,-319.0391
37.18,-317.14877
37.182,-315.69492
37.184,-315.20053
37.186,-315.29288
37.188,-316.46103
37.19,-318.29242
37.192,-320.2037
37.194,-321.10028
37.196,-321.40268
37.198,-321.20166
37.2,-320.704
37.202,-319.52396
37.204,-318.40976
37.206,-317.35107
37.208,-316.20114
37.21,-314.26224
37.212,-312.209
37.214,-310.26562
37.216,-308.69638
37.218,-307.16364
37.22,-306.43884
37.222,-306.51627
37.224,-307.19543
37.226,-307.63742
37.228,-308.2582
37.23,-308.96085
37.232,-309.69702
37.234,-309.93585
37.236,-310.37427
37.238,-311.1166
37.24,-312.1986
37.242,-313.07465
37.244,-314.30655
37.246,-315.77243
37.248,-317.20178
37.25,-317.71375
37.252,-317.69763
37.254,-317.13065
37.256,-316.20114
37.258,-314.75842
37.26,-314.00723
37.262,-314.44522
37.264,-316.20114
37.266,-318.37955
37.268,-320.95877
37.27,-323.14658
37.272,-324.20624
37.274,-323.144
37.276,-320.68387
37.278,-317.32544
37.28,-313.69955
37.282,-309.77695
37.284,-306.57892
37.286,-304.25076
37.288,-302.69257
37.29,-301.13095
37.292,-300.11108
37.294,-299.64288
37.296,-299.69064
37.298,-299.51486
37.3,-299.4748
37.302,-299.18976
37.304,-298.1897
37.306,-295.52383
37.308,-291.77353
37.31,-287.28674
37.312,-282.67984
37.314,-278.1332
37.316,-275.05377
37.318,-274.017
37.32,-275.17505
37.322,-277.67084
37.324,-281.60114
37.326,-286.3218
37.328,-291.18524
37.33,-295.12878
37.332,-298.62366
37.334,-301.7602
37.336,-304.69385
37.338,-306.96976
37.34,-309.2756
37.342,-311.57297
37.344,-313.69955
37.346,-315.00082
37.348,-315.98093
37.35,-316.67993
37.352,-317.20178
37.354,-317.41968
37.356,-317.9321
37.358,-318.729
37.36,-319.70337
37.362,-320.62192
37.364,-321.7938
37.366,-323.05832
37.368,-324.20624
37.37,-324.76663
37.372,-325.13962
37.374,-325.29395
37.376,-325.20688
37.378,-324.1248
37.38,-323.07526
37.382,-322.5068
37.384,-322.7053
37.386,-322.66333
37.388,-323.02405
37.39,-323.60242
37.392,-324.20624
37.394,-323.9599
37.396,-323.7116
37.398,-323.74878
37.4,-324.20624
37.402,-324.304
37.404,-324.39944
37.406,-324.24994
37.408,-323.70593
37.41,-322.1326
37.412,-320.14108
37.414,-317.36703
37.416,-312.6989
37.418,-303.7134
37.42,-288.93118
37.422,-266.73328
37.424,-236.65054
37.426,-199.21393
37.428,-157.55089
37.43,-114.84903
37.432,-74.047104
37.434,-36.79555
37.436,-5.431163
37.438,18.133333
37.44,31.019733
37.442,29.595068
37.444,8.271212
37.446,-37.05794
37.448,-107.56843
37.45,-199.41649
37.452,-305.22052
37.454,-413.427
37.456,-511.3253
37.458,-587.42
37.46,-635.5834
37.462,-654.3143
37.464,-646.91156
37.466,-619.4421
37.468,-580.4868
37.47,-537.5271
37.472,-496.31573
37.474,-459.9348
37.476,-430.66632
37.478,-408.61514
37.48,-392.74985
37.482,-380.86307
37.484,-371.74454
37.486,-363.76245
37.488,-355.7263
37.49,-346.5628
37.492,-337.05875
37.494,-327.85855
37.496,-319.70337
37.498,-312.64725
37.5,-307.5939
37.502,-304.536
37.504,-303.19287
37.506,-302.71094
37.508,-303.24954
37.51,-304.52588
37.512,-306.1948
37.514,-307.46677
37.516,-308.25403
37.518,-308.3506
37.52,-307.69574
37.522,-306.08063
37.524,-303.927
37.526,-301.67636
37.528,-299.69064
37.53,-297.72885
37.532,-296.02902
37.534,-294.41925
37.536,-292.6862
37.538,-290.0894
37.54,-287.47598
37.542,-284.9531
37.544,-282.67984
37.546,-280.2134
37.548,-278.77686
37.55,-278.3551
37.552,-278.67728
37.554,-278.83218
37.556,-279.35062
37.558,-280.01895
37.56,-280.67856
37.562,-280.7813
37.564,-281.0305
37.566,-281.39697
37.568,-281.6792
37.57,-281.09335
37.572,-279.97513
37.574,-278.15955
37.576,-275.67538
37.578,-272.3749
37.58,-269.3756
37.582,-267.2203
37.584,-266.1693
37.586,-265.6445
37.588,-265.73334
37.59,-265.78336
37.592,-265.1687
37.594,-263.12137
37.596,-260.30502
37.598,-257.15363
37.6,-254.16168
37.602,-251.26558
37.604,-249.14682
37.606,-247.69681
37.608,-246.6569
37.61,-245.40852
37.612,-244.45749
37.614,-243.87662
37.616,-243.655
37.618,-243.18936
37.62,-242.65164
37.622,-241.59903
37.624,-239.65245
37.626,-236.29454
37.628,-232.36311
37.63,-228.45073
37.632,-225.14323
37.634,-222.37631
37.636,-220.72995
37.638,-219.96141
37.64,-219.63972
37.642,-218.95845
37.644,-218.31268
37.646,-217.81218
37.648,-217.63846
37.65,-217.47992
37.652,-217.87636
37.654,-218.68713
37.656,-219.63972
37.658,-220.01515
37.66,-220.22685
37.662,-220.27472
37.664,-220.14005
37.666,-219.26381
37.668,-218.0483
37.67,-216.36995
37.672,-214.13623
37.674,-210.90689
37.676,-207.488
37.678,-204.2844
37.68,-201.62827
37.682,-199.18925
37.684,-197.51208
37.686,-196.52759
37.688,-196.12477
37.69,-195.78389
37.692,-196.18422
37.694,-197.58699
37.696,-200.12732
37.698,-203.18765
37.7,-206.95718
37.702,-210.95616
37.704,-214.63654
37.706,-217.0515
37.708,-218.5806
37.71,-219.36363
37.712,-219.63972
37.714,-219.13701
37.716,-218.57614
37.718,-218.17848
37.72,-218.13878
37.722,-218.18086
37.724,-219.11157
37.726,-221.23842
37.728,-224.64291
37.73,-228.59236
37.732,-233.14407
37.734,-237.80624
37.736,-242.15405
37.738,-245.4962
37.74,-248.50482
37.742,-251.60352
37.744,-255.16232
37.746,-258.7948
37.748,-262.84033
37.75,-266.94727
37.752,-270.67218
37.754,-273.19513
37.756,-274.99756
37.758,-276.37122
37.76,-277.67664
37.762,-278.6801
37.764,-280.00082
37.766,-281.68414
37.768,-283.68048
37.77,-285.45224
37.772,-287.54944
37.774,-290.1249
37.776,-293.18652
37.778,-296.00586
37.78,-298.64047
37.782,-300.65167
37.784,-301.69193
37.786,-301.18893
37.788,-299.94708
37.79,-298.57965
37.792,-297.6894
37.794,-297.15015
37.796,-297.53433
37.798,-298.6677
37.8,-300.19098
37.802,-301.26035
37.804,-302.22806
37.806,-303.17157
37.808,-304.1935
37.81,-304.7941
37.812,-305.3664
37.814,-305.73605
37.816,-305.69446
37.818,-304.6245
37.82,-303.1969
37.822,-301.76672
37.824,-300.69128
37.826,-299.6782
37.828,-299.37143
37.83,-299.75333
37.832,-300.69128
37.834,-301.50717
37.836,-302.7209
37.838,-304.3286
37.84,-306.1948
37.842,-307.4735
37.844,-308.3504
37.846,-308.48868
37.848,-307.69574
37.85,-305.51987
37.852,-302.98703
37.854,-300.71805
37.856,-299.19034
37.858,-298.00522
37.86,-297.60602
37.862,-297.6377
37.864,-297.6894
37.866,-296.97754
37.868,-296.20227
37.87,-295.684
37.872,-295.6881
37.874,-295.7106
37.876,-296.1769
37.878,-296.77722
37.88,-297.18906
37.882,-296.73608
37.884,-296.23645
37.886,-296.11166
37.888,-296.68875
37.89,-297.46014
37.892,-298.81738
37.894,-300.36722
37.896,-301.69193
37.898,-302.02493
37.9,-302.14072
37.902,-302.42966
37.904,-303.19287
37.906,-303.88434
37.908,-304.83447
37.91,-305.58795
37.912,-305.69446
37.914,-304.44098
37.916,-302.74432
37.918,-301.2716
37.92,-300.69128
37.922,-300.84543
37.924,-302.3174
37.926,-304.67365
37.928,-307.19543
37.93,-308.66357
37.932,-309.2903
37.934,-309.06247
37.936,-308.19608
37.938,-306.4884
37.94,-304.85938
37.942,-303.56033
37.944,-302.69257
37.946,-301.75995
37.948,-301.4155
37.95,-301.73663
37.952,-302.69257
37.954,-303.588
37.956,-304.79657
37.958,-306.08
37.96,-307.19543
37.962,-307.45917
37.964,-307.5522
37.966,-307.7207
37.968,-308.19608
37.97,-308.54172
37.972,-309.3672
37.974,-310.5273
37.976,-311.6983
37.978,-311.95004
37.98,-311.67026
37.982,-310.86368
37.984,-309.69702
37.986,-307.90106
37.988,-306.39963
37.99,-305.37558
37.992,-304.69385
37.994,-303.38596
37.996,-301.5672
37.998,-298.87057
38.0,-295.18777
38.002,-290.24295
38.004,-285.31943
38.006,-281.2549
38.008,-278.67728
38.01,-277.2399
38.012,-277.3609
38.014,-278.54605
38.016,-280.17825
38.018,-281.2425
38.02,-282.2682
38.022,-283.48538
38.024,-285.18143
38.026,-286.95117
38.028,-289.3771
38.03,-292.24036
38.032,-295.18777
38.034,-297.38153
38.036,-299.39462
38.038,-301.4239
38.04,-303.6932
38.042,-305.78705
38.044,-308.2152
38.046,-310.6772
38.048,-312.6989
38.05,-313.4606
38.052,-313.20062
38.054,-311.88144
38.056,-309.69702
38.058,-306.87137
38.06,-304.2622
38.062,-302.164
38.064,-300.69128
38.066,-299.77942
38.068,-299.69763
38.07,-300.23843
38.072,-301.19162
38.074,-302.04947
38.076,-303.43835
38.078,-305.40286
38.08,-307.69574
38.082,-308.8303
38.084,-309.12866
38.086,-308.48428
38.088,-307.19543
38.09,-304.98996
38.092,-303.62766
38.094,-303.97266
38.096,-306.1948
38.098,-308.85574
38.1,-311.41113
38.102,-312.7147
38.104,-312.1986
38.106,-309.5666
38.108,-306.53845
38.11,-304.29752
38.112,-303.19287
38.114,-301.6483
38.116,-298.0766
38.118,-289.80923
38.12,-274.67474
38.122,-251.33725
38.124,-221.33653
38.126,-186.81796
38.128,-150.09549
38.13,-112.19636
38.132,-74.28197
38.134,-36.278458
38.136,1.5009549
38.138,37.65636
38.14,67.20787
38.142,83.61939
38.144,79.550606
38.146,49.356426
38.148,-10.543161
38.15,-98.465454
38.152,-207.63208
38.154,-326.60007
38.156,-442.93723
38.158,-544.0104
38.16,-619.89435
38.162,-664.56177
38.164,-678.2284
38.166,-665.08594
38.168,-632.4023
38.17,-588.1284
38.172,-540.7848
38.174,-496.3706
38.176,-458.29153
38.178,-427.00607
38.18,-402.4198
38.182,-383.02963
38.184,-367.2336
38.186,-353.31027
38.188,-341.29477
38.19,-331.08017
38.192,-322.7053
38.194,-315.63818
38.196,-310.3643
38.198,-306.6611
38.2,-304.1935
38.202,-302.12732
38.204,-300.789
38.206,-300.03766
38.208,-299.69064
38.21,-299.0799
38.212,-298.3346
38.214,-297.2568
38.216,-295.6881
38.218,-293.25458
38.22,-290.31467
38.222,-287.29938
38.224,-284.6811
38.226,-282.52728
38.228,-281.10065
38.23,-280.50168
38.232,-280.67856
38.234,-281.01324
38.236,-281.73892
38.238,-282.6841
38.24,-283.68048
38.242,-283.91235
38.244,-284.20483
38.246,-284.3516
38.248,-284.1808
38.25,-283.0854
38.252,-282.3354
38.254,-282.18484
38.256,-282.67984
38.258,-283.11343
38.26,-283.9504
38.262,-284.77847
38.264,-285.18143
38.266,-284.4511
38.268,-283.30002
38.27,-281.97116
38.272,-280.67856
38.274,-279.05716
38.276,-277.6396
38.278,-276.25433
38.28,-274.67474
38.282,-272.34857
38.284,-269.92245
38.286,-267.6298
38.288,-265.669
38.29,-263.6886
38.292,-262.1658
38.294,-260.9094
38.296,-259.6652
38.298,-257.84998
38.3,-256.0449
38.302,-254.43102
38.304,-253.16106
38.306,-251.84804
38.308,-250.9133
38.31,-250.12119
38.312,-249.15851
38.314,-247.37428
38.316,-245.29524
38.318,-243.13132
38.32,-241.15341
38.322,-239.16449
38.324,-237.81413
38.326,-237.05498
38.328,-236.65054
38.33,-235.86717
38.332,-235.0043
38.334,-233.9471
38.336,-232.648
38.338,-230.68681
38.34,-228.70352
38.342,-226.83092
38.344,-225.14323
38.346,-223.21344
38.348,-221.60277
38.35,-220.28818
38.352,-219.1394
38.354,-217.50137
38.356,-215.79196
38.358,-213.98607
38.36,-212.13495
38.362,-209.90503
38.364,-208.10028
38.366,-206.97873
38.368,-206.63145
38.37,-206.45389
38.372,-206.79245
38.374,-207.42465
38.376,-208.1324
38.378,-208.28084
38.38,-208.5121
38.382,-209.06578
38.384,-210.13368
38.386,-211.22559
38.388,-212.78094
38.39,-214.54987
38.392,-216.1375
38.394,-216.61372
38.396,-216.3726
38.398,-215.58311
38.4,-214.63654
38.402,-213.49431
38.404,-213.24423
38.406,-214.28217
38.408,-216.63782
38.41,-219.40578
38.412,-222.62523
38.414,-225.82117
38.416,-228.64546
38.418,-230.45073
38.42,-232.00359
38.422,-233.76509
38.424,-236.15022
38.426,-238.82556
38.428,-242.29817
38.43,-246.36592
38.432,-250.65945
38.434,-254.2701
38.436,-257.57928
38.438,-260.76373
38.44,-264.16806
38.442,-267.6274
38.444,-271.94855
38.446,-277.2231
38.448,-283.18015
38.45,-288.72852
38.452,-293.78006
38.454,-297.96347
38.456,-301.19162
38.458,-303.1654
38.46,-304.8961
38.462,-306.96573
38.464,-309.69702
38.466,-312.49854
38.468,-315.55887
38.47,-318.53394
38.472,-321.20435
38.474,-323.11145
38.476,-325.17337
38.478,-327.9431
38.48,-331.71103
38.482,-335.731
38.484,-339.83987
38.486,-343.128
38.488,-344.7193
38.49,-343.62073
38.492,-340.5502
38.494,-336.3695
38.496,-332.21133
38.498,-328.57333
38.5,-326.61218
38.502,-326.45743
38.504,-327.70847
38.506,-329.1553
38.508,-330.6796
38.51,-331.90695
38.512,-332.71167
38.514,-332.62833
38.516,-332.41025
38.518,-332.261
38.52,-332.21133
38.522,-331.5951
38.524,-330.86414
38.526,-330.0285
38.528,-329.20944
38.53,-328.08078
38.532,-327.53976
38.534,-327.79037
38.536,-328.7091
38.538,-329.26883
38.54,-329.52237
38.542,-329.04138
38.544,-327.70847
38.546,-325.27634
38.548,-323.1327
38.55,-322.12338
38.552,-322.7053
38.554,-324.1148
38.556,-326.2535
38.558,-328.0968
38.56,-328.7091
38.562,-327.07666
38.564,-324.1536
38.566,-320.7512
38.568,-317.70212
38.57,-314.8784
38.572,-312.9582
38.574,-311.56354
38.576,-310.19733
38.578,-308.03702
38.58,-306.04596
38.582,-304.89728
38.584,-305.19415
38.586,-306.52496
38.588,-309.19077
38.59,-312.4011
38.592,-315.20053
38.594,-316.3232
38.596,-316.34396
38.598,-315.74094
38.6,-315.20053
38.602,-314.7066
38.604,-315.1691
38.606,-316.47092
38.608,-318.20242
38.61,-319.37827
38.612,-320.46033
38.614,-321.52438
38.616,-322.7053
38.618,-323.49582
38.62,-324.43954
38.622,-325.29105
38.624,-325.7072
38.626,-324.89816
38.628,-323.55887
38.63,-322.0223
38.632,-320.704
38.634,-319.39856
38.636,-318.9805
38.638,-319.48584
38.64,-320.704
38.642,-321.7243
38.644,-322.95605
38.646,-324.29642
38.648,-325.7072
38.65,-326.59805
38.652,-327.6301
38.654,-328.7485
38.656,-329.70975
38.658,-329.57346
38.66,-328.69846
38.662,-327.0234
38.664,-324.70657
38.666,-321.56125
38.668,-318.79218
38.67,-316.93927
38.672,-316.20114
38.674,-315.7596
38.676,-315.70517
38.678,-315.3774
38.68,-314.1999
38.682,-311.35413
38.684,-307.73654
38.686,-303.96796
38.688,-300.69128
38.69,-297.7489
38.692,-295.90643
38.694,-295.00427
38.696,-294.68747
38.698,-294.0699
38.7,-293.77542
38.702,-294.04977
38.704,-295.18777
38.706,-296.78125
38.708,-299.48648
38.71,-303.09494
38.712,-307.19543
38.714,-310.76154
38.716,-314.1695
38.718,-317.33218
38.72,-320.2037
38.722,-322.18015
38.724,-323.80188
38.726,-324.9945
38.728,-325.7072
38.73,-325.63788
38.732,-325.50967
38.734,-325.5101
38.736,-325.7072
38.738,-325.84427
38.74,-326.12366
38.742,-326.1774
38.744,-325.7072
38.746,-324.60977
38.748,-323.49292
38.75,-322.6279
38.752,-322.205
38.754,-321.82138
38.756,-322.06546
38.758,-322.8058
38.76,-323.70593
38.762,-323.37924
38.764,-322.49362
38.766,-321.2839
38.768,-320.2037
38.77,-318.85577
38.772,-318.4986
38.774,-319.3685
38.776,-321.20435
38.778,-322.6432
38.78,-323.66626
38.782,-323.95636
38.784,-323.70593
38.786,-322.95447
38.788,-323.0365
38.79,-324.11212
38.792,-325.20688
38.794,-323.63867
38.796,-317.3375
38.798,-304.01935
38.8,-282.67984
38.802,-253.55058
38.804,-219.56485
38.806,-183.55795
38.808,-147.59389
38.81,-111.6528
38.812,-75.45719
38.814,-37.751713
38.816,1.5009549
38.818,40.151794
38.82,71.60529
38.822,87.461655
38.824,79.050285
38.826,40.587685
38.828,-30.186884
38.83,-129.03789
38.832,-246.1566
38.834,-367.52686
38.836,-479.39706
38.838,-569.40735
38.84,-629.4004
38.842,-656.0878
38.844,-652.6234
38.846,-625.6325
38.848,-583.87146
38.85,-535.70044
38.852,-489.05887
38.854,-448.6536
38.856,-416.2648
38.858,-390.78943
38.86,-370.93152
38.862,-354.5805
38.864,-340.21643
38.866,-326.80432
38.868,-315.28992
38.87,-306.32065
38.872,-300.19098
38.874,-296.0193
38.876,-293.4516
38.878,-291.3144
38.88,-288.68365
38.882,-284.82913
38.884,-280.7986
38.886,-277.50314
38.888,-275.67538
38.89,-275.06876
38.892,-275.54733
38.894,-276.2161
38.896,-276.1757
38.898,-274.6785
38.9,-272.15958
38.902,-269.5034
38.904,-267.6703
38.906,-266.9274
38.908,-267.23944
38.91,-268.061
38.912,-268.67093
38.914,-268.12753
38.916,-266.91202
38.918,-265.5291
38.92,-264.66837
38.922,-264.19458
38.924,-265.09668
38.926,-266.75113
38.928,-268.1706
38.93,-267.92688
38.932,-266.65366
38.934,-264.56296
38.936,-262.16678
38.938,-259.55618
38.94,-257.87842
38.942,-257.19662
38.944,-257.1636
38.946,-256.80304
38.948,-256.276
38.95,-255.38184
38.952,-254.16168
38.954,-252.45146
38.956,-251.12552
38.958,-250.39221
38.96,-250.15913
38.962,-249.6745
38.964,-248.9859
38.966,-247.70094
38.968,-245.65628
38.97,-242.67072
38.972,-239.78288
38.974,-237.63695
38.976,-236.65054
38.978,-236.4406
38.98,-237.09602
38.982,-237.91667
38.984,-238.1515
38.986,-236.93167
38.988,-234.7362
38.99,-231.95952
38.992,-229.14577
38.994,-226.37553
38.996,-224.3987
38.998,-223.21826
39.0,-222.64163
39.002,-222.07089
39.004,-221.9081
39.006,-222.1359
39.008,-222.64163
39.01,-222.73521
39.012,-222.51707
39.014,-221.57683
39.016,-219.63972
39.018,-216.3326
39.02,-212.58337
39.022,-209.01834
39.024,-206.13113
39.026,-203.63918
39.028,-201.81451
39.03,-200.16263
39.032,-198.12604
39.034,-194.9389
39.036,-191.24706
39.038,-187.58931
39.04,-184.61745
39.042,-182.38164
39.044,-181.60461
39.046,-182.15926
39.048,-183.6168
39.05,-184.98564
39.052,-186.4246
39.054,-187.80865
39.056,-189.12032
39.058,-189.86314
39.06,-190.55019
39.062,-191.16196
39.064,-191.6219
39.066,-191.36922
39.068,-191.03586
39.07,-190.87462
39.072,-191.12158
39.074,-191.4038
39.076,-192.31825
39.078,-193.90549
39.08,-196.12477
39.082,-198.39307
39.084,-201.18864
39.086,-204.48996
39.088,-208.1324
39.09,-211.28801
39.092,-214.15845
39.094,-216.59308
39.096,-218.63908
39.098,-220.06445
39.1,-221.8988
39.102,-224.68427
39.104,-228.64546
39.106,-233.02536
39.108,-237.74423
39.11,-242.13513
39.112,-245.65628
39.114,-247.634
39.116,-248.93147
39.118,-250.34084
39.12,-252.66074
39.122,-255.86806
39.124,-260.46933
39.126,-266.116
39.128,-272.17316
39.13,-277.5033
39.132,-282.216
39.134,-286.35812
39.136,-290.1846
39.138,-293.4618
39.14,-296.83432
39.142,-300.31708
39.144,-303.6932
39.146,-306.1317
39.148,-307.85556
39.15,-308.83728
39.152,-309.1967
39.154,-308.67148
39.156,-308.03537
39.158,-307.6335
39.16,-307.69574
39.162,-307.8333
39.164,-308.54684
39.166,-309.8565
39.168,-311.6983
39.17,-313.45578
39.172,-315.46793
39.174,-317.61203
39.176,-319.70337
39.178,-321.0439
39.18,-321.98257
39.182,-322.5139
39.184,-322.7053
39.186,-322.1928
39.188,-321.6803
39.19,-321.3505
39.192,-321.20435
39.194,-320.5487
39.196,-319.6621
39.198,-318.38358
39.2,-316.70148
39.202,-314.33127
39.204,-312.2899
39.206,-311.13702
39.208,-311.19797
39.21,-311.8804
39.212,-313.30914
39.214,-314.82047
39.216,-315.70084
39.218,-314.93936
39.22,-313.07895
39.222,-310.48828
39.224,-307.69574
39.226,-304.64755
39.228,-302.27313
39.23,-300.67044
39.232,-299.69064
39.234,-298.5455
39.236,-297.65488
39.238,-296.9115
39.24,-296.18842
39.242,-294.7963
39.244,-293.23798
39.246,-291.50436
39.248,-289.6843
39.25,-287.4886
39.252,-285.94296
39.254,-285.45813
39.256,-286.18207
39.258,-287.37042
39.26,-289.16354
39.262,-290.95547
39.264,-292.18588
39.266,-292.04974
39.268,-291.33752
39.27,-290.54208
39.272,-290.1846
39.274,-290.05606
39.276,-290.82275
39.278,-292.20987
39.28,-293.68683
39.282,-294.1687
39.284,-294.00012
39.286,-293.24368
39.288,-292.18588
39.29,-290.67978
39.292,-289.73563
39.294,-289.59015
39.296,-290.1846
39.298,-290.6925
39.3,-291.37866
39.302,-291.94666
39.304,-292.18588
39.306,-291.5203
39.308,-290.71158
39.31,-290.0308
39.312,-289.6843
39.314,-289.2407
39.316,-289.27042
39.318,-289.65924
39.32,-290.1846
39.322,-290.11514
39.324,-289.91833
39.326,-289.5996
39.328,-289.18396
39.33,-288.18842
39.332,-287.2433
39.334,-286.40738
39.336,-285.68173
39.338,-284.542
39.34,-283.64896
39.342,-283.15714
39.344,-283.18015
39.346,-283.2376
39.348,-283.94815
39.35,-285.3017
39.352,-287.1827
39.354,-288.87253
39.356,-290.8033
39.358,-292.8214
39.36,-294.68747
39.362,-295.56705
39.364,-295.82602
39.366,-295.36185
39.368,-294.18716
39.37,-291.94168
39.372,-289.58737
39.374,-287.56824
39.376,-286.18207
39.378,-284.9487
39.38,-284.32758
39.382,-284.03595
39.384,-283.68048
39.386,-282.37177
39.388,-280.58307
39.39,-278.43677
39.392,-276.1757
39.394,-273.5534
39.396,-271.502
39.398,-270.32468
39.4,-270.17188
39.402,-270.51587
39.404,-271.89493
39.406,-274.19586
39.408,-277.17633
39.41,-279.97617
39.412,-282.8854
39.414,-285.6803
39.416,-288.18332
39.418,-289.79132
39.42,-291.18332
39.422,-292.5833
39.424,-294.18716
39.426,-295.6024
39.428,-297.37567
39.43,-299.34924
39.432,-301.19162
39.434,-302.1472
39.436,-302.41238
39.438,-301.8802
39.44,-300.69128
39.442,-299.05908
39.444,-297.9038
39.446,-297.58902
39.448,-298.1897
39.45,-299.41125
39.452,-301.13217
39.454,-302.7273
39.456,-303.6932
39.458,-303.60703
39.46,-303.25772
39.462,-303.16672
39.464,-303.6932
39.466,-303.99872
39.468,-304.62497
39.47,-305.29935
39.472,-305.69446
39.474,-304.61984
39.476,-302.96268
39.478,-301.16354
39.48,-299.69064
39.482,-298.11536
39.484,-297.23105
39.486,-297.00278
39.488,-297.18906
39.49,-296.8425
39.492,-296.2924
39.494,-295.33585
39.496,-293.68683
39.498,-290.31116
39.5,-285.1066
39.502,-277.11737
39.504,-265.1687
39.506,-247.62915
39.508,-224.49434
39.51,-195.9737
39.512,-163.10376
39.514,-127.03738
39.516,-90.30904
39.518,-54.59869
39.52,-21.013369
39.522,10.159933
39.524,37.038795
39.526,56.97865
39.528,65.541695
39.53,57.3381
39.532,25.76119
39.534,-33.152313
39.536,-119.07575
39.538,-225.66814
39.54,-342.61566
39.542,-455.97266
39.544,-551.8511
39.546,-619.1817
39.548,-653.63763
39.55,-656.47644
39.552,-633.90326
39.554,-594.30023
39.556,-547.40314
39.558,-500.6512
39.56,-458.79187
39.562,-423.4612
39.564,-395.49017
39.566,-374.03305
39.568,-357.72757
39.57,-344.6198
39.572,-334.00565
39.574,-324.9075
39.576,-316.70148
39.578,-308.71436
39.58,-301.771
39.582,-296.3295
39.584,-292.6862
39.586,-290.30106
39.588,-289.23563
39.59,-288.77835
39.592,-288.18332
39.594,-286.572
39.596,-284.32535
39.598,-281.85345
39.6,-279.67792
39.602,-277.85803
39.604,-276.73666
39.606,-276.25778
39.608,-276.1757
39.61,-275.9147
39.612,-275.3975
39.614,-274.73715
39.616,-274.1744
39.618,-273.55954
39.62,-273.3457
39.622,-273.58014
39.624,-274.1744
39.626,-274.32968
39.628,-274.68726
39.63,-274.91837
39.632,-274.67474
39.634,-273.10986
39.636,-271.2408
39.638,-269.1973
39.64,-267.16995
39.642,-264.91684
39.644,-263.54013
39.646,-263.19284
39.648,-263.66772
39.65,-263.97668
39.652,-264.09692
39.654,-263.44016
39.656,-261.66647
39.658,-258.42838
39.66,-254.8167
39.662,-251.54248
39.664,-249.15851
39.666,-247.4425
39.668,-246.75853
39.67,-246.66824
39.672,-246.6569
39.674,-245.98349
39.676,-245.18369
39.678,-244.50021
39.68,-244.15532
39.682,-243.77592
39.684,-243.663
39.686,-243.42664
39.688,-242.65437
39.69,-240.76549
39.692,-238.46681
39.694,-236.25362
39.696,-234.64928
39.698,-233.59239
39.7,-233.58798
39.702,-234.29803
39.704,-235.1496
39.706,-235.19826
39.708,-234.66982
39.71,-233.58833
39.712,-232.14769
39.714,-230.1706
39.716,-228.3458
39.718,-226.711
39.72,-225.14323
39.722,-223.06682
39.724,-220.92104
39.726,-218.75327
39.728,-216.63782
39.73,-214.22691
39.732,-212.11797
39.734,-210.40334
39.736,-209.13304
39.738,-207.90709
39.74,-207.2893
39.742,-207.26624
39.744,-207.63208
39.746,-207.55745
39.748,-207.16434
39.75,-206.20335
39.752,-204.63017
39.754,-202.20259
39.756,-199.91592
39.758,-198.30104
39.76,-197.62572
39.762,-197.27107
39.764,-197.33011
39.766,-197.26611
39.768,-196.62509
39.77,-194.77086
39.772,-192.5868
39.774,-190.79384
39.776,-190.12094
39.778,-190.49963
39.78,-192.50325
39.782,-195.77608
39.784,-199.627
39.786,-202.76761
39.788,-205.23647
39.79,-206.95235
39.792,-208.1324
39.794,-208.61423
39.796,-209.35344
39.798,-210.67403
39.8,-212.63527
39.802,-214.54141
39.804,-216.71758
39.806,-219.07928
39.808,-221.641
39.81,-223.99344
39.812,-226.89116
39.814,-230.59146
39.816,-235.1496
39.818,-239.83362
39.82,-244.79427
39.822,-249.67337
39.824,-254.16168
39.826,-257.59442
39.828,-260.63538
39.83,-263.69318
39.832,-267.16995
39.834,-270.76675
39.836,-275.00986
39.838,-279.75488
39.84,-284.6811
39.842,-288.9116
39.844,-292.7231
39.846,-296.12146
39.848,-299.19034
39.85,-301.50476
39.852,-303.66815
39.854,-305.85098
39.856,-308.19608
39.858,-310.3224
39.86,-312.83893
39.862,-315.84238
39.864,-319.20306
39.866,-322.03738
39.868,-324.35306
39.87,-325.79114
39.872,-326.20752
39.874,-325.28046
39.876,-324.03268
39.878,-323.1698
39.88,-323.2056
39.882,-323.7424
39.884,-325.0084
39.886,-326.51263
39.888,-327.70847
39.89,-327.74582
39.892,-327.1984
39.894,-326.51044
39.896,-326.20752
39.898,-326.1334
39.9,-326.88794
39.902,-328.2454
39.904,-329.70975
39.906,-330.2144
39.908,-329.98895
39.91,-329.06354
39.912,-327.70847
39.914,-325.78253
39.916,-324.2594
39.918,-323.40927
39.92,-323.2056
39.922,-322.82135
39.924,-322.51138
39.926,-322.02063
39.928,-321.20435
39.93,-319.52347
39.932,-317.80066
39.934,-316.31375
39.936,-315.20053
39.938,-313.84082
39.94,-312.723
39.942,-311.70877
39.944,-310.69766
39.946,-309.15045
39.948,-307.95078
39.95,-307.41626
39.952,-307.69574
39.954,-308.0853
39.956,-308.91797
39.958,-309.7663
39.96,-310.19733
39.962,-309.38727
39.964,-308.1029
39.966,-306.73636
39.968,-305.69446
39.97,-304.63208
39.972,-304.2538
39.974,-304.3908
39.976,-304.69385
39.978,-304.24072
39.98,-303.60767
39.982,-302.989
39.984,-302.69257
39.986,-302.41504
39.988,-303.02875
39.99,-304.54602
39.992,-306.6951
39.994,-308.44427
39.996,-310.06293
39.998,-311.33362
40.0,-312.1986
40.002,-312.1895
40.004,-312.25082
40.006,-312.70618
40.008,-313.69955
40.01,-314.56485
40.012,-315.7583
40.014,-317.04886
40.016,-318.20242
40.018,-318.5107
40.02,-318.71454
40.022,-319.0533
40.024,-319.70337
40.026,-320.1156
40.028,-320.85144
40.03,-321.77518
40.032,-322.7053
40.034,-322.97095
40.036,-323.27267
40.038,-323.80933
40.04,-324.70657
40.042,-325.3813
40.044,-326.32132
40.046,-327.33444
40.048,-328.2088
40.05,-328.31085
40.052,-328.36063
40.054,-328.60434
40.056,-329.20944
40.058,-329.6363
40.06,-330.3138
40.062,-330.95322
40.064,-331.2107
40.066,-330.33234
40.068,-328.98257
40.07,-327.48004
40.072,-326.20752
40.074,-324.9314
40.076,-324.45892
40.078,-324.7941
40.08,-325.7072
40.082,-326.2949
40.084,-326.9449
40.086,-327.5791
40.088,-328.2088
40.09,-328.32083
40.092,-328.63907
40.094,-329.17032
40.096,-329.70975
40.098,-329.32547
40.1,-328.34332
40.102,-326.62012
40.104,-324.20624
40.106,-320.8049
40.108,-317.5508
40.11,-314.9425
40.112,-313.19925
40.114,-311.58072
40.116,-310.3113
40.118,-308.8498
40.12,-306.6951
40.122,-303.03998
40.124,-298.75732
40.126,-294.42484
40.128,-290.68494
40.13,-287.44196
40.132,-285.6025
40.134,-285.12384
40.136,-285.68173
40.138,-286.27747
40.14,-287.31757
40.142,-288.76553
40.144,-290.68494
40.146,-292.57272
40.148,-295.16544
40.15,-298.44116
40.152,-302.19223
40.154,-305.52176
40.156,-308.82162
40.158,-311.92636
40.16,-314.7002
40.162,-316.5292
40.164,-317.98526
40.166,-319.0535
40.168,-319.70337
40.17,-319.62445
40.172,-319.38397
40.174,-319.0488
40.176,-318.70276
40.178,-318.3509
40.18,-318.52975
40.182,-319.20486
40.184,-320.2037
40.186,-321.21356
40.188,-322.35336
40.19,-323.28192
40.192,-323.70593
40.194,-322.98843
40.196,-322.08667
40.198,-321.53427
40.2,-321.70465
40.202,-321.58667
40.204,-321.88885
40.206,-322.46948
40.208,-323.2056
40.21,-323.14868
40.212,-323.31787
40.214,-324.01028
40.216,-325.20688
40.218,-325.74496
40.22,-325.76624
40.222,-325.01053
40.224,-323.70593
40.226,-321.92474
40.228,-321.1205
40.23,-321.45654
40.232,-321.70465
40.234,-318.59232
40.236,-309.39902
40.238,-291.39407
40.24,-263.66772
40.242,-227.18343
40.244,-186.133
40.246,-144.63643
40.248,-105.567154
40.25,-68.929726
40.252,-33.921993
40.254,1.3385081
40.256,37.023552
40.258,70.3384
40.26,93.36383
40.262,96.43194
40.264,70.544876
40.266,11.2047205
40.268,-81.02872
40.27,-198.22792
40.272,-327.20816
40.274,-452.03073
40.276,-559.22626
40.278,-638.74396
40.28,-685.93634
40.282,-700.9937
40.284,-689.52936
40.286,-658.98706
40.288,-617.39276
40.29,-571.4111
40.292,-527.18823
40.294,-488.1805
40.296,-455.78995
40.298,-429.29416
40.3,-408.20074
40.302,-391.10248
40.304,-376.73965
40.306,-363.7826
40.308,-352.54538
40.31,-343.02682
40.312,-335.21326
40.314,-328.43195
40.316,-323.02905
40.318,-318.70728
40.32,-315.20053
40.322,-311.90778
40.324,-309.42007
40.326,-307.85843
40.328,-307.19543
40.33,-306.81247
40.332,-306.67072
40.334,-306.409
40.336,-305.69446
40.338,-304.02252
40.34,-301.59213
40.342,-298.80377
40.344,-296.18842
40.346,-293.94052
40.348,-292.4634
40.35,-291.91953
40.352,-292.18588
40.354,-292.3705
40.356,-292.54706
40.358,-292.24567
40.36,-291.18524
40.362,-288.71027
40.364,-286.15085
40.366,-283.76636
40.368,-281.6792
40.37,-279.29892
40.372,-277.56662
40.374,-276.2947
40.376,-275.17505
40.378,-273.44232
40.38,-271.80603
40.382,-270.34726
40.384,-269.17123
40.386,-267.90195
40.388,-267.24265
40.39,-267.09595
40.392,-267.16995
40.394,-266.65634
40.396,-265.8698
40.398,-264.69254
40.4,-263.16742
40.402,-261.08762
40.404,-259.34134
40.406,-258.1918
40.408,-257.6639
40.41,-257.1246
40.412,-256.7656
40.414,-256.20798
40.416,-255.16232
40.418,-253.16144
40.42,-250.95605
40.422,-248.87643
40.424,-247.15723
40.426,-245.43037
40.428,-244.06592
40.43,-242.7562
40.432,-241.15341
40.434,-238.65341
40.436,-235.86859
40.438,-233.09407
40.44,-230.64673
40.442,-228.32315
40.444,-226.6853
40.446,-225.56578
40.448,-224.64291
40.45,-223.20468
40.452,-221.65976
40.454,-220.08818
40.456,-218.63908
40.458,-217.01974
40.46,-215.80627
40.462,-214.923
40.464,-214.13623
40.466,-212.73123
40.468,-211.07463
40.47,-209.17433
40.472,-207.13177
40.474,-204.65393
40.476,-202.4791
40.478,-200.78883
40.48,-199.627
40.482,-198.45161
40.484,-197.66446
40.486,-197.12079
40.488,-196.62509
40.49,-195.52931
40.492,-194.31793
40.494,-193.11388
40.496,-192.12222
40.498,-191.10294
40.5,-190.85637
40.502,-191.55672
40.504,-193.12286
40.506,-194.73596
40.508,-196.49779
40.51,-198.0419
40.512,-199.12668
40.514,-199.25146
40.516,-199.19241
40.518,-199.37277
40.52,-200.12732
40.522,-201.08711
40.524,-202.69748
40.526,-204.78865
40.528,-207.13177
40.53,-209.08382
40.532,-211.22627
40.534,-213.8287
40.536,-217.13814
40.538,-220.75186
40.54,-225.06836
40.542,-229.8346
40.544,-234.64928
40.546,-238.6212
40.548,-242.00934
40.55,-244.81792
40.552,-247.15723
40.554,-248.68456
40.556,-250.06213
40.558,-251.50067
40.56,-253.16106
40.562,-254.70943
40.564,-256.78638
40.566,-259.5871
40.568,-263.16742
40.57,-266.91785
40.572,-271.00955
40.574,-275.0749
40.576,-278.67728
40.578,-280.96323
40.58,-282.2133
40.582,-282.52927
40.584,-282.1795
40.586,-281.06442
40.588,-280.08362
40.59,-279.6885
40.592,-280.17825
40.594,-281.19336
40.596,-283.1562
40.598,-285.92096
40.6,-289.18396
40.602,-292.0731
40.604,-294.65186
40.606,-296.609
40.608,-297.6894
40.61,-297.28925
40.612,-295.9717
40.614,-294.09964
40.616,-292.18588
40.618,-290.32278
40.62,-289.49918
40.622,-290.00073
40.624,-291.68555
40.626,-293.51413
40.628,-295.2218
40.63,-296.09906
40.632,-295.6881
40.634,-293.48065
40.636,-290.47607
40.638,-287.46548
40.64,-285.18143
40.642,-283.5549
40.644,-283.15353
40.646,-283.69257
40.648,-284.6811
40.65,-285.1768
40.652,-285.5311
40.654,-285.81903
40.656,-286.18207
40.658,-286.1831
40.66,-286.31845
40.662,-286.40494
40.664,-286.18207
40.666,-284.97452
40.668,-283.44254
40.67,-281.90002
40.672,-280.67856
40.674,-279.4756
40.676,-278.9171
40.678,-278.90027
40.68,-279.1776
40.682,-278.98627
40.684,-278.81006
40.686,-278.69403
40.688,-278.67728
40.69,-278.21454
40.692,-277.84326
40.694,-277.51163
40.696,-277.17633
40.698,-276.37692
40.7,-275.8957
40.702,-275.97263
40.704,-276.67603
40.706,-277.3283
40.708,-278.18707
40.71,-278.89816
40.712,-279.1776
40.714,-278.44812
40.716,-277.5407
40.718,-276.85703
40.72,-276.67603
40.722,-276.50125
40.724,-276.67712
40.726,-276.84906
40.728,-276.67603
40.73,-275.54886
40.732,-274.31406
40.734,-273.5189
40.736,-273.6741
40.738,-274.52075
40.74,-276.53613
40.742,-279.30188
40.744,-282.1795
40.746,-284.0663
40.748,-285.22873
40.75,-285.69748
40.752,-285.68173
40.754,-284.93588
40.756,-284.27008
40.758,-283.84558
40.76,-283.68048
40.762,-283.2163
40.764,-282.99982
40.766,-283.02524
40.768,-283.18015
40.77,-282.7374
40.772,-282.05148
40.774,-281.01834
40.776,-279.67792
40.778,-277.78278
40.78,-276.36172
40.782,-275.91373
40.784,-276.67603
40.786,-277.99564
40.788,-279.95258
40.79,-281.89563
40.792,-283.18015
40.794,-282.93878
40.796,-281.7908
40.798,-280.1825
40.8,-278.67728
40.802,-277.25592
40.804,-276.70352
40.806,-276.9605
40.808,-277.67664
40.81,-277.91956
40.812,-277.92902
40.814,-277.6412
40.816,-277.17633
40.818,-276.28888
40.82,-275.8164
40.822,-275.9574
40.824,-276.67603
40.826,-277.2348
40.828,-277.93942
40.83,-278.6123
40.832,-279.1776
40.834,-279.18445
40.836,-279.41528
40.838,-280.07828
40.84,-281.17886
40.842,-281.96854
40.844,-282.67746
40.846,-282.98422
40.848,-282.67984
40.85,-281.2857
40.852,-279.69775
40.854,-278.3854
40.856,-277.67664
40.858,-277.09344
40.86,-276.95438
40.862,-276.81772
40.864,-276.1757
40.866,-274.18988
40.868,-271.47455
40.87,-268.4488
40.872,-265.669
40.874,-263.108
40.876,-261.63782
40.878,-261.2644
40.88,-261.66647
40.882,-261.86047
40.884,-262.04428
40.886,-262.1063
40.888,-262.16678
40.89,-262.0328
40.892,-262.66803
40.894,-264.38074
40.896,-267.16995
40.898,-270.2081
40.9,-273.5888
40.902,-276.85825
40.904,-279.67792
40.906,-281.48846
40.908,-282.9542
40.91,-284.31155
40.912,-285.68173
40.914,-286.69736
40.916,-287.52097
40.918,-287.77304
40.92,-287.1827
40.922,-285.71133
40.924,-284.0341
40.926,-282.57462
40.928,-281.6792
40.93,-281.50314
40.932,-282.14944
40.934,-283.0795
40.936,-283.68048
40.938,-283.21
40.94,-282.398
40.942,-281.85568
40.944,-282.1795
40.946,-282.71707
40.948,-284.1194
40.95,-285.98785
40.952,-287.683
40.954,-287.73862
40.956,-286.63678
40.958,-284.62085
40.96,-282.1795
40.962,-279.21255
40.964,-276.90567
40.966,-275.78415
40.968,-276.1757
40.97,-277.5466
40.972,-280.10263
40.974,-282.88135
40.976,-284.1808
40.978,-281.28052
40.98,-272.64206
40.982,-256.95743
40.984,-234.14896
40.986,-204.93843
40.988,-171.99115
40.99,-137.35393
40.992,-102.064926
40.994,-65.31509
40.996,-26.555761
40.998,14.930306
41.0,58.036922
41.002,99.230446
41.004,130.87479
41.006,144.1067
41.008,130.58307
41.01,85.51143
41.012,8.064257
41.014,-96.21463
41.016,-216.63782
41.018,-338.9673
41.02,-449.79034
41.022,-537.6217
41.024,-595.3788
41.026,-620.7696
41.028,-617.5049
41.03,-592.3704
41.032,-553.85236
41.034,-509.77594
41.036,-467.3878
41.038,-430.87677
41.04,-401.75558
41.042,-378.9331
41.044,-361.2021
41.046,-346.61502
41.048,-333.71228
41.05,-321.40674
41.052,-310.43317
41.054,-301.38004
41.056,-294.68747
41.058,-289.8611
41.06,-286.95676
41.062,-285.17688
41.064,-283.68048
41.066,-281.4706
41.068,-278.93402
41.07,-276.36884
41.072,-274.1744
41.074,-272.27362
41.076,-271.05438
41.078,-270.43167
41.08,-270.17188
41.082,-269.7604
41.084,-269.19684
41.086,-268.61465
41.088,-268.1706
41.09,-267.6635
41.092,-266.96603
41.094,-265.9838
41.096,-264.66837
41.098,-262.6707
41.1,-260.66785
41.102,-259.04535
41.104,-258.16425
41.106,-257.5961
41.108,-258.1775
41.11,-259.43182
41.112,-260.66583
41.114,-260.72125
41.116,-260.2596
41.118,-259.33762
41.12,-258.16425
41.122,-256.5301
41.124,-255.38495
41.126,-254.81555
41.128,-254.662
41.13,-254.17322
41.132,-253.6541
41.134,-252.87364
41.136,-251.6601
41.138,-249.54037
41.14,-247.17058
41.142,-244.78882
41.144,-242.65437
41.146,-240.59534
41.148,-239.33531
41.15,-238.92265
41.152,-239.15215
41.154,-239.20155
41.156,-239.11836
41.158,-238.5114
41.16,-237.15086
41.162,-234.66675
41.164,-231.88206
41.166,-229.25256
41.168,-227.1445
41.17,-225.31976
41.172,-224.25555
41.174,-223.77959
41.176,-223.64227
41.178,-223.24991
41.18,-223.08157
41.182,-223.21074
41.184,-223.64227
41.186,-223.83315
41.188,-224.05656
41.19,-224.06213
41.192,-223.64227
41.194,-222.3428
41.196,-220.86862
41.198,-219.55383
41.2,-218.63908
41.202,-217.72205
41.204,-217.1295
41.206,-216.54895
41.208,-215.63718
41.21,-213.77147
41.212,-211.60965
41.214,-209.57434
41.216,-208.1324
41.218,-207.1509
41.22,-207.23831
41.222,-208.2147
41.224,-209.63336
41.226,-210.4922
41.228,-210.91551
41.23,-210.7755
41.232,-210.13368
41.234,-208.70699
41.236,-207.30153
41.238,-206.2198
41.24,-205.63081
41.242,-205.0827
41.244,-205.08113
41.246,-205.61887
41.248,-206.63145
41.25,-207.5204
41.252,-208.74661
41.254,-210.30707
41.256,-212.13495
41.258,-213.57828
41.26,-215.02582
41.262,-216.40541
41.264,-217.63846
41.266,-218.16321
41.268,-218.5887
41.27,-219.16011
41.272,-220.14005
41.274,-221.23308
41.276,-223.1371
41.278,-225.96582
41.28,-229.64609
41.282,-233.41754
41.284,-237.50807
41.286,-241.67082
41.288,-245.65628
41.29,-248.74673
41.292,-251.41089
41.294,-253.80612
41.296,-256.16296
41.298,-258.20175
41.3,-260.65704
41.302,-263.67923
41.304,-267.16995
41.306,-270.2729
41.308,-273.10538
41.31,-275.4226
41.312,-277.17633
41.314,-278.0684
41.316,-279.0845
41.318,-280.82474
41.32,-283.68048
41.322,-287.1598
41.324,-291.46606
41.326,-296.1457
41.328,-300.69128
41.33,-304.231
41.332,-307.14987
41.334,-309.58975
41.336,-311.6983
41.338,-313.00204
41.34,-313.9088
41.342,-314.3257
41.344,-314.1999
41.346,-313.14496
41.348,-312.0351
41.35,-311.4132
41.352,-311.6983
41.354,-312.49878
41.356,-314.09436
41.358,-316.0244
41.36,-317.70212
41.362,-318.1643
41.364,-317.86127
41.366,-317.17322
41.368,-316.70148
41.37,-316.5001
41.372,-317.4593
41.374,-319.53806
41.376,-322.205
41.378,-324.09058
41.38,-324.98022
41.382,-324.48636
41.384,-322.7053
41.386,-319.68985
41.388,-316.91586
41.39,-315.2748
41.392,-315.20053
41.394,-315.95
41.396,-317.35938
41.398,-318.42636
41.4,-318.20242
41.402,-315.6309
41.404,-311.50363
41.406,-306.65936
41.408,-302.19223
41.41,-298.51266
41.412,-296.79922
41.414,-297.05173
41.416,-298.69
41.418,-300.277
41.42,-301.63553
41.422,-302.30432
41.424,-302.19223
41.426,-300.99796
41.428,-299.82327
41.43,-299.14502
41.432,-299.19034
41.434,-299.34943
41.436,-300.04733
41.438,-301.0602
41.44,-302.19223
41.442,-302.81653
41.444,-303.6784
41.446,-304.95987
41.448,-306.6951
41.45,-308.13995
41.452,-309.57483
41.454,-310.5697
41.456,-310.69766
41.458,-309.17386
41.46,-306.79535
41.462,-304.08047
41.464,-301.69193
41.466,-299.695
41.468,-299.1794
41.47,-300.27527
41.472,-302.69257
41.474,-305.29312
41.476,-308.0686
41.478,-310.4951
41.48,-312.1986
41.482,-312.46658
41.484,-312.0032
41.486,-311.02075
41.488,-309.69702
41.49,-307.60434
41.492,-305.47345
41.494,-303.45654
41.496,-301.69193
41.498,-299.80005
41.5,-298.6239
41.502,-298.39944
41.504,-299.19034
41.506,-300.29794
41.508,-302.0288
41.51,-303.98233
41.512,-305.69446
41.514,-306.244
41.516,-306.12735
41.518,-305.51105
41.52,-304.69385
41.522,-303.4667
41.524,-302.7374
41.526,-302.67184
41.528,-303.19287
41.53,-303.51492
41.532,-303.98395
41.534,-304.41586
41.536,-304.69385
41.538,-304.28497
41.54,-303.9033
41.542,-303.6936
41.544,-303.6932
41.546,-303.31516
41.548,-303.02783
41.55,-302.70163
41.552,-302.19223
41.554,-300.91772
41.556,-299.57486
41.558,-298.41312
41.56,-297.6894
41.562,-297.07556
41.564,-297.28445
41.566,-298.25482
41.568,-299.69064
41.57,-300.63995
41.572,-301.36197
41.574,-301.7005
41.576,-301.69193
41.578,-301.04077
41.58,-300.7302
41.582,-301.09756
41.584,-302.19223
41.586,-303.20203
41.588,-304.25702
41.59,-304.8746
41.592,-304.69385
41.594,-303.10098
41.596,-301.00372
41.598,-298.90286
41.6,-297.18906
41.602,-295.4269
41.604,-294.03033
41.606,-292.60242
41.608,-290.68494
41.61,-287.48422
41.612,-283.7436
41.614,-279.95074
41.616,-276.67603
41.618,-273.82492
41.62,-272.21173
41.622,-271.7682
41.624,-272.17316
41.626,-272.5131
41.628,-273.1563
41.63,-274.04636
41.632,-275.17505
41.634,-275.9883
41.636,-277.04904
41.638,-278.3064
41.64,-279.67792
41.642,-280.6138
41.644,-281.7886
41.646,-283.32028
41.648,-285.18143
41.65,-286.67932
41.652,-288.0844
41.654,-289.12778
41.656,-289.6843
41.658,-289.56192
41.66,-289.62653
41.662,-290.27176
41.664,-291.68555
41.666,-293.57513
41.668,-295.86398
41.67,-297.80576
41.672,-298.69
41.674,-298.09488
41.676,-296.49515
41.678,-294.326
41.68,-292.18588
41.682,-290.27466
41.684,-289.57294
41.686,-290.17386
41.688,-291.68555
41.69,-292.49646
41.692,-292.80365
41.694,-292.45862
41.696,-291.68555
41.698,-290.0639
41.7,-288.96802
41.702,-288.8631
41.704,-289.6843
41.706,-290.14505
41.708,-290.12103
41.71,-289.12268
41.712,-287.1827
41.714,-284.3335
41.716,-282.10587
41.718,-281.15543
41.72,-281.17886
41.722,-280.15323
41.724,-276.3068
41.726,-267.20303
41.728,-251.15977
41.73,-227.42717
41.732,-197.92859
41.734,-165.03067
41.736,-131.08339
41.738,-97.055984
41.74,-63.85378
41.742,-31.064129
41.744,1.5009549
41.746,33.064716
41.748,59.443115
41.75,74.76408
41.752,72.04583
41.754,45.52179
41.756,-8.9160385
41.758,-90.426926
41.76,-193.12286
41.762,-306.27756
41.764,-417.7465
41.766,-514.84283
41.768,-587.37366
41.77,-629.083
41.772,-640.0544
41.774,-624.6224
41.776,-590.37555
41.778,-545.64
41.78,-499.08276
41.782,-456.6121
41.784,-421.268
41.786,-392.9995
41.788,-371.09393
41.79,-353.59805
41.792,-338.71548
41.794,-324.87567
41.796,-312.4062
41.798,-301.67548
41.8,-293.18652
41.802,-286.7693
41.804,-282.90414
41.806,-281.1328
41.808,-280.67856
41.81,-280.2461
41.812,-279.6923
41.814,-278.6895
41.816,-277.17633
41.818,-274.91357
41.82,-272.54504
41.822,-270.40253
41.824,-268.67093
41.826,-267.04056
41.828,-265.60492
41.83,-264.32727
41.832,-263.16742
41.834,-261.8202
41.836,-260.39264
41.838,-259.08826
41.84,-258.16425
41.842,-257.42816
41.844,-257.44247
41.846,-258.24164
41.848,-259.6652
41.85,-260.75943
41.852,-262.0172
41.854,-262.94608
41.856,-263.16742
41.858,-262.023
41.86,-260.75507
41.862,-259.73865
41.864,-259.16486
41.866,-258.4595
41.868,-258.08038
41.87,-257.6198
41.872,-256.66327
41.874,-254.54895
41.876,-252.06026
41.878,-249.61963
41.88,-247.65755
41.882,-246.01558
41.884,-245.3235
41.886,-245.46048
41.888,-246.1566
41.89,-246.73015
41.892,-247.56696
41.894,-248.59602
41.896,-249.65883
41.898,-250.05504
41.9,-249.94228
41.902,-249.01735
41.904,-247.15723
41.906,-244.16165
41.908,-241.08377
41.91,-238.59613
41.912,-237.15086
41.914,-236.37273
41.916,-236.37593
41.918,-236.51842
41.92,-236.15022
41.922,-234.53044
41.924,-232.29515
41.926,-229.97098
41.928,-228.14514
41.93,-226.79295
41.932,-226.4653
41.934,-226.90044
41.936,-227.64482
41.938,-227.89507
41.94,-228.04048
41.942,-228.22441
41.944,-228.64546
41.946,-228.9666
41.948,-229.6071
41.95,-230.29851
41.952,-230.64673
41.954,-229.88666
41.956,-228.43266
41.958,-226.43784
41.96,-224.1426
41.962,-221.3158
41.964,-218.60664
41.966,-216.06645
41.968,-213.63591
41.97,-210.79672
41.972,-208.16301
41.974,-206.00795
41.976,-204.63017
41.978,-203.7561
41.98,-204.00275
41.982,-205.2575
41.984,-207.13177
41.986,-208.5674
41.988,-209.60031
41.99,-209.96283
41.992,-209.63336
41.994,-208.33232
41.996,-207.07195
41.998,-206.39795
42.0,-206.63145
42.002,-207.23248
42.004,-208.48024
42.006,-210.04599
42.008,-211.63463
42.01,-212.61618
42.012,-213.71346
42.014,-215.30531
42.016,-217.63846
42.018,-220.1205
42.02,-222.9637
42.022,-225.75882
42.024,-228.14514
42.026,-229.48465
42.028,-230.5868
42.03,-231.99316
42.032,-234.14896
42.034,-236.64862
42.036,-239.85109
42.038,-243.44896
42.04,-247.15723
42.042,-250.39803
42.044,-253.97646
42.046,-258.33456
42.048,-263.66772
42.05,-269.1804
42.052,-274.7242
42.054,-279.56195
42.056,-283.18015
42.058,-285.09885
42.06,-286.48364
42.062,-288.39352
42.064,-291.68555
42.066,-296.07092
42.068,-301.5419
42.07,-307.11438
42.072,-311.6983
42.074,-314.08984
42.076,-314.84048
42.078,-314.7105
42.08,-314.7002
42.082,-315.0701
42.084,-316.59406
42.086,-319.0245
42.088,-321.70465
42.09,-323.41165
42.092,-324.27576
42.094,-324.40857
42.096,-324.20624
42.098,-323.59146
42.1,-323.3844
42.102,-323.66284
42.104,-324.20624
42.106,-324.13074
42.108,-323.72153
42.11,-323.00894
42.112,-322.205
42.114,-321.07822
42.116,-320.46405
42.118,-320.5431
42.12,-321.20435
42.122,-321.54123
42.124,-321.67105
42.126,-321.27606
42.128,-320.2037
42.13,-317.99487
42.132,-315.5928
42.134,-313.52414
42.136,-312.1986
42.138,-311.20758
42.14,-311.06833
42.142,-311.52435
42.144,-312.1986
42.146,-312.2085
42.148,-312.08844
42.15,-312.0088
42.152,-312.1986
42.154,-312.2435
42.156,-312.84323
42.158,-313.9166
42.16,-315.20053
42.162,-315.79666
42.164,-316.15683
42.166,-316.26938
42.168,-316.20114
42.17,-315.4801
42.172,-314.91217
42.174,-314.64236
42.176,-314.7002
42.178,-314.45367
42.18,-314.53717
42.182,-314.9663
42.184,-315.70084
42.186,-316.06836
42.188,-316.6566
42.19,-317.4083
42.192,-318.20242
42.194,-318.3223
42.196,-318.38995
42.198,-318.4857
42.2,-318.70276
42.202,-318.55106
42.204,-318.8039
42.206,-319.54742
42.208,-320.704
42.21,-321.46652
42.212,-322.25345
42.214,-322.88187
42.216,-323.2056
42.218,-322.60995
42.22,-321.89005
42.222,-321.33856
42.224,-321.20435
42.226,-321.03143
42.228,-321.48892
42.23,-322.47537
42.232,-323.70593
42.234,-324.2244
42.236,-324.4189
42.238,-324.22327
42.24,-323.70593
42.242,-322.4736
42.244,-321.4791
42.246,-321.02206
42.248,-321.20435
42.25,-321.32523
42.252,-321.82993
42.254,-322.5178
42.256,-323.2056
42.258,-323.23083
42.26,-323.31815
42.262,-323.628
42.264,-324.20624
42.266,-324.3742
42.268,-324.5989
42.27,-324.73718
42.272,-324.70657
42.274,-324.01297
42.276,-323.57892
42.278,-323.75687
42.28,-324.70657
42.282,-325.71054
42.284,-327.03815
42.286,-328.1977
42.288,-328.7091
42.29,-327.7518
42.292,-326.18872
42.294,-324.61243
42.296,-323.70593
42.298,-323.4016
42.3,-324.58023
42.302,-327.05582
42.304,-330.21005
42.306,-332.62518
42.308,-334.26755
42.31,-334.7932
42.312,-334.21262
42.314,-332.2781
42.316,-330.2505
42.318,-328.76694
42.32,-328.2088
42.322,-328.01352
42.324,-328.5911
42.326,-329.5068
42.328,-330.21005
42.33,-329.63623
42.332,-328.25076
42.334,-326.17725
42.336,-323.70593
42.338,-320.60886
42.34,-317.9199
42.342,-315.92703
42.344,-314.7002
42.346,-313.5598
42.348,-313.04904
42.35,-313.11087
42.352,-313.69955
42.354,-314.21567
42.356,-315.37573
42.358,-317.2361
42.36,-319.70337
42.362,-321.94934
42.364,-324.3604
42.366,-326.69135
42.368,-328.7091
42.37,-329.6868
42.372,-330.3201
42.374,-330.77896
42.376,-331.2107
42.378,-331.21942
42.38,-331.3815
42.382,-331.59814
42.384,-331.71103
42.386,-331.35196
42.388,-330.9832
42.39,-330.60168
42.392,-330.21005
42.394,-329.7237
42.396,-329.55838
42.398,-329.6024
42.4,-329.70975
42.402,-329.5778
42.404,-329.7323
42.406,-330.16806
42.408,-330.7104
42.41,-330.24222
42.412,-329.415
42.414,-328.33734
42.416,-327.20816
42.418,-325.17697
42.42,-323.49982
42.422,-322.60382
42.424,-322.7053
42.426,-322.84933
42.428,-323.63968
42.43,-324.8572
42.432,-326.20752
42.434,-326.705
42.436,-326.99426
42.438,-327.25662
42.44,-327.70847
42.442,-327.73737
42.444,-327.58276
42.446,-326.07816
42.448,-321.20435
42.45,-309.9002
42.452,-290.73364
42.454,-262.85324
42.456,-227.1445
42.458,-185.61063
42.46,-142.46234
42.462,-100.98135
42.464,-63.040104
42.466,-28.300285
42.468,3.0870023
42.47,30.770987
42.472,52.0331
42.474,61.695045
42.476,51.239506
42.478,13.150803
42.48,-56.535965
42.482,-155.22737
42.484,-274.88376
42.486,-401.67603
42.488,-519.8307
42.49,-614.9901
42.492,-679.1023
42.494,-709.92474
42.496,-710.9523
42.498,-688.8381
42.5,-652.65
42.502,-609.9714
42.504,-566.3603
42.506,-524.7278
42.508,-487.51343
42.51,-455.4997
42.512,-428.77277
42.514,-406.4181
42.516,-388.3432
42.518,-373.61362
42.52,-361.2298
42.522,-349.9043
42.524,-339.93683
42.526,-331.43863
42.528,-324.70657
42.53,-319.48694
42.532,-316.42953
42.534,-315.22794
42.536,-315.20053
42.538,-315.04974
42.54,-314.52676
42.542,-313.24506
42.544,-311.19797
42.546,-308.40192
42.548,-305.71704
42.55,-303.7425
42.552,-302.69257
42.554,-301.9877
42.556,-301.0679
42.558,-299.3638
42.56,-296.68875
42.562,-293.09222
42.564,-289.6946
42.566,-287.5317
42.568,-287.1827
42.57,-287.79385
42.572,-289.11148
42.574,-289.63538
42.576,-288.18332
42.578,-283.90933
42.58,-278.8091
42.582,-274.3247
42.584,-271.67282
42.586,-270.71603
42.588,-271.82895
42.59,-273.66608
42.592,-274.67474
42.594,-273.3739
42.596,-270.5404
42.598,-267.08057
42.6,-264.16806
42.602,-262.1791
42.604,-261.86612
42.606,-262.56882
42.608,-263.16742
42.61,-262.2372
42.612,-259.98495
42.614,-256.72433
42.616,-253.16106
42.618,-249.57603
42.62,-246.89197
42.622,-244.94812
42.624,-243.15468
42.626,-240.4496
42.628,-237.12622
42.63,-233.45903
42.632,-230.14641
42.634,-227.6168
42.636,-227.05153
42.638,-228.48116
42.64,-231.14705
42.642,-233.2725
42.644,-233.95558
42.646,-232.15988
42.648,-227.64482
42.65,-220.7131
42.652,-213.4826
42.654,-207.81277
42.656,-205.1305
42.658,-205.49321
42.66,-208.87234
42.662,-213.8475
42.664,-218.63908
42.666,-221.33165
42.668,-221.83157
42.67,-220.45767
42.672,-218.13878
42.674,-215.48283
42.676,-213.8133
42.678,-213.33795
42.68,-213.63591
42.682,-213.47667
42.684,-212.72044
42.686,-211.06908
42.688,-208.63272
42.69,-205.37788
42.692,-202.50572
42.694,-200.64418
42.696,-200.12732
42.698,-200.43703
42.7,-201.7993
42.702,-203.72913
42.704,-205.63081
42.706,-206.49521
42.708,-206.65709
42.71,-206.3529
42.712,-206.13113
42.714,-206.1898
42.716,-207.68898
42.718,-210.93887
42.72,-215.63718
42.722,-220.38849
42.724,-224.5959
42.726,-227.32861
42.728,-228.14514
42.73,-226.78761
42.732,-224.7366
42.734,-223.31755
42.736,-223.64227
42.738,-225.68803
42.74,-229.71204
42.742,-234.90588
42.744,-240.15277
42.746,-243.94385
42.748,-246.37299
42.75,-247.7086
42.752,-248.65819
42.754,-249.50705
42.756,-251.43658
42.758,-254.7344
42.76,-259.16486
42.762,-263.57745
42.764,-267.81052
42.766,-271.40646
42.768,-274.1744
42.77,-275.67123
42.772,-276.77527
42.774,-277.98862
42.776,-279.67792
42.778,-281.44183
42.78,-283.71768
42.782,-286.36758
42.784,-289.18396
42.786,-291.48618
42.788,-293.7447
42.79,-296.102
42.792,-298.69
42.794,-301.04684
42.796,-303.59622
42.798,-306.2165
42.8,-308.69638
42.802,-310.32187
42.804,-311.5302
42.806,-312.43683
42.808,-313.19925
42.81,-313.44556
42.812,-313.8385
42.814,-314.54852
42.816,-315.70084
42.818,-316.87576
42.82,-318.69363
42.822,-321.2019
42.824,-324.20624
42.826,-326.72546
42.828,-328.77606
42.83,-329.97726
42.832,-330.21005
42.834,-329.19122
42.836,-328.12003
42.838,-327.7879
42.84,-328.7091
42.842,-330.32578
42.844,-332.72266
42.846,-335.12778
42.848,-336.7142
42.85,-336.35275
42.852,-334.5624
42.854,-331.6957
42.856,-328.2088
42.858,-323.86383
42.86,-319.43777
42.862,-315.02014
42.864,-310.69766
42.866,-306.15515
42.868,-302.52557
42.87,-300.42505
42.872,-300.19098
42.874,-301.08334
42.876,-303.1206
42.878,-305.44202
42.88,-307.19543
42.882,-307.30478
42.884,-306.54968
42.886,-305.5874
42.888,-305.19415
42.89,-305.32736
42.892,-306.78174
42.894,-309.27716
42.896,-312.1986
42.898,-314.31717
42.9,-315.94946
42.902,-317.1545
42.904,-318.20242
42.906,-318.797
42.908,-319.83487
42.91,-321.3696
42.912,-323.2056
42.914,-324.43625
42.916,-325.51895
42.918,-326.42197
42.92,-327.20816
42.922,-327.39636
42.924,-327.8233
42.926,-328.6134
42.928,-329.70975
42.93,-330.29562
42.932,-330.83636
42.934,-331.1779
42.936,-331.2107
42.938,-330.3377
42.94,-329.42203
42.942,-328.78864
42.944,-328.7091
42.946,-328.73798
42.948,-329.57358
42.95,-331.14957
42.952,-333.21198
42.954,-334.79822
42.956,-336.22174
42.958,-337.2572
42.96,-337.71484
42.962,-336.88226
42.964,-335.48242
42.966,-333.79922
42.968,-332.21133
42.97,-330.55096
42.972,-329.8782
42.974,-330.46378
42.976,-332.21133
42.978,-334.08078
42.98,-336.0331
42.982,-337.4067
42.984,-337.71484
42.986,-336.27707
42.988,-334.13483
42.99,-332.03342
42.992,-330.7104
42.994,-330.10703
42.996,-330.92242
42.998,-332.8328
43.0,-335.21326
43.002,-336.88275
43.004,-338.07004
43.006,-338.6664
43.008,-338.71548
43.01,-337.77542
43.012,-336.65045
43.014,-335.55063
43.016,-334.71292
43.018,-333.88342
43.02,-334.10147
43.022,-335.60828
43.024,-338.21515
43.026,-340.70505
43.028,-342.89496
43.03,-344.12793
43.032,-344.21896
43.034,-343.04056
43.036,-342.15915
43.038,-342.37415
43.04,-343.71866
43.042,-344.67426
43.044,-344.38504
43.046,-341.51926
43.048,-335.71356
43.05,-327.49313
43.052,-319.78937
43.054,-315.07812
43.056,-314.7002
43.058,-317.47845
43.06,-321.60974
43.062,-323.77258
43.064,-321.20435
43.066,-312.46365
43.068,-299.7708
43.07,-286.46692
43.072,-276.1757
43.074,-270.73944
43.076,-271.18042
43.078,-275.8931
43.08,-282.1795
43.082,-287.0169
43.084,-289.9367
43.086,-291.36948
43.088,-292.6862
43.09,-294.71167
43.092,-298.7086
43.094,-304.16916
43.096,-309.69702
43.098,-313.25967
43.1,-314.56842
43.102,-313.7274
43.104,-311.6983
43.106,-309.49985
43.108,-308.7739
43.11,-309.85907
43.112,-312.1986
43.114,-314.46204
43.116,-315.79672
43.118,-315.16513
43.12,-312.1986
43.122,-307.30267
43.124,-301.9712
43.126,-297.43597
43.128,-294.68747
43.13,-293.8356
43.132,-295.44333
43.134,-298.91925
43.136,-303.19287
43.138,-306.16733
43.14,-307.9094
43.142,-308.40436
43.144,-308.19608
43.146,-307.1803
43.148,-307.00116
43.15,-308.10422
43.152,-310.19733
43.154,-311.64655
43.156,-312.08322
43.158,-310.9076
43.16,-308.19608
43.162,-304.0734
43.164,-300.15768
43.166,-297.03433
43.168,-294.18716
43.17,-289.32187
43.172,-280.61826
43.174,-265.90335
43.176,-244.15532
43.178,-215.53003
43.18,-182.90616
43.182,-149.18103
43.184,-116.57416
43.186,-85.19392
43.188,-54.675083
43.19,-23.28174
43.192,10.006366
43.194,44.421013
43.196,74.832535
43.198,93.87796
43.2,93.059204
43.202,65.669464
43.204,7.5462003
43.206,-79.534485
43.208,-188.11967
43.21,-305.84778
43.212,-419.51874
43.214,-516.31396
43.216,-586.87335
43.218,-626.3913
43.22,-636.5123
43.222,-622.5999
43.224,-592.37683
43.226,-553.3544
43.228,-512.7985
43.23,-475.10672
43.232,-442.28137
43.234,-414.04956
43.236,-390.3732
43.238,-370.46893
43.24,-353.72504
43.242,-339.2734
43.244,-327.48547
43.246,-318.10077
43.248,-310.69766
43.25,-304.31848
43.252,-299.19086
43.254,-295.16653
43.256,-292.18588
43.258,-289.73828
43.26,-288.19623
43.262,-287.31024
43.264,-286.68237
43.266,-285.54065
43.268,-283.99905
43.27,-282.13196
43.272,-280.17825
43.274,-278.13312
43.276,-276.42188
43.278,-275.26215
43.28,-274.67474
43.282,-274.23343
43.284,-273.72714
43.286,-273.03934
43.288,-272.17316
43.29,-270.83646
43.292,-269.6059
43.294,-268.68378
43.296,-268.1706
43.298,-267.40952
43.3,-267.1339
43.302,-267.00153
43.304,-266.66965
43.306,-265.4286
43.308,-264.3862
43.31,-263.77283
43.312,-263.66772
43.314,-263.44196
43.316,-263.56116
43.318,-263.61392
43.32,-263.16742
43.322,-261.52496
43.324,-259.41165
43.326,-257.16904
43.328,-255.16232
43.33,-253.20169
43.332,-251.88564
43.334,-251.00623
43.336,-250.15913
43.338,-248.53052
43.34,-246.47977
43.342,-244.09953
43.344,-241.65373
43.346,-239.05548
43.348,-237.1092
43.35,-235.88396
43.352,-235.1496
43.354,-234.06079
43.356,-232.73372
43.358,-230.93114
43.36,-228.64546
43.362,-225.718
43.364,-223.13312
43.366,-221.3643
43.368,-220.64037
43.37,-220.42702
43.372,-220.8719
43.374,-221.45303
43.376,-221.641
43.378,-220.6934
43.38,-219.17848
43.382,-217.48709
43.384,-216.1375
43.386,-215.15163
43.388,-215.28787
43.39,-216.44684
43.392,-218.13878
43.394,-219.22151
43.396,-219.57767
43.398,-218.87236
43.4,-217.13814
43.402,-214.32022
43.404,-211.6004
43.406,-209.6098
43.408,-208.63272
43.41,-208.05348
43.412,-207.96588
43.414,-207.91599
43.416,-207.63208
43.418,-206.7368
43.42,-206.20335
43.422,-206.58812
43.424,-208.1324
43.426,-210.08665
43.428,-212.28925
43.43,-213.97742
43.432,-214.63654
43.434,-213.81624
43.436,-212.73436
43.438,-212.42049
43.44,-213.63591
43.442,-215.94986
43.444,-219.24457
43.446,-222.47813
43.448,-224.64291
43.45,-224.77061
43.452,-223.72638
43.454,-222.50537
43.456,-222.14131
43.458,-222.6781
43.46,-224.49442
43.462,-226.93135
43.464,-229.14577
43.466,-230.10706
43.468,-230.47517
43.47,-231.02327
43.472,-232.648
43.474,-235.36685
43.476,-239.64508
43.478,-244.887
43.48,-250.15913
43.482,-254.085
43.484,-256.80817
43.486,-258.51535
43.488,-259.6652
43.49,-260.17776
43.492,-260.85498
43.494,-261.84366
43.496,-263.16742
43.498,-264.3698
43.5,-266.24768
43.502,-269.25134
43.504,-273.6741
43.506,-278.9072
43.508,-284.98264
43.51,-291.17953
43.512,-296.68875
43.514,-300.38174
43.516,-302.6153
43.518,-303.71225
43.52,-304.1935
43.522,-304.02496
43.524,-304.015
43.526,-304.27313
43.528,-304.69385
43.53,-304.59555
43.532,-304.45355
43.534,-304.42044
43.536,-304.69385
43.538,-304.9177
43.54,-305.71246
43.542,-307.14923
43.544,-309.1967
43.546,-311.26053
43.548,-313.7774
43.55,-316.66568
43.552,-319.70337
43.554,-322.01712
43.556,-323.79153
43.558,-324.84927
43.56,-325.20688
43.562,-324.6006
43.564,-324.07108
43.566,-324.17188
43.568,-325.20688
43.57,-326.58444
43.572,-328.43597
43.574,-330.1757
43.576,-331.2107
43.578,-330.66922
43.58,-329.18082
43.582,-327.1864
43.584,-325.20688
43.586,-323.06604
43.588,-321.47946
43.59,-320.31497
43.592,-319.20306
43.594,-317.20004
43.596,-314.7752
43.598,-312.13333
43.6,-309.69702
43.602,-307.40524
43.604,-306.2911
43.606,-306.49133
43.608,-307.69574
43.61,-308.68805
43.612,-309.33823
43.614,-309.08368
43.616,-307.69574
43.618,-304.85904
43.62,-301.89914
43.622,-299.75537
43.624,-299.19034
43.626,-299.9592
43.628,-302.4857
43.63,-306.08078
43.632,-309.69702
43.634,-311.68518
43.636,-311.93823
43.638,-310.2077
43.64,-306.6951
43.642,-301.39825
43.644,-295.88226
43.646,-291.17944
43.648,-288.18332
43.65,-286.9337
43.652,-288.36847
43.654,-292.34326
43.656,-298.1897
43.658,-304.26328
43.66,-310.06238
43.662,-314.59305
43.664,-317.20178
43.666,-317.16266
43.668,-315.58478
43.67,-313.31155
43.672,-311.19797
43.674,-309.23367
43.676,-308.32352
43.678,-308.31583
43.68,-308.69638
43.682,-308.25378
43.684,-307.25912
43.686,-305.76706
43.688,-304.1935
43.69,-302.58728
43.692,-302.2491
43.694,-303.53418
43.696,-306.1948
43.698,-308.8421
43.7,-311.12302
43.702,-312.30038
43.704,-312.1986
43.706,-310.8041
43.708,-309.88104
43.71,-310.64554
43.712,-313.69955
43.714,-318.11993
43.716,-323.29602
43.718,-327.61545
43.72,-329.70975
43.722,-328.51877
43.724,-325.2658
43.726,-321.34427
43.728,-318.20242
43.73,-316.16724
43.732,-315.9529
43.734,-317.04483
43.736,-318.70276
43.738,-319.90894
43.74,-321.4909
43.742,-324.09155
43.744,-328.2088
43.746,-333.1201
43.748,-338.62735
43.75,-343.41806
43.752,-346.22025
43.754,-345.84433
43.756,-343.3551
43.758,-340.00668
43.76,-337.2145
43.762,-335.34482
43.764,-335.18942
43.766,-336.15332
43.768,-337.2145
43.77,-336.91122
43.772,-335.57013
43.774,-333.49506
43.776,-331.2107
43.778,-328.4986
43.78,-326.00296
43.782,-323.39862
43.784,-320.2037
43.786,-315.57153
43.788,-310.40887
43.79,-305.47986
43.792,-301.69193
43.794,-299.17892
43.796,-298.90918
43.798,-300.756
43.8,-304.1935
43.802,-307.98615
43.804,-312.30972
43.806,-316.9274
43.808,-321.70465
43.81,-325.93228
43.812,-330.0518
43.814,-333.77582
43.816,-336.7142
43.818,-338.00272
43.82,-338.14276
43.822,-337.28015
43.824,-335.71356
43.826,-333.44528
43.828,-331.3461
43.83,-329.59583
43.832,-328.2088
43.834,-326.90518
43.836,-326.0812
43.838,-325.57764
43.84,-325.20688
43.842,-324.69336
43.844,-324.39853
43.846,-324.24573
43.848,-324.20624
43.85,-323.8606
43.852,-324.14328
43.854,-325.30008
43.856,-327.20816
43.858,-328.33673
43.86,-328.9478
43.862,-328.71866
43.864,-327.70847
43.866,-325.4856
43.868,-323.68945
43.87,-323.0659
43.872,-323.70593
43.874,-324.20474
43.876,-324.14966
43.878,-322.68597
43.88,-319.70337
43.882,-315.42886
43.884,-311.9614
43.886,-310.45047
43.888,-310.69766
43.89,-310.1716
43.892,-306.29388
43.894,-295.7847
43.896,-276.67603
43.898,-248.74472
43.9,-215.29733
43.902,-180.16129
43.904,-146.59326
43.906,-115.39161
43.908,-86.42228
43.91,-57.733646
43.912,-28.017824
43.914,2.0034049
43.916,26.853899
43.918,38.731544
43.92,29.018461
43.922,-8.382766
43.924,-76.23775
43.926,-170.80266
43.928,-282.67984
43.93,-398.1974
43.932,-503.9444
43.934,-587.9327
43.936,-642.4087
43.938,-664.46735
43.94,-657.56464
43.942,-628.4642
43.944,-585.8727
43.946,-537.9457
43.948,-492.3194
43.95,-453.40143
43.952,-422.76895
43.954,-399.2271
43.956,-381.45294
43.958,-367.2247
43.96,-354.72568
43.962,-342.44806
43.964,-330.85663
43.966,-320.40054
43.968,-311.6983
43.97,-304.7562
43.972,-300.3873
43.974,-298.4108
43.976,-298.1897
43.978,-298.3228
43.98,-298.4188
43.982,-297.79892
43.984,-296.18842
43.986,-293.4162
43.988,-290.47668
43.99,-288.102
43.992,-286.68237
43.994,-285.73108
43.996,-284.87537
43.998,-283.48376
44.0,-281.17886
44.002,-277.79312
44.004,-274.09253
44.006,-270.9986
44.008,-269.17123
44.01,-268.17593
44.012,-267.92767
44.014,-267.50494
44.016,-266.1693
44.018,-263.17197
44.02,-260.14886
44.022,-258.05756
44.024,-257.6639
44.026,-258.5705
44.028,-261.1996
44.03,-264.37106
44.032,-266.66965
44.034,-266.593
44.036,-264.71735
44.038,-261.71423
44.04,-258.66455
44.042,-256.11627
44.044,-255.23735
44.046,-255.85725
44.048,-257.1636
44.05,-257.67297
44.052,-257.1677
44.054,-255.39856
44.056,-252.66074
44.058,-249.21085
44.06,-246.42384
44.062,-244.8841
44.064,-244.65564
44.066,-244.84683
44.068,-245.27744
44.07,-245.21246
44.072,-244.15532
44.074,-241.61584
44.076,-238.57109
44.078,-235.71759
44.08,-233.64864
44.082,-232.18483
44.084,-231.74104
44.086,-231.90514
44.088,-232.14769
44.09,-231.66057
44.092,-230.92712
44.094,-230.17732
44.096,-229.64609
44.098,-228.95532
44.1,-228.44513
44.102,-227.78662
44.104,-226.64418
44.106,-224.48419
44.108,-222.08525
44.11,-219.97896
44.112,-218.63908
44.114,-217.80148
44.116,-217.82443
44.118,-218.27682
44.12,-218.63908
44.122,-218.14214
44.124,-217.37286
44.126,-216.72795
44.128,-216.63782
44.13,-216.88461
44.132,-217.937
44.134,-219.50003
44.136,-221.14069
44.138,-222.06
44.14,-222.72574
44.142,-223.34369
44.144,-224.1426
44.146,-224.73894
44.148,-225.57283
44.15,-226.45436
44.152,-227.1445
44.154,-227.0355
44.156,-226.78845
44.158,-226.73502
44.16,-227.1445
44.162,-227.56776
44.164,-228.34459
44.166,-229.15964
44.168,-229.64609
44.17,-229.07199
44.172,-228.08134
44.174,-227.10844
44.176,-226.64418
44.178,-226.51915
44.18,-227.3971
44.182,-229.20447
44.184,-231.64737
44.186,-233.83177
44.188,-236.02856
44.19,-238.15398
44.192,-240.15277
44.194,-241.41302
44.196,-242.39
44.198,-243.10977
44.2,-243.655
44.202,-243.68553
44.204,-244.05002
44.206,-245.13991
44.208,-247.15723
44.21,-249.5001
44.212,-252.40018
44.214,-255.54352
44.216,-258.66455
44.218,-261.1592
44.22,-263.71866
44.222,-266.66553
44.224,-270.17188
44.226,-273.59476
44.228,-277.12213
44.23,-280.39764
44.232,-283.18015
44.234,-285.00745
44.236,-286.81998
44.238,-289.23758
44.24,-292.6862
44.242,-296.637
44.244,-301.16876
44.246,-305.5939
44.248,-309.1967
44.25,-311.0402
44.252,-311.74567
44.254,-311.89413
44.256,-312.1986
44.258,-312.68857
44.26,-314.0848
44.262,-316.241
44.264,-318.70276
44.266,-320.437
44.268,-321.65146
44.27,-322.3497
44.272,-322.7053
44.274,-322.4046
44.276,-322.137
44.278,-321.94785
44.28,-321.70465
44.282,-320.69006
44.284,-319.38312
44.286,-317.95435
44.288,-316.70148
44.29,-315.43704
44.292,-314.99237
44.294,-315.48517
44.296,-316.70148
44.298,-317.6159
44.3,-318.23367
44.302,-318.15155
44.304,-317.20178
44.306,-314.997
44.308,-312.60745
44.31,-310.6824
44.312,-309.69702
44.314,-309.222
44.316,-309.63718
44.318,-310.4878
44.32,-311.19797
44.322,-310.75812
44.324,-309.67102
44.326,-308.18677
44.328,-306.6951
44.33,-304.98776
44.332,-303.9286
44.334,-303.56027
44.336,-303.6932
44.338,-303.48135
44.34,-303.39313
44.342,-303.43768
44.344,-303.6932
44.346,-303.67227
44.348,-304.1051
44.35,-305.00058
44.352,-306.1948
44.354,-306.84067
44.356,-307.36853
44.358,-307.66888
44.36,-307.69574
44.362,-306.9175
44.364,-306.16464
44.366,-305.69537
44.368,-305.69446
44.37,-305.66574
44.372,-306.28546
44.374,-307.51987
44.376,-309.1967
44.378,-310.47815
44.38,-311.81207
44.382,-313.0848
44.384,-314.1999
44.386,-314.51248
44.388,-314.71622
44.39,-314.92502
44.392,-315.20053
44.394,-314.96597
44.396,-314.88306
44.398,-314.97974
44.4,-315.20053
44.402,-314.8708
44.404,-314.57224
44.406,-314.3336
44.408,-314.1999
44.41,-313.705
44.412,-313.62177
44.414,-314.11285
44.416,-315.20053
44.418,-316.22217
44.42,-317.56683
44.422,-318.9864
44.424,-320.2037
44.426,-320.48196
44.428,-320.40213
44.43,-320.09378
44.432,-319.70337
44.434,-318.81918
44.436,-318.18942
44.438,-317.9558
44.44,-318.20242
44.442,-318.43808
44.444,-319.3632
44.446,-321.00842
44.448,-323.2056
44.45,-325.04697
44.452,-326.75333
44.454,-328.02228
44.456,-328.7091
44.458,-328.3614
44.46,-327.98184
44.462,-328.02505
44.464,-328.7091
44.466,-329.32037
44.468,-330.05176
44.47,-330.34683
44.472,-329.70975
44.474,-327.3803
44.476,-324.21036
44.478,-320.6826
44.48,-317.20178
44.482,-313.33493
44.484,-309.6027
44.486,-305.77863
44.488,-301.69193
44.49,-296.89993
44.492,-292.5389
44.494,-289.30453
44.496,-287.683
44.498,-287.1575
44.5,-287.9413
44.502,-289.34903
44.504,-290.68494
44.506,-291.03976
44.508,-291.21484
44.51,-291.75812
44.512,-293.18652
44.514,-295.1237
44.516,-297.94608
44.518,-301.04828
44.52,-303.6932
44.522,-304.85977
44.524,-305.16373
44.526,-305.06958
44.528,-305.19415
44.53,-305.59506
44.532,-306.92865
44.534,-308.84677
44.536,-310.69766
44.538,-311.63803
44.54,-311.75775
44.542,-311.0152
44.544,-309.69702
44.546,-308.25146
44.548,-307.5482
44.55,-307.75452
44.552,-308.69638
44.554,-309.77747
44.556,-311.05917
44.558,-312.14185
44.56,-312.6989
44.562,-311.79333
44.564,-310.3897
44.566,-308.9233
44.568,-307.69574
44.57,-305.68506
44.572,-303.65915
44.574,-301.62558
44.576,-299.69064
44.578,-297.3057
44.58,-295.7211
44.582,-295.4736
44.584,-296.68875
44.586,-298.24417
44.588,-299.89035
44.59,-300.63455
44.592,-299.69064
44.594,-296.14438
44.596,-290.67865
44.598,-283.35544
44.6,-273.6741
44.602,-259.8685
44.604,-240.93419
44.606,-215.59639
44.608,-183.6168
44.61,-145.69983
44.612,-104.90636
44.614,-64.09742
44.616,-25.516232
44.618,10.143712
44.62,41.64019
44.622,67.7641
44.624,85.55443
44.626,90.237724
44.628,74.3675
44.63,31.621899
44.632,-41.0261
44.634,-140.66942
44.636,-259.47592
44.638,-384.3347
44.64,-500.31827
44.642,-593.745
44.644,-656.67706
44.646,-686.5829
44.648,-686.4367
44.65,-662.51013
44.652,-623.6707
44.654,-577.74536
44.656,-530.8377
44.658,-486.54517
44.66,-447.72177
44.662,-415.31146
44.664,-389.24762
44.666,-368.30634
44.668,-351.87537
44.67,-338.60614
44.672,-327.20816
44.674,-316.29803
44.676,-306.08032
44.678,-296.72662
44.68,-288.68365
44.682,-281.98047
44.684,-277.44055
44.686,-275.00476
44.688,-274.1744
44.69,-273.76654
44.692,-273.37772
44.694,-272.42767
44.696,-270.67218
44.698,-267.96735
44.7,-265.04272
44.702,-262.60992
44.704,-261.16614
44.706,-260.51227
44.708,-260.308
44.71,-260.0179
44.712,-259.16486
44.714,-257.25146
44.716,-254.67912
44.718,-251.97617
44.72,-249.65883
44.722,-247.39702
44.724,-245.8061
44.726,-244.387
44.728,-242.65437
44.73,-239.88567
44.732,-237.49887
44.734,-235.99438
44.736,-235.64992
44.738,-235.82307
44.74,-236.84386
44.742,-237.88963
44.744,-238.1515
44.746,-236.82298
44.748,-234.8228
44.75,-232.8552
44.752,-231.64737
44.754,-231.19873
44.756,-231.98184
44.758,-233.41112
44.76,-234.64928
44.762,-234.63263
44.764,-233.6964
44.766,-232.1687
44.768,-230.64673
44.77,-229.32426
44.772,-228.98238
44.774,-229.45499
44.776,-230.14641
44.778,-229.92767
44.78,-228.72697
44.782,-226.3803
44.784,-223.14195
44.786,-219.22612
44.788,-215.81389
44.79,-213.4231
44.792,-212.13495
44.794,-211.21461
44.796,-210.52731
44.798,-209.46182
44.8,-207.63208
44.802,-204.68214
44.804,-201.54008
44.806,-198.8593
44.808,-197.1254
44.81,-196.04506
44.812,-195.7231
44.814,-195.49242
44.816,-194.62381
44.818,-192.2906
44.82,-189.06163
44.822,-185.55876
44.824,-182.61618
44.826,-180.55219
44.828,-180.1957
44.83,-181.4162
44.832,-183.6168
44.834,-185.58194
44.836,-187.09726
44.838,-187.79637
44.84,-187.61935
44.842,-186.33403
44.844,-184.80255
44.846,-183.45827
44.848,-182.61618
44.85,-181.98225
44.852,-182.05719
44.854,-182.71129
44.856,-183.6168
44.858,-183.89207
44.86,-183.70802
44.862,-183.02739
44.864,-182.11586
44.866,-181.06232
44.868,-181.0279
44.87,-182.53908
44.872,-185.61809
44.874,-189.22331
44.876,-192.90515
44.878,-195.73918
44.88,-197.1254
44.882,-196.58792
44.884,-195.28044
44.886,-194.29726
44.888,-194.62381
44.89,-196.26147
44.892,-199.53328
44.894,-203.79428
44.896,-208.1324
44.898,-211.28888
44.9,-213.43364
44.902,-214.8497
44.904,-216.1375
44.906,-217.4461
44.908,-219.63791
44.91,-222.80208
44.912,-226.64418
44.914,-230.20132
44.916,-233.54802
44.918,-236.63023
44.92,-239.65245
44.922,-242.46974
44.924,-245.84209
44.926,-249.85123
44.928,-254.16168
44.93,-257.63342
44.932,-260.02356
44.934,-260.98257
44.936,-260.66583
44.938,-259.31003
44.94,-258.4996
44.942,-259.40195
44.944,-262.66708
44.946,-267.65427
44.948,-273.91022
44.95,-280.15997
44.952,-285.18143
44.954,-287.80383
44.956,-288.59537
44.958,-288.37872
44.96,-288.18332
44.962,-288.28513
44.964,-289.39456
44.966,-291.23853
44.968,-293.18652
44.97,-294.13724
44.972,-294.29242
44.974,-293.84134
44.976,-293.18652
44.978,-292.2138
44.98,-291.62598
44.982,-291.4799
44.984,-291.68555
44.986,-291.66592
44.988,-291.98218
44.99,-292.80957
44.992,-294.18716
44.994,-295.38748
44.996,-296.48892
44.998,-297.03186
45.0,-296.68875
45.002,-294.96756
45.004,-292.8824
45.006,-291.22385
45.008,-290.68494
45.01,-291.0447
45.012,-292.66736
45.014,-294.9784
45.016,-297.18906
45.018,-298.1153
45.02,-298.06522
45.022,-297.26587
45.024,-296.18842
45.026,-294.80023
45.028,-294.0332
45.03,-294.03986
45.032,-294.68747
45.034,-295.1404
45.036,-295.72302
45.038,-296.27817
45.04,-296.68875
45.042,-296.3336
45.044,-295.81644
45.046,-295.23236
45.048,-294.68747
45.05,-293.78116
45.052,-293.30472
45.054,-293.43817
45.056,-294.18716
45.058,-294.83286
45.06,-295.70767
45.062,-296.56024
45.064,-297.18906
45.066,-296.99664
45.068,-296.79074
45.07,-296.93002
45.072,-297.6894
45.074,-298.57098
45.076,-300.03366
45.078,-301.73846
45.08,-303.19287
45.082,-303.38623
45.084,-302.73474
45.086,-301.38168
45.088,-299.69064
45.09,-297.6008
45.092,-296.21393
45.094,-295.89496
45.096,-296.68875
45.098,-297.79587
45.1,-299.42343
45.102,-301.17117
45.104,-302.69257
45.106,-303.2715
45.108,-303.56808
45.11,-303.81073
45.112,-304.1935
45.114,-304.26312
45.116,-304.53094
45.118,-304.78586
45.12,-304.69385
45.122,-303.442
45.124,-301.5699
45.126,-299.33243
45.128,-297.18906
45.13,-295.18323
45.132,-294.48285
45.134,-295.48175
45.136,-298.1897
45.138,-301.69992
45.14,-305.9978
45.142,-310.39062
45.144,-314.1999
45.146,-316.39273
45.148,-317.4126
45.15,-317.41614
45.152,-316.70148
45.154,-315.0611
45.156,-313.40762
45.158,-311.94885
45.16,-310.69766
45.162,-309.00482
45.164,-307.41028
45.166,-305.94724
45.168,-304.69385
45.17,-303.21933
45.172,-302.2474
45.174,-301.80634
45.176,-301.69193
45.178,-300.96298
45.18,-299.80698
45.182,-297.9249
45.184,-295.18777
45.186,-291.1872
45.188,-286.9977
45.19,-283.2888
45.192,-280.67856
45.194,-279.01926
45.196,-279.06342
45.198,-280.62604
45.2,-283.18015
45.202,-285.4772
45.204,-287.5596
45.206,-289.13287
45.208,-290.1846
45.21,-290.4221
45.212,-290.87613
45.214,-291.93488
45.216,-293.68683
45.218,-295.3885
45.22,-297.15744
45.222,-298.52753
45.224,-299.19034
45.226,-298.83597
45.228,-298.2472
45.23,-297.78696
45.232,-297.6894
45.234,-297.84528
45.236,-298.38116
45.238,-298.80704
45.24,-298.69
45.242,-297.89856
45.244,-297.03967
45.246,-296.5157
45.248,-296.68875
45.25,-297.3078
45.252,-298.92795
45.254,-301.25687
45.256,-303.6932
45.258,-304.58893
45.26,-304.4564
45.262,-303.59042
45.264,-302.69257
45.266,-301.65402
45.268,-302.04465
45.27,-304.20572
45.272,-307.69574
45.274,-310.6689
45.276,-312.54422
45.278,-312.5441
45.28,-310.69766
45.282,-307.25766
45.284,-304.13562
45.286,-302.23187
45.288,-301.19162
45.29,-298.5844
45.292,-292.10782
45.294,-278.88245
45.296,-257.1636
45.298,-226.60301
45.3,-189.89372
45.302,-150.1421
45.304,-110.07002
45.306,-70.48564
45.308,-31.86034
45.31,6.526834
45.312,44.528328
45.314,80.17825
45.316,107.40885
45.318,118.51333
45.32,105.567154
45.322,63.40893
45.324,-9.8938
45.326,-110.28629
45.328,-228.64546
45.33,-351.99008
45.332,-467.6349
45.334,-563.97125
45.336,-632.90265
45.338,-670.34503
45.34,-677.953
45.342,-660.5708
45.344,-625.3978
45.346,-579.91815
45.348,-532.1231
45.35,-487.66306
45.352,-449.78613
45.354,-418.87006
45.356,-394.6641
45.358,-375.40805
45.36,-359.22852
45.362,-344.2812
45.364,-330.6878
45.366,-318.6668
45.368,-308.69638
45.37,-300.641
45.372,-295.17578
45.374,-292.04144
45.376,-290.68494
45.378,-289.98965
45.38,-289.98007
45.382,-290.31293
45.384,-290.68494
45.386,-290.4099
45.388,-289.58566
45.39,-288.14627
45.392,-286.18207
45.394,-283.68054
45.396,-281.27267
45.398,-279.61383
45.4,-279.1776
45.402,-279.77756
45.404,-281.1316
45.406,-282.7661
45.408,-284.1808
45.41,-284.5804
45.412,-284.37582
45.414,-283.79907
45.416,-283.18015
45.418,-282.1029
45.42,-281.6141
45.422,-281.44925
45.424,-281.17886
45.426,-279.86423
45.428,-278.50204
45.43,-277.23492
45.432,-276.1757
45.434,-274.84048
45.436,-273.97058
45.438,-273.4633
45.44,-273.17377
45.442,-272.57764
45.444,-272.42273
45.446,-272.82208
45.448,-273.6741
45.45,-274.1515
45.452,-274.294
45.454,-273.57663
45.456,-271.67282
45.458,-268.2323
45.46,-264.33917
45.462,-260.77197
45.464,-258.16425
45.466,-256.3183
45.468,-255.54048
45.47,-255.23221
45.472,-254.662
45.474,-252.88829
45.476,-250.40689
45.478,-247.62788
45.48,-245.15596
45.482,-243.10909
45.484,-242.33234
45.486,-242.8021
45.488,-244.15532
45.49,-245.43842
45.492,-246.72984
45.494,-247.71263
45.496,-248.15787
45.498,-247.46783
45.5,-246.08994
45.502,-243.98666
45.504,-241.15341
45.506,-237.25974
45.508,-233.19318
45.51,-229.47845
45.512,-226.64418
45.514,-224.6366
45.516,-224.18663
45.518,-225.1811
45.52,-227.1445
45.522,-228.91151
45.524,-230.31325
45.526,-230.81987
45.528,-230.14641
45.53,-227.8716
45.532,-224.90303
45.534,-221.81285
45.536,-219.1394
45.538,-216.77748
45.54,-215.46126
45.542,-215.16612
45.544,-215.63718
45.546,-216.01811
45.548,-216.59496
45.55,-217.2915
45.552,-218.13878
45.554,-218.72404
45.556,-219.69121
45.558,-221.06175
45.56,-222.64163
45.562,-223.58043
45.564,-224.09303
45.566,-224.07193
45.568,-223.64227
45.57,-222.70143
45.572,-222.32426
45.574,-223.0567
45.576,-225.14323
45.578,-227.93883
45.58,-231.51166
45.582,-235.27425
45.584,-238.65182
45.586,-240.76564
45.588,-242.16675
45.59,-243.17874
45.592,-244.15532
45.594,-244.77654
45.596,-245.53995
45.598,-246.26227
45.6,-246.6569
45.602,-246.06421
45.604,-245.17998
45.606,-244.6098
45.608,-245.15596
45.61,-247.03894
45.612,-251.23497
45.614,-257.6864
45.616,-265.669
45.618,-273.45926
45.62,-280.2521
45.622,-285.10492
45.624,-287.683
45.626,-287.8723
45.628,-287.1461
45.63,-286.66495
45.632,-287.1827
45.634,-288.21252
45.636,-289.56656
45.638,-290.2072
45.64,-289.18396
45.642,-285.62918
45.644,-280.5622
45.646,-275.2483
45.648,-271.17252
45.65,-269.00943
45.652,-269.8938
45.654,-273.80954
45.656,-280.17825
45.658,-287.61584
45.66,-295.716
45.662,-303.57956
45.664,-310.19733
45.666,-314.00253
45.668,-314.63773
45.67,-311.83292
45.672,-306.1948
45.674,-298.81183
45.676,-292.4652
45.678,-289.35513
45.68,-290.68494
45.682,-295.61115
45.684,-302.86444
45.686,-309.8654
45.688,-314.1999
45.69,-314.07803
45.692,-310.37872
45.694,-304.84036
45.696,-299.69064
45.698,-296.17987
45.7,-295.5178
45.702,-297.1534
45.704,-299.69064
45.706,-301.11185
45.708,-301.16458
45.71,-299.93356
45.712,-298.1897
45.714,-296.45105
45.716,-296.13727
45.718,-297.6186
45.72,-300.69128
45.722,-304.28836
45.724,-308.2811
45.726,-311.98682
45.728,-314.7002
45.73,-315.25986
45.732,-313.71243
45.734,-309.91638
45.736,-304.1935
45.738,-296.88843
45.74,-289.8434
45.742,-284.348
45.744,-281.17886
45.746,-279.7902
45.748,-280.16797
45.75,-281.39355
45.752,-282.67984
45.754,-283.21014
45.756,-283.90378
45.758,-285.31516
45.76,-287.683
45.762,-290.08804
45.764,-292.2321
45.766,-293.1266
45.768,-292.18588
45.77,-289.1176
45.772,-285.73712
45.774,-283.67593
45.776,-284.1808
45.778,-286.93668
45.78,-291.56668
45.782,-296.19086
45.784,-298.69
45.786,-297.05344
45.788,-291.64764
45.79,-283.5621
45.792,-274.67474
45.794,-266.45306
45.796,-260.8433
45.798,-258.26028
45.8,-258.16425
45.802,-259.04456
45.804,-260.53186
45.806,-262.19382
45.808,-264.16806
45.81,-266.53604
45.812,-270.50684
45.814,-276.35214
45.816,-283.68048
45.818,-291.0081
45.82,-297.6033
45.822,-302.255
45.824,-304.1935
45.826,-302.9248
45.828,-299.7669
45.83,-296.0526
45.832,-293.18652
45.834,-291.748
45.836,-292.6946
45.838,-295.67905
45.84,-299.69064
45.842,-302.9808
45.844,-305.04993
45.846,-305.4086
45.848,-304.1935
45.85,-301.59195
45.852,-299.00226
45.854,-297.03186
45.856,-295.6881
45.858,-293.92053
45.86,-291.3627
45.862,-287.22156
45.864,-281.17886
45.866,-273.16052
45.868,-264.77777
45.87,-257.3032
45.872,-251.6601
45.874,-247.6335
45.876,-245.2862
45.878,-243.74321
45.88,-242.15405
45.882,-239.7156
45.884,-237.2872
45.886,-235.68674
45.888,-235.64992
45.89,-236.92928
45.892,-239.54472
45.894,-242.48686
45.896,-244.65564
45.898,-244.97261
45.9,-244.10564
45.902,-242.84612
45.904,-242.15405
45.906,-242.29231
45.908,-243.79785
45.91,-246.0607
45.912,-248.15787
45.914,-249.13246
45.916,-249.05882
45.918,-247.98358
45.92,-246.1566
45.922,-243.82076
45.924,-241.35931
45.926,-238.64177
45.928,-235.64992
45.93,-232.76276
45.932,-230.98132
45.934,-230.89612
45.936,-232.648
45.938,-235.2464
45.94,-238.37856
45.942,-240.98276
45.944,-242.15405
45.946,-240.58751
45.948,-237.59836
45.95,-234.47647
45.952,-232.648
45.954,-232.22752
45.956,-234.18634
45.958,-237.94737
45.96,-242.15405
45.962,-244.4709
45.964,-244.302
45.966,-241.42693
45.968,-236.65054
45.97,-230.86499
45.972,-226.11627
45.974,-223.02257
45.976,-220.64037
45.978,-215.99492
45.98,-206.54669
45.982,-189.8443
45.984,-165.10503
45.986,-133.14354
45.988,-97.332214
45.99,-60.7163
45.992,-25.015915
45.994,10.499404
45.996,46.845158
45.998,85.04702
46.0,123.57861
46.002,157.4886
46.004,177.29558
46.006,172.70934
46.008,135.58626
46.01,63.545773
46.012,-39.695427
46.014,-163.47958
46.016,-293.18652
46.018,-413.43854
46.02,-512.7875
46.022,-584.33276
46.024,-626.3985
46.026,-641.03986
46.028,-633.7154
46.03,-610.3699
46.032,-576.867
46.034,-538.1348
46.036,-499.26645
46.038,-463.90186
46.04,-434.27628
46.042,-410.57498
46.044,-392.36835
46.046,-377.77985
46.048,-364.73203
46.05,-351.35883
46.052,-337.7206
46.054,-324.36026
46.056,-312.1986
46.058,-301.5859
46.06,-293.18158
46.062,-286.7172
46.064,-281.6792
46.066,-277.32822
46.068,-273.93805
46.07,-271.59302
46.072,-270.17188
46.074,-268.87054
46.076,-266.94705
46.078,-263.52606
46.08,-258.16425
46.082,-251.01695
46.084,-243.17732
46.086,-236.26122
46.088,-231.64737
46.09,-229.71672
46.092,-229.93645
46.094,-231.17488
46.096,-232.14769
46.098,-231.59232
46.1,-229.84583
46.102,-227.42201
46.104,-225.14323
46.106,-223.14027
46.108,-222.57655
46.11,-223.01723
46.112,-223.64227
46.114,-223.22833
46.116,-222.37004
46.118,-221.11511
46.12,-219.63972
46.122,-217.65448
46.124,-215.87115
46.126,-214.11354
46.128,-212.13495
46.13,-209.45879
46.132,-206.91656
46.134,-204.88481
46.136,-203.62955
46.138,-202.726
46.14,-202.36943
46.142,-201.91644
46.144,-200.62762
46.146,-197.60988
46.148,-193.40718
46.15,-188.6038
46.152,-184.11713
46.154,-180.47368
46.156,-178.81073
46.158,-179.11858
46.16,-180.6149
46.162,-181.57146
46.164,-181.17386
46.166,-178.6495
46.168,-174.11076
46.17,-168.2246
46.172,-163.15266
46.174,-160.52145
46.176,-161.1025
46.178,-164.01993
46.18,-168.22112
46.182,-171.77065
46.184,-173.11012
46.186,-171.32396
46.188,-167.66025
46.19,-163.732
46.192,-161.1025
46.194,-160.0999
46.196,-160.95073
46.198,-162.66089
46.2,-164.1044
46.202,-164.28954
46.204,-164.09729
46.206,-164.66127
46.208,-167.10631
46.21,-171.42297
46.212,-177.52219
46.214,-184.0905
46.216,-189.62064
46.218,-192.7176
46.22,-193.9532
46.222,-194.4357
46.224,-195.62445
46.226,-198.14256
46.228,-202.69743
46.23,-208.62633
46.232,-214.63654
46.234,-218.9558
46.236,-221.30205
46.238,-221.79036
46.24,-221.14069
46.242,-219.79941
46.244,-219.00285
46.246,-219.15062
46.248,-220.14005
46.25,-221.0843
46.252,-222.05092
46.254,-222.98438
46.256,-224.1426
46.258,-225.54204
46.26,-228.1608
46.262,-232.39046
46.264,-238.1515
46.266,-244.34337
46.268,-250.48508
46.27,-255.65474
46.272,-259.16486
46.274,-260.31607
46.276,-259.86142
46.278,-258.55072
46.28,-257.1636
46.282,-255.74406
46.284,-254.98703
46.286,-254.96915
46.288,-255.66264
46.29,-256.58975
46.292,-258.3659
46.294,-261.22696
46.296,-265.1687
46.298,-269.28143
46.3,-273.38516
46.302,-276.8242
46.304,-279.1776
46.306,-279.988
46.308,-280.4128
46.31,-281.508
46.312,-284.1808
46.314,-288.1979
46.316,-293.652
46.318,-299.4669
46.32,-304.1935
46.322,-305.99884
46.324,-304.91476
46.326,-301.50443
46.328,-297.18906
46.33,-293.22974
46.332,-291.80023
46.334,-293.75204
46.336,-298.69
46.338,-304.52658
46.34,-309.72806
46.342,-312.54764
46.344,-312.1986
46.346,-308.671
46.348,-304.2098
46.35,-300.99814
46.352,-300.69128
46.354,-303.1882
46.356,-308.1823
46.358,-313.95908
46.36,-318.70276
46.362,-320.79437
46.364,-320.88107
46.366,-320.06113
46.368,-319.70337
46.37,-320.21194
46.372,-322.21802
46.374,-325.05417
46.376,-327.70847
46.378,-328.93878
46.38,-329.33258
46.382,-329.62042
46.384,-330.7104
46.386,-332.62314
46.388,-335.84192
46.39,-339.68866
46.392,-343.21835
46.394,-345.20972
46.396,-346.18405
46.398,-346.64752
46.4,-347.2209
46.402,-347.67316
46.404,-348.4212
46.406,-348.85278
46.408,-348.22153
46.41,-345.58075
46.412,-341.70532
46.414,-337.30792
46.416,-333.21198
46.418,-329.44778
46.42,-326.7481
46.422,-324.83884
46.424,-323.2056
46.426,-320.88257
46.428,-318.3886
46.43,-315.92062
46.432,-313.69955
46.434,-311.2645
46.436,-309.05725
46.438,-306.79367
46.44,-304.1935
46.442,-300.70334
46.444,-297.2958
46.446,-294.60046
46.448,-293.18652
46.45,-292.77853
46.452,-293.82803
46.454,-295.7513
46.456,-297.6894
46.458,-298.3526
46.46,-297.9793
46.462,-296.73245
46.464,-295.18777
46.466,-293.60287
46.468,-293.283
46.47,-294.4618
46.472,-296.68875
46.474,-298.4158
46.476,-299.1241
46.478,-297.95068
46.48,-294.68747
46.482,-289.44315
46.484,-284.23993
46.486,-280.6332
46.488,-279.67792
46.49,-280.97617
46.492,-284.4161
46.494,-288.6348
46.496,-292.18588
46.498,-293.5911
46.5,-293.31573
46.502,-291.81467
46.504,-289.6843
46.506,-286.7788
46.508,-283.7733
46.51,-280.56546
46.512,-277.17633
46.514,-273.52948
46.516,-271.13446
46.518,-270.9164
46.52,-273.17377
46.522,-276.6934
46.524,-280.44608
46.526,-282.4564
46.528,-281.17886
46.53,-275.77652
46.532,-268.00836
46.534,-260.16248
46.536,-254.662
46.538,-252.60112
46.54,-254.80972
46.542,-260.16177
46.544,-266.66965
46.546,-271.84756
46.548,-275.09912
46.55,-276.3133
46.552,-276.1757
46.554,-275.1836
46.556,-274.77234
46.558,-275.32635
46.56,-276.67603
46.562,-277.85086
46.564,-278.8952
46.566,-279.4244
46.568,-279.1776
46.57,-277.7397
46.572,-275.5385
46.574,-272.71625
46.576,-269.67154
46.578,-267.06607
46.58,-266.00095
46.582,-266.9163
46.584,-269.67154
46.586,-273.59973
46.588,-277.6188
46.59,-280.18185
46.592,-280.17825
46.594,-277.1827
46.596,-272.636
46.598,-268.14856
46.6,-265.1687
46.602,-263.51984
46.604,-263.875
46.606,-265.66882
46.608,-268.1706
46.61,-269.99762
46.612,-271.93973
46.614,-274.3209
46.616,-277.17633
46.618,-279.28162
46.62,-280.35046
46.622,-279.66003
46.624,-277.17633
46.626,-273.26062
46.628,-270.1289
46.63,-269.2228
46.632,-270.67218
46.634,-272.1973
46.636,-271.05783
46.638,-263.49045
46.64,-246.6569
46.642,-219.24864
46.644,-183.32974
46.646,-141.82416
46.648,-97.562065
46.65,-51.571117
46.652,-4.3732276
46.654,44.748962
46.656,95.56079
46.658,145.64188
46.66,188.04782
46.662,213.6148
46.664,212.63527
46.666,178.19357
46.668,107.19426
46.67,3.3432348
46.672,-123.57861
46.674,-259.0634
46.676,-388.3255
46.678,-497.66406
46.68,-577.3673
46.682,-622.5881
46.684,-635.0174
46.686,-620.3223
46.688,-586.87335
46.69,-543.2563
46.692,-498.01294
46.694,-456.78018
46.696,-422.26862
46.698,-394.08667
46.7,-371.386
46.702,-352.36078
46.704,-335.71356
46.706,-320.59912
46.708,-308.162
46.71,-299.2486
46.712,-294.18716
46.714,-291.84818
46.716,-291.35675
46.718,-290.95453
46.72,-289.18396
46.722,-284.97797
46.724,-279.37305
46.726,-273.6551
46.728,-269.17123
46.73,-266.3397
46.732,-265.4748
46.734,-265.91263
46.736,-266.66965
46.738,-266.71408
46.74,-265.98956
46.742,-265.15427
46.744,-265.1687
46.746,-266.53726
46.748,-269.20212
46.75,-272.5998
46.752,-275.67538
46.754,-276.9421
46.756,-276.02667
46.758,-273.0989
46.76,-269.17123
46.762,-265.1985
46.764,-263.6076
46.766,-265.28473
46.768,-270.17188
46.77,-276.80438
46.772,-284.65842
46.774,-292.0893
46.776,-297.6894
46.778,-300.2613
46.78,-300.61447
46.782,-299.45938
46.784,-297.6894
46.786,-295.6207
46.788,-294.17047
46.79,-293.19534
46.792,-292.18588
46.794,-290.2135
46.796,-287.45673
46.798,-283.8852
46.8,-279.67792
46.802,-274.7582
46.804,-269.9155
46.806,-265.35233
46.808,-261.16614
46.81,-257.08145
46.812,-253.66353
46.814,-250.9241
46.816,-248.65819
46.818,-246.08052
46.82,-243.14172
46.822,-239.39343
46.824,-234.64928
46.826,-228.80055
46.828,-222.95662
46.83,-217.8906
46.832,-214.13623
46.834,-211.39392
46.836,-209.73721
46.838,-208.41489
46.84,-206.63145
46.842,-203.54106
46.844,-199.73854
46.846,-195.83179
46.848,-192.62254
46.85,-190.3623
46.852,-189.82037
46.854,-190.69131
46.856,-192.12222
46.858,-192.56425
46.86,-191.65211
46.862,-188.95157
46.864,-184.61745
46.866,-178.8861
46.868,-173.34726
46.87,-168.93784
46.872,-166.10567
46.874,-164.22183
46.876,-163.31071
46.878,-162.74419
46.88,-162.10312
46.882,-160.91933
46.884,-160.24649
46.886,-160.71504
46.888,-162.60344
46.89,-165.07275
46.892,-167.80661
46.894,-169.7564
46.896,-170.10822
46.898,-168.19563
46.9,-165.2797
46.902,-162.66455
46.904,-161.6028
46.906,-162.232
46.908,-164.9798
46.91,-169.11125
46.912,-173.61044
46.914,-177.17369
46.916,-180.2098
46.918,-183.27132
46.92,-187.11903
46.922,-191.72363
46.924,-197.61717
46.926,-204.34575
46.928,-211.13431
46.93,-216.72171
46.932,-221.31607
46.934,-225.14221
46.936,-228.64546
46.938,-231.67389
46.94,-234.92299
46.942,-238.44089
46.944,-242.15405
46.946,-245.51033
46.948,-249.14247
46.95,-253.3285
46.952,-258.16425
46.954,-262.90192
46.956,-267.50555
46.958,-271.511
46.96,-274.67474
46.962,-276.6852
46.964,-278.63986
46.966,-281.43317
46.968,-285.68173
46.97,-290.91324
46.972,-296.97897
46.974,-303.0106
46.976,-308.19608
46.978,-311.67532
46.98,-314.16876
46.982,-316.43597
46.984,-319.20306
46.986,-322.2864
46.988,-325.8668
46.99,-329.3746
46.992,-332.21133
46.994,-333.6139
46.996,-334.39908
46.998,-335.36456
47.0,-337.2145
47.002,-339.58694
47.004,-342.52347
47.006,-345.19196
47.008,-346.72058
47.01,-346.12973
47.012,-344.14966
47.014,-341.56747
47.016,-339.2158
47.018,-337.01355
47.02,-335.4498
47.022,-334.15768
47.024,-332.71167
47.026,-330.42685
47.028,-328.169
47.03,-326.49615
47.032,-325.7072
47.034,-325.00378
47.036,-324.22916
47.038,-322.5975
47.04,-319.70337
47.042,-315.33527
47.044,-311.21692
47.046,-308.73453
47.048,-308.69638
47.05,-310.216
47.052,-312.58292
47.054,-314.035
47.056,-313.19925
47.058,-309.30338
47.06,-304.33353
47.062,-300.67966
47.064,-300.69128
47.066,-305.0362
47.068,-314.01132
47.07,-325.69147
47.072,-337.2145
47.074,-345.23813
47.076,-348.75516
47.078,-347.5691
47.08,-342.71802
47.082,-335.31042
47.084,-327.93948
47.086,-322.1312
47.088,-318.70276
47.09,-317.14478
47.092,-317.87512
47.094,-320.32907
47.096,-323.70593
47.098,-326.45453
47.1,-328.4619
47.102,-329.14606
47.104,-328.2088
47.106,-325.1347
47.108,-321.2836
47.11,-317.74902
47.112,-315.70084
47.114,-315.44214
47.116,-318.08908
47.118,-323.37057
47.12,-330.21005
47.122,-336.4184
47.124,-341.12286
47.126,-343.39938
47.128,-343.21835
47.13,-340.9212
47.132,-338.6254
47.134,-337.7165
47.136,-338.71548
47.138,-340.42053
47.14,-342.00565
47.142,-341.89917
47.144,-339.2158
47.146,-333.8032
47.148,-328.11917
47.15,-324.71527
47.152,-325.7072
47.154,-331.21848
47.156,-340.92175
47.158,-352.41064
47.16,-362.73074
47.162,-368.9121
47.164,-370.7803
47.166,-369.11176
47.168,-365.73267
47.17,-362.08066
47.172,-360.25806
47.174,-360.6872
47.176,-362.73074
47.178,-364.58337
47.18,-365.81097
47.182,-365.85843
47.184,-364.73203
47.186,-362.24237
47.188,-359.57977
47.19,-357.09332
47.192,-354.72568
47.194,-351.5263
47.196,-347.65683
47.198,-342.76605
47.2,-336.7142
47.202,-329.13202
47.204,-321.32498
47.206,-314.30856
47.208,-309.1967
47.21,-306.35422
47.212,-306.99295
47.214,-310.94852
47.216,-317.20178
47.218,-323.53452
47.22,-328.9434
47.222,-332.26758
47.224,-333.21198
47.226,-331.88666
47.228,-330.3481
47.23,-330.04114
47.232,-331.71103
47.234,-334.5243
47.236,-337.8858
47.238,-340.2061
47.24,-340.21643
47.242,-337.25327
47.244,-332.70413
47.246,-328.14056
47.248,-325.20688
47.25,-324.80063
47.252,-327.3056
47.254,-331.43414
47.256,-335.21326
47.258,-336.76782
47.26,-335.41907
47.262,-331.091
47.264,-324.70657
47.266,-317.40628
47.268,-311.58884
47.27,-308.46646
47.272,-308.19608
47.274,-308.9898
47.276,-310.46075
47.278,-311.63712
47.28,-312.1986
47.282,-311.72693
47.284,-312.0852
47.286,-314.2278
47.288,-318.20242
47.29,-322.22745
47.292,-325.18903
47.294,-325.51724
47.296,-322.7053
47.298,-317.1644
47.3,-311.64227
47.302,-308.15805
47.304,-307.19543
47.306,-306.41476
47.308,-302.78067
47.31,-292.14786
47.312,-271.67282
47.314,-240.6496
47.316,-202.28079
47.318,-160.60391
47.32,-119.07575
47.322,-78.52703
47.324,-38.63664
47.326,2.5107806
47.328,45.528965
47.33,88.08832
47.332,122.572945
47.334,139.13217
47.336,128.08148
47.338,83.79726
47.34,5.6200237
47.342,-99.732124
47.344,-220.14005
47.346,-340.5368
47.348,-447.81775
47.35,-531.7549
47.352,-586.87335
47.354,-612.01556
47.356,-610.9799
47.358,-589.49176
47.36,-554.35266
47.362,-511.8648
47.364,-468.5277
47.366,-428.79095
47.368,-395.25143
47.37,-368.2193
47.372,-347.6453
47.374,-332.04547
47.376,-319.70337
47.378,-308.77295
47.38,-299.1142
47.382,-290.55707
47.384,-283.18015
47.386,-276.61316
47.388,-271.39047
47.39,-267.3344
47.392,-264.16806
47.394,-261.23056
47.396,-258.98743
47.398,-257.47852
47.4,-256.66327
47.402,-256.01065
47.404,-255.5189
47.406,-254.84422
47.408,-253.66136
47.41,-251.55919
47.412,-248.75946
47.414,-245.74976
47.416,-243.15468
47.418,-241.31808
47.42,-240.53523
47.422,-240.89494
47.424,-242.15405
47.426,-243.3814
47.428,-244.35915
47.43,-244.5456
47.432,-243.655
47.434,-241.17865
47.436,-238.43407
47.438,-235.93436
47.44,-234.14896
47.442,-232.86623
47.444,-233.12354
47.446,-234.63687
47.448,-236.65054
47.45,-237.69153
47.452,-237.62039
47.454,-236.0431
47.456,-233.14832
47.458,-229.2712
47.46,-226.15846
47.462,-224.83153
47.464,-225.64354
47.466,-227.6438
47.468,-230.18988
47.47,-231.88527
47.472,-231.64737
47.474,-228.75137
47.476,-224.3267
47.478,-219.57231
47.48,-215.63718
47.482,-212.69617
47.484,-211.15591
47.486,-210.39073
47.488,-209.63336
47.49,-208.00722
47.492,-206.2121
47.494,-204.88774
47.496,-204.63017
47.498,-205.12282
47.5,-206.42665
47.502,-207.70937
47.504,-208.1324
47.506,-206.88965
47.508,-204.91957
47.51,-203.28583
47.512,-203.12923
47.514,-204.68645
47.516,-208.38708
47.518,-213.44164
47.52,-218.63908
47.522,-222.43312
47.524,-224.78255
47.526,-225.83571
47.528,-226.14386
47.53,-225.86714
47.532,-225.91704
47.534,-226.40425
47.536,-227.1445
47.538,-227.40677
47.54,-227.55157
47.542,-227.61584
47.544,-227.64482
47.546,-227.13544
47.548,-226.51476
47.55,-225.79785
47.552,-225.14323
47.554,-224.45193
47.556,-224.8288
47.558,-226.84181
47.56,-230.64673
47.562,-235.33833
47.564,-240.56734
47.566,-245.4058
47.568,-249.15851
47.57,-251.16397
47.572,-252.35228
47.574,-253.49725
47.576,-255.16232
47.578,-256.85434
47.58,-258.50586
47.582,-259.32483
47.584,-258.66455
47.586,-255.9582
47.588,-252.35774
47.59,-249.05318
47.592,-247.15723
47.594,-246.72124
47.596,-248.0354
47.598,-250.34352
47.6,-252.66074
47.602,-253.77606
47.604,-254.0917
47.606,-254.13702
47.608,-254.662
47.61,-255.73964
47.612,-258.01566
47.614,-261.1941
47.616,-264.66837
47.618,-267.3696
47.62,-269.58752
47.622,-271.54688
47.624,-273.6741
47.626,-275.85187
47.628,-278.72766
47.63,-282.15015
47.632,-285.68173
47.634,-288.3327
47.636,-290.34918
47.638,-291.84705
47.64,-293.18652
47.642,-294.30844
47.644,-296.05014
47.646,-298.46567
47.648,-301.19162
47.65,-303.07996
47.652,-303.98355
47.654,-303.513
47.656,-301.69193
47.658,-298.52682
47.66,-295.453
47.662,-293.4601
47.664,-293.18652
47.666,-294.16296
47.668,-296.38776
47.67,-298.9181
47.672,-300.69128
47.674,-300.4285
47.676,-298.51285
47.678,-295.46545
47.68,-292.18588
47.682,-289.09277
47.684,-287.42184
47.686,-287.40073
47.688,-288.68365
47.69,-290.02472
47.692,-291.1859
47.694,-291.63443
47.696,-291.18524
47.698,-289.52866
47.7,-287.78912
47.702,-286.67056
47.704,-286.68237
47.706,-287.42838
47.708,-289.24686
47.71,-291.59027
47.712,-293.68683
47.714,-294.24133
47.716,-293.3912
47.718,-291.10214
47.72,-287.683
47.722,-283.1575
47.724,-278.9054
47.726,-275.7207
47.728,-274.1744
47.73,-273.94833
47.732,-275.6015
47.734,-278.75165
47.736,-282.67984
47.738,-285.94666
47.74,-288.44568
47.742,-289.82898
47.744,-290.1846
47.746,-289.4491
47.748,-289.0864
47.75,-289.89667
47.752,-292.18588
47.754,-295.0022
47.756,-298.09814
47.758,-300.43558
47.76,-301.19162
47.762,-299.59686
47.764,-296.82047
47.766,-293.97604
47.768,-292.18588
47.77,-291.5887
47.772,-292.85995
47.774,-295.509
47.776,-298.69
47.778,-301.05798
47.78,-302.79678
47.782,-303.931
47.784,-304.69385
47.786,-304.80862
47.788,-305.03323
47.79,-305.47403
47.792,-306.1948
47.794,-306.8046
47.796,-308.16885
47.798,-310.5106
47.8,-313.69955
47.802,-316.6283
47.804,-319.04114
47.806,-320.17688
47.808,-319.70337
47.81,-317.50534
47.812,-315.31927
47.814,-314.66418
47.816,-316.70148
47.818,-321.16354
47.82,-327.85776
47.822,-335.18582
47.824,-341.21707
47.826,-343.84644
47.828,-343.01266
47.83,-339.10193
47.832,-333.21198
47.834,-326.1554
47.836,-319.81183
47.838,-315.0562
47.84,-312.1986
47.842,-310.49762
47.844,-310.2039
47.846,-310.81857
47.848,-311.6983
47.85,-311.54703
47.852,-310.3962
47.854,-307.9353
47.856,-304.1935
47.858,-299.0585
47.86,-294.02054
47.862,-290.12708
47.864,-288.18332
47.866,-287.92044
47.868,-289.668
47.87,-292.62927
47.872,-295.6881
47.874,-297.23422
47.876,-297.34198
47.878,-296.1173
47.88,-294.18716
47.882,-291.90256
47.884,-290.8019
47.886,-291.43024
47.888,-293.68683
47.89,-296.40323
47.892,-299.1377
47.894,-300.9207
47.896,-301.19162
47.898,-299.83743
47.9,-298.04504
47.902,-296.84308
47.904,-297.18906
47.906,-299.59625
47.908,-304.43762
47.91,-311.00427
47.912,-318.20242
47.914,-324.8152
47.916,-330.56274
47.918,-335.06546
47.92,-338.21515
47.922,-339.39362
47.924,-339.56506
47.926,-338.99802
47.928,-337.71484
47.93,-334.4933
47.932,-330.13556
47.934,-324.98056
47.936,-319.70337
47.938,-314.32382
47.94,-310.6465
47.942,-309.42987
47.944,-310.69766
47.946,-312.97128
47.948,-315.70804
47.95,-317.81567
47.952,-318.70276
47.954,-317.83417
47.956,-316.26373
47.958,-314.06793
47.96,-310.19733
47.962,-301.79053
47.964,-286.4315
47.966,-261.6389
47.968,-226.64418
47.97,-182.5863
47.972,-133.80571
47.974,-84.87957
47.976,-39.525143
47.978,0.9040049
47.98,35.669083
47.982,64.961365
47.984,87.5557
47.986,100.00113
47.988,95.25171
47.99,66.186424
47.992,8.005093
47.994,-78.656525
47.996,-188.14774
47.998,-309.02148
48.0,-427.27182
48.002,-529.3426
48.004,-606.6051
48.006,-655.03033
48.008,-675.4297
48.01,-671.51855
48.012,-649.69403
48.014,-615.88116
48.016,-575.366
48.018,-532.2119
48.02,-490.749
48.022,-453.77728
48.024,-422.76895
48.026,-397.24524
48.028,-376.44247
48.03,-358.36517
48.032,-341.21707
48.034,-323.79016
48.036,-307.18488
48.038,-292.83298
48.04,-282.1795
48.042,-275.45737
48.044,-272.6441
48.046,-272.086
48.048,-271.67282
48.05,-269.3871
48.052,-265.06982
48.054,-259.35513
48.056,-253.66136
48.058,-249.28027
48.06,-247.38274
48.062,-248.01106
48.064,-250.15913
48.066,-251.9973
48.068,-251.90103
48.07,-249.03076
48.072,-243.655
48.074,-236.84526
48.076,-230.57289
48.078,-226.56558
48.08,-225.64354
48.082,-226.89806
48.084,-229.41933
48.086,-231.1812
48.088,-230.64673
48.09,-226.96117
48.092,-222.1279
48.094,-217.74945
48.096,-215.13686
48.098,-214.1839
48.1,-215.00772
48.102,-216.02473
48.104,-215.63718
48.106,-212.73502
48.108,-208.45667
48.11,-204.03851
48.112,-200.62762
48.114,-198.21817
48.116,-196.69629
48.118,-194.72702
48.12,-191.12158
48.122,-185.35313
48.124,-178.90433
48.126,-173.50146
48.128,-170.60854
48.13,-170.30157
48.132,-172.0404
48.134,-173.92297
48.136,-174.11076
48.138,-171.54892
48.14,-167.43976
48.142,-163.64973
48.144,-162.10312
48.146,-163.4332
48.148,-167.45178
48.15,-172.17407
48.152,-175.1114
48.154,-174.12573
48.156,-169.30751
48.158,-161.90224
48.16,-154.09804
48.162,-147.7611
48.164,-144.56963
48.166,-144.44559
48.168,-146.09294
48.17,-147.32639
48.172,-147.02473
48.174,-144.50427
48.176,-140.08913
48.178,-134.55188
48.18,-129.79707
48.182,-127.105484
48.184,-127.08084
48.186,-129.16844
48.188,-132.80771
48.19,-136.5996
48.192,-139.08849
48.194,-138.87724
48.196,-136.07492
48.198,-131.24547
48.2,-125.57989
48.202,-120.162346
48.204,-116.676865
48.206,-115.84486
48.208,-117.5748
48.21,-120.691505
48.212,-124.44288
48.214,-127.79211
48.216,-130.08275
48.218,-130.81909
48.22,-130.83151
48.222,-130.86594
48.224,-131.58371
48.226,-132.88542
48.228,-135.05984
48.23,-137.66983
48.232,-140.08913
48.234,-141.38542
48.236,-141.97243
48.238,-142.50195
48.24,-144.09166
48.242,-147.5185
48.244,-153.9922
48.246,-163.44788
48.248,-174.61108
48.25,-184.77693
48.252,-191.77457
48.254,-193.72012
48.256,-190.12094
48.258,-181.80798
48.26,-171.84685
48.262,-163.54347
48.264,-159.60153
48.266,-160.8162
48.268,-166.98573
48.27,-176.2265
48.272,-186.11841
48.274,-194.2533
48.276,-200.11914
48.278,-204.06271
48.28,-207.13177
48.282,-210.00255
48.284,-213.59026
48.286,-217.82608
48.288,-222.14131
48.29,-225.53816
48.292,-228.16197
48.294,-230.44026
48.296,-233.14832
48.298,-236.6247
48.3,-241.52895
48.302,-247.62749
48.304,-254.16168
48.306,-259.7869
48.308,-264.1263
48.31,-266.9881
48.312,-268.67093
48.314,-269.38654
48.316,-270.15244
48.318,-271.41766
48.32,-273.17377
48.322,-274.56488
48.324,-275.28775
48.326,-274.75925
48.328,-272.67346
48.33,-268.7598
48.332,-264.08652
48.334,-259.69974
48.336,-256.66327
48.338,-255.30246
48.34,-256.2431
48.342,-259.04492
48.344,-262.66708
48.346,-265.38907
48.348,-266.5016
48.35,-265.519
48.352,-262.66708
48.354,-258.36935
48.356,-254.22821
48.358,-251.32217
48.36,-250.15913
48.362,-250.08081
48.364,-250.74963
48.366,-251.19864
48.368,-250.65945
48.37,-248.47122
48.372,-245.55429
48.374,-242.81828
48.376,-241.15341
48.378,-240.59314
48.38,-241.56206
48.382,-243.51678
48.384,-245.65628
48.386,-246.82738
48.388,-247.33353
48.39,-247.44481
48.392,-247.65755
48.394,-247.90823
48.396,-248.92134
48.398,-250.51181
48.4,-252.16042
48.402,-252.75748
48.404,-252.5308
48.406,-251.54387
48.408,-250.15913
48.41,-248.38371
48.412,-247.29506
48.414,-247.22476
48.416,-248.15787
48.418,-249.29926
48.42,-250.76154
48.422,-252.15567
48.424,-253.16106
48.426,-253.13252
48.428,-252.64261
48.43,-251.90453
48.432,-251.15977
48.434,-250.15422
48.436,-249.5638
48.438,-249.43733
48.44,-249.65883
48.442,-249.56549
48.444,-249.56223
48.446,-249.70406
48.448,-250.15913
48.45,-250.69284
48.452,-252.0801
48.454,-254.45435
48.456,-257.6639
48.458,-260.82462
48.46,-263.9849
48.462,-266.80933
48.464,-269.17123
48.466,-270.7388
48.468,-272.46124
48.47,-274.84872
48.472,-278.17697
48.474,-281.84058
48.476,-285.87982
48.478,-289.5851
48.48,-292.18588
48.482,-292.65018
48.484,-291.41345
48.486,-288.87186
48.488,-285.68173
48.49,-282.03445
48.492,-278.95575
48.494,-276.5988
48.496,-274.67474
48.498,-272.1387
48.5,-269.0066
48.502,-265.1031
48.504,-260.66583
48.506,-255.86166
48.508,-252.11348
48.51,-250.2536
48.512,-250.65945
48.514,-252.60333
48.516,-255.93033
48.518,-259.7378
48.52,-263.16742
48.522,-265.2126
48.524,-266.40936
48.526,-267.20663
48.528,-268.1706
48.53,-269.24744
48.532,-271.09738
48.534,-273.55206
48.536,-276.1757
48.538,-278.04172
48.54,-279.33994
48.542,-280.01367
48.544,-280.17825
48.546,-279.74258
48.548,-279.2444
48.55,-278.61877
48.552,-277.67664
48.554,-276.20364
48.556,-274.55585
48.558,-272.9214
48.56,-271.67282
48.562,-271.30728
48.564,-272.36636
48.566,-274.58044
48.568,-277.17633
48.57,-278.71515
48.572,-278.98337
48.574,-277.7169
48.576,-275.17505
48.578,-271.17743
48.58,-267.71735
48.582,-266.20386
48.584,-267.6703
48.586,-271.52707
48.588,-277.9213
48.59,-285.48007
48.592,-292.18588
48.594,-295.2802
48.596,-294.06522
48.598,-288.6573
48.6,-280.67856
48.602,-272.20996
48.604,-266.50128
48.606,-264.95102
48.608,-266.66965
48.61,-267.94714
48.612,-264.97308
48.614,-253.93376
48.616,-233.14832
48.618,-203.30556
48.62,-168.45787
48.622,-132.59248
48.624,-98.062386
48.626,-63.903572
48.628,-27.922258
48.63,12.885592
48.632,59.037556
48.634,106.87331
48.636,146.5911
48.638,165.86914
48.64,153.0974
48.642,101.93422
48.644,12.497438
48.646,-106.48955
48.648,-240.15277
48.65,-370.67484
48.652,-483.04263
48.654,-566.5813
48.656,-616.89246
48.658,-635.01324
48.66,-627.3071
48.662,-601.64514
48.664,-565.86
48.666,-525.9112
48.668,-486.8569
48.67,-451.3008
48.672,-420.26736
48.674,-393.28195
48.676,-370.50507
48.678,-351.45886
48.68,-335.71356
48.682,-322.445
48.684,-311.92804
48.686,-303.83527
48.688,-297.6894
48.69,-292.4794
48.692,-288.33545
48.694,-285.07666
48.696,-282.67984
48.698,-280.74167
48.7,-279.78732
48.702,-279.71115
48.704,-280.17825
48.706,-280.38013
48.708,-280.3564
48.71,-280.17874
48.712,-280.17825
48.714,-280.49948
48.716,-281.6042
48.718,-283.61597
48.72,-286.18207
48.722,-288.2692
48.724,-288.917
48.726,-287.55576
48.728,-284.1808
48.73,-278.9568
48.732,-273.44662
48.734,-268.87924
48.736,-266.1693
48.738,-264.97214
48.74,-265.81998
48.742,-267.64313
48.744,-269.17123
48.746,-268.92093
48.748,-267.6195
48.75,-265.65927
48.752,-263.66772
48.754,-261.71115
48.756,-260.7786
48.758,-260.74234
48.76,-261.16614
48.762,-261.15958
48.764,-261.12192
48.766,-261.0923
48.768,-261.16614
48.77,-260.92993
48.772,-260.8254
48.774,-260.64395
48.776,-260.1655
48.778,-258.9125
48.78,-257.62625
48.782,-256.6449
48.784,-256.16296
48.786,-255.66922
48.788,-255.31609
48.79,-254.6133
48.792,-253.16106
48.794,-250.48058
48.796,-247.46413
48.798,-244.7055
48.8,-242.65437
48.802,-240.96312
48.804,-239.83855
48.806,-238.7334
48.808,-237.15086
48.81,-234.52678
48.812,-231.75807
48.814,-229.47456
48.816,-228.14514
48.818,-227.3393
48.82,-227.12607
48.822,-226.78299
48.824,-225.64354
48.826,-223.02751
48.828,-219.82433
48.83,-216.79471
48.832,-214.63654
48.834,-213.20209
48.836,-212.81686
48.838,-212.97142
48.84,-213.13559
48.842,-212.67155
48.844,-212.36932
48.846,-212.75433
48.848,-214.13623
48.85,-215.85425
48.852,-217.695
48.854,-218.7054
48.856,-218.13878
48.858,-215.46407
48.86,-211.92274
48.862,-208.7649
48.864,-207.13177
48.866,-207.06912
48.868,-208.7636
48.87,-211.20576
48.872,-213.13559
48.874,-213.18431
48.876,-211.82396
48.878,-209.88011
48.88,-208.63272
48.882,-208.8107
48.884,-211.58763
48.886,-216.83823
48.888,-223.64227
48.89,-230.17293
48.892,-235.6827
48.894,-239.40453
48.896,-241.15341
48.898,-240.79982
48.9,-239.54636
48.902,-238.16237
48.904,-237.15086
48.906,-236.16708
48.908,-235.61179
48.91,-235.3191
48.912,-235.1496
48.914,-234.61252
48.916,-234.42046
48.918,-234.8884
48.92,-236.15022
48.922,-237.5227
48.924,-239.06514
48.926,-240.25784
48.928,-240.65309
48.93,-239.62247
48.932,-238.04004
48.934,-236.7377
48.936,-236.65054
48.938,-237.97237
48.94,-241.45793
48.942,-246.80592
48.944,-253.16106
48.946,-258.90323
48.948,-263.51263
48.95,-266.44452
48.952,-267.6703
48.954,-267.15375
48.956,-266.18893
48.958,-265.66104
48.96,-266.1693
48.962,-267.37964
48.964,-269.52963
48.966,-272.14746
48.968,-274.67474
48.97,-276.20682
48.972,-277.1733
48.974,-277.8567
48.976,-278.67728
48.978,-279.5371
48.98,-281.2135
48.982,-283.80167
48.984,-287.1827
48.986,-290.62616
48.988,-294.3867
48.99,-298.20157
48.992,-301.69193
48.994,-303.9049
48.996,-304.97714
48.998,-304.8178
49.0,-303.6932
49.002,-301.7716
49.004,-300.4543
49.006,-300.52368
49.008,-302.19223
49.01,-304.43335
49.012,-306.71393
49.014,-307.89294
49.016,-307.19543
49.018,-304.1072
49.02,-299.9735
49.022,-296.11658
49.024,-293.68683
49.026,-292.6456
49.028,-293.23553
49.03,-294.59128
49.032,-295.6881
49.034,-295.33978
49.036,-294.12827
49.038,-292.66653
49.04,-291.68555
49.042,-291.06955
49.044,-291.2465
49.046,-291.58188
49.048,-291.18524
49.05,-288.8457
49.052,-285.14905
49.054,-280.86093
49.056,-277.17633
49.058,-274.71964
49.06,-274.77264
49.062,-277.24704
49.064,-281.17886
49.066,-284.54092
49.068,-286.52515
49.07,-286.36752
49.072,-284.1808
49.074,-280.41086
49.076,-277.16187
49.078,-275.85406
49.08,-277.17633
49.082,-280.3089
49.084,-284.71545
49.086,-288.92236
49.088,-291.68555
49.09,-292.00793
49.092,-291.03284
49.094,-290.0042
49.096,-290.1846
49.098,-291.70248
49.1,-294.9624
49.102,-298.94073
49.104,-302.19223
49.106,-302.97855
49.108,-301.54272
49.11,-298.5185
49.112,-295.18777
49.114,-292.4141
49.116,-291.88434
49.118,-293.96802
49.12,-298.1897
49.122,-302.93454
49.124,-307.60074
49.126,-311.21762
49.128,-313.19925
49.13,-312.88376
49.132,-311.24146
49.134,-308.94934
49.136,-306.6951
49.138,-304.43097
49.14,-302.9881
49.142,-302.25256
49.144,-301.69193
49.146,-299.97647
49.148,-297.0526
49.15,-292.68945
49.152,-287.1827
49.154,-280.80545
49.156,-275.41092
49.158,-272.27176
49.16,-272.17316
49.162,-274.58167
49.164,-279.38675
49.166,-285.38565
49.168,-291.18524
49.17,-295.0867
49.172,-297.2199
49.174,-297.84033
49.176,-297.6894
49.178,-297.12073
49.18,-297.562
49.182,-299.45938
49.184,-302.69257
49.186,-306.10184
49.188,-309.52344
49.19,-312.23282
49.192,-313.69955
49.194,-313.24463
49.196,-311.68005
49.198,-309.58936
49.2,-307.69574
49.202,-306.38855
49.204,-306.58932
49.206,-308.32837
49.208,-311.19797
49.21,-314.4022
49.212,-317.5491
49.214,-319.93716
49.216,-321.20435
49.218,-321.3995
49.22,-321.3975
49.222,-321.731
49.224,-322.7053
49.226,-323.7369
49.228,-325.24896
49.23,-326.89957
49.232,-328.2088
49.234,-327.7703
49.236,-326.29868
49.238,-324.2113
49.24,-322.205
49.242,-320.19266
49.244,-319.538
49.246,-320.50766
49.248,-322.7053
49.25,-324.51016
49.252,-325.54788
49.254,-325.2369
49.256,-323.70593
49.258,-321.17325
49.26,-319.2802
49.262,-318.44205
49.264,-317.70212
49.266,-314.06628
49.268,-305.02136
49.27,-287.9086
49.272,-261.66647
49.274,-226.8469
49.276,-187.04875
49.278,-145.7891
49.28,-105.567154
49.282,-66.44751
49.284,-28.223835
49.286,9.941896
49.288,47.02992
49.29,79.299446
49.292,98.54708
49.294,95.663826
49.296,63.040104
49.298,-1.8683679
49.3,-96.51034
49.302,-211.40907
49.304,-332.71167
49.306,-444.88785
49.308,-536.0139
49.31,-598.3646
49.312,-629.9007
49.314,-633.05963
49.316,-614.88293
49.318,-582.9921
49.32,-544.3463
49.322,-503.638
49.324,-464.88412
49.326,-429.95218
49.328,-399.7543
49.33,-374.26096
49.332,-354.5414
49.334,-340.8123
49.336,-332.71167
49.338,-328.58905
49.34,-327.38788
49.342,-327.25787
49.344,-326.70782
49.346,-324.58347
49.348,-321.8893
49.35,-319.63507
49.352,-318.70276
49.354,-318.76086
49.356,-319.63626
49.358,-320.03723
49.36,-318.70276
49.362,-314.72046
49.364,-309.13733
49.366,-303.66388
49.368,-300.19098
49.37,-299.6102
49.372,-302.14383
49.374,-306.8568
49.376,-312.1986
49.378,-316.38394
49.38,-318.74002
49.382,-319.4376
49.384,-319.20306
49.386,-318.23474
49.388,-317.48227
49.39,-316.78683
49.392,-315.70084
49.394,-313.20847
49.396,-310.38684
49.398,-307.58426
49.4,-305.19415
49.402,-302.8446
49.404,-301.42804
49.406,-300.57593
49.408,-299.69064
49.41,-297.72397
49.412,-295.262
49.414,-292.48975
49.416,-289.6843
49.418,-286.54974
49.42,-283.8299
49.422,-281.54562
49.424,-279.67792
49.426,-277.8161
49.428,-276.857
49.43,-277.1183
49.432,-278.67728
49.434,-280.73877
49.436,-283.2863
49.438,-285.522
49.44,-286.68237
49.442,-285.82965
49.444,-283.63144
49.446,-280.55405
49.448,-277.17633
49.45,-273.48642
49.452,-270.36954
49.454,-267.941
49.456,-266.1693
49.458,-264.5324
49.46,-263.7039
49.462,-263.77942
49.464,-264.66837
49.466,-265.51788
49.468,-266.4423
49.47,-266.94043
49.472,-266.66965
49.474,-265.14383
49.476,-263.43298
49.478,-262.2464
49.48,-262.16678
49.482,-262.90262
49.484,-264.78427
49.486,-267.16046
49.488,-269.17123
49.49,-269.59946
49.492,-268.77032
49.494,-266.93796
49.496,-264.66837
49.498,-262.0962
49.5,-260.32852
49.502,-259.58325
49.504,-259.6652
49.506,-259.59216
49.508,-259.50388
49.51,-259.1858
49.512,-258.66455
49.514,-257.656
49.516,-257.14474
49.518,-257.4738
49.52,-258.66455
49.522,-259.83243
49.524,-261.03516
49.526,-261.75748
49.528,-261.66647
49.53,-260.24225
49.532,-258.58505
49.534,-257.49408
49.536,-257.6639
49.538,-258.84384
49.54,-261.43994
49.542,-264.8497
49.544,-268.1706
49.546,-269.97037
49.548,-270.32965
49.55,-269.2667
49.552,-267.16995
49.554,-264.07547
49.556,-261.2485
49.558,-259.31342
49.56,-258.66455
49.562,-258.90027
49.564,-260.60873
49.566,-263.65637
49.568,-267.6703
49.57,-271.53845
49.572,-275.32263
49.574,-278.71576
49.576,-281.6792
49.578,-283.927
49.58,-286.52744
49.582,-289.93365
49.584,-294.18716
49.586,-298.26285
49.588,-301.95462
49.59,-304.54727
49.592,-305.69446
49.594,-305.12903
49.596,-304.34692
49.598,-304.56943
49.6,-306.6951
49.602,-310.33893
49.604,-315.43478
49.606,-320.81937
49.608,-325.20688
49.61,-327.18378
49.612,-327.24344
49.614,-326.0781
49.616,-324.70657
49.618,-323.47104
49.62,-323.41187
49.622,-324.48853
49.624,-326.20752
49.626,-327.38632
49.628,-328.23065
49.63,-328.75598
49.632,-329.20944
49.634,-329.3145
49.636,-329.83777
49.638,-330.74487
49.64,-331.71103
49.642,-331.69412
49.644,-330.98114
49.646,-329.57645
49.648,-327.70847
49.65,-325.17496
49.652,-323.01654
49.654,-321.63638
49.656,-321.20435
49.658,-321.10184
49.66,-321.6936
49.662,-322.68405
49.664,-323.70593
49.666,-323.85593
49.668,-323.60162
49.67,-323.00287
49.672,-322.205
49.674,-320.80093
49.676,-319.6069
49.678,-318.751
49.68,-318.20242
49.682,-317.247
49.684,-316.50003
49.686,-316.089
49.688,-316.20114
49.69,-316.41397
49.692,-317.54324
49.694,-319.57703
49.696,-322.205
49.698,-324.30072
49.7,-326.0035
49.702,-326.98892
49.704,-327.20816
49.706,-326.39676
49.708,-325.9517
49.71,-326.809
49.712,-329.70975
49.714,-334.30493
49.716,-340.81503
49.718,-348.05707
49.72,-354.22534
49.722,-356.80417
49.724,-355.0644
49.726,-348.7089
49.728,-338.71548
49.73,-326.6403
49.732,-315.84064
49.734,-308.76105
49.736,-306.6951
49.738,-308.85
49.74,-314.25275
49.742,-320.59793
49.744,-325.7072
49.746,-327.81558
49.748,-327.68835
49.75,-326.5975
49.752,-326.20752
49.754,-327.2706
49.756,-330.79193
49.758,-336.09753
49.76,-341.71738
49.762,-345.5117
49.764,-347.02292
49.766,-346.05954
49.768,-343.21835
49.77,-339.03558
49.772,-335.2893
49.774,-332.78778
49.776,-331.71103
49.778,-331.13245
49.78,-331.05875
49.782,-330.8905
49.784,-330.21005
49.786,-328.3476
49.788,-326.16486
49.79,-324.03326
49.792,-322.205
49.794,-320.1473
49.796,-318.33182
49.798,-316.4632
49.8,-314.1999
49.802,-310.76978
49.804,-306.92273
49.806,-302.95605
49.808,-299.19034
49.81,-295.29947
49.812,-292.0813
49.814,-289.56827
49.816,-287.683
49.818,-285.81796
49.82,-284.60916
49.822,-284.1041
49.824,-284.1808
49.826,-283.94376
49.828,-283.6305
49.83,-282.91507
49.832,-281.6792
49.834,-279.58612
49.836,-277.91803
49.838,-277.44672
49.84,-278.67728
49.842,-281.02988
49.844,-284.69894
49.846,-288.8797
49.848,-292.6862
49.85,-294.98962
49.852,-296.32687
49.854,-297.05148
49.856,-297.6894
49.858,-298.33963
49.86,-299.60403
49.862,-301.11105
49.864,-302.19223
49.866,-302.09967
49.868,-300.93875
49.87,-298.7967
49.872,-296.18842
49.874,-293.87027
49.876,-292.9524
49.878,-293.68155
49.88,-295.6881
49.882,-297.63208
49.884,-299.29398
49.886,-300.07236
49.888,-299.69064
49.89,-297.31277
49.892,-294.45346
49.894,-292.22226
49.896,-291.68555
49.898,-292.6041
49.9,-295.95163
49.902,-301.3349
49.904,-307.69574
49.906,-312.8844
49.908,-316.40927
49.91,-317.85953
49.912,-317.70212
49.914,-316.41553
49.916,-315.82312
49.918,-316.30634
49.92,-316.70148
49.922,-313.74344
49.924,-304.77585
49.926,-287.28946
49.928,-260.66583
49.93,-226.05933
49.932,-187.57346
49.934,-148.8838
49.936,-112.0713
49.938,-76.20257
49.94,-39.7113
49.942,-0.5173835
49.944,41.0261
49.946,81.002
49.948,110.10072
49.95,117.55655
49.952,94.05984
49.954,35.807407
49.956,-55.369087
49.958,-170.28131
49.96,-295.18777
49.962,-414.6604
49.964,-516.8125
49.966,-593.60077
49.968,-641.9084
49.97,-662.2148
49.972,-659.0481
49.974,-637.8131
49.976,-604.38446
49.978,-563.9928
49.98,-522.63257
49.982,-484.76434
49.984,-453.28836
49.986,-428.6302
49.988,-410.655
49.99,-397.44058
49.992,-386.74603
49.994,-376.3213
49.996,-366.26126
49.998,-356.98447
50.0,-349.22217
50.002,-342.8195
50.004,-338.20746
50.006,-334.64163
50.008,-331.2107
50.01,-326.87723
50.012,-322.45166
50.014,-318.86508
50.016,-317.20178
50.018,-317.77078
50.02,-321.03363
50.022,-326.49747
50.024,-333.21198
50.026,-339.77985
50.028,-345.50485
50.03,-349.9216
50.032,-352.7244
50.034,-353.28043
50.036,-351.49857
50.038,-347.59012
50.04,-342.2177
50.042,-335.8881
50.044,-330.4988
50.046,-327.1428
50.048,-326.20752
50.05,-326.42255
50.052,-327.608
50.054,-328.24557
50.056,-327.20816
50.058,-323.6835
50.06,-319.68567
50.062,-316.77115
50.064,-316.20114
50.066,-317.7065
50.068,-321.3494
50.07,-325.49194
50.072,-328.2088
50.074,-327.54935
50.076,-323.9686
50.078,-318.34772
50.08,-312.1986
50.082,-306.47754
50.084,-302.74347
50.086,-300.96118
50.088,-300.19098
50.09,-298.5835
50.092,-295.68753
50.094,-291.19244
50.096,-285.68173
50.098,-279.97635
50.1,-276.30115
50.102,-275.92188
50.104,-279.1776
50.106,-284.838
50.108,-292.0825
50.11,-299.28348
50.112,-305.19415
50.114,-308.8588
50.116,-311.30273
50.118,-313.26666
50.12,-315.20053
50.122,-316.3806
50.124,-316.6549
50.126,-315.08975
50.128,-311.19797
50.13,-304.94055
50.132,-298.4206
50.134,-293.5416
50.136,-291.68555
50.138,-292.49283
50.14,-295.43707
50.142,-298.5073
50.144,-299.69064
50.146,-297.38147
50.148,-292.55533
50.15,-286.72583
50.152,-281.6792
50.154,-278.03497
50.156,-276.49072
50.158,-276.04388
50.16,-275.17505
50.162,-272.1677
50.164,-267.50348
50.166,-262.15338
50.168,-257.6639
50.17,-254.89395
50.172,-255.1204
50.174,-257.9783
50.176,-262.16678
50.178,-265.46655
50.18,-267.12723
50.182,-266.59985
50.184,-264.16806
50.186,-260.1894
50.188,-256.49182
50.19,-254.15073
50.192,-253.66136
50.194,-254.27972
50.196,-256.02924
50.198,-258.1856
50.2,-260.1655
50.202,-261.185
50.204,-262.18063
50.206,-263.7074
50.208,-266.1693
50.21,-268.98663
50.212,-272.4123
50.214,-275.8393
50.216,-278.67728
50.218,-280.11118
50.22,-281.0205
50.222,-282.02942
50.224,-283.68048
50.226,-285.55362
50.228,-288.01456
50.23,-290.55853
50.232,-292.6862
50.234,-293.6744
50.236,-294.41635
50.238,-295.4705
50.24,-297.18906
50.242,-298.91016
50.244,-300.67874
50.246,-301.87875
50.248,-302.19223
50.25,-301.41745
50.252,-301.13794
50.254,-302.63422
50.256,-306.6951
50.258,-312.57404
50.26,-319.6178
50.262,-326.0487
50.264,-330.21005
50.266,-330.78757
50.268,-328.82684
50.27,-325.86227
50.272,-323.70593
50.274,-323.14346
50.276,-325.00775
50.278,-328.52838
50.28,-332.21133
50.282,-334.0233
50.284,-333.6673
50.286,-331.2662
50.288,-327.70847
50.29,-323.71506
50.292,-320.98312
50.294,-320.16498
50.296,-321.20435
50.298,-322.93845
50.3,-325.0545
50.302,-326.7023
50.304,-327.20816
50.306,-325.69397
50.308,-322.79105
50.31,-318.921
50.312,-314.7002
50.314,-310.3057
50.316,-306.99866
50.318,-305.26215
50.32,-305.19415
50.322,-305.99
50.324,-307.72668
50.326,-309.8164
50.328,-311.6983
50.33,-312.4657
50.332,-312.59238
50.334,-312.14493
50.336,-311.19797
50.338,-309.2356
50.34,-306.92175
50.342,-304.3607
50.344,-301.69193
50.346,-298.5919
50.348,-296.03452
50.35,-294.3518
50.352,-293.68683
50.354,-293.41125
50.356,-293.90152
50.358,-294.79935
50.36,-295.6881
50.362,-295.68903
50.364,-295.39072
50.366,-294.97256
50.368,-294.68747
50.37,-294.20203
50.372,-294.24762
50.374,-294.70483
50.376,-295.18777
50.378,-294.68286
50.38,-293.47522
50.382,-291.54562
50.384,-289.18396
50.386,-286.392
50.388,-284.4339
50.39,-283.72614
50.392,-284.1808
50.394,-284.6898
50.396,-285.06088
50.398,-284.63123
50.4,-283.18015
50.402,-280.61172
50.404,-278.58945
50.406,-278.35074
50.408,-280.67856
50.41,-284.9291
50.412,-290.75122
50.414,-296.56467
50.416,-300.69128
50.418,-301.42694
50.42,-299.3052
50.422,-295.23767
50.424,-290.68494
50.426,-286.54706
50.428,-284.51495
50.43,-284.99658
50.432,-287.683
50.434,-291.20776
50.436,-295.2838
50.438,-299.05283
50.44,-301.69193
50.442,-301.90207
50.444,-299.903
50.446,-295.78418
50.448,-290.1846
50.45,-283.70538
50.452,-278.46814
50.454,-275.7886
50.456,-276.1757
50.458,-278.50043
50.46,-281.98874
50.462,-284.97903
50.464,-286.18207
50.466,-284.6971
50.468,-281.9336
50.47,-279.43466
50.472,-278.67728
50.474,-279.8572
50.476,-283.40112
50.478,-288.4028
50.48,-293.68683
50.482,-297.85587
50.484,-301.39938
50.486,-304.82028
50.488,-308.69638
50.49,-312.68524
50.492,-316.96802
50.494,-320.74582
50.496,-323.2056
50.498,-323.6277
50.5,-322.98984
50.502,-322.31674
50.504,-322.7053
50.506,-324.62302
50.508,-328.31332
50.51,-332.79553
50.512,-336.7142
50.514,-338.94373
50.516,-339.32297
50.518,-338.02518
50.52,-335.71356
50.522,-333.02396
50.524,-331.06796
50.526,-330.05655
50.528,-329.70975
50.53,-328.73264
50.532,-327.56906
50.534,-326.31274
50.536,-325.20688
50.538,-323.481
50.54,-322.12906
50.542,-321.34656
50.544,-321.20435
50.546,-320.91824
50.548,-321.23953
50.55,-322.22467
50.552,-323.70593
50.554,-324.61526
50.556,-324.9519
50.558,-324.13177
50.56,-321.70465
50.562,-316.8971
50.564,-310.2122
50.566,-301.39536
50.568,-289.6843
50.57,-273.2952
50.572,-251.4468
50.574,-223.21619
50.576,-188.62
50.578,-148.32478
50.58,-105.05492
50.582,-61.155144
50.584,-18.511776
50.586,22.063957
50.588,58.597248
50.59,88.684586
50.592,108.06875
50.594,111.08246
50.596,90.114296
50.598,39.691067
50.6,-41.526417
50.602,-148.49992
50.604,-271.4565
50.606,-395.97095
50.608,-506.82242
50.61,-591.11334
50.612,-642.6184
50.614,-660.90515
50.616,-650.91406
50.618,-620.25757
50.62,-578.3401
50.622,-532.6425
50.624,-488.31064
50.626,-447.7121
50.628,-412.64117
50.63,-383.28302
50.632,-359.22852
50.634,-339.28293
50.636,-323.17838
50.638,-310.0528
50.64,-299.19034
50.642,-289.7258
50.644,-282.30264
50.646,-277.12607
50.648,-274.1744
50.65,-272.4933
50.652,-271.8376
50.654,-271.29245
50.656,-270.17188
50.658,-267.8976
50.66,-265.427
50.662,-263.62976
50.664,-263.16742
50.666,-263.7682
50.668,-265.13962
50.67,-266.50916
50.672,-267.16995
50.674,-266.54294
50.676,-264.9824
50.678,-263.2782
50.68,-262.16678
50.682,-261.54443
50.684,-261.3464
50.686,-261.03345
50.688,-260.1655
50.69,-258.1151
50.692,-256.13284
50.694,-254.74591
50.696,-254.16168
50.698,-253.38852
50.7,-252.61458
50.702,-250.77597
50.704,-247.15723
50.706,-241.44037
50.708,-235.71402
50.71,-231.78384
50.712,-231.14705
50.714,-233.89035
50.716,-240.00203
50.718,-247.89403
50.72,-255.66264
50.722,-261.45166
50.724,-265.3622
50.726,-267.8363
50.728,-269.67154
50.73,-271.0507
50.732,-272.56537
50.734,-273.80124
50.736,-274.1744
50.738,-273.0082
50.74,-271.15933
50.742,-269.44647
50.744,-268.67093
50.746,-268.7675
50.748,-269.86856
50.75,-271.04224
50.752,-271.17252
50.754,-269.09753
50.756,-265.3174
50.758,-260.51837
50.76,-255.66264
50.762,-251.10344
50.764,-247.7235
50.766,-245.39857
50.768,-243.655
50.77,-241.54034
50.772,-239.32693
50.774,-237.01889
50.776,-234.64928
50.778,-231.66127
50.78,-228.3964
50.782,-224.71106
50.784,-220.64037
50.786,-216.08733
50.788,-212.28262
50.79,-210.00232
50.792,-209.63336
50.794,-210.48788
50.796,-212.25719
50.798,-213.92288
50.8,-214.63654
50.802,-213.63435
50.804,-211.8861
50.806,-210.28995
50.808,-209.63336
50.81,-209.64114
50.812,-210.43253
50.814,-211.09311
50.816,-210.634
50.818,-208.02802
50.82,-204.18152
50.822,-200.23193
50.824,-197.62572
50.826,-197.03845
50.828,-199.66315
50.83,-205.33337
50.832,-213.13559
50.834,-221.21692
50.836,-228.95694
50.838,-235.55615
50.84,-240.65309
50.842,-243.74709
50.844,-245.84332
50.846,-247.60439
50.848,-249.65883
50.85,-251.90784
50.852,-255.12439
50.854,-259.21774
50.856,-263.66772
50.858,-267.092
50.86,-269.14655
50.862,-269.22586
50.864,-267.16995
50.866,-262.89536
50.868,-257.9915
50.87,-253.94405
50.872,-252.16042
50.874,-253.03636
50.876,-257.2338
50.878,-264.08832
50.88,-272.17316
50.882,-279.18915
50.884,-284.1515
50.886,-286.37943
50.888,-286.18207
50.89,-284.26025
50.892,-282.8794
50.894,-283.72482
50.896,-287.683
50.898,-293.99268
50.9,-301.93753
50.902,-309.85098
50.904,-316.20114
50.906,-319.6646
50.908,-320.96094
50.91,-321.19437
50.912,-321.70465
50.914,-322.91995
50.916,-325.58792
50.918,-329.20047
50.92,-332.71167
50.922,-334.5008
50.924,-334.5104
50.926,-332.86127
50.928,-330.21005
50.93,-326.8976
50.932,-324.2648
50.934,-322.7369
50.936,-322.205
50.938,-321.6205
50.94,-321.00806
50.942,-320.04544
50.944,-318.70276
50.946,-316.71298
50.948,-315.15677
50.95,-314.56607
50.952,-315.20053
50.954,-316.40723
50.956,-318.3473
50.958,-320.47897
50.96,-322.205
50.962,-322.50546
50.964,-321.8392
50.966,-320.43533
50.968,-318.70276
50.97,-316.54486
50.972,-314.98926
50.974,-314.3469
50.976,-314.7002
50.978,-315.3908
50.98,-316.8974
50.982,-319.0838
50.984,-321.70465
50.986,-323.8067
50.988,-325.65378
50.99,-326.8904
50.992,-327.20816
50.994,-325.89325
50.996,-323.78867
50.998,-321.3721
51.0,-319.20306
51.002,-317.2008
51.004,-316.3707
51.006,-316.79614
51.008,-318.20242
51.01,-319.50143
51.012,-320.7494
51.014,-321.4387
51.016,-321.20435
51.018,-319.42395
51.02,-316.99973
51.022,-314.5243
51.024,-312.6989
51.026,-311.65045
51.028,-312.4022
51.03,-314.94254
51.032,-318.70276
51.034,-322.19675
51.036,-324.93588
51.038,-326.0655
51.04,-325.20688
51.042,-322.13422
51.044,-318.384
51.046,-315.20743
51.048,-313.69955
51.05,-313.95654
51.052,-316.5433
51.054,-320.81427
51.056,-325.7072
51.058,-329.62955
51.06,-332.41568
51.062,-333.7597
51.064,-333.71228
51.066,-332.04843
51.068,-329.777
51.07,-327.2604
51.072,-324.70657
51.074,-321.6854
51.076,-318.87555
51.078,-316.268
51.08,-313.69955
51.082,-310.37485
51.084,-306.6548
51.086,-302.41235
51.088,-297.6894
51.09,-292.26273
51.092,-287.20248
51.094,-282.95682
51.096,-279.67792
51.098,-276.64233
51.1,-274.00653
51.102,-271.28552
51.104,-268.1706
51.106,-264.24734
51.108,-260.64423
51.11,-258.1009
51.112,-257.1636
51.114,-257.4349
51.116,-259.096
51.118,-261.33002
51.12,-263.16742
51.122,-263.38882
51.124,-262.41165
51.126,-260.6074
51.128,-258.66455
51.13,-256.85107
51.132,-256.25925
51.134,-256.98526
51.136,-258.66455
51.138,-260.37997
51.14,-262.04294
51.142,-263.2973
51.144,-264.16806
51.146,-264.9499
51.148,-266.53372
51.15,-269.06686
51.152,-272.17316
51.154,-275.01282
51.156,-276.81738
51.158,-276.53098
51.16,-273.6741
51.162,-268.342
51.164,-262.46896
51.166,-257.8078
51.168,-255.66264
51.17,-255.48253
51.172,-257.44797
51.174,-260.4229
51.176,-263.16742
51.178,-263.9528
51.18,-263.51263
51.182,-262.40976
51.184,-261.16614
51.186,-259.14557
51.188,-256.67752
51.19,-253.46532
51.192,-249.65883
51.194,-245.53917
51.196,-243.10977
51.198,-243.53041
51.2,-246.6569
51.202,-249.9783
51.204,-250.64467
51.206,-244.92426
51.208,-230.14641
51.21,-205.287
51.212,-172.706
51.214,-135.62135
51.216,-97.061745
51.218,-58.122395
51.22,-19.276512
51.222,20.291475
51.224,60.538513
51.226,99.44331
51.228,130.8164
51.23,146.71893
51.232,139.08849
51.234,102.76334
51.236,35.95907
51.238,-57.356796
51.24,-168.60725
51.242,-285.9499
51.244,-398.0474
51.246,-494.5326
51.248,-567.86127
51.25,-613.5313
51.252,-631.6303
51.254,-624.97455
51.256,-598.881
51.258,-559.787
51.26,-515.5854
51.262,-472.86276
51.264,-436.27756
51.266,-407.5131
51.268,-386.80936
51.27,-372.14026
51.272,-360.7295
51.274,-349.70084
51.276,-338.2311
51.278,-326.2808
51.28,-314.7002
51.282,-304.2123
51.284,-296.21924
51.286,-291.01773
51.288,-288.18332
51.29,-286.40637
51.292,-285.2042
51.294,-283.8964
51.296,-282.1795
51.298,-279.79752
51.3,-277.37292
51.302,-275.2874
51.304,-273.6741
51.306,-272.1052
51.308,-270.251
51.31,-267.80267
51.312,-264.66837
51.314,-260.8801
51.316,-256.94934
51.318,-253.66183
51.32,-251.6601
51.322,-250.79509
51.324,-251.11119
51.326,-251.96619
51.328,-252.66074
51.33,-252.19203
51.332,-251.39386
51.334,-250.46538
51.336,-249.65883
51.338,-248.59274
51.34,-248.16083
51.342,-248.02063
51.344,-247.65755
51.346,-246.23363
51.348,-244.44138
51.35,-242.50018
51.352,-240.65309
51.354,-238.60603
51.356,-236.9496
51.358,-235.52448
51.36,-234.14896
51.362,-232.3785
51.364,-230.96086
51.366,-230.08376
51.368,-229.64609
51.37,-228.76682
51.372,-227.24586
51.374,-224.44095
51.376,-220.14005
51.378,-214.41515
51.38,-208.90987
51.382,-204.895
51.384,-203.12923
51.386,-203.0362
51.388,-204.14183
51.39,-205.05627
51.392,-204.63017
51.394,-202.13036
51.396,-198.7017
51.398,-195.53809
51.4,-193.62317
51.402,-192.74901
51.404,-192.75856
51.406,-192.53215
51.408,-191.12158
51.41,-187.92073
51.412,-184.29474
51.414,-181.65459
51.416,-181.11522
51.418,-182.37024
51.42,-185.02385
51.422,-187.55745
51.424,-188.62
51.426,-187.34792
51.428,-185.1382
51.43,-183.70808
51.432,-184.61745
51.434,-187.92274
51.436,-193.2536
51.438,-198.69498
51.44,-202.12859
51.442,-201.82692
51.444,-198.54971
51.446,-194.0249
51.448,-190.62126
51.45,-189.88521
51.452,-193.13998
51.454,-199.80283
51.456,-208.1324
51.458,-215.51591
51.46,-220.70749
51.462,-222.88853
51.464,-222.14131
51.466,-218.73662
51.468,-214.32617
51.47,-210.22849
51.472,-207.63208
51.474,-206.97803
51.476,-209.36478
51.478,-214.93652
51.48,-223.14195
51.482,-232.26955
51.484,-241.28069
51.486,-248.84102
51.488,-254.16168
51.49,-256.78088
51.492,-257.92603
51.494,-258.7513
51.496,-260.1655
51.498,-261.95142
51.5,-264.15106
51.502,-265.98444
51.504,-266.66965
51.506,-265.37643
51.508,-262.9008
51.51,-260.1601
51.512,-258.16425
51.514,-257.08597
51.516,-257.41406
51.518,-258.593
51.52,-259.6652
51.522,-259.24988
51.524,-257.53162
51.526,-255.08353
51.528,-253.16106
51.53,-252.76094
51.532,-255.61888
51.534,-262.1767
51.536,-271.67282
51.538,-281.76022
51.54,-290.79364
51.542,-297.12146
51.544,-300.19098
51.546,-300.22794
51.548,-299.56454
51.55,-300.18677
51.552,-303.19287
51.554,-307.6581
51.556,-312.3809
51.558,-315.13745
51.56,-314.1999
51.562,-308.7057
51.564,-300.60962
51.566,-292.55344
51.568,-287.1827
51.57,-285.43857
51.572,-287.77475
51.574,-292.61908
51.576,-297.6894
51.578,-300.47458
51.58,-300.7795
51.582,-299.11368
51.584,-296.68875
51.586,-294.12048
51.588,-292.6502
51.59,-292.30145
51.592,-292.6862
51.594,-292.97522
51.596,-293.94397
51.598,-296.28488
51.6,-300.69128
51.602,-306.83835
51.604,-314.7871
51.606,-323.3974
51.608,-331.2107
51.61,-336.48196
51.612,-339.30347
51.614,-340.0746
51.616,-339.71613
51.618,-338.67065
51.62,-338.22427
51.622,-338.54608
51.624,-339.2158
51.626,-338.9454
51.628,-337.8052
51.63,-335.73633
51.632,-333.21198
51.634,-330.56613
51.636,-329.46487
51.638,-330.66705
51.64,-334.21262
51.642,-338.78625
51.644,-343.73972
51.646,-347.71924
51.648,-349.72247
51.65,-348.93106
51.652,-346.4841
51.654,-343.42923
51.656,-340.71674
51.658,-338.21094
51.66,-336.31842
51.662,-334.39566
51.664,-331.71103
51.666,-327.3675
51.668,-322.30637
51.67,-317.4241
51.672,-313.69955
51.674,-311.20175
51.676,-310.5912
51.678,-311.3705
51.68,-312.6989
51.682,-313.2688
51.684,-313.4117
51.686,-313.38306
51.688,-313.69955
51.69,-314.2575
51.692,-315.905
51.694,-318.42603
51.696,-321.20435
51.698,-322.90805
51.7,-323.68713
51.702,-323.39886
51.704,-322.205
51.706,-319.88327
51.708,-317.5327
51.71,-315.46286
51.712,-313.69955
51.714,-311.49533
51.716,-309.32645
51.718,-307.17273
51.72,-305.19415
51.722,-303.1924
51.724,-302.28152
51.726,-302.80286
51.728,-304.69385
51.73,-306.89514
51.732,-309.29022
51.734,-311.08026
51.736,-311.6983
51.738,-310.54788
51.74,-308.7783
51.742,-307.24026
51.744,-306.6951
51.746,-306.97818
51.748,-308.55145
51.75,-310.7659
51.752,-312.6989
51.754,-313.05243
51.756,-312.1438
51.758,-310.2856
51.76,-308.19608
51.762,-306.22366
51.764,-305.69992
51.766,-306.94263
51.768,-309.69702
51.77,-312.8161
51.772,-315.9924
51.774,-318.4501
51.776,-319.70337
51.778,-319.44174
51.78,-318.3489
51.782,-316.70737
51.784,-314.7002
51.786,-312.3731
51.788,-309.92783
51.79,-307.08594
51.792,-303.6932
51.794,-300.04385
51.796,-296.77634
51.798,-294.15118
51.8,-292.18588
51.802,-290.2817
51.804,-288.63974
51.806,-286.8912
51.808,-284.6811
51.81,-280.90894
51.812,-276.65256
51.814,-272.6349
51.816,-269.67154
51.818,-267.48978
51.82,-267.1099
51.822,-268.27728
51.824,-270.17188
51.826,-271.0593
51.828,-270.83194
51.83,-269.45303
51.832,-267.6703
51.834,-266.14862
51.836,-266.54517
51.838,-268.8089
51.84,-271.17252
51.842,-269.83624
51.844,-261.52597
51.846,-243.2551
51.848,-214.13623
51.85,-175.40468
51.852,-131.35507
51.854,-86.046936
51.856,-42.026737
51.858,1.1423922
51.86,44.897015
51.862,91.51499
51.864,141.08975
51.866,189.9925
51.868,229.00752
51.87,246.68848
51.872,232.14769
51.874,179.1716
51.876,87.37869
51.878,-35.49109
51.88,-175.61171
51.882,-315.79358
51.884,-440.61182
51.886,-537.88324
51.888,-600.88226
51.89,-628.21857
51.892,-624.4012
51.894,-596.796
51.896,-554.35266
51.898,-505.5246
51.9,-458.30853
51.902,-417.714
51.904,-385.7454
51.906,-361.212
51.908,-342.07608
51.91,-325.3124
51.912,-308.69638
51.914,-291.2084
51.916,-274.52286
51.918,-260.73608
51.92,-251.6601
51.922,-247.39365
51.924,-247.43095
51.926,-249.5391
51.928,-251.15977
51.93,-250.0121
51.932,-246.09277
51.934,-240.28508
51.936,-234.14896
51.938,-228.81946
51.94,-225.37389
51.942,-223.95303
51.944,-224.1426
51.946,-225.13756
51.948,-226.53712
51.95,-228.25229
51.952,-230.14641
51.954,-231.58559
51.956,-231.71495
51.958,-230.04295
51.96,-226.64418
51.962,-221.96516
51.964,-217.86714
51.966,-215.94385
51.968,-217.13814
51.97,-220.60445
51.972,-225.87054
51.974,-230.83199
51.976,-233.64864
51.978,-233.09186
51.98,-230.87227
51.982,-228.69127
51.984,-228.14514
51.986,-229.45714
51.988,-232.78029
51.99,-236.69759
51.992,-239.65245
51.994,-240.42055
51.996,-239.92361
51.998,-239.40392
52.0,-240.15277
52.002,-242.36946
52.004,-245.98796
52.006,-249.61162
52.008,-251.6601
52.01,-250.84575
52.012,-247.8758
52.014,-243.97755
52.016,-240.65309
52.018,-238.55348
52.02,-238.20682
52.022,-238.81027
52.024,-239.15215
52.026,-237.94693
52.028,-235.49837
52.03,-232.4318
52.032,-229.64609
52.034,-227.41205
52.036,-226.24776
52.038,-225.70699
52.04,-225.14323
52.042,-223.81235
52.044,-222.28596
52.046,-221.07933
52.048,-220.64037
52.05,-220.63214
52.052,-220.97353
52.054,-220.87106
52.056,-219.63972
52.058,-216.75871
52.06,-213.17307
52.062,-209.7444
52.064,-207.13177
52.066,-205.00356
52.068,-203.21027
52.07,-200.82947
52.072,-197.1254
52.074,-191.64095
52.076,-185.72221
52.078,-180.78992
52.08,-178.11331
52.082,-177.78697
52.084,-179.8447
52.086,-183.09265
52.088,-186.11841
52.09,-187.51732
52.092,-187.71504
52.094,-187.42616
52.096,-187.61935
52.098,-188.4851
52.1,-190.56346
52.102,-193.26097
52.104,-195.62445
52.106,-196.36366
52.108,-195.73195
52.11,-194.09546
52.112,-192.12222
52.114,-189.94241
52.116,-188.40991
52.118,-187.55022
52.12,-187.11903
52.122,-186.35732
52.124,-185.67784
52.126,-185.21414
52.128,-185.11777
52.13,-184.95322
52.132,-185.19809
52.134,-185.87656
52.136,-187.11903
52.138,-188.7623
52.14,-191.8568
52.142,-196.94008
52.144,-204.12985
52.146,-212.38771
52.148,-221.12247
52.15,-228.97252
52.152,-234.64928
52.154,-236.88788
52.156,-236.32228
52.158,-234.037
52.16,-231.64737
52.162,-230.30516
52.164,-231.66109
52.166,-236.13074
52.168,-243.15468
52.17,-250.91936
52.172,-258.35992
52.174,-264.2896
52.176,-268.1706
52.178,-269.7485
52.18,-270.38324
52.182,-271.23947
52.184,-273.17377
52.186,-275.89215
52.188,-279.4396
52.19,-282.99994
52.192,-285.68173
52.194,-286.4253
52.196,-285.76224
52.198,-284.37097
52.2,-283.18015
52.202,-282.51022
52.204,-283.27173
52.206,-285.4717
52.208,-288.68365
52.21,-291.81918
52.212,-294.92023
52.214,-297.95984
52.216,-301.19162
52.218,-304.45865
52.22,-308.449
52.222,-313.06155
52.224,-317.70212
52.226,-320.92487
52.228,-322.33362
52.23,-321.51514
52.232,-318.70276
52.234,-314.255
52.236,-310.06335
52.238,-307.4686
52.24,-307.19543
52.242,-308.52798
52.244,-311.05252
52.246,-313.48734
52.248,-314.7002
52.25,-313.6502
52.252,-311.3075
52.254,-308.77026
52.256,-307.19543
52.258,-306.6708
52.26,-307.74805
52.262,-309.7583
52.264,-311.6983
52.266,-312.17014
52.268,-311.48492
52.27,-309.96643
52.272,-308.19608
52.274,-306.1265
52.276,-304.619
52.278,-303.68842
52.28,-303.19287
52.282,-302.5055
52.284,-302.42252
52.286,-303.27722
52.288,-305.19415
52.29,-307.3236
52.292,-309.64825
52.294,-311.44797
52.296,-312.1986
52.298,-311.3462
52.3,-310.15497
52.302,-309.6542
52.304,-310.69766
52.306,-312.96365
52.308,-316.65793
52.31,-320.79712
52.312,-324.20624
52.314,-325.45178
52.316,-325.13742
52.318,-324.00635
52.32,-323.2056
52.322,-323.21957
52.324,-325.3644
52.326,-329.62405
52.328,-335.21326
52.33,-340.22632
52.332,-344.03067
52.334,-345.6797
52.336,-344.7193
52.338,-340.6549
52.34,-334.8332
52.342,-328.31876
52.344,-322.205
52.346,-316.796
52.348,-313.42056
52.35,-312.42148
52.352,-313.69955
52.354,-316.17093
52.356,-319.78882
52.358,-323.75693
52.36,-327.20816
52.362,-328.76926
52.364,-328.6009
52.366,-326.64264
52.368,-323.2056
52.37,-318.3673
52.372,-313.74295
52.374,-310.40894
52.376,-309.1967
52.378,-309.9104
52.38,-313.0893
52.382,-318.16943
52.384,-324.20624
52.386,-329.58023
52.388,-334.16946
52.39,-337.67517
52.392,-340.21643
52.394,-341.6562
52.396,-343.2631
52.398,-345.5649
52.4,-348.72183
52.402,-351.96417
52.404,-355.37592
52.406,-358.32065
52.408,-360.22916
52.41,-360.46344
52.412,-359.6294
52.414,-358.06357
52.416,-356.22662
52.418,-354.39978
52.42,-353.27307
52.422,-352.69888
52.424,-352.22406
52.426,-351.24124
52.428,-349.7347
52.43,-347.5134
52.432,-344.7193
52.434,-341.35715
52.436,-338.8176
52.438,-337.753
52.44,-338.21515
52.442,-338.55264
52.444,-338.67172
52.446,-337.8148
52.448,-335.71356
52.45,-331.84012
52.452,-328.12558
52.454,-325.85056
52.456,-325.7072
52.458,-326.66617
52.46,-328.41104
52.462,-329.71124
52.464,-329.70975
52.466,-327.67694
52.468,-324.9781
52.47,-322.3569
52.472,-319.70337
52.474,-314.97574
52.476,-306.45892
52.478,-291.67795
52.48,-269.17123
52.482,-238.69592
52.484,-203.15462
52.486,-165.62347
52.488,-128.5818
52.49,-92.31749
52.492,-56.824005
52.494,-20.891266
52.496,15.509867
52.498,50.195297
52.5,76.36565
52.502,85.59403
52.504,69.54424
52.506,23.304398
52.508,-54.233418
52.51,-157.59766
52.512,-276.1757
52.514,-395.93097
52.516,-504.04788
52.518,-589.7044
52.52,-646.4112
52.522,-672.1202
52.524,-670.459
52.526,-647.6413
52.528,-611.3889
52.53,-568.8278
52.532,-526.9041
52.534,-489.79758
52.536,-459.29218
52.538,-434.6857
52.54,-415.20468
52.542,-399.16403
52.544,-385.2451
52.546,-372.40283
52.548,-361.42413
52.55,-352.78992
52.552,-346.72058
52.554,-342.40338
52.556,-339.54526
52.558,-336.9934
52.56,-333.71228
52.562,-328.77203
52.564,-322.9204
52.566,-316.93546
52.568,-311.6983
52.57,-307.47412
52.572,-304.73438
52.574,-303.18054
52.576,-302.19223
52.578,-300.85257
52.58,-298.88968
52.582,-296.2784
52.584,-293.18652
52.586,-289.5702
52.588,-285.5885
52.59,-281.3897
52.592,-277.17633
52.594,-272.86044
52.596,-269.31934
52.598,-266.89246
52.6,-265.669
52.602,-264.802
52.604,-264.66006
52.606,-264.37466
52.608,-263.16742
52.61,-260.2072
52.612,-256.7532
52.614,-253.40538
52.616,-250.65945
52.618,-248.2417
52.62,-246.65323
52.622,-245.33217
52.624,-243.655
52.626,-240.90518
52.628,-237.86575
52.63,-234.98041
52.632,-232.648
52.634,-230.60422
52.636,-229.1857
52.638,-227.8766
52.64,-226.14386
52.642,-223.42038
52.644,-220.50166
52.646,-217.91779
52.648,-216.1375
52.65,-214.94615
52.652,-214.55005
52.654,-214.23297
52.656,-213.13559
52.658,-210.29465
52.66,-206.12172
52.662,-201.01067
52.664,-195.62445
52.666,-190.3447
52.668,-186.12526
52.67,-183.10326
52.672,-181.11522
52.674,-179.56015
52.676,-178.72267
52.678,-178.4711
52.68,-178.61363
52.682,-178.4705
52.684,-178.07085
52.686,-176.91745
52.688,-174.61108
52.69,-170.70415
52.692,-166.06593
52.694,-161.43297
52.696,-157.60027
52.698,-154.78226
52.7,-153.69208
52.702,-154.14967
52.704,-155.59898
52.706,-156.91263
52.708,-157.87094
52.71,-157.91129
52.712,-156.59962
52.714,-153.32043
52.716,-148.74702
52.718,-143.61003
52.72,-139.08849
52.722,-136.15002
52.724,-136.42236
52.726,-140.23279
52.728,-146.59326
52.73,-152.83278
52.732,-156.65947
52.734,-155.83504
52.736,-149.59517
52.738,-138.74448
52.74,-126.79301
52.742,-117.5437
52.744,-114.07257
52.746,-117.13602
52.748,-126.15311
52.75,-138.40752
52.752,-150.59581
52.754,-159.69708
52.756,-165.20872
52.758,-167.9241
52.76,-169.6079
52.762,-171.55962
52.764,-175.12251
52.766,-180.14247
52.768,-185.61809
52.77,-189.94978
52.772,-192.90634
52.774,-194.69197
52.776,-196.12477
52.778,-197.76024
52.78,-200.66258
52.782,-204.94933
52.784,-210.13368
52.786,-215.00815
52.788,-219.29749
52.79,-222.77661
52.792,-225.64354
52.794,-227.96535
52.796,-230.72604
52.798,-234.40994
52.8,-239.15215
52.802,-244.28705
52.804,-249.66045
52.806,-254.65742
52.808,-258.66455
52.81,-260.83597
52.812,-261.49063
52.814,-261.03143
52.816,-260.1655
52.818,-259.2804
52.82,-259.4791
52.822,-261.15802
52.824,-264.16806
52.826,-267.44803
52.828,-270.43344
52.83,-272.33377
52.832,-272.67346
52.834,-271.02084
52.836,-268.25818
52.838,-265.21292
52.84,-262.66708
52.842,-260.65628
52.844,-259.6736
52.846,-259.48865
52.848,-259.6652
52.85,-259.3436
52.852,-258.79742
52.854,-258.15735
52.856,-257.6639
52.858,-257.05585
52.86,-256.9178
52.862,-257.30338
52.864,-258.16425
52.866,-258.96765
52.868,-260.1308
52.87,-261.60117
52.872,-263.16742
52.874,-263.98422
52.876,-264.16348
52.878,-263.5204
52.88,-262.16678
52.882,-260.0769
52.884,-258.57452
52.886,-258.47513
52.888,-260.1655
52.89,-262.8493
52.892,-266.26813
52.894,-269.3595
52.896,-271.17252
52.898,-270.7666
52.9,-269.00027
52.902,-266.78647
52.904,-265.1687
52.906,-264.37744
52.908,-265.14343
52.91,-267.03857
52.912,-269.17123
52.914,-270.08838
52.916,-269.85397
52.918,-268.63815
52.92,-267.16995
52.922,-265.9528
52.924,-266.47577
52.926,-269.17664
52.928,-273.6741
52.93,-278.3136
52.932,-282.1957
52.934,-284.04944
52.936,-283.18015
52.938,-279.21164
52.94,-273.7542
52.942,-268.39813
52.944,-264.66837
52.946,-263.00732
52.948,-264.31415
52.95,-268.2893
52.952,-274.1744
52.954,-280.5321
52.956,-287.2586
52.958,-293.9332
52.96,-300.19098
52.962,-305.0031
52.964,-308.42633
52.966,-309.95126
52.968,-309.1967
52.97,-305.5757
52.972,-300.2563
52.974,-294.3615
52.976,-289.18396
52.978,-285.23596
52.98,-283.7255
52.982,-284.61716
52.984,-287.1827
52.986,-289.7089
52.988,-291.74902
52.99,-292.739
52.992,-292.6862
52.994,-291.53452
52.996,-290.76028
52.998,-291.1961
53.0,-293.18652
53.002,-295.8911
53.004,-299.22238
53.006,-302.47083
53.008,-305.19415
53.01,-306.87085
53.012,-308.75427
53.014,-311.7042
53.016,-316.20114
53.018,-321.4051
53.02,-326.96396
53.022,-331.5964
53.024,-334.21262
53.026,-334.0052
53.028,-332.15894
53.03,-330.0689
53.032,-329.20944
53.034,-330.2422
53.036,-333.55136
53.038,-338.17657
53.04,-342.71802
53.042,-345.9205
53.044,-347.5294
53.046,-347.5091
53.048,-346.22025
53.05,-343.99252
53.052,-341.7517
53.054,-339.8732
53.056,-338.71548
53.058,-337.98563
53.06,-339.1229
53.062,-342.6501
53.064,-348.22153
53.066,-353.30063
53.068,-356.74707
53.07,-356.90433
53.072,-353.2247
53.074,-345.83212
53.076,-338.1539
53.078,-333.3783
53.08,-333.71228
53.082,-338.53424
53.084,-346.59894
53.086,-354.70816
53.088,-359.72885
53.09,-359.16812
53.092,-353.8062
53.094,-345.0402
53.096,-334.21262
53.098,-320.81967
53.1,-304.21707
53.102,-282.26364
53.104,-253.16106
53.106,-215.9395
53.108,-172.85284
53.11,-126.65857
53.112,-80.05093
53.114,-34.20082
53.116,8.967614
53.118,47.64386
53.12,78.04965
53.122,94.34838
53.124,87.45025
53.126,49.5899
53.128,-23.01464
53.13,-126.98849
53.132,-253.28381
53.134,-387.02148
53.136,-511.8256
53.138,-613.3667
53.14,-684.36334
53.142,-723.4404
53.144,-734.4672
53.146,-723.468
53.148,-698.13245
53.15,-664.23236
53.152,-625.8982
53.154,-585.5462
53.156,-546.56104
53.158,-511.48795
53.16,-482.30682
53.162,-459.249
53.164,-442.42743
53.166,-430.0519
53.168,-419.76703
53.17,-409.02414
53.172,-397.8083
53.174,-386.7392
53.176,-377.24
53.178,-370.19113
53.18,-367.1162
53.182,-367.8583
53.184,-371.23618
53.186,-374.97366
53.188,-377.98523
53.19,-379.20004
53.192,-378.24063
53.194,-374.93292
53.196,-370.4197
53.198,-365.743
53.2,-361.73013
53.202,-358.38995
53.204,-355.82562
53.206,-353.85696
53.208,-352.22406
53.21,-350.30862
53.212,-348.35272
53.214,-346.58667
53.216,-345.2196
53.218,-343.56815
53.22,-342.30295
53.222,-341.09363
53.224,-339.71613
53.226,-337.53134
53.228,-336.21637
53.23,-336.24997
53.232,-337.71484
53.234,-339.48022
53.236,-341.75107
53.238,-343.4711
53.24,-343.71866
53.242,-341.51776
53.244,-338.1264
53.246,-334.41797
53.248,-331.2107
53.25,-328.31577
53.252,-326.37677
53.254,-324.8749
53.256,-323.2056
53.258,-320.57904
53.26,-318.07132
53.262,-316.5127
53.264,-316.70148
53.266,-318.43265
53.268,-322.03018
53.27,-326.443
53.272,-330.21005
53.274,-331.46936
53.276,-330.28464
53.278,-326.88968
53.28,-322.205
53.282,-316.97113
53.284,-313.05905
53.286,-311.162
53.288,-311.19797
53.29,-311.89417
53.292,-312.83826
53.294,-313.0071
53.296,-311.6983
53.298,-308.224
53.3,-303.71997
53.302,-299.07227
53.304,-295.18777
53.306,-292.1749
53.308,-290.94293
53.31,-291.3065
53.312,-292.6862
53.314,-293.81378
53.316,-294.7759
53.318,-295.2716
53.32,-295.18777
53.322,-293.98618
53.324,-292.40195
53.326,-290.48502
53.328,-288.18332
53.33,-284.89618
53.332,-281.3637
53.334,-277.8505
53.336,-274.67474
53.338,-271.61014
53.34,-269.58185
53.342,-268.77808
53.344,-269.17123
53.346,-269.98257
53.348,-271.50488
53.35,-273.2769
53.352,-274.67474
53.354,-274.4882
53.356,-272.97174
53.358,-270.1815
53.36,-266.66965
53.362,-262.86957
53.364,-260.65643
53.366,-261.01398
53.368,-264.16806
53.37,-268.87234
53.372,-274.4323
53.374,-279.39047
53.376,-282.67984
53.378,-283.4944
53.38,-283.16406
53.382,-282.8947
53.384,-283.68048
53.386,-285.22006
53.388,-287.63113
53.39,-289.93817
53.392,-291.18524
53.394,-290.42136
53.396,-288.7276
53.398,-287.15598
53.4,-286.68237
53.402,-287.0934
53.404,-288.64575
53.406,-290.47708
53.408,-291.68555
53.41,-291.30005
53.412,-290.3959
53.414,-290.02844
53.416,-291.18524
53.418,-293.63138
53.42,-297.5132
53.422,-301.7706
53.424,-305.19415
53.426,-306.4562
53.428,-306.30435
53.43,-305.6749
53.432,-305.69446
53.434,-306.4922
53.436,-308.69095
53.438,-311.6182
53.44,-314.1999
53.442,-314.9175
53.444,-314.1696
53.446,-312.57138
53.448,-311.19797
53.45,-310.5016
53.452,-311.76727
53.454,-315.0497
53.456,-319.70337
53.458,-324.04745
53.46,-327.68384
53.462,-329.9695
53.464,-330.7104
53.466,-329.5548
53.468,-327.78827
53.47,-326.2648
53.472,-325.7072
53.474,-325.90567
53.476,-327.64078
53.478,-330.7455
53.48,-334.71292
53.482,-338.19598
53.484,-341.26215
53.486,-343.61557
53.488,-345.2196
53.49,-345.622
53.492,-345.86343
53.494,-346.34607
53.496,-347.2209
53.498,-347.70044
53.5,-348.19507
53.502,-348.5426
53.504,-348.72183
53.506,-348.2916
53.508,-348.39542
53.51,-349.59982
53.512,-352.22406
53.514,-355.54913
53.516,-359.7887
53.518,-364.27295
53.52,-368.23425
53.522,-370.43893
53.524,-371.34296
53.526,-371.14734
53.528,-370.23553
53.53,-368.37778
53.532,-366.56622
53.534,-365.00772
53.536,-363.73138
53.538,-362.1246
53.54,-360.99854
53.542,-360.72165
53.544,-361.73013
53.546,-363.79373
53.548,-367.76556
53.55,-373.47217
53.552,-380.24188
53.554,-386.41104
53.556,-391.59372
53.558,-394.99734
53.56,-396.25208
53.562,-394.89575
53.564,-392.35812
53.566,-389.67432
53.568,-387.74667
53.57,-386.4365
53.572,-386.48245
53.574,-387.49213
53.576,-388.7473
53.578,-388.84647
53.58,-388.0106
53.582,-386.11
53.584,-383.2438
53.586,-379.01556
53.588,-374.50183
53.59,-370.12137
53.592,-366.23297
53.594,-362.51968
53.596,-360.01892
53.598,-358.95474
53.6,-359.22852
53.602,-359.7187
53.604,-360.4271
53.606,-360.5205
53.608,-359.22852
53.61,-355.49203
53.612,-350.20963
53.614,-344.10992
53.616,-338.21515
53.618,-332.96365
53.62,-330.0108
53.622,-329.92337
53.624,-332.71167
53.626,-337.24362
53.628,-343.42532
53.63,-350.27432
53.632,-356.72693
53.634,-361.19565
53.636,-363.86356
53.638,-364.61978
53.64,-363.73138
53.642,-361.13824
53.644,-358.4384
53.646,-356.45963
53.648,-355.7263
53.65,-355.80896
53.652,-357.11136
53.654,-359.01422
53.656,-360.7295
53.658,-361.26727
53.66,-360.83228
53.662,-359.38675
53.664,-357.22726
53.666,-354.75922
53.668,-353.0647
53.67,-352.4282
53.672,-352.7244
53.674,-353.19852
53.676,-353.8611
53.678,-354.16727
53.68,-353.72504
53.682,-351.56778
53.684,-349.0632
53.686,-347.06
53.688,-346.22025
53.69,-345.54507
53.692,-345.77853
53.694,-346.50058
53.696,-347.2209
53.698,-346.70795
53.7,-346.00134
53.702,-345.6712
53.704,-346.22025
53.706,-346.9994
53.708,-348.60422
53.71,-350.66855
53.712,-352.7244
53.714,-353.59302
53.716,-353.58838
53.718,-351.95084
53.72,-347.2209
53.722,-336.62234
53.724,-318.74878
53.726,-292.23126
53.728,-257.1636
53.73,-214.7429
53.732,-168.97331
53.734,-123.48278
53.736,-81.05156
53.738,-42.47414
53.74,-9.134486
53.742,17.834805
53.744,35.5226
53.746,39.223747
53.748,21.193192
53.75,-25.069016
53.752,-102.56525
53.754,-207.88483
53.756,-332.57156
53.758,-462.53815
53.76,-581.8702
53.762,-676.05084
53.764,-737.15936
53.766,-763.25775
53.768,-758.48254
53.77,-730.4029
53.772,-689.3945
53.774,-644.26013
53.776,-601.38257
53.778,-563.7123
53.78,-533.05835
53.782,-508.81064
53.784,-489.31128
53.786,-471.95346
53.788,-455.74945
53.79,-439.73056
53.792,-423.7696
53.794,-407.94583
53.796,-394.23502
53.798,-383.9384
53.8,-377.7403
53.802,-374.80283
53.804,-374.6812
53.806,-375.727
53.808,-376.23935
53.81,-374.51346
53.812,-370.7717
53.814,-365.5265
53.816,-359.72885
53.818,-353.89984
53.82,-349.16742
53.822,-345.96136
53.824,-344.21896
53.826,-343.13467
53.828,-342.4121
53.83,-341.88907
53.832,-341.71738
53.834,-341.80725
53.836,-342.90353
53.838,-345.17554
53.84,-348.22153
53.842,-350.31232
53.844,-351.11905
53.846,-349.53653
53.848,-345.2196
53.85,-338.12912
53.852,-331.2671
53.854,-326.5602
53.856,-325.20688
53.858,-326.4891
53.86,-330.32825
53.862,-334.96295
53.864,-338.71548
53.866,-340.0694
53.868,-340.01315
53.87,-339.14297
53.872,-337.71484
53.874,-334.60477
53.876,-329.5355
53.878,-321.65216
53.88,-311.19797
53.882,-299.49844
53.884,-290.60107
53.886,-287.91248
53.888,-293.18652
53.89,-304.7829
53.892,-319.7484
53.894,-333.03806
53.896,-340.21643
53.898,-338.71722
53.9,-330.5258
53.902,-319.4056
53.904,-309.69702
53.906,-303.81555
53.908,-303.00336
53.91,-305.5583
53.912,-308.69638
53.914,-309.65186
53.916,-308.6622
53.918,-307.117
53.92,-307.19543
53.922,-309.96457
53.924,-316.212
53.926,-324.34756
53.928,-331.71103
53.93,-335.22824
53.932,-334.32816
53.934,-329.43283
53.936,-322.205
53.938,-314.18164
53.94,-307.76285
53.942,-303.81158
53.944,-302.19223
53.946,-301.5889
53.948,-301.924
53.95,-302.8011
53.952,-304.1935
53.954,-305.7548
53.956,-308.43823
53.958,-312.34744
53.96,-317.20178
53.962,-321.82416
53.964,-326.1276
53.966,-329.44055
53.968,-331.2107
53.97,-330.56015
53.972,-328.23254
53.974,-324.72763
53.976,-320.704
53.978,-316.19336
53.98,-312.40286
53.982,-309.6002
53.984,-307.69574
53.986,-305.75745
53.988,-304.12122
53.99,-302.61755
53.992,-301.19162
53.994,-299.27496
53.996,-297.73605
53.998,-296.83133
54.0,-296.68875
54.002,-296.67078
54.004,-297.3746
54.006,-298.74875
54.008,-300.69128
54.01,-302.45642
54.012,-304.67578
54.014,-307.31213
54.016,-310.19733
54.018,-312.40005
54.02,-314.2504
54.022,-315.43872
54.024,-315.70084
54.026,-314.35236
54.028,-312.30396
54.03,-310.1688
54.032,-308.69638
54.034,-308.00323
54.036,-309.28833
54.038,-312.7808
54.04,-318.20242
54.042,-324.2146
54.044,-330.5119
54.046,-336.1226
54.048,-340.21643
54.05,-341.74454
54.052,-341.49054
54.054,-340.14017
54.056,-338.71548
54.058,-337.76135
54.06,-338.85898
54.062,-342.45096
54.064,-348.22153
54.066,-354.60645
54.068,-360.87027
54.07,-365.7147
54.072,-368.23425
54.074,-367.667
54.076,-365.16873
54.078,-361.8144
54.08,-358.7282
54.082,-356.1968
54.084,-355.1282
54.086,-355.33276
54.088,-356.22662
54.09,-356.62433
54.092,-356.65756
54.094,-356.17618
54.096,-355.22598
54.098,-353.44238
54.1,-351.59995
54.102,-349.8402
54.104,-348.22153
54.106,-346.27692
54.108,-344.77905
54.11,-343.91544
54.112,-343.71866
54.114,-343.45642
54.116,-343.362
54.118,-342.94968
54.12,-341.71738
54.122,-338.81937
54.124,-334.91794
54.126,-330.38248
54.128,-325.7072
54.13,-320.83014
54.132,-316.7754
54.134,-313.74265
54.136,-311.6983
54.138,-309.93875
54.14,-308.88358
54.142,-308.26456
54.144,-307.69574
54.146,-306.21
54.148,-304.11423
54.15,-301.25357
54.152,-297.6894
54.154,-293.21313
54.156,-289.02182
54.158,-285.61188
54.16,-283.18015
54.162,-281.0388
54.164,-279.40805
54.166,-277.7593
54.168,-275.67538
54.17,-272.57828
54.172,-269.5956
54.174,-267.53302
54.176,-267.16995
54.178,-268.41486
54.18,-271.89484
54.182,-277.0067
54.184,-282.67984
54.186,-287.1745
54.188,-290.26236
54.19,-291.5623
54.192,-291.18524
54.194,-289.105
54.196,-286.6978
54.198,-284.6176
54.2,-283.18015
54.202,-281.79614
54.204,-280.8333
54.206,-279.91534
54.208,-278.67728
54.21,-276.39993
54.212,-273.86273
54.214,-271.47104
54.216,-269.67154
54.218,-268.25803
54.22,-267.93518
54.222,-268.4512
54.224,-269.17123
54.226,-268.76233
54.228,-267.21994
54.23,-264.39307
54.232,-260.66583
54.234,-256.38052
54.236,-253.2971
54.238,-252.42567
54.24,-254.16168
54.242,-257.6083
54.244,-262.40262
54.246,-267.40665
54.248,-271.67282
54.25,-274.2702
54.252,-276.07996
54.254,-277.83817
54.256,-280.17825
54.258,-282.74866
54.26,-285.62027
54.262,-287.90744
54.264,-288.68365
54.266,-287.09937
54.268,-283.91617
54.27,-280.04916
54.272,-276.67603
54.274,-274.6031
54.276,-274.67368
54.278,-276.6165
54.28,-279.67792
54.282,-282.93393
54.284,-286.0642
54.286,-288.5885
54.288,-290.1846
54.29,-290.25208
54.292,-289.37845
54.294,-287.86176
54.296,-286.18207
54.298,-284.09225
54.3,-283.17584
54.302,-284.16644
54.304,-287.1827
54.306,-290.6188
54.308,-294.08902
54.31,-296.4941
54.312,-297.18906
54.314,-295.61646
54.316,-293.5105
54.318,-292.4484
54.32,-293.68683
54.322,-296.89636
54.324,-301.77954
54.326,-306.48184
54.328,-308.69638
54.33,-305.87515
54.332,-297.63095
54.334,-284.20175
54.336,-266.66965
54.338,-245.82681
54.34,-223.19641
54.342,-198.89421
54.344,-172.10948
54.346,-141.06021
54.348,-105.49358
54.35,-65.86733
54.352,-24.515596
54.354,14.638092
54.356,44.863777
54.358,59.23599
54.36,51.532784
54.362,18.178156
54.364,-42.142204
54.366,-126.252365
54.368,-227.1445
54.37,-334.5064
54.372,-437.92896
54.374,-527.1698
54.376,-594.3781
54.378,-634.8453
54.38,-648.87695
54.382,-639.8042
54.384,-613.3902
54.386,-576.0267
54.388,-534.8446
54.39,-495.13947
54.392,-460.29282
54.394,-431.31992
54.396,-408.60803
54.398,-390.96707
54.4,-376.73965
54.402,-363.94727
54.404,-352.06985
54.406,-340.64984
54.408,-329.70975
54.41,-319.15988
54.412,-310.06287
54.414,-302.84943
54.416,-297.6894
54.418,-294.04922
54.42,-292.0385
54.422,-291.02487
54.424,-290.1846
54.426,-288.3568
54.428,-285.41653
54.43,-281.36148
54.432,-276.67603
54.434,-271.93344
54.436,-268.2219
54.438,-266.16058
54.44,-265.669
54.442,-265.6679
54.444,-264.95422
54.446,-262.43542
54.448,-257.6639
54.45,-250.6988
54.452,-243.19557
54.454,-236.65096
54.456,-232.14769
54.458,-229.26027
54.46,-228.09375
54.462,-227.08469
54.464,-224.64291
54.466,-219.35666
54.468,-212.61565
54.47,-205.79935
54.472,-200.62762
54.474,-197.97887
54.476,-199.12524
54.478,-203.39584
54.48,-209.13304
54.482,-213.88
54.484,-216.73734
54.486,-217.04796
54.488,-215.13686
54.49,-211.63887
54.492,-208.54813
54.494,-206.9463
54.496,-207.13177
54.498,-208.13548
54.5,-209.46736
54.502,-210.03575
54.504,-209.13304
54.506,-206.32663
54.508,-202.87398
54.51,-199.84827
54.512,-198.12604
54.514,-197.56781
54.516,-198.35468
54.518,-199.67487
54.52,-200.62762
54.522,-200.28531
54.524,-199.34985
54.526,-198.63069
54.528,-199.12668
54.53,-201.15509
54.532,-205.33264
54.534,-211.05637
54.536,-217.13814
54.538,-221.83517
54.54,-224.62177
54.542,-225.13889
54.544,-223.64227
54.546,-220.42552
54.548,-216.89906
54.55,-213.94788
54.552,-212.13495
54.554,-211.24405
54.556,-211.66446
54.558,-213.22142
54.56,-215.63718
54.562,-218.1546
54.564,-220.90735
54.566,-223.55348
54.568,-225.64354
54.57,-226.26389
54.572,-225.54744
54.574,-223.52463
54.576,-220.64037
54.578,-217.29611
54.58,-215.05385
54.582,-214.88391
54.584,-217.13814
54.586,-220.89389
54.588,-225.41626
54.59,-229.2446
54.592,-231.14705
54.594,-230.18094
54.596,-227.19499
54.598,-223.28476
54.6,-219.63972
54.602,-216.57623
54.604,-214.7877
54.606,-214.08388
54.608,-214.13623
54.61,-214.35071
54.612,-215.4851
54.614,-218.02148
54.616,-222.14131
54.618,-226.92679
54.62,-231.91939
54.622,-236.05829
54.624,-238.65182
54.626,-239.30501
54.628,-239.42542
54.63,-240.27133
54.632,-242.65437
54.634,-245.91203
54.636,-249.47525
54.638,-251.91313
54.64,-252.16042
54.642,-249.68436
54.644,-246.26357
54.646,-243.97385
54.648,-244.65564
54.65,-248.45415
54.652,-255.04216
54.654,-262.31342
54.656,-267.6703
54.658,-268.56677
54.66,-265.01428
54.662,-258.23962
54.664,-250.65945
54.666,-244.44116
54.668,-242.24544
54.67,-244.99876
54.672,-252.16042
54.674,-261.50888
54.676,-271.55676
54.678,-280.6111
54.68,-287.683
54.682,-292.04578
54.684,-294.71716
54.686,-296.44077
54.688,-297.6894
54.69,-297.90045
54.692,-297.27274
54.694,-295.522
54.696,-292.6862
54.698,-288.8256
54.7,-285.61377
54.702,-284.41544
54.704,-286.18207
54.706,-290.48022
54.708,-297.05652
54.71,-304.4933
54.712,-311.19797
54.714,-315.46368
54.716,-317.55435
54.718,-318.10028
54.72,-318.20242
54.722,-318.3576
54.724,-319.75543
54.726,-322.40308
54.728,-325.7072
54.73,-328.2763
54.732,-330.08517
54.734,-331.0906
54.736,-331.71103
54.738,-332.04498
54.74,-333.3113
54.742,-335.80057
54.744,-339.2158
54.746,-342.23056
54.748,-344.53125
54.75,-345.54956
54.752,-345.2196
54.754,-343.50708
54.756,-341.89783
54.758,-341.33188
54.76,-342.2177
54.762,-343.63477
54.764,-345.1951
54.766,-345.70135
54.768,-344.21896
54.77,-339.9831
54.772,-334.32944
54.774,-328.6188
54.776,-324.20624
54.778,-321.3335
54.78,-320.63495
54.782,-321.43973
54.784,-322.7053
54.786,-322.998
54.788,-322.6758
54.79,-322.16714
54.792,-322.205
54.794,-322.81537
54.796,-324.871
54.798,-328.084
54.8,-331.71103
54.802,-334.30096
54.804,-335.93683
54.806,-336.5027
54.808,-336.2139
54.81,-334.84918
54.812,-333.49927
54.814,-332.45117
54.816,-331.71103
54.818,-330.47684
54.82,-329.21274
54.822,-327.8049
54.824,-326.20752
54.826,-323.89258
54.828,-321.68228
54.83,-319.76096
54.832,-318.20242
54.834,-316.41418
54.836,-315.0493
54.838,-314.13422
54.84,-313.69955
54.842,-313.2548
54.844,-313.5512
54.846,-314.6044
54.848,-316.20114
54.85,-317.39572
54.852,-318.42978
54.854,-319.03973
54.856,-319.20306
54.858,-318.6921
54.86,-318.74402
54.862,-319.98956
54.864,-322.7053
54.866,-326.12173
54.868,-330.13895
54.87,-333.7987
54.872,-336.2139
54.874,-336.56778
54.876,-335.63123
54.878,-334.17953
54.88,-333.21198
54.882,-333.40945
54.884,-335.46234
54.886,-338.80463
54.888,-342.2177
54.89,-344.30933
54.892,-344.1865
54.894,-341.12433
54.896,-335.21326
54.898,-327.3073
54.9,-319.319
54.902,-312.6691
54.904,-308.19608
54.906,-305.2352
54.908,-303.99683
54.91,-303.63788
54.912,-303.19287
54.914,-300.89856
54.916,-297.43243
54.918,-293.26633
54.92,-289.18396
54.922,-285.17938
54.924,-282.63983
54.926,-281.8713
54.928,-282.67984
54.93,-283.8491
54.932,-285.35983
54.934,-286.62854
54.936,-287.1827
54.938,-286.05835
54.94,-283.36176
54.942,-278.2064
54.944,-269.17123
54.946,-253.99777
54.948,-231.79958
54.95,-201.86258
54.952,-164.60472
54.954,-121.08367
54.956,-74.26327
54.958,-26.489304
54.96,20.51305
54.962,66.14091
54.964,108.57732
54.966,145.49944
54.968,172.6098
54.97,183.99036
54.972,171.51476
54.974,128.77112
54.976,53.033737
54.978,-52.33147
54.98,-178.9963
54.982,-313.23074
54.984,-439.27945
54.986,-542.41797
54.988,-613.5222
54.99,-649.13306
54.992,-651.91473
54.994,-628.6437
54.996,-589.35156
54.998,-543.2263
55.0,-497.31638
55.002,-455.334
55.004,-419.31876
55.006,-388.97345
55.008,-363.23108
55.01,-340.70853
55.012,-321.63745
55.014,-306.21817
55.016,-294.68747
55.018,-286.4287
55.02,-281.3275
55.022,-278.30127
55.024,-276.1757
55.026,-273.68604
55.028,-271.11548
55.03,-268.68796
55.032,-266.66965
55.034,-264.66272
55.036,-262.69937
55.038,-260.30106
55.04,-257.1636
55.042,-253.17696
55.044,-249.24234
55.046,-246.37122
55.048,-245.15596
55.05,-245.09982
55.052,-245.1059
55.054,-244.0078
55.056,-241.15341
55.058,-236.64061
55.06,-231.93637
55.062,-228.95952
55.064,-229.14577
55.066,-232.07747
55.068,-237.04031
55.07,-241.5472
55.072,-243.15468
55.074,-240.02127
55.076,-233.7815
55.078,-226.57146
55.08,-221.14069
55.082,-219.26105
55.084,-222.70738
55.086,-230.6333
55.088,-240.65309
55.09,-249.32924
55.092,-254.75606
55.094,-255.63623
55.096,-252.16042
55.098,-245.41585
55.1,-238.06615
55.102,-232.09343
55.104,-228.64546
55.106,-227.45718
55.108,-228.34874
55.11,-230.33969
55.112,-232.648
55.114,-234.6649
55.116,-237.16495
55.118,-240.52733
55.12,-244.65564
55.122,-248.35275
55.124,-250.63556
55.126,-250.01328
55.128,-245.65628
55.13,-237.62877
55.132,-228.08054
55.134,-219.39546
55.136,-213.63591
55.138,-211.34578
55.14,-212.4219
55.142,-215.18544
55.144,-217.63846
55.146,-218.0684
55.148,-216.72621
55.15,-214.4979
55.152,-212.63527
55.154,-211.62128
55.156,-211.86656
55.158,-212.46828
55.16,-212.13495
55.162,-209.55113
55.164,-205.03506
55.166,-199.34079
55.168,-193.62317
55.17,-188.51733
55.172,-184.95332
55.174,-182.81453
55.176,-181.61554
55.178,-180.52672
55.18,-179.94398
55.182,-180.0829
55.184,-181.11522
55.186,-182.45206
55.188,-183.93123
55.19,-184.62317
55.192,-183.6168
55.194,-180.06189
55.196,-174.8069
55.198,-168.99283
55.2,-164.1044
55.202,-161.02173
55.204,-161.00659
55.206,-164.00224
55.208,-169.10757
55.21,-174.4397
55.212,-179.06192
55.214,-181.9333
55.216,-182.61618
55.218,-180.91673
55.22,-178.12595
55.222,-175.36357
55.224,-173.61044
55.226,-172.97995
55.228,-174.04195
55.23,-176.46942
55.232,-179.61426
55.234,-182.30287
55.236,-184.46841
55.238,-185.89508
55.24,-186.61871
55.242,-186.42383
55.244,-186.19032
55.246,-186.43369
55.248,-187.61935
55.25,-189.64691
55.252,-193.1937
55.254,-198.29205
55.256,-204.63017
55.258,-211.11987
55.26,-217.3962
55.262,-222.73616
55.264,-226.64418
55.266,-228.59149
55.268,-229.46678
55.27,-230.16208
55.272,-231.64737
55.274,-234.17383
55.276,-238.42134
55.278,-244.05315
55.28,-250.15913
55.282,-255.09027
55.284,-258.2493
55.286,-259.1944
55.288,-258.16425
55.29,-255.55516
55.292,-253.08246
55.294,-252.032
55.296,-253.16106
55.298,-255.95906
55.3,-260.0978
55.302,-264.40204
55.304,-267.6703
55.306,-268.6676
55.308,-267.79874
55.31,-265.77734
55.312,-263.66772
55.314,-262.00696
55.316,-261.86517
55.318,-263.38013
55.32,-266.1693
55.322,-269.0789
55.324,-271.8968
55.326,-274.18002
55.328,-275.67538
55.33,-275.83893
55.332,-275.23444
55.334,-274.19397
55.336,-273.17377
55.338,-272.2337
55.34,-272.36603
55.342,-273.89478
55.344,-276.67603
55.346,-279.602
55.348,-282.3017
55.35,-284.07266
55.352,-284.6811
55.354,-284.05664
55.356,-283.70926
55.358,-284.73886
55.36,-287.683
55.362,-291.69107
55.364,-296.06345
55.366,-299.2846
55.368,-300.19098
55.37,-298.10104
55.372,-294.41373
55.374,-290.65906
55.376,-288.18332
55.378,-287.00424
55.38,-287.21616
55.382,-287.77994
55.384,-287.683
55.386,-286.07553
55.388,-284.12866
55.39,-283.0203
55.392,-283.68048
55.394,-285.6435
55.396,-288.55493
55.398,-290.98187
55.4,-291.68555
55.402,-289.81354
55.404,-286.73962
55.406,-283.95416
55.408,-282.67984
55.41,-282.6203
55.412,-283.49503
55.414,-283.88953
55.416,-282.67984
55.418,-279.33426
55.42,-275.74973
55.422,-273.99405
55.424,-275.67538
55.426,-280.39386
55.428,-287.09293
55.43,-292.87433
55.432,-294.68747
55.434,-290.13104
55.436,-280.07108
55.438,-266.89456
55.44,-254.16168
55.442,-244.77122
55.444,-241.53896
55.446,-244.82501
55.448,-253.16106
55.45,-263.428
55.452,-273.64096
55.454,-281.9723
55.456,-287.683
55.458,-290.5017
55.46,-291.98492
55.462,-293.18082
55.464,-294.68747
55.466,-295.9444
55.468,-297.13763
55.47,-297.80008
55.472,-297.6894
55.474,-296.53357
55.476,-295.49005
55.478,-295.25998
55.48,-296.18842
55.482,-297.72116
55.484,-299.4979
55.486,-300.42926
55.488,-299.69064
55.49,-297.0837
55.492,-293.7726
55.494,-291.05438
55.496,-290.1846
55.498,-291.76547
55.5,-295.89297
55.502,-301.39886
55.504,-306.6951
55.506,-310.0036
55.508,-311.46704
55.51,-311.56833
55.512,-311.19797
55.514,-310.2109
55.516,-309.8582
55.518,-310.2529
55.52,-311.19797
55.522,-311.592
55.524,-312.21005
55.526,-313.36035
55.528,-315.20053
55.53,-316.82913
55.532,-318.34293
55.534,-319.22562
55.536,-319.20306
55.538,-317.81445
55.54,-316.03214
55.542,-313.9333
55.544,-310.69766
55.546,-303.95795
55.548,-292.0089
55.55,-273.04288
55.552,-246.6569
55.554,-213.81438
55.556,-178.06612
55.558,-142.64456
55.56,-109.5697
55.562,-78.35502
55.564,-47.956654
55.566,-16.55001
55.568,16.010185
55.57,47.16564
55.572,69.84695
55.574,75.57162
55.576,56.535965
55.578,8.865797
55.58,-67.11941
55.582,-165.00339
55.584,-274.1744
55.586,-381.85495
55.588,-477.33658
55.59,-552.3271
55.592,-602.38324
55.594,-626.35175
55.596,-627.1404
55.598,-609.05133
55.6,-577.3673
55.602,-537.18353
55.604,-494.35135
55.606,-453.3294
55.608,-417.26544
55.61,-387.31992
55.612,-364.20953
55.614,-346.90695
55.616,-333.71228
55.618,-322.4625
55.62,-312.48615
55.622,-303.22256
55.624,-294.68747
55.626,-286.8504
55.628,-280.68893
55.63,-276.3815
55.632,-273.6741
55.634,-271.62906
55.636,-269.99927
55.638,-268.24667
55.64,-266.1693
55.642,-263.7471
55.644,-261.82788
55.646,-261.0475
55.648,-261.66647
55.65,-263.16638
55.652,-264.75156
55.654,-265.36633
55.656,-264.16806
55.658,-260.75446
55.66,-255.62393
55.662,-249.85963
55.664,-244.65564
55.666,-240.49197
55.668,-237.96939
55.67,-236.61212
55.672,-235.64992
55.674,-233.97226
55.676,-232.21382
55.678,-230.39532
55.68,-228.64546
55.682,-226.61563
55.684,-225.06831
55.686,-223.59888
55.688,-221.641
55.69,-218.43231
55.692,-214.55922
55.694,-210.21199
55.696,-205.63081
55.698,-200.6542
55.7,-195.79309
55.702,-190.8554
55.704,-185.61809
55.706,-179.76962
55.708,-174.08403
55.71,-169.05043
55.712,-165.10503
55.714,-162.17244
55.716,-160.47067
55.718,-159.38724
55.72,-158.10057
55.722,-155.65918
55.724,-152.18489
55.726,-147.8278
55.728,-143.09103
55.73,-138.3917
55.732,-134.8046
55.734,-132.70657
55.736,-132.08403
55.738,-132.30415
55.74,-133.20557
55.742,-134.05103
55.744,-134.0853
55.746,-132.486
55.748,-129.42334
55.75,-125.09004
55.752,-120.076385
55.754,-115.01468
55.756,-111.20552
55.758,-109.23108
55.76,-109.06939
55.762,-109.82881
55.764,-110.94158
55.766,-111.50801
55.768,-111.070656
55.77,-109.54531
55.772,-108.11026
55.774,-107.64859
55.776,-108.56907
55.778,-110.22559
55.78,-111.83921
55.782,-111.97923
55.784,-109.5697
55.786,-104.200714
55.788,-97.23322
55.79,-90.43299
55.792,-85.55443
55.794,-83.34904
55.796,-84.16448
55.798,-87.143196
55.8,-91.05793
55.802,-94.643
55.804,-97.882484
55.806,-100.95307
55.808,-104.0662
55.81,-106.70342
55.812,-108.561745
55.814,-108.84545
55.816,-107.068115
55.818,-103.16128
55.82,-98.51556
55.822,-94.60432
55.824,-92.55888
55.826,-92.31971
55.828,-93.6324
55.83,-95.57941
55.832,-97.562065
55.834,-99.48536
55.836,-102.70063
55.838,-108.429924
55.84,-117.07448
55.842,-127.21438
55.844,-136.73212
55.846,-142.73788
55.848,-143.09103
55.85,-137.16968
55.852,-127.29992
55.854,-117.24288
55.856,-111.070656
55.858,-111.27072
55.86,-118.66519
55.862,-131.3273
55.864,-145.59262
55.866,-157.13843
55.868,-163.4863
55.87,-164.07391
55.872,-160.60217
55.874,-155.97952
55.876,-153.95824
55.878,-157.00493
55.88,-165.60535
55.882,-177.8315
55.884,-190.94603
55.886,-201.77887
55.888,-208.1324
55.89,-209.19183
55.892,-206.54375
55.894,-202.5791
55.896,-199.627
55.898,-198.65164
55.9,-199.87157
55.902,-202.16866
55.904,-204.12985
55.906,-204.59694
55.908,-204.12471
55.91,-203.97798
55.912,-205.63081
55.914,-209.5853
55.916,-215.77243
55.918,-222.77298
55.92,-228.64546
55.922,-231.46481
55.924,-230.97504
55.926,-227.86902
55.928,-223.64227
55.93,-219.57022
55.932,-217.06955
55.934,-216.42079
55.936,-217.13814
55.938,-218.05315
55.94,-218.67395
55.942,-218.5769
55.944,-217.63846
55.946,-215.57805
55.948,-212.87111
55.95,-209.76613
55.952,-206.63145
55.954,-203.68619
55.956,-201.95317
55.958,-202.03415
55.96,-204.12985
55.962,-207.56473
55.964,-211.86075
55.966,-216.00795
55.968,-219.1394
55.97,-220.50542
55.972,-220.67111
55.974,-220.19218
55.976,-219.63972
55.978,-218.98267
55.98,-218.52354
55.982,-217.89005
55.984,-216.63782
55.986,-214.214
55.988,-211.213
55.99,-208.16403
55.992,-205.63081
55.994,-203.56837
55.996,-202.38733
55.998,-201.7508
56.0,-201.12794
56.002,-199.66704
56.004,-197.71461
56.006,-195.5415
56.008,-193.62317
56.01,-192.0307
56.012,-191.54082
56.014,-192.18182
56.016,-193.62317
56.018,-194.89308
56.02,-195.88332
56.022,-196.196
56.024,-195.62445
56.026,-193.7518
56.028,-191.29013
56.03,-188.62883
56.032,-186.11841
56.034,-183.59248
56.036,-181.63657
56.038,-180.32285
56.04,-179.61426
56.042,-178.96712
56.044,-178.71509
56.046,-178.69933
56.048,-178.61363
56.05,-177.62747
56.052,-175.92314
56.054,-173.57259
56.056,-171.10886
56.058,-169.07657
56.06,-169.19629
56.062,-172.4767
56.064,-179.11395
56.066,-187.80316
56.068,-197.40106
56.07,-206.11606
56.072,-212.63527
56.074,-216.20439
56.076,-217.99994
56.078,-219.30501
56.08,-221.14069
56.082,-223.3998
56.084,-225.81334
56.086,-227.40926
56.088,-227.64482
56.09,-226.88692
56.092,-226.7157
56.094,-228.58821
56.096,-233.14832
56.098,-239.71658
56.1,-246.28969
56.102,-250.19743
56.104,-249.65883
56.106,-244.8094
56.108,-238.2119
56.11,-233.23134
56.112,-232.648
56.114,-236.60965
56.116,-244.26915
56.118,-252.68312
56.12,-258.66455
56.122,-259.38068
56.124,-255.79118
56.126,-250.31306
56.128,-246.1566
56.13,-245.14377
56.132,-248.6236
56.134,-255.56882
56.136,-263.66772
56.138,-269.93967
56.14,-273.28644
56.142,-273.56616
56.144,-271.67282
56.146,-268.2877
56.148,-264.39368
56.15,-259.42892
56.152,-251.6601
56.154,-238.30298
56.156,-217.87312
56.158,-189.58353
56.16,-154.09804
56.162,-112.83582
56.164,-68.737076
56.166,-23.999222
56.168,20.012732
56.17,63.026173
56.172,103.46697
56.174,138.67125
56.176,163.60408
56.178,171.46896
56.18,153.73772
56.182,104.14395
56.184,21.013369
56.186,-90.461555
56.188,-219.69495
56.19,-351.2521
56.192,-468.79822
56.194,-558.49347
56.196,-613.3245
56.198,-632.69855
56.2,-621.8956
56.202,-589.2454
56.204,-544.892
56.206,-497.0422
56.208,-451.28708
56.21,-410.12305
56.212,-375.15536
56.214,-346.46732
56.216,-323.70593
56.218,-305.92126
56.22,-293.11716
56.222,-284.6512
56.224,-279.67792
56.226,-276.7703
56.228,-275.58768
56.23,-275.41446
56.232,-275.67538
56.234,-275.51974
56.236,-275.23193
56.238,-274.77
56.24,-274.1744
56.242,-273.1696
56.244,-272.23727
56.246,-271.44296
56.248,-270.67218
56.25,-269.40088
56.252,-267.5637
56.254,-265.22055
56.256,-262.66708
56.258,-260.1631
56.26,-258.15668
56.262,-257.10876
56.264,-257.1636
56.266,-257.80157
56.268,-258.6436
56.27,-259.30063
56.272,-259.6652
56.274,-259.44055
56.276,-259.80792
56.278,-261.07263
56.28,-263.16742
56.282,-265.0233
56.284,-266.844
56.286,-267.76233
56.288,-267.16995
56.29,-264.6088
56.292,-261.5387
56.294,-258.97202
56.296,-257.6639
56.298,-257.31244
56.3,-257.93045
56.302,-258.43948
56.304,-257.6639
56.306,-254.45497
56.308,-249.38947
56.31,-243.25136
56.312,-237.15086
56.314,-231.67381
56.316,-227.91351
56.318,-225.8889
56.32,-225.14323
56.322,-224.65196
56.324,-224.44739
56.326,-224.30347
56.328,-224.1426
56.33,-223.52025
56.332,-222.82036
56.334,-221.80328
56.336,-220.14005
56.338,-217.21056
56.34,-213.58762
56.342,-209.6907
56.344,-206.13113
56.346,-203.13231
56.348,-201.61107
56.35,-201.60011
56.352,-202.6289
56.354,-203.46674
56.356,-203.77583
56.358,-203.01642
56.36,-201.12794
56.362,-198.19675
56.364,-195.6361
56.366,-194.41718
56.368,-195.12413
56.37,-197.31972
56.372,-200.88113
56.374,-204.82254
56.376,-208.1324
56.378,-209.7714
56.38,-210.20552
56.382,-209.93509
56.384,-209.63336
56.386,-209.39194
56.388,-209.83028
56.39,-210.62764
56.392,-211.13431
56.394,-210.31325
56.396,-208.3358
56.398,-205.4094
56.4,-202.12859
56.402,-198.8681
56.404,-196.78674
56.406,-196.25421
56.408,-197.1254
56.41,-198.43806
56.412,-199.93288
56.414,-201.06345
56.416,-201.62827
56.418,-201.46034
56.42,-201.60913
56.422,-202.72981
56.424,-205.1305
56.426,-208.1744
56.428,-211.59729
56.43,-214.50793
56.432,-216.1375
56.434,-215.76839
56.436,-214.10097
56.438,-211.82417
56.44,-209.63336
56.442,-207.52464
56.444,-205.98816
56.446,-204.89206
56.448,-204.12985
56.45,-203.44974
56.452,-203.72478
56.454,-205.43495
56.456,-208.63272
56.458,-212.28542
56.46,-215.71582
56.462,-217.74051
56.464,-217.63846
56.466,-215.17252
56.468,-211.9129
56.47,-209.46928
56.472,-209.13304
56.474,-210.84702
56.476,-214.32832
56.478,-218.11084
56.48,-220.64037
56.482,-220.60971
56.484,-218.70679
56.486,-216.18509
56.488,-214.63654
56.49,-214.82957
56.492,-217.48239
56.494,-221.8892
56.496,-226.64418
56.498,-229.8507
56.5,-231.09436
56.502,-230.42844
56.504,-228.64546
56.506,-226.41286
56.508,-225.23781
56.51,-225.68945
56.512,-227.64482
56.514,-229.99973
56.516,-232.34201
56.518,-233.9886
56.52,-234.64928
56.522,-234.0741
56.524,-233.38661
56.526,-233.40054
56.528,-234.64928
56.53,-236.68124
56.532,-239.4232
56.534,-242.03542
56.536,-243.655
56.538,-243.30724
56.54,-241.56084
56.542,-239.06593
56.544,-236.65054
56.546,-234.5155
56.548,-233.5192
56.55,-233.76183
56.552,-235.1496
56.554,-237.08748
56.556,-239.95308
56.558,-243.5206
56.56,-247.15723
56.562,-249.3711
56.564,-249.6971
56.566,-247.85333
56.568,-244.65564
56.57,-241.57336
56.572,-241.55058
56.574,-246.41972
56.576,-256.16296
56.578,-267.98172
56.58,-278.4519
56.582,-283.60617
56.584,-281.17886
56.586,-271.32858
56.588,-258.1622
56.59,-246.80408
56.592,-241.65373
56.594,-243.99246
56.596,-252.84808
56.598,-264.27484
56.6,-273.6741
56.602,-277.36533
56.604,-275.46072
56.606,-270.22064
56.608,-265.1687
56.61,-262.79245
56.612,-264.7953
56.614,-270.22794
56.616,-276.67603
56.618,-281.1099
56.62,-282.65106
56.622,-281.5304
56.624,-279.1776
56.626,-276.87207
56.628,-276.3534
56.63,-277.8653
56.632,-280.67856
56.634,-283.1384
56.636,-284.7886
56.638,-285.25293
56.64,-284.6811
56.642,-283.0252
56.644,-281.3644
56.646,-280.16086
56.648,-279.67792
56.65,-279.55927
56.652,-280.46924
56.654,-282.53073
56.656,-285.68173
56.658,-289.10547
56.66,-292.85983
56.662,-296.39676
56.664,-299.19034
56.666,-300.4054
56.668,-300.63028
56.67,-300.22122
56.672,-299.69064
56.674,-299.12885
56.676,-299.42392
56.678,-300.7038
56.68,-302.69257
56.682,-304.49216
56.684,-305.72244
56.686,-305.60968
56.688,-303.6932
56.69,-299.95618
56.692,-295.2087
56.694,-290.09525
56.696,-285.18143
56.698,-280.81845
56.7,-277.36884
56.702,-274.68143
56.704,-272.67346
56.706,-271.16946
56.708,-271.29608
56.71,-273.63278
56.712,-278.17697
56.714,-283.13522
56.716,-288.0157
56.718,-291.6055
56.72,-293.18652
56.722,-291.9357
56.724,-289.68265
56.726,-287.9125
56.728,-287.683
56.73,-288.34805
56.732,-289.80472
56.734,-290.89542
56.736,-290.68494
56.738,-288.348
56.74,-285.15176
56.742,-282.00473
56.744,-279.1776
56.746,-275.14438
56.748,-268.425
56.75,-256.4505
56.752,-237.15086
56.754,-209.3198
56.756,-174.7442
56.758,-135.91833
56.76,-95.56079
56.762,-55.053814
56.764,-15.813317
56.766,22.139097
56.768,58.53724
56.77,92.08893
56.772,117.79311
56.774,128.87738
56.776,117.5748
56.778,77.85313
56.78,6.057427
56.782,-95.52379
56.784,-218.63908
56.786,-349.6505
56.788,-473.75772
56.79,-576.61115
56.792,-647.9122
56.794,-682.93146
56.796,-684.6043
56.798,-660.51965
56.8,-620.89496
56.802,-575.2111
56.804,-531.6527
56.806,-494.28815
56.808,-463.79504
56.81,-438.1292
56.812,-415.74567
56.814,-395.1063
56.816,-375.73904
56.818,-357.62698
56.82,-342.3394
56.822,-330.76022
56.824,-323.2056
56.826,-318.85144
56.828,-317.50064
56.83,-318.15552
56.832,-319.70337
56.834,-320.60913
56.836,-320.67017
56.838,-319.6329
56.84,-317.70212
56.842,-315.09723
56.844,-312.9801
56.846,-312.1062
56.848,-312.6989
56.85,-313.98346
56.852,-315.1728
56.854,-315.4075
56.856,-314.1999
56.858,-311.3672
56.86,-307.6895
56.862,-304.31256
56.864,-302.19223
56.866,-301.18344
56.868,-301.3416
56.87,-301.80753
56.872,-301.69193
56.874,-299.83295
56.876,-297.45798
56.878,-295.18417
56.88,-293.68683
56.882,-292.72256
56.884,-293.17136
56.886,-294.23862
56.888,-294.68747
56.89,-292.8499
56.892,-289.12894
56.894,-284.00922
56.896,-278.67728
56.898,-274.11566
56.9,-272.35687
56.902,-274.02383
56.904,-278.67728
56.906,-284.41946
56.908,-289.97855
56.91,-293.5069
56.912,-293.68683
56.914,-289.65152
56.916,-282.82144
56.918,-274.9491
56.92,-268.1706
56.922,-263.84348
56.924,-263.66003
56.926,-267.44296
56.928,-273.6741
56.93,-279.4538
56.932,-282.99756
56.934,-282.7781
56.936,-278.67728
56.938,-271.5583
56.94,-264.47125
56.942,-259.87927
56.944,-259.16486
56.946,-261.5152
56.948,-265.74713
56.95,-269.3565
56.952,-270.17188
56.954,-266.80008
56.956,-260.70987
56.958,-254.0435
56.96,-249.15851
56.962,-247.03836
56.964,-248.53908
56.966,-252.65092
56.968,-257.6639
56.97,-261.44083
56.972,-263.8562
56.974,-265.0674
56.976,-265.669
56.978,-265.6043
56.98,-265.66342
56.982,-265.74036
56.984,-265.669
56.986,-265.00964
56.988,-265.02005
56.99,-266.5798
56.992,-270.17188
56.994,-274.84995
56.996,-280.03873
56.998,-284.1169
57.0,-285.68173
57.002,-283.70035
57.004,-279.5961
57.006,-275.2377
57.008,-272.67346
57.01,-272.69724
57.012,-276.07083
57.014,-281.71265
57.016,-287.683
57.018,-291.41257
57.02,-292.37234
57.022,-290.7058
57.024,-287.683
57.026,-284.6505
57.028,-284.08978
57.03,-287.2414
57.032,-294.18716
57.034,-303.29822
57.036,-313.37744
57.038,-322.5216
57.04,-329.20944
57.042,-332.2084
57.044,-332.38116
57.046,-330.88623
57.048,-329.20944
57.05,-328.11298
57.052,-328.97632
57.054,-331.8972
57.056,-336.2139
57.058,-340.20734
57.06,-343.38824
57.062,-345.10062
57.064,-345.2196
57.066,-343.5316
57.068,-341.32523
57.07,-339.28607
57.072,-337.71484
57.074,-335.8912
57.076,-334.08917
57.078,-332.13876
57.08,-330.21005
57.082,-328.29987
57.084,-327.9296
57.086,-329.87115
57.088,-334.21262
57.09,-339.55557
57.092,-345.02042
57.094,-348.98145
57.096,-350.2228
57.098,-347.84656
57.1,-343.28506
57.102,-338.0775
57.104,-333.71228
57.106,-330.37714
57.108,-328.5614
57.11,-327.38727
57.112,-325.7072
57.114,-322.19693
57.116,-317.69623
57.118,-313.35062
57.12,-310.69766
57.122,-310.41647
57.124,-313.77045
57.126,-320.42657
57.128,-329.20944
57.13,-337.94458
57.132,-345.86615
57.134,-351.97726
57.136,-355.7263
57.138,-356.37582
57.14,-354.88928
57.142,-351.89398
57.144,-348.22153
57.146,-344.2622
57.148,-341.65958
57.15,-341.112
57.152,-342.71802
57.154,-345.35635
57.156,-348.649
57.158,-351.42465
57.16,-352.7244
57.162,-351.65887
57.164,-349.26672
57.166,-346.56277
57.168,-344.7193
57.17,-344.12082
57.172,-345.73114
57.174,-349.13495
57.176,-353.2247
57.178,-356.06982
57.18,-357.19107
57.182,-356.12747
57.184,-353.2247
57.186,-349.00266
57.188,-345.49667
57.19,-343.81778
57.192,-344.21896
57.194,-345.442
57.196,-346.78644
57.198,-346.9409
57.2,-345.2196
57.202,-341.44855
57.204,-337.51224
57.206,-334.96252
57.208,-334.71292
57.21,-335.94077
57.212,-337.858
57.214,-338.4968
57.216,-336.2139
57.218,-329.9738
57.22,-321.4196
57.222,-312.51028
57.224,-305.19415
57.226,-299.98135
57.228,-297.2837
57.23,-295.7635
57.232,-293.68683
57.234,-289.32413
57.236,-283.30887
57.238,-276.7409
57.24,-271.17252
57.242,-267.2907
57.244,-266.15363
57.246,-267.18652
57.248,-269.17123
57.25,-270.38605
57.252,-270.95297
57.254,-271.13657
57.256,-271.67282
57.258,-272.74564
57.26,-275.3489
57.262,-279.14603
57.264,-283.18015
57.266,-285.7314
57.268,-286.62546
57.27,-285.63986
57.272,-283.18015
57.274,-279.67123
57.276,-276.7793
57.278,-275.34082
57.28,-275.67538
57.282,-277.28973
57.284,-279.97537
57.286,-282.7469
57.288,-284.6811
57.29,-285.1645
57.292,-284.53986
57.294,-283.06607
57.296,-281.17886
57.298,-279.19394
57.3,-277.88547
57.302,-277.28397
57.304,-277.17633
57.306,-276.6933
57.308,-276.53366
57.31,-276.9641
57.312,-278.17697
57.314,-279.13098
57.316,-280.3951
57.318,-281.6826
57.32,-282.67984
57.322,-282.39746
57.324,-281.72903
57.326,-281.16574
57.328,-281.17886
57.33,-281.37265
57.332,-282.42422
57.334,-284.2605
57.336,-286.68237
57.338,-288.78418
57.34,-290.6985
57.342,-291.53055
57.344,-289.6843
57.346,-282.39923
57.348,-268.14203
57.35,-245.5527
57.352,-214.63654
57.354,-176.42825
57.356,-134.39897
57.358,-91.76761
57.36,-51.032463
57.362,-12.910197
57.364,21.580008
57.366,51.85608
57.368,76.04838
57.37,90.79852
57.372,89.71958
57.374,66.59197
57.376,17.010822
57.378,-58.983047
57.38,-157.53984
57.382,-269.52777
57.384,-382.7435
57.386,-483.97903
57.388,-563.41064
57.39,-614.83325
57.392,-636.90515
57.394,-632.1688
57.396,-607.3952
57.398,-570.1796
57.4,-527.8358
57.402,-485.75784
57.404,-448.56552
57.406,-418.39987
57.408,-395.75177
57.41,-379.45807
57.412,-368.84354
57.414,-362.4402
57.416,-358.7282
57.418,-355.79407
57.42,-353.1273
57.422,-350.03543
57.424,-346.22025
57.426,-341.30023
57.428,-336.3792
57.43,-332.16534
57.432,-329.20944
57.434,-327.25012
57.436,-326.58435
57.438,-326.76373
57.44,-327.20816
57.442,-327.11432
57.444,-326.63605
57.446,-326.05
57.448,-325.7072
57.45,-325.48743
57.452,-325.32434
57.454,-324.8833
57.456,-323.70593
57.458,-321.12598
57.46,-317.24533
57.462,-312.51675
57.464,-307.69574
57.466,-303.06766
57.468,-299.8082
57.47,-297.9837
57.472,-297.18906
57.474,-296.15848
57.476,-295.2078
57.478,-293.79672
57.48,-291.68555
57.482,-288.55118
57.484,-285.82617
57.486,-284.11008
57.488,-283.68048
57.49,-283.9419
57.492,-285.03333
57.494,-286.19708
57.496,-286.68237
57.498,-285.62723
57.5,-283.68164
57.502,-281.22076
57.504,-278.67728
57.506,-275.89767
57.508,-273.53604
57.51,-271.3996
57.512,-269.17123
57.514,-266.21628
57.516,-263.1702
57.518,-260.25946
57.52,-257.6639
57.522,-254.93001
57.524,-252.47426
57.526,-249.99019
57.528,-247.15723
57.53,-243.3712
57.532,-239.35818
57.534,-235.39265
57.536,-231.64737
57.538,-227.60338
57.54,-223.65652
57.542,-219.55223
57.544,-215.13686
57.546,-210.07603
57.548,-205.46877
57.55,-201.99483
57.552,-200.12732
57.554,-199.39534
57.556,-199.87447
57.558,-200.64781
57.56,-200.62762
57.562,-198.49965
57.564,-194.68468
57.566,-189.82227
57.568,-185.11777
57.57,-181.46436
57.572,-180.5621
57.574,-182.81534
57.576,-187.61935
57.578,-193.03246
57.58,-197.91925
57.582,-200.94518
57.584,-201.62827
57.586,-200.05722
57.588,-198.29892
57.59,-198.1021
57.592,-200.62762
57.594,-205.41397
57.596,-212.01216
57.598,-218.78664
57.6,-224.1426
57.602,-226.70782
57.604,-227.31345
57.606,-227.15482
57.608,-227.64482
57.61,-229.21931
57.612,-232.56686
57.614,-237.06535
57.616,-241.65373
57.618,-244.88982
57.62,-246.9971
57.622,-248.35988
57.624,-249.65883
57.626,-250.9244
57.628,-252.84882
57.63,-255.24016
57.632,-257.6639
57.634,-259.26318
57.636,-260.5777
57.638,-262.05112
57.64,-264.16806
57.642,-266.6309
57.644,-269.73148
57.646,-272.96292
57.648,-275.67538
57.65,-276.89465
57.652,-277.14365
57.654,-276.9889
57.656,-277.17633
57.658,-277.77438
57.66,-279.55518
57.662,-282.47675
57.664,-286.18207
57.666,-289.6596
57.668,-293.06793
57.67,-296.27344
57.672,-299.19034
57.674,-301.13452
57.676,-302.51343
57.678,-303.33264
57.68,-303.6932
57.682,-303.27734
57.684,-303.0381
57.686,-303.43637
57.688,-304.69385
57.69,-306.154
57.692,-308.0116
57.694,-309.92972
57.696,-311.6983
57.698,-312.80966
57.7,-314.14816
57.702,-316.09866
57.704,-318.70276
57.706,-320.92386
57.708,-322.53262
57.71,-322.7584
57.712,-321.20435
57.714,-317.5896
57.716,-313.61505
57.718,-310.8639
57.72,-310.69766
57.722,-313.1044
57.724,-318.29346
57.726,-325.0506
57.728,-331.71103
57.73,-336.18552
57.732,-338.34668
57.734,-338.3986
57.736,-337.2145
57.738,-335.3505
57.74,-334.50662
57.742,-335.4103
57.744,-338.21515
57.746,-341.982
57.748,-346.65158
57.75,-351.38794
57.752,-355.22598
57.754,-356.6771
57.756,-355.72702
57.758,-352.2572
57.76,-346.72058
57.762,-339.59055
57.764,-332.92538
57.766,-328.1629
57.768,-326.20752
57.77,-326.60098
57.772,-329.3195
57.774,-333.25647
57.776,-337.2145
57.778,-339.7809
57.78,-341.45453
57.782,-342.70676
57.784,-344.21896
57.786,-345.90152
57.788,-348.5584
57.79,-351.89093
57.792,-355.22598
57.794,-357.22488
57.796,-358.1402
57.798,-358.01828
57.8,-357.22726
57.802,-355.7108
57.804,-354.62735
57.806,-354.3079
57.808,-354.72568
57.81,-354.96182
57.812,-355.20795
57.814,-354.96423
57.816,-353.72504
57.818,-350.52832
57.82,-345.93073
57.822,-340.16122
57.824,-333.71228
57.826,-326.70493
57.828,-320.60492
57.83,-316.0456
57.832,-313.19925
57.834,-311.1395
57.836,-309.96802
57.838,-309.09998
57.84,-308.19608
57.842,-306.7755
57.844,-306.1091
57.846,-306.94006
57.848,-309.69702
57.85,-313.6612
57.852,-318.87857
57.854,-324.4948
57.856,-329.70975
57.858,-333.5139
57.86,-336.69708
57.862,-339.67807
57.864,-342.71802
57.866,-345.0722
57.868,-346.78665
57.87,-347.04852
57.872,-345.2196
57.874,-340.8607
57.876,-335.22968
57.878,-329.46643
57.88,-324.70657
57.882,-321.47028
57.884,-320.1737
57.886,-319.98233
57.888,-319.70337
57.89,-318.3026
57.892,-315.86984
57.894,-312.72437
57.896,-309.69702
57.898,-307.3761
57.9,-307.28595
57.902,-309.73907
57.904,-314.1999
57.906,-318.5118
57.908,-322.28287
57.91,-324.73474
57.912,-325.7072
57.914,-324.72858
57.916,-323.5742
57.918,-323.2495
57.92,-324.20624
57.922,-325.41357
57.924,-326.8212
57.926,-327.69482
57.928,-327.70847
57.93,-326.56308
57.932,-325.70792
57.934,-325.82602
57.936,-326.70782
57.938,-326.30972
57.94,-322.8177
57.942,-313.48392
57.944,-296.18842
57.946,-269.69766
57.948,-235.7095
57.95,-196.49892
57.952,-154.59834
57.954,-111.405396
57.956,-68.62845
57.958,-26.738096
57.96,13.508594
57.962,50.461613
57.964,79.13397
57.966,93.18242
57.968,85.55443
57.97,50.955925
57.972,-13.800106
57.974,-106.39741
57.976,-219.1394
57.978,-339.471
57.98,-454.01068
57.982,-549.75775
57.984,-617.39276
57.986,-652.5232
57.988,-657.6129
57.99,-638.9403
57.992,-604.8848
57.994,-563.0429
57.996,-520.2943
57.998,-480.365
58.0,-444.78296
58.002,-413.31885
58.004,-386.64075
58.006,-364.91382
58.008,-348.22153
58.01,-335.67035
58.012,-326.8999
58.014,-320.42218
58.016,-314.7002
58.018,-308.2593
58.02,-301.7314
58.022,-295.90085
58.024,-291.68555
58.026,-289.02164
58.028,-288.1543
58.03,-288.09772
58.032,-287.683
58.034,-285.82297
58.036,-283.13037
58.038,-280.66245
58.04,-279.67792
58.042,-280.64456
58.044,-283.6594
58.046,-287.82446
58.048,-291.68555
58.05,-293.5329
58.052,-292.65826
58.054,-289.3342
58.056,-284.6811
58.058,-279.76413
58.06,-276.3991
58.062,-275.37762
58.064,-276.67603
58.066,-278.91125
58.068,-281.94843
58.07,-284.63614
58.072,-286.18207
58.074,-285.79526
58.076,-284.9537
58.078,-284.3055
58.08,-284.1808
58.082,-283.86386
58.084,-283.57578
58.086,-282.65228
58.088,-280.67856
58.09,-277.3191
58.092,-274.0284
58.094,-271.8012
58.096,-271.17252
58.098,-271.322
58.1,-271.79755
58.102,-271.24533
58.104,-268.67093
58.106,-263.55228
58.108,-257.5994
58.11,-252.61424
58.112,-250.15913
58.114,-250.31438
58.116,-253.01178
58.118,-256.71185
58.12,-259.6652
58.122,-260.22952
58.124,-258.87177
58.126,-256.36325
58.128,-253.66136
58.13,-250.80008
58.132,-248.2846
58.134,-245.67186
58.136,-242.65437
58.138,-239.07642
58.14,-236.67863
58.142,-236.92032
58.144,-240.65309
58.146,-246.95543
58.148,-254.65671
58.15,-261.29828
58.152,-264.66837
58.154,-263.27997
58.156,-258.572
58.158,-252.82019
58.16,-248.65819
58.162,-247.41959
58.164,-250.15349
58.166,-255.8694
58.168,-262.66708
58.17,-268.10947
58.172,-271.7378
58.174,-273.5451
58.176,-274.1744
58.178,-273.81647
58.18,-273.52643
58.182,-273.38086
58.184,-273.17377
58.186,-272.22464
58.188,-271.25613
58.19,-270.65417
58.192,-270.67218
58.194,-270.67883
58.196,-270.8218
58.198,-270.6932
58.2,-270.17188
58.202,-269.13205
58.204,-269.03348
58.206,-270.79425
58.208,-274.67474
58.21,-279.40414
58.212,-284.03983
58.214,-286.96387
58.216,-287.1827
58.218,-284.41965
58.22,-280.78177
58.222,-278.56058
58.224,-279.67792
58.226,-284.2772
58.228,-292.00443
58.23,-300.7901
58.232,-308.19608
58.234,-311.93515
58.236,-312.247
58.238,-310.32022
58.24,-308.19608
58.242,-307.3399
58.244,-309.44144
58.246,-314.36337
58.248,-320.704
58.25,-325.8613
58.252,-328.53543
58.254,-327.76108
58.256,-323.70593
58.258,-317.01727
58.26,-310.06613
58.262,-304.60284
58.264,-301.69193
58.266,-300.92056
58.268,-302.23837
58.27,-304.65033
58.272,-307.19543
58.274,-308.77243
58.276,-310.01984
58.278,-311.3789
58.28,-313.19925
58.282,-314.84558
58.284,-316.4198
58.286,-317.23273
58.288,-316.70148
58.29,-314.152
58.292,-310.77716
58.294,-307.63803
58.296,-305.69446
58.298,-304.75925
58.3,-305.16992
58.302,-306.13266
58.304,-306.6951
58.306,-305.65424
58.308,-303.76294
58.31,-301.80203
58.312,-300.69128
58.314,-300.37787
58.316,-301.56104
58.318,-303.7613
58.32,-306.1948
58.322,-307.55344
58.324,-308.3073
58.326,-308.72687
58.328,-309.1967
58.33,-309.28546
58.332,-309.63098
58.334,-310.0164
58.336,-310.19733
58.338,-309.54697
58.34,-309.15848
58.342,-309.70575
58.344,-311.6983
58.346,-314.58368
58.348,-318.61142
58.35,-323.0793
58.352,-327.20816
58.354,-329.88824
58.356,-331.75287
58.358,-333.20834
58.36,-334.71292
58.362,-335.88754
58.364,-337.36673
58.366,-338.91635
58.368,-340.21643
58.37,-340.4762
58.372,-340.6496
58.374,-341.35666
58.376,-343.21835
58.378,-345.92276
58.38,-350.09964
58.382,-355.30197
58.384,-360.7295
58.386,-364.8761
58.388,-367.8794
58.39,-369.71353
58.392,-370.73584
58.394,-370.85925
58.396,-371.30093
58.398,-372.3417
58.4,-373.73776
58.402,-374.15146
58.404,-373.53946
58.406,-371.52216
58.408,-368.23425
58.41,-363.74725
58.412,-359.82578
58.414,-357.51468
58.416,-357.22726
58.418,-357.86203
58.42,-358.9839
58.422,-359.2807
58.424,-357.72757
58.426,-353.44485
58.428,-347.91827
58.43,-342.76108
58.432,-339.71613
58.434,-339.36438
58.436,-342.7813
58.438,-349.37158
58.44,-357.72757
58.442,-365.49387
58.444,-372.08002
58.446,-376.9415
58.448,-380.24188
58.45,-381.94473
58.452,-383.50653
58.454,-385.3479
58.456,-387.24634
58.458,-387.90353
58.46,-387.19446
58.462,-384.81097
58.464,-381.24252
58.466,-377.42828
58.468,-375.583
58.47,-376.86417
58.472,-381.24252
58.474,-387.06393
58.476,-392.45123
58.478,-394.8673
58.48,-392.74985
58.482,-385.92712
58.484,-377.1079
58.486,-369.33337
58.488,-365.23236
58.49,-365.00095
58.492,-368.91406
58.494,-375.00378
58.496,-380.74222
58.498,-383.02872
58.5,-382.33813
58.502,-379.7784
58.504,-377.24
58.506,-375.51376
58.508,-376.33478
58.51,-379.4754
58.512,-383.7441
58.514,-386.89636
58.516,-388.71823
58.518,-389.13666
58.52,-388.7473
58.522,-387.591
58.524,-386.66818
58.526,-385.2112
58.528,-381.24252
58.53,-371.40707
58.532,-354.0369
58.534,-327.93808
58.536,-293.68683
58.538,-252.98781
58.54,-210.12416
58.542,-168.65329
58.544,-131.08339
58.546,-97.91852
58.548,-70.29935
58.55,-49.04392
58.552,-36.523235
58.554,-36.54007
58.556,-55.737236
58.558,-99.49299
58.56,-170.10822
58.562,-264.2226
58.564,-374.36362
58.566,-488.07455
58.568,-591.3762
58.57,-671.5242
58.572,-721.8046
58.574,-740.6901
58.576,-731.96564
58.578,-702.2858
58.58,-660.95624
58.582,-615.7531
58.584,-572.36414
58.586,-533.46387
58.588,-501.08185
58.59,-475.06113
58.592,-454.289
58.594,-436.61368
58.596,-421.3449
58.598,-407.50998
58.6,-394.75113
58.602,-382.74344
58.604,-372.9793
58.606,-366.1327
58.608,-362.23044
58.61,-359.8715
58.612,-358.45236
58.614,-356.6529
58.616,-353.72504
58.618,-349.35623
58.62,-345.32895
58.622,-343.1425
58.624,-343.71866
58.626,-346.36847
58.628,-350.14758
58.63,-353.16614
58.632,-353.72504
58.634,-350.67822
58.636,-344.94672
58.638,-338.38974
58.64,-333.21198
58.642,-330.5951
58.644,-331.47415
58.646,-335.18405
58.648,-340.21643
58.65,-344.2059
58.652,-346.88464
58.654,-347.69797
58.656,-346.72058
58.658,-343.72
58.66,-340.49405
58.662,-337.45123
58.664,-334.71292
58.666,-331.68484
58.668,-329.5059
58.67,-328.3572
58.672,-328.2088
58.674,-328.1619
58.676,-328.48715
58.678,-328.5327
58.68,-327.70847
58.682,-325.20108
58.684,-321.98474
58.686,-318.63354
58.688,-315.70084
58.69,-312.96927
58.692,-311.16638
58.694,-310.14694
58.696,-309.69702
58.698,-309.1896
58.7,-309.41653
58.702,-310.4944
58.704,-312.1986
58.706,-313.30948
58.708,-313.53244
58.71,-311.98053
58.712,-308.19608
58.714,-301.92117
58.716,-294.87622
58.718,-288.4432
58.72,-283.68048
58.722,-280.35254
58.724,-278.66736
58.726,-277.7323
58.728,-276.67603
58.73,-274.58212
58.732,-272.52182
58.734,-271.33655
58.736,-271.67282
58.738,-272.94778
58.74,-275.14697
58.742,-277.2005
58.744,-278.17697
58.746,-277.24243
58.748,-275.74792
58.75,-274.90366
58.752,-275.67538
58.754,-277.59625
58.756,-280.5055
58.758,-282.9857
58.76,-283.68048
58.762,-281.49356
58.764,-277.70917
58.766,-273.88016
58.768,-271.67282
58.77,-271.54462
58.772,-274.10413
58.774,-278.33655
58.776,-282.67984
58.778,-285.17688
58.78,-285.87555
58.782,-285.09442
58.784,-283.68048
58.786,-281.953
58.788,-281.2053
58.79,-281.66754
58.792,-283.18015
58.794,-284.88907
58.796,-287.32513
58.798,-290.5767
58.8,-294.68747
58.802,-298.90753
58.804,-303.40256
58.806,-307.5522
58.808,-310.69766
58.81,-311.88336
58.812,-311.9275
58.814,-311.66153
58.816,-312.1986
58.818,-313.9051
58.82,-317.91098
58.822,-323.92953
58.824,-330.7104
58.826,-335.75403
58.828,-337.7273
58.83,-335.3985
58.832,-328.7091
58.834,-318.375
58.836,-307.3977
58.838,-298.4966
58.84,-293.68683
58.842,-292.99277
58.844,-296.30856
58.846,-301.98846
58.848,-308.19608
58.85,-313.06253
58.852,-316.96356
58.854,-320.46204
58.856,-324.20624
58.858,-327.71573
58.86,-331.10846
58.862,-333.51752
58.864,-334.21262
58.866,-332.53412
58.868,-329.92105
58.87,-327.65936
58.872,-326.70782
58.874,-326.5629
58.876,-327.14618
58.878,-327.51697
58.88,-327.20816
58.882,-326.19193
58.884,-326.79184
58.886,-330.9728
58.888,-339.71613
58.89,-351.50967
58.892,-364.2303
58.894,-374.09604
58.896,-377.7403
58.898,-373.0762
58.9,-361.9958
58.902,-348.05444
58.904,-335.71356
58.906,-328.084
58.908,-327.63684
58.91,-333.82712
58.912,-344.21896
58.914,-355.02805
58.916,-364.27997
58.918,-370.5692
58.92,-373.73776
58.922,-373.90976
58.924,-372.79462
58.926,-371.37842
58.928,-370.23553
58.93,-368.97684
58.932,-368.20178
58.934,-367.7395
58.936,-367.2336
58.938,-365.6403
58.94,-363.28598
58.942,-360.175
58.944,-356.72693
58.946,-353.18378
58.948,-351.30807
58.95,-351.9589
58.952,-355.22598
58.954,-359.66833
58.956,-364.42316
58.958,-367.84262
58.96,-368.7346
58.962,-366.27634
58.964,-362.008
58.966,-357.49753
58.968,-354.22534
58.97,-352.3715
58.972,-352.44266
58.974,-353.48892
58.976,-354.22534
58.978,-353.06558
58.98,-350.59085
58.982,-347.46512
58.984,-344.7193
58.986,-342.6555
58.988,-342.33807
58.99,-343.48578
58.992,-345.2196
58.994,-345.8635
58.996,-345.30045
58.998,-343.21735
59.0,-339.71613
59.002,-334.58017
59.004,-329.19302
59.006,-324.32278
59.008,-320.704
59.01,-318.36472
59.012,-318.5004
59.014,-321.1605
59.016,-325.7072
59.018,-330.25385
59.02,-334.04083
59.022,-335.86444
59.024,-335.21326
59.026,-331.915
59.028,-327.99573
59.03,-325.06
59.032,-324.20624
59.034,-324.9245
59.036,-327.08057
59.038,-329.28494
59.04,-330.21005
59.042,-328.71054
59.044,-325.8818
59.046,-322.9295
59.048,-321.20435
59.05,-321.2491
59.052,-323.54428
59.054,-327.05203
59.056,-330.21005
59.058,-331.51163
59.06,-330.79312
59.062,-328.33905
59.064,-325.20688
59.066,-322.60138
59.068,-322.2133
59.07,-324.4462
59.072,-328.7091
59.074,-332.9515
59.076,-336.602
59.078,-338.78055
59.08,-339.2158
59.082,-337.2362
59.084,-334.67468
59.086,-332.71347
59.088,-332.21133
59.09,-332.57004
59.092,-334.29935
59.094,-336.7801
59.096,-339.2158
59.098,-340.27277
59.1,-340.53918
59.102,-340.4568
59.104,-340.71674
59.106,-341.19696
59.108,-342.5065
59.11,-343.57166
59.112,-342.2177
59.114,-335.0412
59.116,-320.21246
59.118,-296.44672
59.12,-264.16806
59.122,-224.87704
59.124,-182.39926
59.126,-139.81075
59.128,-99.06302
59.13,-60.162533
59.132,-23.721823
59.134,9.571992
59.136,37.023552
59.138,53.892494
59.14,52.27377
59.142,25.043123
59.144,-32.02037
59.146,-117.437805
59.148,-224.9476
59.15,-342.67352
59.152,-456.29028
59.154,-551.8421
59.156,-620.4644
59.158,-658.1754
59.16,-666.42395
59.162,-650.20624
59.164,-617.8528
59.166,-577.2094
59.168,-534.8403
59.17,-494.85132
59.172,-460.6314
59.174,-433.2231
59.176,-412.26227
59.178,-395.9025
59.18,-383.1555
59.182,-372.56458
59.184,-363.23108
59.186,-354.48096
59.188,-347.50967
59.19,-343.0168
59.192,-341.21707
59.194,-340.95993
59.196,-341.64487
59.198,-341.7837
59.2,-340.21643
59.202,-336.1233
59.204,-330.7017
59.206,-325.19135
59.208,-320.704
59.21,-317.27408
59.212,-314.9269
59.214,-312.86346
59.216,-310.19733
59.218,-306.10583
59.22,-300.99774
59.222,-295.82388
59.224,-291.68555
59.226,-288.92575
59.228,-287.85574
59.23,-288.02478
59.232,-288.68365
59.234,-288.57425
59.236,-288.259
59.238,-287.9701
59.24,-288.18332
59.242,-288.63
59.244,-290.46402
59.246,-293.16022
59.248,-295.6881
59.25,-296.36734
59.252,-295.51096
59.254,-293.21103
59.256,-290.1846
59.258,-287.02097
59.26,-285.6068
59.262,-286.5815
59.264,-289.6843
59.266,-293.29266
59.268,-296.52173
59.27,-297.9294
59.272,-296.68875
59.274,-292.47418
59.276,-287.10345
59.278,-282.31708
59.28,-279.67792
59.282,-279.493
59.284,-282.15146
59.286,-286.46045
59.288,-290.68494
59.29,-292.75974
59.292,-292.4262
59.294,-289.78442
59.296,-285.68173
59.298,-280.85483
59.3,-277.01358
59.302,-274.80112
59.304,-274.1744
59.306,-274.08777
59.308,-274.34885
59.31,-274.32834
59.312,-273.6741
59.314,-271.9073
59.316,-269.944
59.318,-268.25894
59.32,-267.16995
59.322,-266.23013
59.324,-265.81738
59.326,-265.59464
59.328,-265.1687
59.33,-263.76276
59.332,-261.96716
59.334,-260.01416
59.336,-258.16425
59.338,-256.06686
59.34,-254.38852
59.342,-253.11935
59.344,-252.16042
59.346,-250.90524
59.348,-249.96762
59.35,-249.41342
59.352,-249.15851
59.354,-248.38141
59.356,-247.34308
59.358,-245.7877
59.36,-243.655
59.362,-240.66583
59.364,-238.00383
59.366,-236.36443
59.368,-236.15022
59.37,-236.72858
59.372,-238.23373
59.374,-240.04565
59.376,-241.65373
59.378,-242.39445
59.38,-243.27943
59.382,-245.02193
59.384,-248.15787
59.386,-252.16231
59.388,-257.06802
59.39,-261.9214
59.392,-265.669
59.394,-267.07858
59.396,-266.78076
59.398,-265.58148
59.4,-264.66837
59.402,-264.6376
59.404,-266.74707
59.406,-271.00552
59.408,-276.67603
59.41,-282.04477
59.412,-286.53564
59.414,-289.45328
59.416,-290.68494
59.418,-290.18857
59.42,-289.41772
59.422,-289.36478
59.424,-290.68494
59.426,-292.98914
59.428,-296.46414
59.43,-300.45447
59.432,-304.1935
59.434,-306.58673
59.436,-308.00095
59.438,-308.70914
59.44,-309.1967
59.442,-309.43524
59.444,-310.2841
59.446,-311.8015
59.448,-313.69955
59.45,-314.99197
59.452,-315.79742
59.454,-315.9891
59.456,-315.70084
59.458,-314.7697
59.46,-314.1463
59.462,-314.13925
59.464,-314.7002
59.466,-314.93915
59.468,-314.83505
59.47,-313.96646
59.472,-312.1986
59.474,-309.28836
59.476,-306.44995
59.478,-304.44064
59.48,-303.6932
59.482,-303.60077
59.484,-304.14352
59.486,-304.55685
59.488,-304.1935
59.49,-302.3514
59.492,-299.9977
59.494,-297.89722
59.496,-296.68875
59.498,-296.04562
59.5,-296.1836
59.502,-296.4375
59.504,-296.18842
59.506,-294.75955
59.508,-293.1935
59.51,-292.30228
59.512,-292.6862
59.514,-293.85205
59.516,-295.75232
59.518,-297.44937
59.52,-298.1897
59.522,-297.35696
59.524,-296.2037
59.526,-295.66013
59.528,-296.18842
59.53,-296.8048
59.532,-296.9286
59.534,-295.2541
59.536,-291.18524
59.538,-284.91
59.54,-279.05576
59.542,-275.9966
59.544,-277.17633
59.546,-281.692
59.548,-288.103
59.55,-293.54187
59.552,-295.6881
59.554,-293.38867
59.556,-288.70117
59.558,-284.22665
59.56,-282.1795
59.562,-282.56766
59.564,-284.69415
59.566,-286.11844
59.568,-284.6811
59.57,-279.3021
59.572,-272.23483
59.574,-266.46613
59.576,-264.66837
59.578,-267.12302
59.58,-272.95187
59.582,-278.9452
59.584,-281.6792
59.586,-278.67078
59.588,-271.2122
59.59,-262.27036
59.592,-255.66264
59.594,-253.76917
59.596,-258.05655
59.598,-267.0505
59.6,-277.67664
59.602,-286.1514
59.604,-291.07037
59.606,-292.28287
59.608,-291.18524
59.61,-289.34122
59.612,-289.15726
59.614,-291.42804
59.616,-295.6881
59.618,-300.125
59.62,-303.85178
59.622,-305.9214
59.624,-306.1948
59.626,-305.04486
59.628,-304.04034
59.63,-304.23737
59.632,-306.1948
59.634,-309.68393
59.636,-314.27274
59.638,-318.69476
59.64,-321.70465
59.642,-322.56567
59.644,-321.63562
59.646,-319.6299
59.648,-317.70212
59.65,-316.6628
59.652,-317.95834
59.654,-321.7513
59.656,-327.20816
59.658,-331.84058
59.66,-334.82776
59.662,-335.27643
59.664,-333.21198
59.666,-328.60574
59.668,-323.7145
59.67,-319.91687
59.672,-317.70212
59.674,-315.7477
59.676,-313.42084
59.678,-309.63937
59.68,-304.1935
59.682,-297.4818
59.684,-291.92038
59.686,-289.11115
59.688,-289.18396
59.69,-289.66632
59.692,-287.4572
59.694,-278.44083
59.696,-259.6652
59.698,-230.14317
59.7,-192.63885
59.702,-151.02216
59.704,-109.06939
59.706,-68.50583
59.708,-30.114573
59.71,7.0802755
59.712,43.52769
59.714,77.81832
59.716,104.27077
59.718,115.31482
59.72,103.06557
59.722,62.444458
59.724,-8.259516
59.726,-104.79125
59.728,-218.13878
59.73,-335.983
59.732,-446.6852
59.734,-539.7658
59.736,-607.8867
59.738,-647.03845
59.74,-658.1301
59.742,-644.75555
59.744,-612.8899
59.746,-569.33606
59.748,-522.04193
59.75,-477.0929
59.752,-438.2788
59.754,-406.2798
59.756,-380.6745
59.758,-359.24094
59.76,-339.71613
59.762,-320.33698
59.764,-301.7933
59.766,-285.2688
59.768,-272.17316
59.77,-262.86554
59.772,-257.75934
59.774,-255.7421
59.776,-255.16232
59.778,-254.06252
59.78,-252.23148
59.782,-249.842
59.784,-247.65755
59.786,-246.16177
59.788,-246.2368
59.79,-247.82373
59.792,-250.15913
59.794,-251.78868
59.796,-251.82388
59.798,-249.95114
59.8,-246.6569
59.802,-242.7868
59.804,-239.732
59.806,-238.5961
59.808,-239.65245
59.81,-241.71184
59.812,-243.80647
59.814,-244.5266
59.816,-243.15468
59.818,-239.44849
59.82,-235.73927
59.822,-233.63269
59.824,-234.14896
59.826,-236.62808
59.828,-240.89284
59.83,-245.12294
59.832,-247.65755
59.834,-247.34857
59.836,-245.63849
59.838,-244.08151
59.84,-244.15532
59.842,-246.02452
59.844,-249.76227
59.846,-253.97736
59.848,-257.1636
59.85,-258.12054
59.852,-257.7787
59.854,-257.38605
59.856,-258.16425
59.858,-260.07532
59.86,-262.9003
59.862,-265.11588
59.864,-265.1687
59.866,-261.93723
59.868,-256.58405
59.87,-250.84894
59.872,-246.6569
59.874,-244.78
59.876,-245.71999
59.878,-248.38304
59.88,-251.15977
59.882,-252.29016
59.884,-251.84766
59.886,-250.23946
59.888,-248.15787
59.89,-245.55827
59.892,-242.83112
59.894,-239.50302
59.896,-235.1496
59.898,-229.44139
59.9,-223.74173
59.902,-219.31932
59.904,-217.13814
59.906,-216.83154
59.908,-218.10083
59.91,-219.61314
59.912,-220.14005
59.914,-218.71838
59.916,-216.50163
59.918,-214.86464
59.92,-215.13686
59.922,-217.40695
59.924,-221.7668
59.926,-226.9987
59.928,-231.64737
59.93,-234.23843
59.932,-235.23523
59.934,-235.3813
59.936,-235.64992
59.938,-236.13907
59.94,-237.39226
59.942,-238.83287
59.944,-239.65245
59.946,-238.82504
59.948,-237.1786
59.95,-235.70627
59.952,-235.64992
59.954,-237.41084
59.956,-241.74437
59.958,-247.97656
59.96,-254.662
59.962,-259.574
59.964,-261.97284
59.966,-261.47217
59.968,-258.66455
59.97,-254.40985
59.972,-251.04982
59.974,-250.1921
59.976,-252.66074
59.978,-257.74484
59.98,-265.00195
59.982,-273.08255
59.984,-280.67856
59.986,-286.4084
59.988,-290.51993
59.99,-293.2087
59.992,-294.68747
59.994,-294.42194
59.996,-292.6898
59.998,-289.35846
